{"type":"FeatureCollection","features":[{"type":"Feature","geometry":{"type":"LineString","coordinates":[[22.963377,39.350726],[22.963462,39.350725],[22.963507,39.350737],[22.963592,39.350784],[22.963827,39.350835],[22.963886,39.350852],[22.963916,39.350862],[22.963946,39.350875],[22.963981,39.350895],[22.964008,39.350916],[22.964037,39.350943],[22.964059,39.350972],[22.964075,39.350997],[22.96409,39.351025],[22.964102,39.351055],[22.964114,39.351096],[22.964164,39.35125],[22.9641,39.351309],[22.963905,39.35152],[22.963723,39.351686],[22.963256,39.352159],[22.962759,39.352632],[22.962341,39.353007],[22.962341,39.353007],[22.962023,39.353292],[22.961983,39.35333],[22.961806,39.353499],[22.961633,39.353649],[22.96146,39.353797],[22.96135,39.353874],[22.961194,39.353973],[22.960981,39.3541],[22.960398,39.354437],[22.960045,39.354645],[22.960045,39.354645],[22.959819,39.354778],[22.959538,39.354929],[22.959301,39.355054],[22.959048,39.355182],[22.958791,39.355313],[22.958593,39.355411],[22.958001,39.35572],[22.957449,39.355988],[22.957081,39.356172],[22.956803,39.356312],[22.956214,39.356599],[22.956214,39.356599],[22.956115,39.356647],[22.955499,39.356958],[22.954999,39.357217],[22.95447,39.357477],[22.954253,39.357584],[22.954253,39.357584],[22.95394,39.357738],[22.953725,39.357843],[22.953504,39.357953],[22.953453,39.357979],[22.953069,39.358169],[22.952811,39.358301],[22.952733,39.358372],[22.952216,39.358636],[22.951677,39.357988],[22.951111,39.358271],[22.951061,39.358292],[22.950885,39.358384],[22.950885,39.358384],[22.950337,39.358669],[22.950108,39.358791],[22.949929,39.358887],[22.949629,39.359033],[22.949506,39.359094],[22.949506,39.359094],[22.949374,39.359159],[22.948884,39.359403],[22.948697,39.359498],[22.948489,39.359604],[22.948212,39.359741],[22.947967,39.359861],[22.947734,39.359974],[22.94747,39.360103],[22.947316,39.36018],[22.947316,39.36018],[22.947201,39.360238],[22.94699,39.360347],[22.946717,39.36049],[22.946308,39.360713],[22.946057,39.360844],[22.945704,39.361032],[22.94544,39.36117],[22.945349,39.361217],[22.945213,39.361285],[22.944998,39.361393],[22.944967,39.361408],[22.944902,39.36144],[22.944845,39.361467],[22.944845,39.361467],[22.944831,39.361474],[22.944727,39.361522],[22.944474,39.361636],[22.94418,39.361768],[22.943968,39.361858],[22.943703,39.361971],[22.943516,39.36205],[22.943507,39.362054],[22.943338,39.362126],[22.943099,39.362222],[22.943042,39.362244],[22.943004,39.362256],[22.942955,39.362269],[22.942902,39.362279],[22.942854,39.362286],[22.942794,39.362293],[22.942714,39.362283],[22.942634,39.36228],[22.94253,39.36228],[22.942488,39.362281],[22.942463,39.362281],[22.942437,39.362282],[22.942408,39.362282],[22.942386,39.362283],[22.942357,39.362286],[22.942333,39.36229],[22.942311,39.362294],[22.942289,39.3623],[22.942274,39.362305],[22.942246,39.362316],[22.942219,39.362329],[22.942193,39.362345],[22.94218,39.362359],[22.942123,39.362424],[22.942088,39.362463],[22.942057,39.362499],[22.942039,39.362522],[22.942025,39.362543],[22.942015,39.36256],[22.942005,39.362574],[22.94199,39.362602],[22.941974,39.362631],[22.941956,39.362666],[22.941913,39.362746],[22.941895,39.362763],[22.941785,39.36286],[22.941728,39.362912],[22.941595,39.363039],[22.941404,39.363222],[22.941346,39.363276],[22.941346,39.363276],[22.941201,39.363413],[22.941008,39.3636],[22.940654,39.36394],[22.940559,39.364062],[22.94037,39.364336],[22.940252,39.364498],[22.940122,39.364677],[22.940122,39.364677],[22.940072,39.364747],[22.939704,39.36526],[22.939393,39.365708],[22.938975,39.366286],[22.938777,39.366561],[22.938777,39.366561],[22.938589,39.366822],[22.938189,39.367374],[22.937307,39.36859],[22.936907,39.36916],[22.937307,39.36859],[22.936907,39.36916],[22.935926,39.370457],[22.935783,39.370646],[22.935783,39.370646],[22.935671,39.370794],[22.935095,39.371578],[22.934961,39.371761],[22.93485,39.371913],[22.934742,39.372062],[22.934662,39.372172],[22.934662,39.372172],[22.93463,39.372215],[22.934523,39.372364],[22.934416,39.37251],[22.934309,39.372659],[22.934199,39.372813],[22.934079,39.37298],[22.934123,39.372998],[22.934145,39.373011],[22.934159,39.373021],[22.93419,39.373046],[22.934219,39.373074],[22.934235,39.373091],[22.934256,39.37312],[22.934272,39.373148],[22.934281,39.373174],[22.934286,39.373192],[22.934286,39.373214],[22.934284,39.373233],[22.934276,39.373281],[22.93413,39.373488],[22.93413,39.373488],[22.934092,39.373543],[22.93389,39.373828],[22.933854,39.373847],[22.933825,39.373859],[22.933802,39.373868],[22.933768,39.373876],[22.933732,39.373881],[22.933703,39.373884],[22.933678,39.373886],[22.933654,39.373885],[22.933634,39.373883],[22.933621,39.37388],[22.933602,39.373874],[22.933481,39.373821],[22.933359,39.37399],[22.933222,39.374181],[22.933102,39.374346],[22.933413,39.374482],[22.933603,39.374566],[22.933603,39.374566],[22.933815,39.37466],[22.933958,39.37472],[22.934097,39.374774],[22.934225,39.374823],[22.93475,39.37501],[22.934953,39.375084],[22.934987,39.375095],[22.935314,39.375206],[22.93527,39.375422],[22.935247,39.375532],[22.935246,39.375539],[22.935176,39.375878],[22.935159,39.375962],[22.935089,39.376095],[22.934957,39.376296],[22.934334,39.376021],[22.933789,39.375782],[22.932069,39.375025],[22.932069,39.375025],[22.931797,39.374905],[22.93077,39.374449],[22.930743,39.374488],[22.929974,39.374146],[22.929529,39.373952],[22.929529,39.373952],[22.929189,39.373804],[22.928444,39.373488],[22.928131,39.373367],[22.928032,39.373329],[22.927632,39.373183],[22.9275,39.373134],[22.927314,39.373069],[22.927271,39.373056],[22.926729,39.372894],[22.926407,39.372806],[22.92625,39.372764],[22.92625,39.372764],[22.925466,39.372555],[22.925052,39.372454],[22.924888,39.37241],[22.924506,39.372336],[22.924232,39.37227],[22.924137,39.37225],[22.92377,39.372177],[22.923538,39.372132],[22.923233,39.372079],[22.922807,39.371999]]},"properties":{"line":"1","dir":"0","mode":"bus"}},{"type":"Feature","geometry":{"type":"LineString","coordinates":[[22.9228,39.371998],[22.922563,39.371974],[22.922638,39.372398],[22.922692,39.372669],[22.922696,39.3727],[22.922698,39.372744],[22.922697,39.372781],[22.92269,39.372821],[22.922683,39.372846],[22.922573,39.373129],[22.922318,39.373783],[22.922157,39.374205],[22.922058,39.374468],[22.921972,39.374694],[22.921972,39.374694],[22.921555,39.375796],[22.921414,39.376158],[22.921379,39.376257],[22.921379,39.376257],[22.921317,39.37643],[22.921297,39.376494],[22.92123,39.376715],[22.921016,39.377499],[22.921308,39.377613],[22.921331,39.377625],[22.921343,39.377639],[22.921328,39.377647],[22.921316,39.377657],[22.921288,39.377711],[22.921288,39.377711],[22.921234,39.377813],[22.921752,39.377996],[22.921864,39.378034],[22.922215,39.378156],[22.922712,39.378324],[22.923285,39.378516],[22.923572,39.378617],[22.923572,39.378617],[22.924036,39.37878],[22.924085,39.378794],[22.924488,39.378889],[22.925006,39.37901],[22.925041,39.378913],[22.925041,39.378913],[22.925406,39.377908],[22.925587,39.377386],[22.925647,39.37722],[22.925647,39.37722],[22.925845,39.376667],[22.926139,39.375857],[22.926156,39.37583],[22.926185,39.375775],[22.926226,39.375717],[22.92646,39.375505],[22.926498,39.37546],[22.926746,39.37515],[22.92681,39.375064],[22.92681,39.375064],[22.927239,39.374492],[22.927464,39.374191],[22.927738,39.373793],[22.927758,39.373756],[22.927782,39.373699],[22.927956,39.373441],[22.927956,39.373441],[22.927986,39.373397],[22.928032,39.373329],[22.928356,39.372869],[22.928691,39.372417],[22.929078,39.372587],[22.9292,39.372641],[22.9292,39.372641],[22.929444,39.372747],[22.929829,39.372917],[22.930212,39.373082],[22.930544,39.373227],[22.930719,39.373304],[22.930719,39.373304],[22.930992,39.373425],[22.931378,39.373594],[22.932389,39.374034],[22.932427,39.37405],[22.932729,39.374185],[22.932729,39.374185],[22.932797,39.374215],[22.933102,39.374346],[22.933222,39.374181],[22.933359,39.37399],[22.933481,39.373821],[22.93318,39.373688],[22.932911,39.37357],[22.933293,39.373043],[22.933293,39.373043],[22.933514,39.372738],[22.933692,39.372815],[22.934043,39.372965],[22.934079,39.37298],[22.934199,39.372813],[22.934307,39.372662],[22.934309,39.372659],[22.934416,39.37251],[22.934523,39.372364],[22.93463,39.372215],[22.934742,39.372062],[22.93485,39.371913],[22.934961,39.371761],[22.935095,39.371578],[22.935671,39.370794],[22.935783,39.370646],[22.935783,39.370646],[22.935926,39.370457],[22.936049,39.370301],[22.936054,39.37024],[22.936173,39.370072],[22.936206,39.370025],[22.936255,39.369957],[22.936451,39.369672],[22.936654,39.369379],[22.936781,39.369195],[22.936781,39.369195],[22.936828,39.369127],[22.936863,39.369077],[22.937228,39.368564],[22.937598,39.368035],[22.93764,39.367976],[22.937684,39.367913],[22.937729,39.367852],[22.938106,39.367338],[22.938518,39.366773],[22.938689,39.36654],[22.938689,39.36654],[22.9389,39.366253],[22.939319,39.365667],[22.939495,39.365414],[22.939697,39.365136],[22.939996,39.364712],[22.940043,39.364645],[22.940043,39.364645],[22.940082,39.36459],[22.940282,39.36432],[22.940454,39.364071],[22.940484,39.364035],[22.940571,39.363921],[22.94063,39.363864],[22.940973,39.363531],[22.94135,39.363173],[22.94135,39.363173],[22.941683,39.362855],[22.941719,39.362829],[22.941754,39.362801],[22.941803,39.362759],[22.941838,39.362724],[22.941857,39.362704],[22.941868,39.36269],[22.941877,39.362676],[22.941884,39.362664],[22.941888,39.362654],[22.941895,39.362639],[22.941903,39.362615],[22.941909,39.362595],[22.941912,39.36258],[22.941913,39.362566],[22.941914,39.362556],[22.941914,39.362528],[22.941912,39.362512],[22.941911,39.362501],[22.941908,39.362488],[22.941904,39.362472],[22.941898,39.362455],[22.941892,39.362435],[22.941879,39.362403],[22.941855,39.362353],[22.94184,39.362335],[22.94183,39.362318],[22.941822,39.362301],[22.941817,39.36228],[22.941816,39.362263],[22.941817,39.362241],[22.941821,39.362221],[22.941829,39.362203],[22.941839,39.362185],[22.941853,39.362168],[22.941864,39.362157],[22.941887,39.362139],[22.941909,39.362127],[22.941932,39.362117],[22.941957,39.362109],[22.941984,39.362096],[22.942003,39.362083],[22.942018,39.362073],[22.942036,39.362057],[22.942056,39.362037],[22.942083,39.362009],[22.942117,39.361969],[22.94214,39.361939],[22.942159,39.361912],[22.942182,39.361882],[22.942214,39.361843],[22.942231,39.361827],[22.942249,39.361811],[22.942265,39.361798],[22.942288,39.361778],[22.942316,39.361755],[22.942358,39.361723],[22.942411,39.361683],[22.942505,39.361622],[22.942616,39.361588],[22.942747,39.361553],[22.942835,39.361531],[22.943158,39.361451],[22.943267,39.361425],[22.943314,39.361411],[22.943342,39.361402],[22.943342,39.361402],[22.943357,39.361397],[22.943755,39.361215],[22.944049,39.361081],[22.944534,39.360858],[22.944789,39.360741],[22.94499,39.360649],[22.945287,39.360512],[22.945623,39.360358],[22.945886,39.360239],[22.946297,39.360045],[22.947095,39.359661],[22.947106,39.359656],[22.947106,39.359656],[22.947374,39.359527],[22.947596,39.359421],[22.947796,39.359325],[22.948126,39.359168],[22.948295,39.359088],[22.948315,39.359079],[22.948315,39.359079],[22.948524,39.358979],[22.949009,39.35875],[22.949621,39.358462],[22.950249,39.358158],[22.950813,39.357884],[22.95118,39.357699],[22.951208,39.35769],[22.951236,39.357683],[22.951264,39.357679],[22.951294,39.357676],[22.951321,39.357675],[22.951346,39.357675],[22.95137,39.357676],[22.951391,39.357678],[22.951416,39.357682],[22.951438,39.357687],[22.95146,39.357695],[22.951483,39.357707],[22.951508,39.357727],[22.951512,39.357732],[22.951612,39.357843],[22.951612,39.357843],[22.951692,39.357932],[22.951715,39.357959],[22.952123,39.358467],[22.95216,39.358503],[22.9522,39.35852],[22.952243,39.358525],[22.952304,39.358516],[22.952362,39.358499],[22.952699,39.358327],[22.952811,39.358301],[22.953043,39.358182],[22.953043,39.358182],[22.953069,39.358169],[22.953453,39.357979],[22.953504,39.357953],[22.953725,39.357843],[22.95394,39.357738],[22.95447,39.357477],[22.954999,39.357217],[22.955499,39.356958],[22.955944,39.356733],[22.955944,39.356733],[22.956115,39.356647],[22.956803,39.356312],[22.957081,39.356172],[22.957449,39.355988],[22.958001,39.35572],[22.958228,39.355602],[22.958228,39.355602],[22.958593,39.355411],[22.958791,39.355313],[22.959048,39.355182],[22.959301,39.355054],[22.959538,39.354929],[22.959819,39.354778],[22.960398,39.354437],[22.960981,39.3541],[22.961194,39.353973],[22.96135,39.353874],[22.96146,39.353797],[22.961633,39.353649],[22.961806,39.353499],[22.961983,39.35333],[22.962023,39.353292],[22.96235,39.352999],[22.96235,39.352999],[22.962759,39.352632],[22.963256,39.352159],[22.963723,39.351686],[22.963468,39.351322],[22.963199,39.350943],[22.963177,39.350902],[22.963161,39.350861],[22.96316,39.350816],[22.963174,39.350774],[22.963203,39.350744],[22.963373,39.350726]]},"properties":{"line":"1","dir":"1","mode":"bus"}},{"type":"Feature","geometry":{"type":"LineString","coordinates":[[22.932609,39.36152],[22.932656,39.361527],[22.932702,39.36153],[22.932754,39.361532],[22.93278,39.36153],[22.9328,39.361528],[22.932828,39.36152],[22.932845,39.361512],[22.932861,39.361499],[22.932874,39.361486],[22.932891,39.361462],[22.93294,39.36137],[22.933206,39.36147],[22.933241,39.361484],[22.933315,39.361522],[22.933469,39.361613],[22.933577,39.361686],[22.933617,39.361679],[22.933658,39.361679],[22.933697,39.361687],[22.933733,39.361701],[22.933764,39.361721],[22.933775,39.361732],[22.93379,39.361749],[22.933849,39.361756],[22.933923,39.361766],[22.933971,39.361775],[22.934033,39.361787],[22.934083,39.361798],[22.934128,39.361811],[22.934148,39.361817],[22.934164,39.361823],[22.934585,39.361966],[22.934766,39.362057],[22.935082,39.362161],[22.93513,39.362177],[22.93513,39.362177],[22.935147,39.362183],[22.935365,39.362254],[22.935752,39.362383],[22.936005,39.36247],[22.93603,39.362478],[22.936045,39.362483],[22.936077,39.362492],[22.936112,39.3625],[22.936142,39.362506],[22.936223,39.362518],[22.936289,39.362526],[22.936357,39.362532],[22.936398,39.362535],[22.936447,39.362537],[22.936487,39.362538],[22.936533,39.362538],[22.936608,39.362537],[22.936643,39.362535],[22.936683,39.362531],[22.936719,39.362526],[22.936768,39.362517],[22.937164,39.362438],[22.93729,39.362416],[22.93738,39.362403],[22.937546,39.36237],[22.93761,39.36233],[22.937657,39.362313],[22.937687,39.362306],[22.937756,39.362289],[22.93793,39.362256],[22.937966,39.362249],[22.937998,39.36224],[22.938041,39.362226],[22.93808,39.362211],[22.938087,39.362193],[22.9381,39.362171],[22.938117,39.362151],[22.938137,39.362133],[22.938161,39.362117],[22.93819,39.362104],[22.938214,39.362096],[22.938241,39.36209],[22.938245,39.362089],[22.93828,39.362086],[22.938316,39.362087],[22.938345,39.362092],[22.938374,39.3621],[22.938394,39.362108],[22.938414,39.362119],[22.938435,39.362133],[22.938444,39.36214],[22.938454,39.362149],[22.938467,39.362163],[22.93855,39.362173],[22.938648,39.362179],[22.939801,39.362174],[22.939801,39.362174],[22.940256,39.362172],[22.941279,39.362168],[22.941326,39.362174],[22.941358,39.362177],[22.9414,39.36218],[22.941449,39.362183],[22.941524,39.362185],[22.941663,39.362182],[22.941687,39.36218],[22.941719,39.362176],[22.941751,39.362171],[22.941777,39.362166],[22.941804,39.36216],[22.941824,39.362155],[22.94184,39.36215],[22.941874,39.36214],[22.941889,39.362134],[22.941909,39.362127],[22.941932,39.362117],[22.941957,39.362109],[22.941984,39.362096],[22.942003,39.362083],[22.942018,39.362073],[22.942036,39.362057],[22.942056,39.362037],[22.942083,39.362009],[22.942117,39.361969],[22.94214,39.361939],[22.942159,39.361912],[22.942182,39.361882],[22.942214,39.361843],[22.942231,39.361827],[22.942249,39.361811],[22.942265,39.361798],[22.942288,39.361778],[22.942316,39.361755],[22.942358,39.361723],[22.942411,39.361683],[22.942505,39.361622],[22.942616,39.361588],[22.942747,39.361553],[22.942835,39.361531],[22.943158,39.361451],[22.943267,39.361425],[22.943314,39.361411],[22.943342,39.361402],[22.943342,39.361402],[22.943357,39.361397],[22.943755,39.361215],[22.944049,39.361081],[22.944534,39.360858],[22.944789,39.360741],[22.94499,39.360649],[22.945287,39.360512],[22.945623,39.360358],[22.945886,39.360239],[22.946297,39.360045],[22.946679,39.360449],[22.946717,39.36049],[22.947052,39.360858],[22.947052,39.360858],[22.947317,39.361149],[22.947523,39.36137],[22.947621,39.361477],[22.947674,39.361534],[22.948007,39.361895],[22.948377,39.362284],[22.948676,39.362604],[22.94959,39.363581],[22.94959,39.363581],[22.949863,39.363872],[22.950399,39.364444],[22.950905,39.364998],[22.951121,39.365238],[22.951124,39.365241],[22.951328,39.36546],[22.951757,39.365925],[22.95183,39.365996],[22.951423,39.366216],[22.950812,39.366558],[22.950724,39.366608],[22.950382,39.366799],[22.950006,39.367016],[22.949641,39.367221],[22.949641,39.367221],[22.949524,39.367286],[22.949018,39.367569],[22.948576,39.367819],[22.948144,39.368057],[22.948144,39.368057],[22.947943,39.368168],[22.947625,39.368343],[22.947294,39.368524],[22.946811,39.368791],[22.946266,39.369092],[22.946083,39.369189],[22.946083,39.369189],[22.945676,39.369407],[22.945134,39.36972],[22.944671,39.369965],[22.94405,39.370308],[22.94405,39.370308],[22.943976,39.370349],[22.943844,39.370423],[22.943814,39.370439],[22.943796,39.370447],[22.943777,39.370453],[22.943759,39.370457],[22.943742,39.370457],[22.943727,39.370456],[22.943707,39.370453],[22.943692,39.370449],[22.943669,39.370442],[22.942979,39.370167],[22.942252,39.369885],[22.942252,39.369885],[22.94182,39.369717],[22.941426,39.369567],[22.940965,39.369382],[22.940545,39.369215],[22.940362,39.369142],[22.940362,39.369142],[22.940035,39.369012],[22.940003,39.369084],[22.939993,39.369111],[22.939988,39.369131],[22.939885,39.369652],[22.939818,39.369982],[22.939747,39.37033],[22.939716,39.370452],[22.939649,39.370811],[22.939649,39.370811],[22.939601,39.371065],[22.939496,39.371599],[22.939488,39.371639],[22.939444,39.371868],[22.93944,39.371894],[22.939385,39.372163],[22.939385,39.372163],[22.939318,39.372493],[22.939281,39.372683],[22.939275,39.372717],[22.939241,39.372894],[22.939207,39.373073],[22.939163,39.373301],[22.939044,39.373925],[22.938999,39.374159],[22.938999,39.374159],[22.938784,39.375284],[22.938759,39.375409],[22.938633,39.376053],[22.938657,39.376064],[22.938697,39.376085],[22.938812,39.376152],[22.93901,39.376279],[22.93901,39.376279],[22.939402,39.376531],[22.940205,39.377072],[22.940513,39.377275],[22.941366,39.377832],[22.941268,39.377971],[22.941268,39.377971],[22.94103,39.378309],[22.940858,39.378559],[22.940719,39.378766],[22.940597,39.37895],[22.940553,39.379019],[22.940421,39.379264],[22.940378,39.379333],[22.940299,39.379499],[22.940257,39.37959],[22.940133,39.379867],[22.940082,39.379992],[22.940082,39.379992],[22.939865,39.380521],[22.93977,39.380795],[22.939727,39.380889],[22.939723,39.380906],[22.939712,39.38105],[22.93971,39.3811],[22.93971,39.381134],[22.939711,39.381171],[22.939713,39.381206],[22.939723,39.381287],[22.939732,39.381365],[22.939738,39.381395],[22.939767,39.381511],[22.939841,39.381779],[22.939841,39.381779],[22.939894,39.381973],[22.939929,39.382129],[22.939971,39.38233],[22.939997,39.382463],[22.939998,39.382494],[22.940002,39.382589],[22.939998,39.382697],[22.939986,39.382837],[22.939962,39.382949],[22.939926,39.383096],[22.939916,39.38312],[22.939862,39.383287],[22.939823,39.3834],[22.939667,39.3838],[22.939504,39.384249],[22.939398,39.384202],[22.939165,39.384101],[22.939165,39.384101],[22.93853,39.383826],[22.9384,39.383773],[22.937773,39.383527],[22.937645,39.383477],[22.937492,39.383415],[22.937337,39.383345],[22.937201,39.383276],[22.937101,39.383223],[22.936903,39.383122],[22.936699,39.383006],[22.936699,39.383006],[22.936472,39.382876],[22.936397,39.38283],[22.935489,39.382319],[22.935431,39.382286],[22.93523,39.382164],[22.93495,39.381992],[22.93495,39.381992],[22.934874,39.381946],[22.934422,39.381685],[22.934376,39.381771],[22.934237,39.382014],[22.934211,39.382056],[22.934129,39.382184],[22.934034,39.38232],[22.934034,39.38232],[22.933358,39.383295],[22.933253,39.383448],[22.933585,39.383632],[22.934173,39.383963],[22.934232,39.383995],[22.934371,39.384075],[22.934371,39.384075],[22.934584,39.384198],[22.935205,39.384555],[22.936149,39.385113],[22.936149,39.385113],[22.936607,39.385383],[22.937067,39.385657],[22.937133,39.385694],[22.937368,39.385799],[22.937482,39.385844],[22.937626,39.385891],[22.937856,39.38595],[22.938244,39.38604],[22.938381,39.38607],[22.938381,39.38607],[22.938861,39.386174],[22.938899,39.386256],[22.938894,39.3863],[22.938844,39.386451],[22.938811,39.386567],[22.938764,39.386711],[22.938747,39.386762],[22.938721,39.386852],[22.938675,39.386995],[22.938567,39.387312],[22.938528,39.387427],[22.938472,39.387604],[22.938628,39.387667],[22.938656,39.387674],[22.938684,39.387677],[22.938722,39.38768],[22.938762,39.387678],[22.938802,39.387674],[22.938837,39.387666],[22.938871,39.387651],[22.938906,39.387631],[22.938935,39.387609],[22.93894,39.387604],[22.938969,39.387576],[22.938984,39.387557],[22.938995,39.387535],[22.939008,39.387504],[22.939021,39.387464],[22.939045,39.387375],[22.939065,39.387296],[22.939078,39.387254],[22.939094,39.387217],[22.939111,39.387185],[22.939133,39.387152],[22.939158,39.387125],[22.939189,39.3871],[22.939218,39.387081],[22.939261,39.387056],[22.939302,39.387039],[22.939394,39.387004],[22.939945,39.386822],[22.940512,39.386628],[22.941282,39.386387],[22.94196,39.386171],[22.942627,39.38595],[22.942771,39.386545],[22.941724,39.386658]]},"properties":{"line":"2","dir":"0","mode":"bus"}},{"type":"Feature","geometry":{"type":"LineString","coordinates":[[22.941724,39.386658],[22.941479,39.386684],[22.941282,39.386387],[22.940512,39.386628],[22.939945,39.386822],[22.939394,39.387004],[22.939302,39.387039],[22.939261,39.387056],[22.939218,39.387081],[22.939189,39.3871],[22.939158,39.387125],[22.939133,39.387152],[22.939111,39.387185],[22.939094,39.387217],[22.939078,39.387254],[22.939065,39.387296],[22.939045,39.387375],[22.939021,39.387464],[22.939008,39.387504],[22.939042,39.387564],[22.939043,39.38758],[22.939042,39.387594],[22.939037,39.387606],[22.939016,39.387634],[22.938989,39.38766],[22.93895,39.387692],[22.938948,39.387693],[22.938897,39.387721],[22.938853,39.387734],[22.938813,39.387739],[22.938758,39.387743],[22.938698,39.387743],[22.93861,39.387727],[22.938576,39.387718],[22.938544,39.387708],[22.938514,39.387697],[22.938491,39.387685],[22.938473,39.387674],[22.938455,39.387658],[22.93838,39.387604],[22.938432,39.387417],[22.93852,39.387144],[22.938532,39.387103],[22.938559,39.387026],[22.938606,39.386887],[22.938638,39.386789],[22.938736,39.386455],[22.938774,39.386337],[22.938799,39.386242],[22.938861,39.386174],[22.938381,39.38607],[22.938381,39.38607],[22.938244,39.38604],[22.937856,39.38595],[22.937626,39.385891],[22.937482,39.385844],[22.937368,39.385799],[22.937133,39.385694],[22.937067,39.385657],[22.936607,39.385383],[22.93611,39.38509],[22.936012,39.385032],[22.936012,39.385032],[22.935205,39.384555],[22.934318,39.384045],[22.934318,39.384045],[22.934232,39.383995],[22.934173,39.383963],[22.933585,39.383632],[22.933253,39.383448],[22.933358,39.383295],[22.934016,39.382348],[22.934016,39.382348],[22.934129,39.382184],[22.934211,39.382056],[22.934237,39.382014],[22.934376,39.381771],[22.934422,39.381685],[22.934874,39.381946],[22.934926,39.381978],[22.934926,39.381978],[22.93523,39.382164],[22.935431,39.382286],[22.935489,39.382319],[22.936397,39.38283],[22.936472,39.382876],[22.936638,39.382971],[22.936638,39.382971],[22.936903,39.383122],[22.937101,39.383223],[22.937201,39.383276],[22.937337,39.383345],[22.937492,39.383415],[22.937645,39.383477],[22.937773,39.383527],[22.9384,39.383773],[22.93853,39.383826],[22.939108,39.384076],[22.939108,39.384076],[22.939398,39.384202],[22.939504,39.384249],[22.939667,39.3838],[22.939823,39.3834],[22.939862,39.383287],[22.939916,39.38312],[22.939926,39.383096],[22.939962,39.382949],[22.939986,39.382837],[22.939998,39.382697],[22.940002,39.382589],[22.939998,39.382494],[22.939997,39.382463],[22.939971,39.38233],[22.939929,39.382129],[22.939894,39.381973],[22.939843,39.381787],[22.939843,39.381787],[22.939767,39.381511],[22.939738,39.381395],[22.939732,39.381365],[22.939665,39.381177],[22.939653,39.381145],[22.939581,39.380975],[22.939635,39.38089],[22.939709,39.380782],[22.939748,39.380728],[22.939865,39.380521],[22.939931,39.38036],[22.940107,39.379929],[22.940107,39.379929],[22.940133,39.379867],[22.940257,39.37959],[22.940299,39.379499],[22.940378,39.379333],[22.940421,39.379264],[22.940553,39.379019],[22.940597,39.37895],[22.940719,39.378766],[22.940858,39.378559],[22.94103,39.378309],[22.941159,39.378126],[22.941159,39.378126],[22.941366,39.377832],[22.940513,39.377275],[22.940205,39.377072],[22.939402,39.376531],[22.938812,39.376152],[22.938697,39.376085],[22.938657,39.376064],[22.938633,39.376053],[22.938667,39.375877],[22.938667,39.375877],[22.938759,39.375409],[22.938784,39.375284],[22.938999,39.37416],[22.938999,39.37416],[22.939044,39.373925],[22.939163,39.373301],[22.939207,39.373073],[22.939241,39.372894],[22.939275,39.372717],[22.939281,39.372683],[22.939318,39.372493],[22.939392,39.372129],[22.939392,39.372129],[22.93944,39.371894],[22.939444,39.371868],[22.939488,39.371639],[22.939496,39.371599],[22.939601,39.371065],[22.939716,39.370452],[22.939747,39.37033],[22.939818,39.369982],[22.939818,39.369982],[22.939885,39.369652],[22.939988,39.369131],[22.939993,39.369111],[22.940003,39.369084],[22.940035,39.369012],[22.940077,39.368938],[22.940578,39.369149],[22.940698,39.369197],[22.940698,39.369197],[22.941227,39.369408],[22.941438,39.36949],[22.941468,39.369502],[22.942287,39.369819],[22.94233,39.369836],[22.942344,39.369841],[22.942344,39.369841],[22.942726,39.369985],[22.943043,39.370108],[22.943607,39.37034],[22.943626,39.370348],[22.943643,39.370354],[22.943652,39.370357],[22.943672,39.370361],[22.943706,39.370364],[22.943722,39.370363],[22.943738,39.370363],[22.94375,39.370361],[22.943764,39.370359],[22.943776,39.370355],[22.94379,39.370351],[22.943802,39.370347],[22.943819,39.37034],[22.943859,39.370322],[22.943889,39.370308],[22.944161,39.370158],[22.944161,39.370158],[22.94461,39.369911],[22.945079,39.369661],[22.94563,39.369349],[22.946205,39.369025],[22.946337,39.368954],[22.946337,39.368954],[22.946757,39.368729],[22.947242,39.368463],[22.947881,39.368099],[22.948186,39.367928],[22.948186,39.367928],[22.948509,39.367748],[22.948956,39.367501],[22.949461,39.367217],[22.94968,39.367092],[22.94968,39.367092],[22.949936,39.366946],[22.950288,39.366752],[22.950666,39.366544],[22.949791,39.365627],[22.949269,39.365081],[22.94925,39.365054],[22.949041,39.364836],[22.949041,39.364836],[22.948733,39.364516],[22.948108,39.363896],[22.947799,39.363582],[22.947506,39.363271],[22.947171,39.362864],[22.946566,39.362108],[22.946381,39.361878],[22.946313,39.361793],[22.946313,39.361793],[22.94619,39.361639],[22.945704,39.361032],[22.94544,39.36117],[22.945349,39.361217],[22.945213,39.361285],[22.944998,39.361393],[22.944967,39.361408],[22.944902,39.36144],[22.944845,39.361467],[22.944845,39.361467],[22.944831,39.361474],[22.944727,39.361522],[22.944474,39.361636],[22.94418,39.361768],[22.943968,39.361858],[22.943703,39.361971],[22.943516,39.36205],[22.943507,39.362054],[22.943338,39.362126],[22.943099,39.362222],[22.943042,39.362244],[22.943004,39.362256],[22.942955,39.362269],[22.942902,39.362279],[22.942854,39.362286],[22.942794,39.362293],[22.942714,39.362283],[22.942634,39.36228],[22.94253,39.36228],[22.942488,39.362281],[22.942463,39.362281],[22.942437,39.362282],[22.942408,39.362282],[22.942386,39.362283],[22.942357,39.362286],[22.942333,39.36229],[22.942311,39.362294],[22.942289,39.3623],[22.942274,39.362305],[22.942246,39.362316],[22.942219,39.362329],[22.942193,39.362345],[22.94218,39.362359],[22.942164,39.362372],[22.942147,39.362384],[22.942122,39.362397],[22.942095,39.362407],[22.942067,39.362414],[22.942037,39.362418],[22.942007,39.362418],[22.941977,39.362415],[22.941949,39.362408],[22.941921,39.362398],[22.941896,39.362386],[22.941874,39.36237],[22.941855,39.362353],[22.941799,39.362341],[22.941768,39.362334],[22.941738,39.362329],[22.9417,39.362322],[22.941671,39.362317],[22.94165,39.362314],[22.941613,39.362309],[22.941591,39.362307],[22.941555,39.362305],[22.941472,39.362305],[22.941393,39.362307],[22.941306,39.362308],[22.941114,39.362308],[22.940391,39.362307],[22.940258,39.362306],[22.939962,39.362306],[22.939962,39.362306],[22.938648,39.362303],[22.938618,39.362304],[22.938591,39.362306],[22.938559,39.362311],[22.938529,39.362318],[22.938467,39.362337],[22.938455,39.362351],[22.938443,39.362362],[22.938418,39.36238],[22.938396,39.362391],[22.938375,39.3624],[22.938328,39.362412],[22.938293,39.362415],[22.938257,39.362413],[22.938232,39.362409],[22.938206,39.362403],[22.938177,39.362391],[22.938147,39.362374],[22.938063,39.362358],[22.938014,39.362352],[22.937952,39.362348],[22.93787,39.362348],[22.937783,39.362359],[22.937667,39.362367],[22.937546,39.36237],[22.93738,39.362403],[22.93729,39.362416],[22.937164,39.362438],[22.936768,39.362517],[22.936719,39.362526],[22.936683,39.362531],[22.936643,39.362535],[22.936608,39.362537],[22.936533,39.362538],[22.936487,39.362538],[22.936447,39.362537],[22.936398,39.362535],[22.936357,39.362532],[22.936289,39.362526],[22.936223,39.362518],[22.936142,39.362506],[22.936112,39.3625],[22.936077,39.362492],[22.936045,39.362483],[22.93603,39.362478],[22.936005,39.36247],[22.935752,39.362383],[22.935365,39.362254],[22.935147,39.362183],[22.935082,39.362161],[22.934935,39.362112],[22.934935,39.362112],[22.934766,39.362057],[22.934565,39.362001],[22.934181,39.361874],[22.934131,39.361867],[22.93409,39.361862],[22.934051,39.361859],[22.934022,39.361858],[22.934008,39.361857],[22.933988,39.361857],[22.933963,39.361858],[22.933927,39.361861],[22.933886,39.361867],[22.933828,39.361878],[22.933782,39.361888],[22.93377,39.361901],[22.933754,39.361914],[22.933728,39.361929],[22.933698,39.361941],[22.933665,39.361948],[22.933649,39.361949],[22.933626,39.361949],[22.93361,39.361948],[22.933591,39.361945],[22.933572,39.36194],[22.933552,39.361933],[22.933534,39.361925],[22.933518,39.361915],[22.933504,39.361903],[22.933494,39.361894],[22.933483,39.36188],[22.933474,39.361867],[22.933467,39.361853],[22.933462,39.361837],[22.93346,39.361812],[22.933461,39.361794],[22.933469,39.361771],[22.933477,39.361753],[22.933493,39.361734],[22.933531,39.361705],[22.933577,39.361686],[22.933617,39.361679],[22.933658,39.361679],[22.933697,39.361687],[22.933733,39.361701],[22.933764,39.361721],[22.933832,39.361724],[22.933854,39.361722],[22.933889,39.361713],[22.933917,39.3617],[22.933961,39.361676],[22.933973,39.361668],[22.933989,39.361655],[22.934004,39.361637],[22.934338,39.361158],[22.934166,39.361089],[22.933694,39.360886],[22.933627,39.360858],[22.933558,39.36083],[22.933446,39.360785],[22.933446,39.360785],[22.933371,39.360755],[22.932835,39.36055],[22.932647,39.360868],[22.932499,39.361199],[22.932434,39.361335],[22.932379,39.361454],[22.932479,39.361488],[22.932569,39.361513]]},"properties":{"line":"2","dir":"1","mode":"bus"}},{"type":"Feature","geometry":{"type":"LineString","coordinates":[[22.961886,39.350888],[22.962685,39.350752],[22.962918,39.350701],[22.963195,39.350734],[22.963462,39.350725],[22.963507,39.350737],[22.963592,39.350784],[22.963827,39.350835],[22.963886,39.350852],[22.963916,39.350862],[22.963946,39.350875],[22.963981,39.350895],[22.964008,39.350916],[22.964037,39.350943],[22.964059,39.350972],[22.964075,39.350997],[22.96409,39.351025],[22.964102,39.351055],[22.964114,39.351096],[22.964164,39.35125],[22.964198,39.351225],[22.964229,39.351206],[22.964272,39.351184],[22.964541,39.35105],[22.964571,39.351037],[22.964595,39.351028],[22.964667,39.351005],[22.964741,39.350996],[22.964837,39.351],[22.964957,39.351018],[22.965199,39.351057],[22.965269,39.351068],[22.965379,39.35108],[22.965419,39.351081],[22.965459,39.351078],[22.965492,39.351072],[22.965514,39.351066],[22.965546,39.351055],[22.965486,39.351291],[22.965424,39.351544],[22.965363,39.351616],[22.965338,39.351738],[22.965315,39.351843],[22.965302,39.351901],[22.965302,39.351901],[22.965291,39.35195],[22.965275,39.352028],[22.965265,39.352092],[22.965261,39.352137],[22.965259,39.352194],[22.96526,39.352254],[22.965264,39.352337],[22.965269,39.352449],[22.965276,39.352535],[22.96528,39.352589],[22.965284,39.352658],[22.965297,39.352774],[22.965305,39.35281],[22.965315,39.352847],[22.965331,39.352891],[22.965347,39.352928],[22.965365,39.352964],[22.965419,39.353063],[22.965526,39.353235],[22.965584,39.353322],[22.965715,39.353495],[22.965925,39.353689],[22.966026,39.353776],[22.966161,39.353878],[22.966373,39.354021],[22.965986,39.354534],[22.965926,39.354609],[22.965926,39.354609],[22.965834,39.354724],[22.965807,39.354758],[22.965773,39.354803],[22.965739,39.354849],[22.965732,39.354865],[22.965729,39.354874],[22.965727,39.354884],[22.965727,39.3549],[22.965729,39.354911],[22.965737,39.354935],[22.965747,39.354955],[22.965764,39.35498],[22.965786,39.355001],[22.965895,39.355079],[22.966277,39.35534],[22.966317,39.35537],[22.966359,39.355405],[22.966397,39.35544],[22.966432,39.355477],[22.966456,39.355509],[22.966483,39.355551],[22.966505,39.355601],[22.966523,39.355658],[22.966536,39.355714],[22.966547,39.355768],[22.966555,39.355823],[22.966561,39.355902],[22.96656,39.355971],[22.966559,39.35602],[22.966553,39.356078],[22.966539,39.356138],[22.966514,39.356204],[22.966498,39.356244],[22.966482,39.356281],[22.966459,39.356321],[22.96643,39.356361],[22.966374,39.356428],[22.966374,39.356428],[22.9661,39.356751],[22.965971,39.3569],[22.965566,39.357357],[22.965415,39.357533],[22.965003,39.357997],[22.964898,39.358121],[22.964898,39.358121],[22.963896,39.359303],[22.963529,39.359746],[22.963529,39.359746],[22.963436,39.359858],[22.963186,39.360146],[22.963171,39.360162],[22.963158,39.360175],[22.963147,39.360187],[22.963132,39.360199],[22.963091,39.360222],[22.963074,39.36023],[22.963051,39.360238],[22.963011,39.360246],[22.962987,39.360249],[22.962869,39.360259],[22.962483,39.360271],[22.962251,39.360371],[22.96194,39.360524],[22.961347,39.360824],[22.960873,39.36106],[22.960873,39.36106],[22.960677,39.361157],[22.960045,39.361472],[22.959436,39.361775],[22.958937,39.362022],[22.958705,39.362134],[22.958705,39.362134],[22.958414,39.362275],[22.957914,39.362513],[22.957529,39.362697],[22.957432,39.362751],[22.957339,39.362799],[22.957155,39.362904],[22.956682,39.36318],[22.956168,39.363502],[22.956087,39.363552],[22.956087,39.363552],[22.955621,39.363842],[22.955293,39.36404],[22.954864,39.364302],[22.954321,39.3646],[22.954262,39.364637],[22.954262,39.364637],[22.954229,39.364657],[22.953889,39.364849],[22.953462,39.365084],[22.952939,39.365383],[22.952703,39.365508],[22.952523,39.365605],[22.952431,39.365657],[22.952431,39.365657],[22.952377,39.365687],[22.95183,39.365996],[22.951423,39.366216],[22.950812,39.366558],[22.950724,39.366608],[22.950666,39.366544],[22.950405,39.36627],[22.950405,39.36627],[22.950228,39.366085],[22.949791,39.365627],[22.949269,39.365081],[22.94925,39.365054],[22.949041,39.364836],[22.949041,39.364836],[22.948733,39.364516],[22.948108,39.363896],[22.947799,39.363582],[22.947506,39.363271],[22.947171,39.362864],[22.946566,39.362108],[22.946381,39.361878],[22.946313,39.361793],[22.946313,39.361793],[22.94619,39.361639],[22.945704,39.361032],[22.94544,39.36117],[22.945349,39.361217],[22.945213,39.361285],[22.944998,39.361393],[22.944967,39.361408],[22.944902,39.36144],[22.944845,39.361467],[22.944845,39.361467],[22.944831,39.361474],[22.944727,39.361522],[22.944474,39.361636],[22.94418,39.361768],[22.943968,39.361858],[22.943703,39.361971],[22.943516,39.36205],[22.943507,39.362054],[22.943338,39.362126],[22.943099,39.362222],[22.943042,39.362244],[22.943004,39.362256],[22.942955,39.362269],[22.942902,39.362279],[22.942854,39.362286],[22.942794,39.362293],[22.942714,39.362283],[22.942634,39.36228],[22.94253,39.36228],[22.942488,39.362281],[22.942463,39.362281],[22.942437,39.362282],[22.942408,39.362282],[22.942386,39.362283],[22.942357,39.362286],[22.942333,39.36229],[22.942311,39.362294],[22.942289,39.3623],[22.942274,39.362305],[22.942246,39.362316],[22.942219,39.362329],[22.942193,39.362345],[22.94218,39.362359],[22.942164,39.362372],[22.942147,39.362384],[22.942122,39.362397],[22.942095,39.362407],[22.942067,39.362414],[22.942037,39.362418],[22.942007,39.362418],[22.941977,39.362415],[22.941949,39.362408],[22.941921,39.362398],[22.941896,39.362386],[22.941874,39.36237],[22.941855,39.362353],[22.941799,39.362341],[22.941768,39.362334],[22.941738,39.362329],[22.9417,39.362322],[22.941671,39.362317],[22.94165,39.362314],[22.941613,39.362309],[22.941591,39.362307],[22.941555,39.362305],[22.941472,39.362305],[22.941393,39.362307],[22.941306,39.362308],[22.941114,39.362308],[22.940391,39.362307],[22.940258,39.362306],[22.939962,39.362306],[22.939962,39.362306],[22.938648,39.362303],[22.938618,39.362304],[22.938591,39.362306],[22.938559,39.362311],[22.938529,39.362318],[22.938467,39.362337],[22.938455,39.362351],[22.938443,39.362362],[22.938418,39.36238],[22.938396,39.362391],[22.938375,39.3624],[22.938328,39.362412],[22.938293,39.362415],[22.938257,39.362413],[22.938232,39.362409],[22.938206,39.362403],[22.938177,39.362391],[22.938147,39.362374],[22.938063,39.362358],[22.938014,39.362352],[22.937952,39.362348],[22.93787,39.362348],[22.937783,39.362359],[22.937667,39.362367],[22.937546,39.36237],[22.93738,39.362403],[22.93729,39.362416],[22.937164,39.362438],[22.936768,39.362517],[22.936719,39.362526],[22.936683,39.362531],[22.936643,39.362535],[22.936608,39.362537],[22.936533,39.362538],[22.936487,39.362538],[22.936447,39.362537],[22.936398,39.362535],[22.936357,39.362532],[22.936289,39.362526],[22.936223,39.362518],[22.936142,39.362506],[22.936112,39.3625],[22.936077,39.362492],[22.936045,39.362483],[22.93603,39.362478],[22.936005,39.36247],[22.935752,39.362383],[22.935365,39.362254],[22.935147,39.362183],[22.935082,39.362161],[22.934935,39.362112],[22.934935,39.362112],[22.934766,39.362057],[22.934565,39.362001],[22.934181,39.361874],[22.934131,39.361867],[22.93409,39.361862],[22.934051,39.361859],[22.934022,39.361858],[22.934008,39.361857],[22.933988,39.361857],[22.933963,39.361858],[22.933927,39.361861],[22.933886,39.361867],[22.933828,39.361878],[22.933782,39.361888],[22.93377,39.361901],[22.933754,39.361914],[22.933728,39.361929],[22.933698,39.361941],[22.933536,39.362014],[22.933482,39.362039],[22.933393,39.362082],[22.933371,39.362092],[22.933371,39.362092],[22.933282,39.362132],[22.93239,39.362514],[22.931814,39.36277],[22.931702,39.362819],[22.931355,39.362969],[22.931266,39.363007],[22.931265,39.363013],[22.931251,39.363041],[22.931225,39.363064],[22.931192,39.36308],[22.931154,39.363086],[22.931136,39.363085],[22.931115,39.363082],[22.93093,39.363162],[22.93065,39.363289],[22.93065,39.363289],[22.930214,39.363487],[22.930009,39.363579],[22.92942,39.363839],[22.928721,39.36416],[22.928636,39.364198],[22.927738,39.364589],[22.927351,39.364752],[22.927116,39.364857],[22.927116,39.364857],[22.926594,39.365091],[22.925769,39.365458],[22.925525,39.365574],[22.925525,39.365574],[22.925383,39.365642],[22.925152,39.365757],[22.924693,39.365975],[22.924192,39.366241],[22.923537,39.366595],[22.923507,39.366613],[22.923506,39.366614],[22.923478,39.366632],[22.923442,39.366658],[22.923415,39.366682],[22.923395,39.366703],[22.923375,39.366727],[22.923362,39.366745],[22.923351,39.366765],[22.923355,39.366783],[22.923356,39.366802],[22.923355,39.366821],[22.923352,39.366832],[22.923364,39.366859],[22.923378,39.366887],[22.923396,39.366921],[22.923409,39.366944],[22.923428,39.366974],[22.92344,39.366989],[22.92345,39.367001],[22.923465,39.367015],[22.923519,39.367056],[22.923568,39.367092],[22.923998,39.367208],[22.924353,39.367295],[22.924567,39.367349],[22.924567,39.367349],[22.924597,39.367357],[22.924677,39.367377],[22.924744,39.367395],[22.924805,39.367412],[22.924858,39.367429],[22.924904,39.367444],[22.924964,39.367466],[22.925012,39.367483],[22.925128,39.367529],[22.925182,39.367551],[22.925214,39.367565],[22.92526,39.367588],[22.925295,39.36761],[22.925312,39.367621],[22.925409,39.367691],[22.925501,39.367764],[22.925538,39.367797],[22.925573,39.367829],[22.925628,39.367886],[22.925678,39.367944],[22.925732,39.368012],[22.925764,39.368055],[22.925906,39.368284],[22.926007,39.368441],[22.926227,39.368801],[22.926323,39.368967],[22.926323,39.368967],[22.926419,39.369131],[22.926587,39.369411],[22.926604,39.369439],[22.92662,39.36946],[22.926646,39.369495],[22.926671,39.369524],[22.926699,39.369554],[22.926727,39.36958],[22.926769,39.369613],[22.927115,39.369848],[22.927149,39.369874],[22.927178,39.369901],[22.927201,39.369926],[22.927226,39.369965],[22.927246,39.369994],[22.927282,39.370058],[22.927315,39.370121],[22.927037,39.37017],[22.926713,39.37022],[22.926646,39.370231],[22.926646,39.370231],[22.926084,39.370325],[22.925648,39.370396],[22.925227,39.370466],[22.92444,39.370604],[22.924264,39.370633],[22.924079,39.370667],[22.923847,39.370707],[22.923847,39.370707],[22.923425,39.370779],[22.922899,39.370863],[22.922381,39.370954],[22.922487,39.37156],[22.922552,39.371916],[22.922552,39.371916],[22.922563,39.371974],[22.922638,39.372398],[22.922692,39.372669],[22.922696,39.3727],[22.922698,39.372744],[22.922697,39.372781],[22.92269,39.372821],[22.922683,39.372846],[22.922573,39.373129],[22.922318,39.373783],[22.922157,39.374205],[22.922058,39.374468],[22.921986,39.37444],[22.921955,39.374429],[22.921927,39.37442],[22.921893,39.374411],[22.921803,39.374386],[22.921774,39.374379],[22.921774,39.374379],[22.920607,39.374096],[22.920318,39.374025],[22.920318,39.374025],[22.920268,39.374013],[22.920035,39.37395],[22.91985,39.373889],[22.919603,39.373785],[22.919325,39.373675],[22.919221,39.373637],[22.919139,39.373603],[22.919076,39.373576],[22.918779,39.373441],[22.918662,39.373392],[22.918582,39.373353],[22.918447,39.37329],[22.91827,39.373211],[22.918222,39.373191],[22.918157,39.373162],[22.918077,39.373137]]},"properties":{"line":"3","dir":"0","mode":"bus"}},{"type":"Feature","geometry":{"type":"LineString","coordinates":[[22.918077,39.373137],[22.918157,39.373162],[22.918222,39.373191],[22.91827,39.373211],[22.918447,39.37329],[22.918582,39.373353],[22.918662,39.373392],[22.918779,39.373441],[22.919076,39.373576],[22.919139,39.373603],[22.919221,39.373637],[22.919325,39.373675],[22.919603,39.373785],[22.91985,39.373889],[22.920035,39.37395],[22.920268,39.374013],[22.920344,39.374032],[22.920344,39.374032],[22.920607,39.374096],[22.921803,39.374386],[22.921817,39.37439],[22.921817,39.37439],[22.921893,39.374411],[22.921927,39.37442],[22.921955,39.374429],[22.921986,39.37444],[22.922058,39.374468],[22.922157,39.374205],[22.922318,39.373783],[22.922573,39.373129],[22.922683,39.372846],[22.92269,39.372821],[22.922697,39.372781],[22.922698,39.372744],[22.922696,39.3727],[22.922692,39.372669],[22.922638,39.372398],[22.922553,39.371918],[22.922553,39.371918],[22.922487,39.37156],[22.922381,39.370954],[22.922899,39.370863],[22.923425,39.370779],[22.923897,39.370698],[22.923897,39.370698],[22.924079,39.370667],[22.924264,39.370633],[22.92444,39.370604],[22.925227,39.370466],[22.925648,39.370396],[22.926084,39.370325],[22.926646,39.370231],[22.926646,39.370231],[22.926713,39.37022],[22.927037,39.37017],[22.927315,39.370121],[22.927282,39.370058],[22.927246,39.369994],[22.927226,39.369965],[22.927201,39.369926],[22.927178,39.369901],[22.927149,39.369874],[22.927115,39.369848],[22.926769,39.369613],[22.926727,39.36958],[22.926699,39.369554],[22.926671,39.369524],[22.926646,39.369495],[22.92662,39.36946],[22.926604,39.369439],[22.926587,39.369411],[22.926419,39.369131],[22.926227,39.368801],[22.926007,39.368441],[22.925968,39.36838],[22.925968,39.36838],[22.925906,39.368284],[22.925764,39.368055],[22.925732,39.368012],[22.925678,39.367944],[22.925628,39.367886],[22.925573,39.367829],[22.925538,39.367797],[22.925501,39.367764],[22.925409,39.367691],[22.925312,39.367621],[22.925295,39.36761],[22.92526,39.367588],[22.925214,39.367565],[22.925182,39.367551],[22.925128,39.367529],[22.925012,39.367483],[22.924964,39.367466],[22.924904,39.367444],[22.924858,39.367429],[22.924805,39.367412],[22.924744,39.367395],[22.924677,39.367377],[22.924597,39.367357],[22.924555,39.367346],[22.924555,39.367346],[22.924353,39.367295],[22.923998,39.367208],[22.923568,39.367092],[22.923431,39.367054],[22.923364,39.367033],[22.923206,39.366987],[22.923092,39.36696],[22.923064,39.366952],[22.923037,39.366942],[22.923012,39.366928],[22.922991,39.366912],[22.922972,39.366894],[22.922957,39.366874],[22.922945,39.366853],[22.922938,39.36683],[22.922935,39.366807],[22.922936,39.366784],[22.922942,39.366761],[22.922951,39.366739],[22.922965,39.366719],[22.92297,39.366713],[22.922982,39.3667],[22.923002,39.366683],[22.923025,39.366669],[22.92305,39.366657],[22.923077,39.366648],[22.923105,39.366642],[22.923134,39.36664],[22.923178,39.366642],[22.92322,39.36663],[22.92325,39.36662],[22.9233,39.366598],[22.923367,39.366563],[22.923643,39.366426],[22.923744,39.36637],[22.925108,39.365664],[22.925504,39.365477],[22.925504,39.365477],[22.92571,39.365379],[22.926604,39.364969],[22.927406,39.364608],[22.927554,39.364541],[22.927554,39.364541],[22.927672,39.364488],[22.928543,39.364111],[22.929926,39.363479],[22.930315,39.363299],[22.930315,39.363299],[22.93042,39.36325],[22.93086,39.363064],[22.931029,39.36299],[22.931037,39.36296],[22.931057,39.362934],[22.931088,39.362915],[22.931124,39.362904],[22.931164,39.362903],[22.931201,39.362911],[22.931299,39.362877],[22.931741,39.362696],[22.931865,39.362644],[22.933159,39.362094],[22.933274,39.362041],[22.933278,39.362039],[22.933322,39.362015],[22.933354,39.361995],[22.933376,39.361979],[22.933392,39.361965],[22.933398,39.361959],[22.933405,39.361951],[22.933411,39.361943],[22.933417,39.361934],[22.933425,39.361918],[22.933436,39.361891],[22.933448,39.361854],[22.93346,39.361812],[22.933461,39.361794],[22.933469,39.361771],[22.933477,39.361753],[22.933493,39.361734],[22.933531,39.361705],[22.933577,39.361686],[22.933617,39.361679],[22.933658,39.361679],[22.933697,39.361687],[22.933733,39.361701],[22.933764,39.361721],[22.933775,39.361732],[22.93379,39.361749],[22.933849,39.361756],[22.933923,39.361766],[22.933971,39.361775],[22.934033,39.361787],[22.934083,39.361798],[22.934128,39.361811],[22.934148,39.361817],[22.934164,39.361823],[22.934585,39.361966],[22.934766,39.362057],[22.935082,39.362161],[22.93513,39.362177],[22.93513,39.362177],[22.935147,39.362183],[22.935365,39.362254],[22.935752,39.362383],[22.936005,39.36247],[22.93603,39.362478],[22.936045,39.362483],[22.936077,39.362492],[22.936112,39.3625],[22.936142,39.362506],[22.936223,39.362518],[22.936289,39.362526],[22.936357,39.362532],[22.936398,39.362535],[22.936447,39.362537],[22.936487,39.362538],[22.936533,39.362538],[22.936608,39.362537],[22.936643,39.362535],[22.936683,39.362531],[22.936719,39.362526],[22.936768,39.362517],[22.937164,39.362438],[22.93729,39.362416],[22.93738,39.362403],[22.937546,39.36237],[22.93761,39.36233],[22.937657,39.362313],[22.937687,39.362306],[22.937756,39.362289],[22.93793,39.362256],[22.937966,39.362249],[22.937998,39.36224],[22.938041,39.362226],[22.93808,39.362211],[22.938087,39.362193],[22.9381,39.362171],[22.938117,39.362151],[22.938137,39.362133],[22.938161,39.362117],[22.93819,39.362104],[22.938214,39.362096],[22.938241,39.36209],[22.938245,39.362089],[22.93828,39.362086],[22.938316,39.362087],[22.938345,39.362092],[22.938374,39.3621],[22.938394,39.362108],[22.938414,39.362119],[22.938435,39.362133],[22.938444,39.36214],[22.938454,39.362149],[22.938467,39.362163],[22.93855,39.362173],[22.938648,39.362179],[22.939801,39.362174],[22.939801,39.362174],[22.940256,39.362172],[22.941279,39.362168],[22.941326,39.362174],[22.941358,39.362177],[22.9414,39.36218],[22.941449,39.362183],[22.941524,39.362185],[22.941663,39.362182],[22.941687,39.36218],[22.941719,39.362176],[22.941751,39.362171],[22.941777,39.362166],[22.941804,39.36216],[22.941824,39.362155],[22.94184,39.36215],[22.941874,39.36214],[22.941889,39.362134],[22.941909,39.362127],[22.941932,39.362117],[22.941957,39.362109],[22.941984,39.362096],[22.942003,39.362083],[22.942018,39.362073],[22.942036,39.362057],[22.942056,39.362037],[22.942083,39.362009],[22.942117,39.361969],[22.94214,39.361939],[22.942159,39.361912],[22.942182,39.361882],[22.942214,39.361843],[22.942231,39.361827],[22.942249,39.361811],[22.942265,39.361798],[22.942288,39.361778],[22.942316,39.361755],[22.942358,39.361723],[22.942411,39.361683],[22.942505,39.361622],[22.942835,39.361531],[22.943158,39.361451],[22.943314,39.361411],[22.943345,39.361398],[22.943345,39.361398],[22.943554,39.361307],[22.943755,39.361215],[22.944049,39.361081],[22.944534,39.360858],[22.944789,39.360741],[22.94499,39.360649],[22.945287,39.360512],[22.945623,39.360358],[22.945886,39.360239],[22.946297,39.360045],[22.946679,39.360449],[22.946717,39.36049],[22.947052,39.360858],[22.947052,39.360858],[22.947317,39.361149],[22.947523,39.36137],[22.947621,39.361477],[22.947674,39.361534],[22.948007,39.361895],[22.948377,39.362284],[22.948676,39.362604],[22.94959,39.363581],[22.94959,39.363581],[22.949863,39.363872],[22.950399,39.364444],[22.950905,39.364998],[22.951121,39.365238],[22.951124,39.365241],[22.951328,39.36546],[22.951757,39.365925],[22.952078,39.365751],[22.952477,39.365529],[22.952875,39.365312],[22.95318,39.365137],[22.953226,39.365112],[22.953226,39.365112],[22.953397,39.365017],[22.953822,39.364787],[22.954814,39.364241],[22.955565,39.363789],[22.956118,39.363451],[22.956247,39.363372],[22.956247,39.363372],[22.956641,39.363131],[22.95739,39.362695],[22.957857,39.36246],[22.958363,39.362204],[22.958758,39.362013],[22.958758,39.362013],[22.95888,39.361954],[22.959379,39.361707],[22.959988,39.361404],[22.96062,39.361088],[22.960811,39.360992],[22.960811,39.360992],[22.961288,39.360753],[22.961884,39.360452],[22.962205,39.360293],[22.962233,39.360286],[22.96226,39.360283],[22.962483,39.360271],[22.962869,39.360259],[22.962987,39.360249],[22.963011,39.360246],[22.963051,39.360238],[22.963074,39.36023],[22.963091,39.360222],[22.963132,39.360199],[22.963147,39.360187],[22.963158,39.360175],[22.963171,39.360162],[22.963186,39.360146],[22.963436,39.359858],[22.963509,39.35977],[22.963509,39.35977],[22.963896,39.359303],[22.964603,39.358469],[22.964861,39.358164],[22.964861,39.358164],[22.965003,39.357997],[22.965415,39.357533],[22.965566,39.357357],[22.965971,39.3569],[22.9661,39.356751],[22.966347,39.35646],[22.966347,39.35646],[22.96643,39.356361],[22.966459,39.356321],[22.966482,39.356281],[22.966498,39.356244],[22.966514,39.356204],[22.966539,39.356138],[22.966553,39.356078],[22.966559,39.35602],[22.96656,39.355971],[22.966561,39.355902],[22.966555,39.355823],[22.966547,39.355768],[22.966536,39.355714],[22.966523,39.355658],[22.966505,39.355601],[22.966483,39.355551],[22.966456,39.355509],[22.966432,39.355477],[22.966397,39.35544],[22.966359,39.355405],[22.966317,39.35537],[22.966277,39.35534],[22.965895,39.355079],[22.965786,39.355001],[22.965764,39.35498],[22.965747,39.354955],[22.965737,39.354935],[22.965729,39.354911],[22.965727,39.3549],[22.965727,39.354884],[22.965729,39.354874],[22.965732,39.354865],[22.965739,39.354849],[22.965773,39.354803],[22.965807,39.354758],[22.965834,39.354724],[22.965934,39.354599],[22.965934,39.354599],[22.965986,39.354534],[22.966373,39.354021],[22.966161,39.353878],[22.966026,39.353776],[22.965925,39.353689],[22.965715,39.353495],[22.965584,39.353322],[22.965526,39.353235],[22.965419,39.353063],[22.965365,39.352964],[22.965347,39.352928],[22.965331,39.352891],[22.965315,39.352847],[22.965305,39.35281],[22.965297,39.352774],[22.965284,39.352658],[22.96528,39.352589],[22.965276,39.352535],[22.965269,39.352449],[22.965264,39.352337],[22.96526,39.352254],[22.965259,39.352194],[22.965261,39.352137],[22.965265,39.352092],[22.965275,39.352028],[22.965291,39.35195],[22.965302,39.351901],[22.965302,39.351901],[22.965315,39.351843],[22.965338,39.351738],[22.965363,39.351616],[22.965353,39.351535],[22.965398,39.351308],[22.965407,39.351277],[22.965459,39.351078],[22.965419,39.351081],[22.965379,39.35108],[22.965269,39.351068],[22.965199,39.351057],[22.964957,39.351018],[22.964837,39.351],[22.964741,39.350996],[22.964667,39.351005],[22.964595,39.351028],[22.964571,39.351037],[22.964541,39.35105],[22.964272,39.351184],[22.964229,39.351206],[22.964198,39.351225],[22.964164,39.35125],[22.9641,39.351309],[22.963905,39.35152],[22.963723,39.351686],[22.963397,39.35206],[22.96284,39.352608],[22.962518,39.352416],[22.962115,39.35208],[22.961857,39.351848],[22.961588,39.351629],[22.961479,39.351529],[22.961004,39.351134],[22.961946,39.3509]]},"properties":{"line":"3","dir":"1","mode":"bus"}},{"type":"Feature","geometry":{"type":"LineString","coordinates":[[22.926347,39.357176],[22.925822,39.357587],[22.925596,39.357769],[22.925033,39.358236],[22.925033,39.358236],[22.924905,39.358343],[22.924612,39.358565],[22.923959,39.359105],[22.924018,39.359143],[22.924301,39.359315],[22.924865,39.359627],[22.925105,39.359751],[22.925613,39.360027],[22.925613,39.360027],[22.925792,39.360125],[22.926188,39.360311],[22.926744,39.360582],[22.926851,39.360642],[22.926874,39.360658],[22.926876,39.360659],[22.927013,39.360756],[22.927296,39.360984],[22.927493,39.361137],[22.927607,39.361223],[22.927704,39.361297],[22.92773,39.361316],[22.928156,39.361651],[22.928156,39.361651],[22.928546,39.361955],[22.928752,39.362145],[22.929007,39.362385],[22.929265,39.362655],[22.929314,39.362707],[22.929517,39.362941],[22.929632,39.363096],[22.929632,39.363096],[22.929868,39.363413],[22.929886,39.363433],[22.929926,39.363479],[22.930315,39.363299],[22.930315,39.363299],[22.93042,39.36325],[22.930802,39.36309],[22.93086,39.363064],[22.930974,39.362924],[22.931045,39.362871],[22.931156,39.362857],[22.931267,39.362888],[22.931741,39.362696],[22.931865,39.362644],[22.931886,39.362434],[22.932363,39.36146],[22.932595,39.361524],[22.932817,39.361534],[22.932947,39.361368],[22.93321,39.361469],[22.933519,39.361632],[22.933585,39.361679],[22.933716,39.361684],[22.933793,39.361748],[22.933951,39.361777],[22.934119,39.361857],[22.934571,39.361993],[22.935082,39.362161],[22.93513,39.362177],[22.93513,39.362177],[22.935147,39.362183],[22.935365,39.362254],[22.935752,39.362383],[22.936005,39.36247],[22.93603,39.362478],[22.936045,39.362483],[22.936077,39.362492],[22.936112,39.3625],[22.936142,39.362506],[22.936223,39.362518],[22.936289,39.362526],[22.936357,39.362532],[22.936398,39.362535],[22.936447,39.362537],[22.936487,39.362538],[22.936533,39.362538],[22.936608,39.362537],[22.936643,39.362535],[22.936683,39.362531],[22.936719,39.362526],[22.936768,39.362517],[22.937164,39.362438],[22.93729,39.362416],[22.93738,39.362403],[22.937546,39.36237],[22.93761,39.36233],[22.937657,39.362313],[22.937687,39.362306],[22.937756,39.362289],[22.93793,39.362256],[22.937966,39.362249],[22.937998,39.36224],[22.938041,39.362226],[22.93808,39.362211],[22.938087,39.362193],[22.9381,39.362171],[22.938117,39.362151],[22.938137,39.362133],[22.938161,39.362117],[22.93819,39.362104],[22.938214,39.362096],[22.938241,39.36209],[22.938245,39.362089],[22.93828,39.362086],[22.938316,39.362087],[22.938345,39.362092],[22.938374,39.3621],[22.938394,39.362108],[22.938414,39.362119],[22.938435,39.362133],[22.938444,39.36214],[22.938454,39.362149],[22.938467,39.362163],[22.93855,39.362173],[22.938648,39.362179],[22.939801,39.362174],[22.939801,39.362174],[22.940256,39.362172],[22.941279,39.362168],[22.941326,39.362174],[22.941358,39.362177],[22.9414,39.36218],[22.941449,39.362183],[22.941524,39.362185],[22.941663,39.362182],[22.941687,39.36218],[22.941719,39.362176],[22.941751,39.362171],[22.941777,39.362166],[22.941804,39.36216],[22.941824,39.362155],[22.94184,39.36215],[22.941874,39.36214],[22.941889,39.362134],[22.941909,39.362127],[22.941932,39.362117],[22.941957,39.362109],[22.941984,39.362096],[22.942003,39.362083],[22.942018,39.362073],[22.942036,39.362057],[22.942056,39.362037],[22.942083,39.362009],[22.942117,39.361969],[22.94214,39.361939],[22.942159,39.361912],[22.942182,39.361882],[22.942214,39.361843],[22.942231,39.361827],[22.942249,39.361811],[22.942265,39.361798],[22.942288,39.361778],[22.942316,39.361755],[22.942358,39.361723],[22.942411,39.361683],[22.942505,39.361622],[22.942616,39.361588],[22.942747,39.361553],[22.942835,39.361531],[22.943158,39.361451],[22.943267,39.361425],[22.943314,39.361411],[22.943342,39.361402],[22.943342,39.361402],[22.943357,39.361397],[22.943755,39.361215],[22.944049,39.361081],[22.944534,39.360858],[22.944789,39.360741],[22.94499,39.360649],[22.945287,39.360512],[22.945623,39.360358],[22.945886,39.360239],[22.946297,39.360045],[22.946679,39.360449],[22.946717,39.36049],[22.947052,39.360858],[22.947052,39.360858],[22.947317,39.361149],[22.947523,39.36137],[22.947621,39.361477],[22.947674,39.361534],[22.948007,39.361895],[22.948377,39.362284],[22.948676,39.362604],[22.94959,39.363581],[22.94959,39.363581],[22.949863,39.363872],[22.950399,39.364444],[22.950905,39.364998],[22.951121,39.365238],[22.951124,39.365241],[22.951328,39.36546],[22.951757,39.365925],[22.95183,39.365996],[22.952318,39.366527],[22.952483,39.366702],[22.952483,39.366702],[22.952776,39.367012],[22.953302,39.36756],[22.953546,39.367816],[22.953715,39.367977],[22.953715,39.367977],[22.95385,39.368107],[22.954036,39.368308],[22.954102,39.368375],[22.954557,39.368886],[22.954776,39.369091],[22.954823,39.369131],[22.954866,39.369164],[22.954967,39.369229],[22.955277,39.36942],[22.95553,39.369595],[22.955258,39.369667],[22.95503,39.369735],[22.954917,39.369774],[22.954917,39.369774],[22.954861,39.369793],[22.954675,39.369863],[22.954581,39.369905],[22.954485,39.369955],[22.954339,39.370036],[22.954203,39.370117],[22.954087,39.370189],[22.954183,39.370291],[22.954554,39.370693],[22.954686,39.370826],[22.954902,39.371064],[22.954902,39.371064],[22.954965,39.371133],[22.95528,39.371469],[22.955421,39.371618],[22.955565,39.371771],[22.955687,39.371902],[22.956059,39.372283],[22.956203,39.372433],[22.956325,39.372567],[22.956488,39.37273],[22.956726,39.372974],[22.956839,39.373089],[22.957091,39.37337],[22.957271,39.373563],[22.957321,39.373619],[22.957321,39.373619],[22.957531,39.373855],[22.957723,39.37406],[22.957869,39.374219],[22.957935,39.37429],[22.957982,39.374341],[22.958013,39.374374],[22.958045,39.374409],[22.958122,39.374495],[22.958184,39.374565],[22.958203,39.374586],[22.958214,39.374599],[22.95839,39.374772],[22.958408,39.374791],[22.958651,39.375039],[22.958946,39.375345],[22.959311,39.375745],[22.959418,39.375857],[22.959574,39.376026],[22.959574,39.376026],[22.959641,39.376098],[22.95978,39.376228],[22.95985,39.376289],[22.959929,39.376353],[22.960012,39.376419],[22.96007,39.376459],[22.960125,39.376493],[22.960196,39.376533],[22.960417,39.376651],[22.960577,39.376729],[22.96088,39.376874],[22.961512,39.377153],[22.961795,39.377285],[22.961841,39.377307],[22.961841,39.377307],[22.962249,39.3775],[22.962395,39.377584],[22.962543,39.377666],[22.962624,39.377723],[22.962755,39.377814],[22.962904,39.377924],[22.963071,39.378046],[22.963283,39.378224],[22.963861,39.378741],[22.964083,39.37894],[22.964613,39.379405],[22.964711,39.37949],[22.964711,39.37949],[22.964772,39.379542],[22.964993,39.379726],[22.965697,39.38031],[22.965751,39.380349],[22.965803,39.380376],[22.965865,39.380402],[22.965902,39.380414],[22.965943,39.380425],[22.965987,39.380434],[22.966045,39.380442],[22.966101,39.380446],[22.966188,39.380446],[22.966264,39.38045],[22.966381,39.38046],[22.966441,39.380469],[22.966492,39.380478],[22.966684,39.380526],[22.967344,39.380693],[22.967445,39.380723],[22.967532,39.380743],[22.967532,39.380743],[22.968197,39.380898],[22.969064,39.381144],[22.969108,39.381162],[22.969122,39.381169],[22.969122,39.381169],[22.969141,39.381179],[22.969167,39.381197],[22.969191,39.381217],[22.969191,39.381234],[22.969184,39.38125],[22.969131,39.381314],[22.969025,39.38145],[22.969019,39.381466],[22.969014,39.38149],[22.969013,39.381505],[22.969026,39.38154],[22.969062,39.381589],[22.969088,39.381612],[22.969125,39.381639],[22.969152,39.381657],[22.969328,39.381744],[22.969632,39.381901],[22.969728,39.381946],[22.96981,39.381991],[22.96989,39.382042],[22.969981,39.382111],[22.970175,39.382265],[22.970271,39.382351],[22.970586,39.382601],[22.970972,39.382912],[22.971102,39.383035],[22.97119,39.38315],[22.971264,39.383248],[22.971351,39.383383],[22.971376,39.38344],[22.971391,39.383494],[22.971398,39.383549],[22.971399,39.383599],[22.971395,39.383645],[22.971381,39.383705],[22.971378,39.383712],[22.971349,39.383782],[22.971326,39.38386],[22.971263,39.383965],[22.971213,39.384032],[22.971171,39.384091],[22.971113,39.384176],[22.971015,39.384368],[22.970936,39.384536],[22.970897,39.384606],[22.970875,39.384663],[22.970853,39.384734],[22.970848,39.384758],[22.970849,39.384788],[22.970858,39.384804],[22.970867,39.384823],[22.970879,39.384836],[22.970889,39.384844],[22.970906,39.384854],[22.970931,39.384861],[22.970957,39.384863],[22.97098,39.384861],[22.970996,39.384856],[22.971011,39.38485],[22.971011,39.38485],[22.971058,39.384771],[22.971093,39.384738],[22.971136,39.384705],[22.97119,39.384666],[22.971302,39.384596],[22.971384,39.384554],[22.971445,39.384528],[22.971548,39.38449],[22.971614,39.38447],[22.971664,39.384457],[22.971706,39.384448],[22.971765,39.384436],[22.971819,39.384428],[22.971877,39.384421],[22.971936,39.384416],[22.972025,39.384412],[22.972129,39.384414],[22.972146,39.384416],[22.972146,39.384416],[22.972224,39.384427],[22.972294,39.384443],[22.972376,39.384468],[22.972436,39.384488],[22.972506,39.38451],[22.972597,39.384534],[22.972683,39.384563],[22.972777,39.38459],[22.972908,39.38462],[22.973056,39.384645],[22.973169,39.384659],[22.97334,39.384671],[22.97351,39.384672],[22.973639,39.384674],[22.973759,39.384674],[22.97385,39.384681]]},"properties":{"line":"4","dir":"Άγιος Ονούφριος (Τέρμα)","mode":"bus"}},{"type":"Feature","geometry":{"type":"LineString","coordinates":[[22.926347,39.357176],[22.925822,39.357587],[22.925596,39.357769],[22.925033,39.358236],[22.925033,39.358236],[22.924905,39.358343],[22.924612,39.358565],[22.923959,39.359105],[22.924018,39.359143],[22.924301,39.359315],[22.924865,39.359627],[22.925105,39.359751],[22.925613,39.360027],[22.925613,39.360027],[22.925792,39.360125],[22.926188,39.360311],[22.926744,39.360582],[22.926851,39.360642],[22.926874,39.360658],[22.926876,39.360659],[22.927013,39.360756],[22.927296,39.360984],[22.927493,39.361137],[22.927607,39.361223],[22.927704,39.361297],[22.92773,39.361316],[22.928156,39.361651],[22.928156,39.361651],[22.928546,39.361955],[22.928752,39.362145],[22.929007,39.362385],[22.929265,39.362655],[22.929314,39.362707],[22.929517,39.362941],[22.929632,39.363096],[22.929632,39.363096],[22.929868,39.363413],[22.929886,39.363433],[22.929926,39.363479],[22.930315,39.363299],[22.930315,39.363299],[22.93042,39.36325],[22.930802,39.36309],[22.93086,39.363064],[22.931184,39.362925],[22.931267,39.362888],[22.931741,39.362696],[22.931865,39.362644],[22.933159,39.362094],[22.933274,39.362041],[22.933278,39.362039],[22.933322,39.362015],[22.933354,39.361995],[22.933376,39.361979],[22.933392,39.361965],[22.933398,39.361959],[22.933405,39.361951],[22.933411,39.361943],[22.933417,39.361934],[22.933425,39.361918],[22.933436,39.361891],[22.933448,39.361854],[22.93346,39.361812],[22.933461,39.361794],[22.933469,39.361771],[22.933477,39.361753],[22.933493,39.361734],[22.933531,39.361705],[22.933577,39.361686],[22.933617,39.361679],[22.933658,39.361679],[22.933697,39.361687],[22.933733,39.361701],[22.933764,39.361721],[22.933832,39.361724],[22.933854,39.361722],[22.933889,39.361713],[22.933917,39.3617],[22.933961,39.361676],[22.933973,39.361668],[22.933989,39.361655],[22.934004,39.361637],[22.934338,39.361158],[22.934166,39.361089],[22.933694,39.360886],[22.933627,39.360858],[22.933558,39.36083],[22.933371,39.360755],[22.933093,39.360643],[22.932817,39.360536],[22.932494,39.361206],[22.932367,39.36146],[22.932432,39.361481],[22.932494,39.361498],[22.932562,39.361512],[22.932609,39.36152],[22.932609,39.36152],[22.932656,39.361527],[22.932702,39.36153],[22.932754,39.361532],[22.93278,39.36153],[22.9328,39.361528],[22.932828,39.36152],[22.932845,39.361512],[22.932861,39.361499],[22.932874,39.361486],[22.932891,39.361462],[22.93294,39.36137],[22.933206,39.36147],[22.933241,39.361484],[22.933315,39.361522],[22.933469,39.361613],[22.933577,39.361686],[22.933617,39.361679],[22.933658,39.361679],[22.933697,39.361687],[22.933733,39.361701],[22.933764,39.361721],[22.933775,39.361732],[22.93379,39.361749],[22.933849,39.361756],[22.933923,39.361766],[22.933971,39.361775],[22.934033,39.361787],[22.934083,39.361798],[22.934128,39.361811],[22.934148,39.361817],[22.934164,39.361823],[22.934188,39.361834],[22.93421,39.361845],[22.934228,39.361855],[22.934244,39.361866],[22.93428,39.361894],[22.934571,39.361993],[22.935082,39.362161],[22.93513,39.362177],[22.93513,39.362177],[22.935147,39.362183],[22.935365,39.362254],[22.935752,39.362383],[22.936005,39.36247],[22.93603,39.362478],[22.936045,39.362483],[22.936077,39.362492],[22.936112,39.3625],[22.936142,39.362506],[22.936223,39.362518],[22.936289,39.362526],[22.936357,39.362532],[22.936398,39.362535],[22.936447,39.362537],[22.936487,39.362538],[22.936533,39.362538],[22.936608,39.362537],[22.936643,39.362535],[22.936683,39.362531],[22.936719,39.362526],[22.936768,39.362517],[22.937164,39.362438],[22.93729,39.362416],[22.93738,39.362403],[22.937546,39.36237],[22.93761,39.36233],[22.937657,39.362313],[22.937687,39.362306],[22.937756,39.362289],[22.93793,39.362256],[22.937966,39.362249],[22.937998,39.36224],[22.938041,39.362226],[22.93808,39.362211],[22.938087,39.362193],[22.9381,39.362171],[22.938117,39.362151],[22.938137,39.362133],[22.938161,39.362117],[22.93819,39.362104],[22.938214,39.362096],[22.938241,39.36209],[22.938245,39.362089],[22.93828,39.362086],[22.938316,39.362087],[22.938345,39.362092],[22.938374,39.3621],[22.938394,39.362108],[22.938414,39.362119],[22.938435,39.362133],[22.938444,39.36214],[22.938454,39.362149],[22.938467,39.362163],[22.93855,39.362173],[22.938648,39.362179],[22.939801,39.362174],[22.939801,39.362174],[22.940256,39.362172],[22.941279,39.362168],[22.941326,39.362174],[22.941358,39.362177],[22.9414,39.36218],[22.941449,39.362183],[22.941524,39.362185],[22.941663,39.362182],[22.941687,39.36218],[22.941719,39.362176],[22.941751,39.362171],[22.941777,39.362166],[22.941804,39.36216],[22.941824,39.362155],[22.94184,39.36215],[22.941874,39.36214],[22.941889,39.362134],[22.941909,39.362127],[22.941932,39.362117],[22.941957,39.362109],[22.941984,39.362096],[22.942003,39.362083],[22.942018,39.362073],[22.942036,39.362057],[22.942056,39.362037],[22.942083,39.362009],[22.942117,39.361969],[22.94214,39.361939],[22.942159,39.361912],[22.942182,39.361882],[22.942214,39.361843],[22.942231,39.361827],[22.942249,39.361811],[22.942265,39.361798],[22.942288,39.361778],[22.942316,39.361755],[22.942358,39.361723],[22.942411,39.361683],[22.942505,39.361622],[22.942616,39.361588],[22.942747,39.361553],[22.942835,39.361531],[22.943158,39.361451],[22.943267,39.361425],[22.943314,39.361411],[22.943342,39.361402],[22.943342,39.361402],[22.943357,39.361397],[22.943755,39.361215],[22.944049,39.361081],[22.944534,39.360858],[22.944789,39.360741],[22.94499,39.360649],[22.945287,39.360512],[22.945623,39.360358],[22.945886,39.360239],[22.946297,39.360045],[22.946679,39.360449],[22.946717,39.36049],[22.947052,39.360858],[22.947052,39.360858],[22.947317,39.361149],[22.947523,39.36137],[22.947621,39.361477],[22.947674,39.361534],[22.948007,39.361895],[22.948377,39.362284],[22.948676,39.362604],[22.94959,39.363581],[22.94959,39.363581],[22.949863,39.363872],[22.950399,39.364444],[22.950905,39.364998],[22.951121,39.365238],[22.951124,39.365241],[22.951328,39.36546],[22.951757,39.365925],[22.95183,39.365996],[22.952318,39.366527],[22.952483,39.366702],[22.952483,39.366702],[22.952776,39.367012],[22.953302,39.36756],[22.953546,39.367816],[22.953715,39.367977],[22.953715,39.367977],[22.95385,39.368107],[22.954036,39.368308],[22.954102,39.368375],[22.954557,39.368886],[22.954776,39.369091],[22.954823,39.369131],[22.954866,39.369164],[22.954967,39.369229],[22.955277,39.36942],[22.95553,39.369595],[22.955258,39.369667],[22.95503,39.369735],[22.954917,39.369774],[22.954917,39.369774],[22.954861,39.369793],[22.954675,39.369863],[22.954581,39.369905],[22.954485,39.369955],[22.954339,39.370036],[22.954203,39.370117],[22.954087,39.370189],[22.954183,39.370291],[22.954554,39.370693],[22.954686,39.370826],[22.954902,39.371064],[22.954902,39.371064],[22.954965,39.371133],[22.95528,39.371469],[22.955421,39.371618],[22.955565,39.371771],[22.955687,39.371902],[22.956059,39.372283],[22.956203,39.372433],[22.956325,39.372567],[22.956488,39.37273],[22.956726,39.372974],[22.956839,39.373089],[22.957091,39.37337],[22.957271,39.373563],[22.957321,39.373619],[22.957321,39.373619],[22.957531,39.373855],[22.957723,39.37406],[22.957869,39.374219],[22.957935,39.37429],[22.957982,39.374341],[22.958013,39.374374],[22.958045,39.374409],[22.958122,39.374495],[22.958184,39.374565],[22.958203,39.374586],[22.958214,39.374599],[22.95839,39.374772],[22.958408,39.374791],[22.958651,39.375039],[22.958946,39.375345],[22.959311,39.375745],[22.959418,39.375857],[22.959574,39.376026],[22.959574,39.376026],[22.959641,39.376098],[22.95978,39.376228],[22.95985,39.376289],[22.959929,39.376353],[22.960012,39.376419],[22.96007,39.376459],[22.960125,39.376493],[22.960196,39.376533],[22.960417,39.376651],[22.960577,39.376729],[22.96088,39.376874],[22.961512,39.377153],[22.961795,39.377285],[22.961841,39.377307],[22.961841,39.377307],[22.962249,39.3775],[22.962395,39.377584],[22.962543,39.377666],[22.962624,39.377723],[22.962755,39.377814],[22.962904,39.377924],[22.963071,39.378046],[22.963283,39.378224],[22.963861,39.378741],[22.964083,39.37894],[22.964613,39.379405],[22.964711,39.37949],[22.964711,39.37949],[22.964772,39.379542],[22.964993,39.379726],[22.965697,39.38031],[22.965751,39.380349],[22.965803,39.380376],[22.965865,39.380402],[22.965902,39.380414],[22.965943,39.380425],[22.965987,39.380434],[22.966045,39.380442],[22.966101,39.380446],[22.966188,39.380446],[22.966264,39.38045],[22.966381,39.38046],[22.966441,39.380469],[22.966492,39.380478],[22.966684,39.380526],[22.967344,39.380693],[22.967445,39.380723],[22.967532,39.380743],[22.967532,39.380743],[22.968197,39.380898],[22.969064,39.381144],[22.969108,39.381162],[22.969122,39.381169],[22.969122,39.381169],[22.969141,39.381179],[22.969167,39.381197],[22.969191,39.381217],[22.969191,39.381234],[22.969184,39.38125],[22.969131,39.381314],[22.969025,39.38145],[22.969019,39.381466],[22.969014,39.38149],[22.969013,39.381505],[22.969026,39.38154],[22.969062,39.381589],[22.969088,39.381612],[22.969125,39.381639],[22.969152,39.381657],[22.969328,39.381744],[22.969632,39.381901],[22.969728,39.381946],[22.96981,39.381991],[22.96989,39.382042],[22.969981,39.382111],[22.970175,39.382265],[22.970271,39.382351],[22.970586,39.382601],[22.970972,39.382912],[22.971102,39.383035],[22.97119,39.38315],[22.971264,39.383248],[22.971351,39.383383],[22.971376,39.38344],[22.971391,39.383494],[22.971398,39.383549],[22.971399,39.383599],[22.971395,39.383645],[22.971381,39.383705],[22.971378,39.383712],[22.971349,39.383782],[22.971326,39.38386],[22.971263,39.383965],[22.971213,39.384032],[22.971171,39.384091],[22.971113,39.384176],[22.971015,39.384368],[22.970936,39.384536],[22.970897,39.384606],[22.970875,39.384663],[22.970853,39.384734],[22.970848,39.384758],[22.970849,39.384788],[22.970858,39.384804],[22.970867,39.384823],[22.970879,39.384836],[22.970889,39.384844],[22.970906,39.384854],[22.970931,39.384861],[22.970957,39.384863],[22.97098,39.384861],[22.970996,39.384856],[22.971011,39.38485]]},"properties":{"line":"4","dir":"Άγιος Ονούφριος (στροφή)","mode":"bus"}},{"type":"Feature","geometry":{"type":"LineString","coordinates":[[22.926347,39.357176],[22.925822,39.357587],[22.925596,39.357769],[22.925033,39.358236],[22.925033,39.358236],[22.924905,39.358343],[22.924612,39.358565],[22.923959,39.359105],[22.924018,39.359143],[22.924301,39.359315],[22.924865,39.359627],[22.925105,39.359751],[22.925613,39.360027],[22.925613,39.360027],[22.925792,39.360125],[22.926188,39.360311],[22.926744,39.360582],[22.926851,39.360642],[22.926874,39.360658],[22.926876,39.360659],[22.927013,39.360756],[22.927296,39.360984],[22.927493,39.361137],[22.927607,39.361223],[22.927704,39.361297],[22.92773,39.361316],[22.928156,39.361651],[22.928156,39.361651],[22.928546,39.361955],[22.928752,39.362145],[22.929007,39.362385],[22.929265,39.362655],[22.929314,39.362707],[22.929517,39.362941],[22.929632,39.363096],[22.929632,39.363096],[22.929868,39.363413],[22.929886,39.363433],[22.929926,39.363479],[22.930315,39.363299],[22.930315,39.363299],[22.93042,39.36325],[22.930802,39.36309],[22.93086,39.363064],[22.930925,39.363011],[22.930968,39.362941],[22.931045,39.362879],[22.931118,39.362859],[22.931267,39.362888],[22.931741,39.362696],[22.931854,39.362652],[22.931893,39.362443],[22.932361,39.361454],[22.932421,39.361472],[22.932553,39.361509],[22.932765,39.361538],[22.932902,39.361485],[22.932932,39.361365],[22.933221,39.361456],[22.933466,39.361614],[22.93358,39.361676],[22.933707,39.361683],[22.933819,39.361756],[22.934027,39.361813],[22.93418,39.361879],[22.93435,39.361915],[22.934614,39.361997],[22.935082,39.362161],[22.93513,39.362177],[22.93513,39.362177],[22.935147,39.362183],[22.935365,39.362254],[22.935752,39.362383],[22.936005,39.36247],[22.93603,39.362478],[22.936045,39.362483],[22.936077,39.362492],[22.936112,39.3625],[22.936142,39.362506],[22.936223,39.362518],[22.936289,39.362526],[22.936357,39.362532],[22.936398,39.362535],[22.936447,39.362537],[22.936487,39.362538],[22.936533,39.362538],[22.936608,39.362537],[22.936643,39.362535],[22.936683,39.362531],[22.936719,39.362526],[22.936768,39.362517],[22.937164,39.362438],[22.93729,39.362416],[22.93738,39.362403],[22.937546,39.36237],[22.93761,39.36233],[22.937657,39.362313],[22.937687,39.362306],[22.937756,39.362289],[22.93793,39.362256],[22.937966,39.362249],[22.937998,39.36224],[22.938041,39.362226],[22.93808,39.362211],[22.938087,39.362193],[22.9381,39.362171],[22.938117,39.362151],[22.938137,39.362133],[22.938161,39.362117],[22.93819,39.362104],[22.938214,39.362096],[22.938241,39.36209],[22.938245,39.362089],[22.93828,39.362086],[22.938316,39.362087],[22.938345,39.362092],[22.938374,39.3621],[22.938394,39.362108],[22.938414,39.362119],[22.938435,39.362133],[22.938444,39.36214],[22.938454,39.362149],[22.938467,39.362163],[22.93855,39.362173],[22.938648,39.362179],[22.939801,39.362174],[22.939801,39.362174],[22.940256,39.362172],[22.941279,39.362168],[22.941326,39.362174],[22.941358,39.362177],[22.9414,39.36218],[22.941449,39.362183],[22.941524,39.362185],[22.941663,39.362182],[22.941687,39.36218],[22.941719,39.362176],[22.941751,39.362171],[22.941777,39.362166],[22.941804,39.36216],[22.941824,39.362155],[22.94184,39.36215],[22.941874,39.36214],[22.941889,39.362134],[22.941909,39.362127],[22.941932,39.362117],[22.941957,39.362109],[22.941984,39.362096],[22.942003,39.362083],[22.942018,39.362073],[22.942036,39.362057],[22.942056,39.362037],[22.942083,39.362009],[22.942117,39.361969],[22.94214,39.361939],[22.942159,39.361912],[22.942182,39.361882],[22.942214,39.361843],[22.942231,39.361827],[22.942249,39.361811],[22.942265,39.361798],[22.942288,39.361778],[22.942316,39.361755],[22.942358,39.361723],[22.942411,39.361683],[22.942505,39.361622],[22.942616,39.361588],[22.942747,39.361553],[22.942835,39.361531],[22.943158,39.361451],[22.943267,39.361425],[22.943314,39.361411],[22.943342,39.361402],[22.943342,39.361402],[22.943357,39.361397],[22.943755,39.361215],[22.944049,39.361081],[22.944534,39.360858],[22.944789,39.360741],[22.94499,39.360649],[22.945287,39.360512],[22.945623,39.360358],[22.945886,39.360239],[22.946297,39.360045],[22.946679,39.360449],[22.946717,39.36049],[22.947052,39.360858],[22.947052,39.360858],[22.947317,39.361149],[22.947523,39.36137],[22.947621,39.361477],[22.947674,39.361534],[22.948007,39.361895],[22.948377,39.362284],[22.948676,39.362604],[22.94959,39.363581],[22.94959,39.363581],[22.949863,39.363872],[22.950399,39.364444],[22.950905,39.364998],[22.951121,39.365238],[22.951124,39.365241],[22.951328,39.36546],[22.951757,39.365925],[22.95183,39.365996],[22.952318,39.366527],[22.952483,39.366702],[22.952483,39.366702],[22.952776,39.367012],[22.953302,39.36756],[22.953546,39.367816],[22.953715,39.367977],[22.953715,39.367977],[22.95385,39.368107],[22.954036,39.368308],[22.954102,39.368375],[22.954557,39.368886],[22.954776,39.369091],[22.954823,39.369131],[22.954866,39.369164],[22.954967,39.369229],[22.955277,39.36942],[22.95553,39.369595],[22.955258,39.369667],[22.95503,39.369735],[22.954917,39.369774],[22.954917,39.369774],[22.954861,39.369793],[22.954675,39.369863],[22.954581,39.369905],[22.954485,39.369955],[22.954339,39.370036],[22.954203,39.370117],[22.954087,39.370189],[22.954183,39.370291],[22.954554,39.370693],[22.954686,39.370826],[22.954902,39.371064],[22.954902,39.371064],[22.954965,39.371133],[22.95528,39.371469],[22.955421,39.371618],[22.955565,39.371771],[22.955687,39.371902],[22.956059,39.372283],[22.956203,39.372433],[22.956325,39.372567],[22.956488,39.37273],[22.956726,39.372974],[22.956839,39.373089],[22.957091,39.37337],[22.957271,39.373563],[22.957321,39.373619],[22.957321,39.373619],[22.957531,39.373855],[22.957723,39.37406],[22.957869,39.374219],[22.957935,39.37429],[22.957982,39.374341],[22.958013,39.374374],[22.958045,39.374409],[22.958122,39.374495],[22.958184,39.374565],[22.958203,39.374586],[22.958214,39.374599],[22.95839,39.374772],[22.958408,39.374791],[22.958651,39.375039],[22.958946,39.375345],[22.959311,39.375745],[22.959418,39.375857],[22.959574,39.376026],[22.959574,39.376026],[22.959641,39.376098],[22.95978,39.376228],[22.95985,39.376289],[22.959929,39.376353],[22.960012,39.376419],[22.96007,39.376459],[22.960125,39.376493],[22.960196,39.376533],[22.960417,39.376651],[22.960577,39.376729],[22.96088,39.376874],[22.961512,39.377153],[22.961795,39.377285],[22.961841,39.377307],[22.961841,39.377307],[22.962249,39.3775],[22.962395,39.377584],[22.962543,39.377666],[22.962624,39.377723],[22.962755,39.377814],[22.962904,39.377924],[22.963071,39.378046],[22.963283,39.378224],[22.963861,39.378741],[22.964083,39.37894],[22.964613,39.379405],[22.964711,39.37949],[22.964711,39.37949],[22.964772,39.379542],[22.964993,39.379726],[22.965697,39.38031],[22.965751,39.380349],[22.965803,39.380376],[22.965865,39.380402],[22.965902,39.380414],[22.965943,39.380425],[22.965987,39.380434],[22.966045,39.380442],[22.966101,39.380446],[22.966188,39.380446],[22.966264,39.38045],[22.966381,39.38046],[22.966441,39.380469],[22.966492,39.380478],[22.966684,39.380526],[22.967344,39.380693],[22.967445,39.380723],[22.967532,39.380743],[22.967532,39.380743],[22.968197,39.380898],[22.969064,39.381144],[22.969108,39.381162],[22.969122,39.381169]]},"properties":{"line":"4","dir":"Αηδονοφωλιές","mode":"bus"}},{"type":"Feature","geometry":{"type":"LineString","coordinates":[[22.998256,39.383755],[22.99819,39.383771],[22.99799,39.383796],[22.997868,39.383825],[22.99775,39.383889],[22.997617,39.38399],[22.997557,39.384039],[22.997508,39.384054],[22.997457,39.384054],[22.99742,39.384043],[22.997373,39.384015],[22.997263,39.383922],[22.997202,39.383867],[22.997102,39.383794],[22.996981,39.383696],[22.996918,39.383631],[22.996878,39.383576],[22.99686,39.383532],[22.996846,39.383497],[22.996835,39.383398],[22.996832,39.383285],[22.996827,39.383251],[22.996815,39.383178],[22.996804,39.383105],[22.996799,39.383058],[22.996802,39.383009],[22.996816,39.382948],[22.996848,39.382876],[22.996871,39.382814],[22.996898,39.382762],[22.996981,39.382581],[22.99698,39.382544],[22.996974,39.382396],[22.996967,39.382327],[22.99696,39.38227],[22.996954,39.382241],[22.99694,39.382206],[22.996913,39.382144],[22.996902,39.382117],[22.996895,39.38208],[22.996894,39.382042],[22.9969,39.382005],[22.996913,39.381978],[22.996927,39.381959],[22.996956,39.381931],[22.996985,39.381915],[22.997021,39.381902],[22.997056,39.381895],[22.997093,39.381895],[22.997136,39.381903],[22.997178,39.381916],[22.997223,39.381934],[22.997284,39.381963],[22.997342,39.381994],[22.997404,39.382033],[22.997476,39.382077],[22.997516,39.382095],[22.997551,39.382106],[22.997573,39.382109],[22.997597,39.382108],[22.997624,39.382102],[22.997651,39.382092],[22.997681,39.382076],[22.997701,39.382017],[22.997666,39.381957],[22.997628,39.381923],[22.997596,39.381903],[22.997539,39.381871],[22.997539,39.381871],[22.997486,39.381841],[22.997338,39.38175],[22.997288,39.381708],[22.997192,39.381634],[22.997118,39.38157],[22.996995,39.381484],[22.996826,39.381437],[22.996643,39.381403],[22.996488,39.381389],[22.996351,39.381385],[22.996174,39.381375],[22.996049,39.381367],[22.995972,39.381372],[22.995884,39.381381],[22.995608,39.381477],[22.995529,39.381505],[22.995242,39.381602],[22.994779,39.381832],[22.994414,39.381995],[22.994106,39.382168],[22.993864,39.382343],[22.993617,39.382507],[22.993037,39.382832],[22.992981,39.382877],[22.992962,39.3829],[22.992962,39.3829],[22.992934,39.382932],[22.992682,39.382932],[22.992602,39.382931],[22.992557,39.382927],[22.992506,39.38292],[22.99244,39.382907],[22.992389,39.382894],[22.992335,39.382876],[22.992263,39.382846],[22.992201,39.382816],[22.992098,39.382764],[22.991802,39.382589],[22.991557,39.382452],[22.991004,39.382156],[22.99084,39.382078],[22.990747,39.382037],[22.990635,39.381996],[22.990503,39.381961],[22.990387,39.381947],[22.990279,39.381922],[22.990178,39.381891],[22.990102,39.381854],[22.990102,39.381854],[22.990022,39.381816],[22.989922,39.381785],[22.989828,39.381755],[22.989743,39.381748],[22.989682,39.381761],[22.989636,39.381795],[22.989615,39.381848],[22.989621,39.381893],[22.989646,39.381937],[22.989698,39.381982],[22.98984,39.382046],[22.990065,39.382124],[22.990218,39.382188],[22.990359,39.382267],[22.990424,39.382326],[22.990486,39.382398],[22.990623,39.382584],[22.990738,39.382713],[22.990794,39.382774],[22.99087,39.382832],[22.990952,39.382898],[22.990995,39.382923],[22.991079,39.382963],[22.991197,39.383],[22.991228,39.383015],[22.991264,39.383035],[22.99128,39.38305],[22.99129,39.383064],[22.991296,39.383081],[22.991301,39.383105],[22.991302,39.383122],[22.991302,39.383137],[22.991295,39.38316],[22.991289,39.383174],[22.99128,39.383186],[22.991266,39.383199],[22.991251,39.383208],[22.991231,39.383218],[22.99121,39.383224],[22.991181,39.383228],[22.991141,39.383231],[22.991085,39.383225],[22.990946,39.383198],[22.990884,39.383179],[22.99079,39.383144],[22.990745,39.383121],[22.990695,39.383091],[22.990673,39.383073],[22.990632,39.383032],[22.990607,39.382994],[22.990508,39.382838],[22.990451,39.382759],[22.990382,39.382682],[22.990308,39.382632],[22.990231,39.382584],[22.990134,39.382552],[22.989974,39.382525],[22.989838,39.382506],[22.989672,39.382482],[22.989471,39.382442],[22.989356,39.382403],[22.989168,39.382327],[22.988982,39.382237],[22.98883,39.382153],[22.988731,39.382082],[22.988574,39.381949],[22.98842,39.38181],[22.988299,39.381691],[22.988248,39.38164],[22.988201,39.381607],[22.988127,39.381565],[22.988048,39.38153],[22.987948,39.381495],[22.987843,39.381466],[22.987716,39.381434],[22.987596,39.381411],[22.987482,39.381394],[22.987227,39.381385],[22.987009,39.381383],[22.986883,39.381359],[22.986818,39.381329],[22.986758,39.381284],[22.986704,39.381225],[22.986679,39.381165],[22.986673,39.381083],[22.986694,39.381016],[22.986728,39.38095],[22.986771,39.380879],[22.986839,39.380801],[22.987155,39.380453],[22.98747,39.380119],[22.987548,39.380032],[22.987579,39.380001],[22.987579,39.380001],[22.987626,39.379953],[22.987647,39.379926],[22.987665,39.379886],[22.987673,39.379854],[22.987675,39.379826],[22.987673,39.37979],[22.987669,39.379764],[22.98766,39.379739],[22.987646,39.379715],[22.987623,39.379691],[22.987602,39.379676],[22.987571,39.379656],[22.987535,39.37964],[22.987492,39.379628],[22.987456,39.379622],[22.987422,39.37962],[22.987393,39.379622],[22.987356,39.379629],[22.98733,39.379639],[22.987303,39.379653],[22.987284,39.379669],[22.987266,39.37969],[22.987249,39.379714],[22.987215,39.379787],[22.987178,39.37989],[22.98714,39.379986],[22.9871,39.380092],[22.987054,39.380208],[22.987028,39.380267],[22.986991,39.380323],[22.986964,39.380357],[22.986932,39.380393],[22.98689,39.380431],[22.986847,39.380459],[22.986768,39.380501],[22.986627,39.38057],[22.986464,39.380647],[22.986415,39.380676],[22.986356,39.380717],[22.986294,39.380772],[22.986246,39.380834],[22.986197,39.380906],[22.986122,39.381061],[22.986055,39.381203],[22.986015,39.381277],[22.985977,39.38134],[22.985959,39.381364],[22.985939,39.381381],[22.985908,39.381402],[22.985879,39.381413],[22.985856,39.381418],[22.985823,39.381421],[22.985789,39.38142],[22.98576,39.381415],[22.985735,39.381409],[22.985713,39.381402],[22.985687,39.381389],[22.985663,39.381371],[22.985647,39.381354],[22.985634,39.381333],[22.985624,39.381311],[22.985618,39.381294],[22.985616,39.381266],[22.985619,39.381246],[22.985625,39.381228],[22.985634,39.381211],[22.985648,39.381189],[22.985665,39.381165],[22.985764,39.381052],[22.985956,39.380837],[22.986091,39.380668],[22.986185,39.380534],[22.986218,39.380483],[22.98623,39.380458],[22.986244,39.38042],[22.986249,39.380396],[22.986258,39.380343],[22.986259,39.380311],[22.986257,39.380283],[22.986239,39.38019],[22.986191,39.379934],[22.986188,39.379895],[22.986192,39.379814],[22.986201,39.379767],[22.986232,39.379692],[22.986272,39.379622],[22.986401,39.379414],[22.986499,39.379253],[22.98657,39.37914],[22.986602,39.379081],[22.986649,39.378979],[22.98668,39.378905],[22.986738,39.378769],[22.986761,39.378705],[22.986805,39.378585],[22.986864,39.378481],[22.986943,39.378392],[22.98703,39.378327],[22.987147,39.37825],[22.987348,39.378123],[22.987515,39.378008],[22.987522,39.378003],[22.987592,39.377916],[22.98761,39.377868],[22.9876,39.377806],[22.987561,39.377746],[22.987507,39.377717],[22.987445,39.377702],[22.987423,39.377701],[22.987367,39.377709],[22.987302,39.377744],[22.987241,39.377815],[22.987179,39.377919],[22.987123,39.377984],[22.987018,39.378049],[22.986884,39.378111],[22.986698,39.378204],[22.986604,39.378268],[22.986563,39.378305],[22.986528,39.378335],[22.986465,39.378413],[22.986422,39.378511],[22.986388,39.378665],[22.986327,39.378811],[22.986251,39.378925],[22.986195,39.37899],[22.986114,39.379056],[22.985956,39.379155],[22.985839,39.379238],[22.985788,39.379277],[22.985705,39.379346],[22.985657,39.379387],[22.985627,39.379418],[22.985597,39.379462],[22.985543,39.379568],[22.98552,39.379634],[22.985499,39.37972],[22.98545,39.379928],[22.985416,39.380079],[22.98535,39.380216],[22.985331,39.380249],[22.985305,39.38028],[22.985278,39.380303],[22.985248,39.380314],[22.985189,39.380339],[22.985118,39.38036],[22.985057,39.38037],[22.98497,39.380389],[22.984952,39.380392],[22.984952,39.380392],[22.98497,39.380389],[22.985057,39.38037],[22.985037,39.380418],[22.985028,39.380433],[22.985009,39.380457],[22.984961,39.380495],[22.984914,39.380534],[22.984867,39.380578],[22.984748,39.380697],[22.984581,39.380883],[22.984544,39.380932],[22.984525,39.380959],[22.984457,39.381074],[22.984435,39.38115],[22.984438,39.381217],[22.984475,39.381307],[22.984518,39.381364],[22.98458,39.381395],[22.98469,39.381424],[22.984773,39.381461],[22.984902,39.381552],[22.985057,39.381692],[22.985209,39.381788],[22.985381,39.381904],[22.985485,39.381964],[22.985566,39.381998],[22.985622,39.382012],[22.985767,39.38202],[22.985877,39.382027],[22.985968,39.382049],[22.986048,39.382087],[22.986089,39.382128],[22.986099,39.382184],[22.986091,39.38224],[22.986062,39.382285],[22.986019,39.382328],[22.985949,39.382378],[22.985833,39.382414],[22.985711,39.382439],[22.98556,39.382459],[22.985327,39.382488],[22.985205,39.382492],[22.985152,39.382524],[22.98511,39.382566],[22.985094,39.382614],[22.985102,39.382672],[22.985132,39.382728],[22.985212,39.382822],[22.985335,39.382946],[22.98541,39.383006],[22.985491,39.383085],[22.985549,39.383181],[22.985611,39.383268],[22.985649,39.383357],[22.98567,39.383445],[22.985676,39.383546],[22.985673,39.383636],[22.985657,39.383726],[22.985622,39.383843],[22.985517,39.384205],[22.985468,39.38437],[22.985431,39.38442],[22.985381,39.384456],[22.985312,39.384487],[22.985167,39.384542],[22.985063,39.384586],[22.984989,39.384618],[22.984939,39.384647],[22.984895,39.384694],[22.984868,39.384735],[22.984858,39.384788],[22.984856,39.384834],[22.984871,39.384881],[22.984891,39.384922],[22.984934,39.384992],[22.985021,39.385106],[22.985099,39.385199],[22.985142,39.385235],[22.985182,39.385269],[22.985312,39.385363],[22.985426,39.385438],[22.985627,39.385557],[22.985779,39.385645],[22.985918,39.385746],[22.98605,39.385838],[22.986134,39.385891],[22.986212,39.385937],[22.986301,39.38597],[22.986437,39.386006],[22.986515,39.38606],[22.986568,39.38612],[22.986614,39.386197],[22.986646,39.386264],[22.986695,39.386346],[22.986763,39.386426],[22.986879,39.386529],[22.986981,39.386609],[22.987069,39.386654],[22.987199,39.386704],[22.987342,39.386756],[22.987552,39.386858],[22.987753,39.386947],[22.987942,39.387021],[22.988072,39.387079],[22.988155,39.387135],[22.988209,39.387196],[22.988255,39.387272],[22.988336,39.387451],[22.988393,39.387562],[22.988463,39.387675],[22.988522,39.387764],[22.988559,39.387861],[22.988561,39.38796],[22.98853,39.388051],[22.988497,39.388122],[22.988417,39.388188],[22.988315,39.38825],[22.988189,39.388327],[22.98806,39.388422],[22.98791,39.388549],[22.987805,39.388646],[22.987733,39.388714],[22.987666,39.388758],[22.987618,39.388772],[22.987548,39.38877],[22.987475,39.38875],[22.987403,39.388721],[22.987355,39.388694],[22.987325,39.388667],[22.987304,39.388627],[22.987292,39.3886],[22.987285,39.388563],[22.98728,39.388488],[22.98729,39.388362],[22.987301,39.388308],[22.987323,39.38824],[22.987352,39.388194],[22.987406,39.388128],[22.987459,39.388059],[22.987476,39.388026],[22.987479,39.387988],[22.987469,39.387937],[22.987437,39.387883],[22.987378,39.387838],[22.987315,39.387812],[22.987254,39.3878],[22.987187,39.387799],[22.987118,39.387811],[22.987056,39.387848],[22.987005,39.387889],[22.986931,39.387959],[22.986845,39.388046],[22.986794,39.388101],[22.986727,39.388163],[22.986672,39.388196],[22.986616,39.388223],[22.986567,39.388238],[22.986506,39.388247],[22.986433,39.388246],[22.986373,39.388237],[22.986326,39.388222],[22.986297,39.388204],[22.986268,39.388177],[22.986229,39.388128],[22.986178,39.388067],[22.986178,39.388067],[22.986123,39.387992],[22.986049,39.387905],[22.985978,39.387839],[22.985898,39.387778],[22.985817,39.387739],[22.985745,39.387716],[22.985666,39.3877],[22.98557,39.387699],[22.985486,39.387704],[22.985408,39.387716],[22.985345,39.387744],[22.985279,39.38779],[22.985208,39.387864],[22.985126,39.387962],[22.985073,39.388018],[22.984993,39.388098],[22.984929,39.38817],[22.984855,39.388244],[22.984729,39.388353],[22.984632,39.388429],[22.984528,39.388498],[22.984453,39.388534],[22.984367,39.388573],[22.984272,39.38859],[22.984157,39.388589],[22.983956,39.388573],[22.983827,39.388563],[22.98377,39.388562],[22.983704,39.388571],[22.983649,39.388616],[22.983608,39.388672],[22.983568,39.388752],[22.983553,39.388796],[22.983549,39.388814],[22.983549,39.388814],[22.983543,39.388848],[22.983554,39.388934],[22.983577,39.38906],[22.983547,39.389158],[22.983514,39.38922],[22.983504,39.389266],[22.983418,39.389353],[22.983525,39.389291],[22.983547,39.389158],[22.983577,39.38906],[22.983554,39.388934],[22.983543,39.388848],[22.983553,39.388796],[22.983562,39.38877],[22.983562,39.38877],[22.983568,39.388752],[22.983608,39.388672],[22.983649,39.388616],[22.983704,39.388571],[22.98377,39.388562],[22.983827,39.388563],[22.983956,39.388573],[22.984157,39.388589],[22.984272,39.38859],[22.984367,39.388573],[22.984453,39.388534],[22.984528,39.388498],[22.984632,39.388429],[22.984729,39.388353],[22.984855,39.388244],[22.984929,39.38817],[22.984993,39.388098],[22.985073,39.388018],[22.985126,39.387962],[22.985208,39.387864],[22.985279,39.38779],[22.985345,39.387744],[22.985408,39.387716],[22.985486,39.387704],[22.98557,39.387699],[22.985666,39.3877],[22.985745,39.387716],[22.985817,39.387739],[22.985898,39.387778],[22.985978,39.387839],[22.986049,39.387905],[22.986123,39.387992],[22.986147,39.388025],[22.986147,39.388025],[22.986178,39.388067],[22.986229,39.388128],[22.986268,39.388177],[22.986297,39.388204],[22.986326,39.388222],[22.986373,39.388237],[22.986433,39.388246],[22.986506,39.388247],[22.986567,39.388238],[22.986616,39.388223],[22.986672,39.388196],[22.986727,39.388163],[22.986794,39.388101],[22.986845,39.388046],[22.986931,39.387959],[22.987005,39.387889],[22.987056,39.387848],[22.987118,39.387811],[22.987187,39.387799],[22.987254,39.3878],[22.987315,39.387812],[22.987378,39.387838],[22.987437,39.387883],[22.987469,39.387937],[22.987479,39.387988],[22.987476,39.388026],[22.987459,39.388059],[22.987406,39.388128],[22.987352,39.388194],[22.987323,39.38824],[22.987301,39.388308],[22.98729,39.388362],[22.98728,39.388488],[22.987285,39.388563],[22.987292,39.3886],[22.987304,39.388627],[22.987325,39.388667],[22.987355,39.388694],[22.987403,39.388721],[22.987475,39.38875],[22.987548,39.38877],[22.987618,39.388772],[22.987666,39.388758],[22.987733,39.388714],[22.987805,39.388646],[22.98791,39.388549],[22.98806,39.388422],[22.988189,39.388327],[22.988315,39.38825],[22.988417,39.388188],[22.988497,39.388122],[22.98853,39.388051],[22.988561,39.38796],[22.988559,39.387861],[22.988522,39.387764],[22.988463,39.387675],[22.988393,39.387562],[22.988336,39.387451],[22.988255,39.387272],[22.988209,39.387196],[22.988155,39.387135],[22.988072,39.387079],[22.987942,39.387021],[22.987753,39.386947],[22.987552,39.386858],[22.987342,39.386756],[22.987199,39.386704],[22.987069,39.386654],[22.986981,39.386609],[22.986879,39.386529],[22.986763,39.386426],[22.986695,39.386346],[22.986646,39.386264],[22.986614,39.386197],[22.986568,39.38612],[22.986515,39.38606],[22.986437,39.386006],[22.986301,39.38597],[22.986212,39.385937],[22.986134,39.385891],[22.98605,39.385838],[22.985918,39.385746],[22.985779,39.385645],[22.985627,39.385557],[22.985426,39.385438],[22.985312,39.385363],[22.985182,39.385269],[22.985142,39.385235],[22.985099,39.385199],[22.985021,39.385106],[22.984934,39.384992],[22.984891,39.384922],[22.984871,39.384881],[22.984856,39.384834],[22.984858,39.384788],[22.984868,39.384735],[22.984895,39.384694],[22.984939,39.384647],[22.984989,39.384618],[22.985063,39.384586],[22.985167,39.384542],[22.985312,39.384487],[22.985381,39.384456],[22.985431,39.38442],[22.985468,39.38437],[22.985517,39.384205],[22.985622,39.383843],[22.985657,39.383726],[22.985673,39.383636],[22.985676,39.383546],[22.98567,39.383445],[22.985649,39.383357],[22.985611,39.383268],[22.985549,39.383181],[22.985491,39.383085],[22.98541,39.383006],[22.985335,39.382946],[22.985212,39.382822],[22.985132,39.382728],[22.985102,39.382672],[22.985094,39.382614],[22.98511,39.382566],[22.985152,39.382524],[22.985205,39.382492],[22.985327,39.382488],[22.98556,39.382459],[22.985711,39.382439],[22.985833,39.382414],[22.985949,39.382378],[22.986019,39.382328],[22.986062,39.382285],[22.986091,39.38224],[22.986099,39.382184],[22.986089,39.382128],[22.986048,39.382087],[22.985968,39.382049],[22.985877,39.382027],[22.985767,39.38202],[22.985622,39.382012],[22.985566,39.381998],[22.985485,39.381964],[22.985381,39.381904],[22.985209,39.381788],[22.985057,39.381692],[22.984902,39.381552],[22.984773,39.381461],[22.98469,39.381424],[22.98458,39.381395],[22.984518,39.381364],[22.984475,39.381307],[22.984438,39.381217],[22.984435,39.38115],[22.984457,39.381074],[22.984525,39.380959],[22.984544,39.380932],[22.984581,39.380883],[22.984748,39.380697],[22.984867,39.380578],[22.984914,39.380534],[22.984961,39.380495],[22.985009,39.380457],[22.985028,39.380433],[22.985037,39.380418],[22.985057,39.38037],[22.98497,39.380389],[22.984952,39.380392],[22.984952,39.380392],[22.984766,39.380426],[22.984647,39.380455],[22.984571,39.380487],[22.984494,39.380517],[22.984405,39.380559],[22.984319,39.380607],[22.984083,39.380742],[22.98388,39.380847],[22.983456,39.381095],[22.982778,39.381506],[22.982637,39.381596],[22.982588,39.381637],[22.982535,39.381701],[22.982519,39.38175],[22.982513,39.381792],[22.982531,39.38185],[22.982556,39.381895],[22.982602,39.381939],[22.982648,39.381966],[22.98273,39.381997],[22.98284,39.382034],[22.983378,39.382187],[22.983598,39.382254],[22.983785,39.382307],[22.983934,39.38233],[22.984019,39.382345],[22.984065,39.382359],[22.984105,39.38238],[22.984127,39.382406],[22.984148,39.382467],[22.984135,39.382518],[22.984109,39.382553],[22.984072,39.382584],[22.984023,39.382601],[22.983963,39.382616],[22.983539,39.382683],[22.983428,39.382719],[22.983338,39.382789],[22.983268,39.382892],[22.98309,39.383186],[22.983003,39.383397],[22.982983,39.38351],[22.98296,39.383626],[22.98296,39.383626],[22.982956,39.383644],[22.982937,39.383719],[22.982908,39.383759],[22.982871,39.383785],[22.982826,39.383798],[22.982783,39.383805],[22.982748,39.383801],[22.982688,39.383775],[22.98265,39.383748],[22.982617,39.383716],[22.982595,39.38368],[22.982584,39.383653],[22.982582,39.383618],[22.982594,39.383559],[22.982622,39.383499],[22.982871,39.383094],[22.983,39.382921],[22.983095,39.382786],[22.983128,39.382726],[22.983136,39.382667],[22.983118,39.382621],[22.983097,39.382597],[22.983065,39.382577],[22.983002,39.382556],[22.982902,39.38254],[22.982735,39.382521],[22.982445,39.382479],[22.982283,39.382442],[22.982164,39.382409],[22.982067,39.382379],[22.981799,39.38227],[22.981191,39.381983],[22.981074,39.381919],[22.980952,39.381843],[22.980864,39.381776],[22.980815,39.381722],[22.980815,39.381722],[22.980787,39.381691],[22.980759,39.381632],[22.980744,39.381559],[22.980744,39.381464],[22.980775,39.381357],[22.980904,39.381069],[22.980973,39.380928],[22.981,39.38088],[22.981025,39.380849],[22.981068,39.380811],[22.981125,39.38078],[22.98118,39.380762],[22.981231,39.38075],[22.981508,39.380707],[22.981779,39.380669],[22.981883,39.380645],[22.981953,39.380617],[22.981994,39.380595],[22.98203,39.380572],[22.982059,39.38055],[22.98209,39.380522],[22.982141,39.38046],[22.982179,39.380391],[22.982197,39.380332],[22.982192,39.380262],[22.982187,39.38018],[22.982184,39.380103],[22.982175,39.379993],[22.982182,39.37991],[22.982188,39.379817],[22.982217,39.379702],[22.982233,39.379632],[22.982241,39.37958],[22.982242,39.379504],[22.982235,39.379434],[22.982226,39.379364],[22.982209,39.379301],[22.982184,39.379216],[22.982123,39.379053],[22.982089,39.378986],[22.982073,39.378946],[22.982063,39.378904],[22.982064,39.378866],[22.98208,39.378784],[22.982112,39.37872],[22.982162,39.378645],[22.982305,39.378461],[22.982352,39.378398],[22.982391,39.37834],[22.982428,39.378262],[22.982442,39.378188],[22.982409,39.378093],[22.982351,39.377985],[22.982273,39.377862],[22.982181,39.377731],[22.982111,39.377593],[22.982099,39.377515],[22.982122,39.377453],[22.982292,39.377383],[22.982995,39.377564],[22.983367,39.377659],[22.9835,39.377627],[22.983557,39.377546],[22.983497,39.377383],[22.983296,39.377169],[22.983091,39.376819],[22.983053,39.376549],[22.983047,39.376263],[22.982902,39.376195],[22.982764,39.376241],[22.982762,39.376385],[22.982954,39.376848],[22.983055,39.377079],[22.983138,39.377182],[22.983156,39.377302],[22.983055,39.377396],[22.982892,39.377398],[22.982349,39.377058],[22.981831,39.376785],[22.981409,39.376611],[22.981332,39.376603],[22.98123,39.37661],[22.98116,39.376626],[22.981003,39.376697],[22.980918,39.376739],[22.980853,39.376783],[22.980786,39.376849],[22.980744,39.37691],[22.980687,39.37703],[22.980619,39.377335],[22.980615,39.377394],[22.980624,39.377451],[22.980649,39.377512],[22.980686,39.377568],[22.980747,39.377626],[22.980879,39.377713],[22.981017,39.377789],[22.981113,39.377855],[22.981146,39.377884],[22.981203,39.377941],[22.981222,39.378006],[22.981206,39.378066],[22.981185,39.378096],[22.981157,39.378121],[22.981091,39.378152],[22.981016,39.378186],[22.98068,39.378314],[22.980616,39.378345],[22.980561,39.378378],[22.980518,39.378416],[22.980484,39.378465],[22.980469,39.378506],[22.980466,39.378562],[22.980491,39.37864],[22.980577,39.378785],[22.980593,39.378876],[22.980603,39.378914],[22.980601,39.378947],[22.980585,39.378988],[22.980556,39.379017],[22.980505,39.379037],[22.98044,39.379042],[22.980373,39.379043],[22.980282,39.379031],[22.980124,39.379006],[22.979423,39.378871],[22.979217,39.378826],[22.979099,39.378805],[22.97896,39.378795],[22.978821,39.378799],[22.978606,39.378831],[22.978407,39.378864],[22.978273,39.378894],[22.978273,39.378894],[22.978231,39.378904],[22.978163,39.378926],[22.978105,39.378944],[22.978032,39.378977],[22.977992,39.379001],[22.977969,39.379026],[22.977948,39.379055],[22.97794,39.379096],[22.977943,39.379145],[22.977954,39.37919],[22.977984,39.379268],[22.978089,39.379489],[22.978132,39.379576],[22.978151,39.379629],[22.978156,39.379664],[22.978159,39.379705],[22.978153,39.379736],[22.978131,39.37977],[22.978091,39.379801],[22.978041,39.379818],[22.977975,39.379817],[22.977921,39.379805],[22.977869,39.379781],[22.977726,39.379704],[22.977662,39.379681],[22.977601,39.379671],[22.977527,39.379672],[22.977463,39.379685],[22.977391,39.379714],[22.977247,39.379801],[22.977024,39.379917],[22.976643,39.380066],[22.976499,39.380126],[22.976425,39.380162],[22.976374,39.380202],[22.97632,39.380276],[22.976277,39.38034],[22.976149,39.380546],[22.976131,39.380568],[22.976101,39.380595],[22.976068,39.380618],[22.975988,39.380657],[22.975835,39.380727],[22.975761,39.380767],[22.975708,39.3808],[22.975675,39.380825],[22.97564,39.380854],[22.975474,39.381001],[22.975127,39.380988],[22.974835,39.380575],[22.974317,39.380445],[22.973863,39.380257],[22.973612,39.380275],[22.973432,39.380798],[22.973386,39.381072],[22.973556,39.381275],[22.974096,39.381501],[22.974112,39.381628],[22.97397,39.381697],[22.97376,39.381629],[22.97355,39.381462],[22.973287,39.381406],[22.973045,39.381268],[22.973023,39.380938],[22.973097,39.380424],[22.973065,39.379852],[22.972984,39.379583],[22.973059,39.379413],[22.973238,39.379323],[22.973502,39.379303],[22.973842,39.379316],[22.974108,39.379488],[22.974246,39.379594],[22.974339,39.379557],[22.974358,39.379536],[22.97437,39.37951],[22.974373,39.379466],[22.974361,39.37943],[22.974338,39.379403],[22.974284,39.379363],[22.974266,39.379353],[22.974266,39.379353],[22.974229,39.379332],[22.974111,39.37929],[22.973861,39.37923],[22.973619,39.379165],[22.97347,39.37912],[22.973344,39.379089],[22.973268,39.379088],[22.973191,39.379096],[22.973032,39.379163],[22.972923,39.379226],[22.972851,39.379286],[22.97279,39.379346],[22.972747,39.379401],[22.972695,39.379551],[22.972607,39.379949],[22.972556,39.380141],[22.972486,39.380283],[22.972399,39.380432],[22.972269,39.380646],[22.972105,39.380887],[22.972081,39.380924],[22.972056,39.380957],[22.972056,39.380957],[22.971869,39.381207],[22.971802,39.381297],[22.971766,39.381344],[22.971742,39.381371],[22.971722,39.381388],[22.971696,39.381401],[22.97168,39.381408],[22.971663,39.381412],[22.971634,39.381416],[22.971603,39.381416],[22.97157,39.381414],[22.971537,39.38141],[22.971504,39.381403],[22.971471,39.381391],[22.971432,39.381374],[22.971378,39.381347],[22.971326,39.381313],[22.971278,39.381277],[22.971239,39.381242],[22.971208,39.38121],[22.971123,39.381116],[22.971085,39.381077],[22.971043,39.38104],[22.971004,39.381013],[22.970958,39.380985],[22.970916,39.380964],[22.970869,39.380944],[22.970811,39.38093],[22.970725,39.380924],[22.97048,39.380929],[22.970421,39.380929],[22.97038,39.380925],[22.970349,39.38092],[22.970313,39.380911],[22.97029,39.380899],[22.970261,39.380879],[22.970247,39.380864],[22.970149,39.380718],[22.970123,39.380692],[22.970087,39.380672],[22.970055,39.38066],[22.970022,39.380655],[22.96998,39.380656],[22.969922,39.380672],[22.969582,39.380824],[22.969286,39.380989],[22.969064,39.381144],[22.969108,39.381162],[22.969122,39.381169]]},"properties":{"line":"4","dir":"Αηδονοφωλιές","mode":"bus"}},{"type":"Feature","geometry":{"type":"LineString","coordinates":[[22.932609,39.36152],[22.932656,39.361527],[22.932702,39.36153],[22.932754,39.361532],[22.93278,39.36153],[22.9328,39.361528],[22.932828,39.36152],[22.932845,39.361512],[22.932861,39.361499],[22.932874,39.361486],[22.932891,39.361462],[22.93294,39.36137],[22.933206,39.36147],[22.933241,39.361484],[22.933315,39.361522],[22.933469,39.361613],[22.933577,39.361686],[22.933617,39.361679],[22.933658,39.361679],[22.933697,39.361687],[22.933733,39.361701],[22.933764,39.361721],[22.933775,39.361732],[22.93379,39.361749],[22.933849,39.361756],[22.933997,39.361816],[22.934322,39.361913],[22.934571,39.361993],[22.934935,39.362113],[22.934935,39.362113],[22.935082,39.362161],[22.935147,39.362183],[22.935365,39.362254],[22.935752,39.362383],[22.936005,39.36247],[22.93603,39.362478],[22.936045,39.362483],[22.936077,39.362492],[22.936112,39.3625],[22.936142,39.362506],[22.936223,39.362518],[22.936289,39.362526],[22.936357,39.362532],[22.936398,39.362535],[22.936447,39.362537],[22.936487,39.362538],[22.936533,39.362538],[22.936608,39.362537],[22.936643,39.362535],[22.936683,39.362531],[22.936719,39.362526],[22.936768,39.362517],[22.937164,39.362438],[22.93729,39.362416],[22.93738,39.362403],[22.937546,39.36237],[22.93761,39.36233],[22.937657,39.362313],[22.937687,39.362306],[22.937756,39.362289],[22.93793,39.362256],[22.937966,39.362249],[22.937998,39.36224],[22.938041,39.362226],[22.93808,39.362211],[22.938087,39.362193],[22.9381,39.362171],[22.938117,39.362151],[22.938137,39.362133],[22.938161,39.362117],[22.93819,39.362104],[22.938214,39.362096],[22.938241,39.36209],[22.938245,39.362089],[22.93828,39.362086],[22.938316,39.362087],[22.938345,39.362092],[22.938374,39.3621],[22.938394,39.362108],[22.938414,39.362119],[22.938435,39.362133],[22.938444,39.36214],[22.938454,39.362149],[22.938467,39.362163],[22.93855,39.362173],[22.938648,39.362179],[22.939801,39.362174],[22.939801,39.362174],[22.940256,39.362172],[22.941279,39.362168],[22.941326,39.362174],[22.941358,39.362177],[22.9414,39.36218],[22.941449,39.362183],[22.941524,39.362185],[22.941663,39.362182],[22.941687,39.36218],[22.941719,39.362176],[22.941751,39.362171],[22.941777,39.362166],[22.941804,39.36216],[22.941824,39.362155],[22.94184,39.36215],[22.941874,39.36214],[22.941889,39.362134],[22.941909,39.362127],[22.941932,39.362117],[22.941957,39.362109],[22.941984,39.362096],[22.942003,39.362083],[22.942018,39.362073],[22.942036,39.362057],[22.942056,39.362037],[22.942083,39.362009],[22.942117,39.361969],[22.94214,39.361939],[22.942159,39.361912],[22.942182,39.361882],[22.942214,39.361843],[22.942231,39.361827],[22.942249,39.361811],[22.942265,39.361798],[22.942288,39.361778],[22.942316,39.361755],[22.942358,39.361723],[22.942411,39.361683],[22.942505,39.361622],[22.942616,39.361588],[22.942747,39.361553],[22.942835,39.361531],[22.943158,39.361451],[22.943267,39.361425],[22.943314,39.361411],[22.943342,39.361402],[22.943342,39.361402],[22.943357,39.361397],[22.943755,39.361215],[22.944049,39.361081],[22.944534,39.360858],[22.944789,39.360741],[22.94499,39.360649],[22.945287,39.360512],[22.945623,39.360358],[22.945886,39.360239],[22.946297,39.360045],[22.946679,39.360449],[22.946717,39.36049],[22.947317,39.361149],[22.947475,39.361318],[22.947475,39.361318],[22.947523,39.36137],[22.947621,39.361477],[22.947674,39.361534],[22.948007,39.361895],[22.948377,39.362284],[22.948676,39.362604],[22.94959,39.363581],[22.94959,39.363581],[22.949863,39.363872],[22.950399,39.364444],[22.950905,39.364998],[22.951121,39.365238],[22.951124,39.365241],[22.951328,39.36546],[22.951757,39.365925],[22.95183,39.365996],[22.952318,39.366527],[22.952483,39.366702],[22.952483,39.366702],[22.952776,39.367012],[22.953302,39.36756],[22.953546,39.367816],[22.953715,39.367977],[22.953715,39.367977],[22.95385,39.368107],[22.954036,39.368308],[22.954102,39.368375],[22.954557,39.368886],[22.954776,39.369091],[22.954823,39.369131],[22.954866,39.369164],[22.954967,39.369229],[22.955277,39.36942],[22.95553,39.369595],[22.955258,39.369667],[22.95503,39.369735],[22.954917,39.369774],[22.954917,39.369774],[22.954861,39.369793],[22.954675,39.369863],[22.954581,39.369905],[22.954485,39.369955],[22.954339,39.370036],[22.954203,39.370117],[22.954087,39.370189],[22.954183,39.370291],[22.954554,39.370693],[22.954686,39.370826],[22.954902,39.371064],[22.954902,39.371064],[22.954965,39.371133],[22.95528,39.371469],[22.955421,39.371618],[22.955565,39.371771],[22.955687,39.371902],[22.956059,39.372283],[22.956203,39.372433],[22.956325,39.372567],[22.956488,39.37273],[22.956726,39.372974],[22.956839,39.373089],[22.957091,39.37337],[22.957271,39.373563],[22.957321,39.373619],[22.957321,39.373619],[22.957531,39.373855],[22.957723,39.37406],[22.957869,39.374219],[22.957935,39.37429],[22.957982,39.374341],[22.958013,39.374374],[22.958045,39.374409],[22.958122,39.374495],[22.958184,39.374565],[22.958203,39.374586],[22.958214,39.374599],[22.95839,39.374772],[22.958408,39.374791],[22.958651,39.375039],[22.958946,39.375345],[22.959311,39.375745],[22.959418,39.375857],[22.959574,39.376026],[22.959574,39.376026],[22.959641,39.376098],[22.95978,39.376228],[22.95985,39.376289],[22.959929,39.376353],[22.960012,39.376419],[22.96007,39.376459],[22.960125,39.376493],[22.960196,39.376533],[22.960417,39.376651],[22.960577,39.376729],[22.96088,39.376874],[22.961512,39.377153],[22.961795,39.377285],[22.961841,39.377307],[22.961841,39.377307],[22.962249,39.3775],[22.962395,39.377584],[22.962543,39.377666],[22.962624,39.377723],[22.962755,39.377814],[22.962904,39.377924],[22.963071,39.378046],[22.963283,39.378224],[22.963861,39.378741],[22.964083,39.37894],[22.964613,39.379405],[22.964711,39.37949],[22.964711,39.37949],[22.964772,39.379542],[22.964993,39.379726],[22.965697,39.38031],[22.965751,39.380349],[22.965803,39.380376],[22.965865,39.380402],[22.965902,39.380414],[22.965943,39.380425],[22.965987,39.380434],[22.966045,39.380442],[22.966101,39.380446],[22.966188,39.380446],[22.966264,39.38045],[22.966381,39.38046],[22.966441,39.380469],[22.966492,39.380478],[22.966684,39.380526],[22.967344,39.380693],[22.967445,39.380723],[22.967532,39.380743],[22.967532,39.380743],[22.968197,39.380898],[22.969064,39.381144],[22.969064,39.381144],[22.969286,39.380989],[22.969582,39.380824],[22.969922,39.380672],[22.96998,39.380656],[22.970022,39.380655],[22.970055,39.38066],[22.970087,39.380672],[22.970123,39.380692],[22.970149,39.380718],[22.970247,39.380864],[22.970261,39.380879],[22.97029,39.380899],[22.970313,39.380911],[22.970349,39.38092],[22.97038,39.380925],[22.970421,39.380929],[22.97048,39.380929],[22.970725,39.380924],[22.970811,39.38093],[22.970869,39.380944],[22.970916,39.380964],[22.970958,39.380985],[22.971004,39.381013],[22.971043,39.38104],[22.971085,39.381077],[22.971123,39.381116],[22.971208,39.38121],[22.971239,39.381242],[22.971278,39.381277],[22.971326,39.381313],[22.971378,39.381347],[22.971432,39.381374],[22.971471,39.381391],[22.971504,39.381403],[22.971537,39.38141],[22.97157,39.381414],[22.971603,39.381416],[22.971634,39.381416],[22.971663,39.381412],[22.97168,39.381408],[22.971696,39.381401],[22.971722,39.381388],[22.971742,39.381371],[22.971766,39.381344],[22.971802,39.381297],[22.971869,39.381207],[22.972057,39.380956],[22.972057,39.380956],[22.972081,39.380924],[22.972105,39.380887],[22.972269,39.380646],[22.972399,39.380432],[22.972486,39.380283],[22.972556,39.380141],[22.972607,39.379949],[22.972695,39.379551],[22.972747,39.379401],[22.97279,39.379346],[22.972851,39.379286],[22.972923,39.379226],[22.973032,39.379163],[22.973191,39.379096],[22.973268,39.379088],[22.973344,39.379089],[22.97347,39.37912],[22.973619,39.379165],[22.973861,39.37923],[22.974111,39.37929],[22.974229,39.379332],[22.974249,39.379343],[22.974249,39.379343],[22.974284,39.379363],[22.974338,39.379403],[22.974361,39.37943],[22.974373,39.379466],[22.97437,39.37951],[22.974358,39.379536],[22.974339,39.379557],[22.974058,39.379507],[22.973756,39.379291],[22.973155,39.379365],[22.972983,39.379635],[22.973176,39.38045],[22.973037,39.381222],[22.973643,39.381492],[22.97401,39.38171],[22.974151,39.381603],[22.973696,39.381359],[22.973382,39.381104],[22.97358,39.380289],[22.97385,39.380221],[22.974661,39.38051],[22.974905,39.380597],[22.975178,39.381005],[22.975454,39.380986],[22.975708,39.3808],[22.975761,39.380767],[22.975835,39.380727],[22.975988,39.380657],[22.976068,39.380618],[22.976101,39.380595],[22.976131,39.380568],[22.976149,39.380546],[22.976277,39.38034],[22.97632,39.380276],[22.976374,39.380202],[22.976425,39.380162],[22.976499,39.380126],[22.976643,39.380066],[22.977024,39.379917],[22.977247,39.379801],[22.977391,39.379714],[22.977463,39.379685],[22.977527,39.379672],[22.977601,39.379671],[22.977662,39.379681],[22.977726,39.379704],[22.977869,39.379781],[22.977921,39.379805],[22.977975,39.379817],[22.978041,39.379818],[22.978091,39.379801],[22.978131,39.37977],[22.978153,39.379736],[22.978159,39.379705],[22.978156,39.379664],[22.978151,39.379629],[22.978132,39.379576],[22.978089,39.379489],[22.977984,39.379268],[22.977954,39.37919],[22.977943,39.379145],[22.97794,39.379096],[22.977948,39.379055],[22.977969,39.379026],[22.977992,39.379001],[22.978032,39.378977],[22.978053,39.378968],[22.978053,39.378968],[22.978105,39.378944],[22.978163,39.378926],[22.978231,39.378904],[22.978407,39.378864],[22.978606,39.378831],[22.978821,39.378799],[22.97896,39.378795],[22.979099,39.378805],[22.979217,39.378826],[22.979423,39.378871],[22.980124,39.379006],[22.980282,39.379031],[22.980373,39.379043],[22.98044,39.379042],[22.980505,39.379037],[22.980556,39.379017],[22.980585,39.378988],[22.980601,39.378947],[22.980603,39.378914],[22.980593,39.378876],[22.980577,39.378785],[22.980491,39.37864],[22.980466,39.378562],[22.980469,39.378506],[22.980484,39.378465],[22.980518,39.378416],[22.980561,39.378378],[22.980616,39.378345],[22.98068,39.378314],[22.981016,39.378186],[22.981091,39.378152],[22.981157,39.378121],[22.981185,39.378096],[22.981206,39.378066],[22.981222,39.378006],[22.981203,39.377941],[22.981146,39.377884],[22.981113,39.377855],[22.981017,39.377789],[22.980879,39.377713],[22.980747,39.377626],[22.980686,39.377568],[22.980649,39.377512],[22.980624,39.377451],[22.980615,39.377394],[22.980619,39.377335],[22.980687,39.37703],[22.980744,39.37691],[22.980786,39.376849],[22.980853,39.376783],[22.980918,39.376739],[22.981003,39.376697],[22.98116,39.376626],[22.98123,39.37661],[22.981332,39.376603],[22.981409,39.376611],[22.98154,39.376641],[22.98154,39.376641],[22.981745,39.376735],[22.981876,39.376803],[22.982104,39.376916],[22.982347,39.377025],[22.982488,39.377128],[22.982664,39.37725],[22.982823,39.377344],[22.982914,39.377388],[22.982994,39.377399],[22.983091,39.377366],[22.983145,39.3773],[22.983102,39.37721],[22.983035,39.377096],[22.982995,39.377027],[22.982968,39.376948],[22.982947,39.376881],[22.982925,39.37678],[22.982894,39.376694],[22.982853,39.37658],[22.982802,39.37646],[22.982754,39.37637],[22.982734,39.376289],[22.98278,39.376248],[22.982809,39.376219],[22.9829,39.376195],[22.982985,39.376222],[22.983041,39.376314],[22.983032,39.37639],[22.983036,39.376475],[22.983044,39.37657],[22.983049,39.376686],[22.98307,39.376785],[22.983113,39.376892],[22.98317,39.377022],[22.983228,39.377095],[22.983289,39.377166],[22.983357,39.377249],[22.98344,39.377349],[22.98352,39.377434],[22.983538,39.377544],[22.98348,39.377596],[22.983397,39.377634],[22.983289,39.377636],[22.983198,39.377608],[22.983057,39.37757],[22.982938,39.377536],[22.982763,39.377482],[22.982596,39.377426],[22.982412,39.377363],[22.982302,39.377362],[22.982238,39.377374],[22.98217,39.377396],[22.982128,39.377447],[22.982099,39.377515],[22.982111,39.377593],[22.982181,39.377731],[22.982273,39.377862],[22.982351,39.377985],[22.982409,39.378093],[22.982442,39.378188],[22.982428,39.378262],[22.982391,39.37834],[22.982352,39.378398],[22.982305,39.378461],[22.982162,39.378645],[22.982112,39.37872],[22.98208,39.378784],[22.982064,39.378866],[22.982063,39.378904],[22.982073,39.378946],[22.982089,39.378986],[22.982123,39.379053],[22.982184,39.379216],[22.982209,39.379301],[22.982226,39.379364],[22.982235,39.379434],[22.982242,39.379504],[22.982241,39.37958],[22.982233,39.379632],[22.982217,39.379702],[22.982188,39.379817],[22.982182,39.37991],[22.982175,39.379993],[22.982184,39.380103],[22.982187,39.38018],[22.982192,39.380262],[22.982197,39.380332],[22.982179,39.380391],[22.982141,39.38046],[22.98209,39.380522],[22.982059,39.38055],[22.98203,39.380572],[22.981994,39.380595],[22.981953,39.380617],[22.981883,39.380645],[22.981779,39.380669],[22.981508,39.380707],[22.981231,39.38075],[22.98118,39.380762],[22.981125,39.38078],[22.981068,39.380811],[22.981025,39.380849],[22.981,39.38088],[22.980973,39.380928],[22.980904,39.381069],[22.980775,39.381357],[22.980744,39.381464],[22.980744,39.381559],[22.980759,39.381632],[22.98077,39.381655],[22.98077,39.381655],[22.980787,39.381691],[22.980864,39.381776],[22.980952,39.381843],[22.981074,39.381919],[22.981191,39.381983],[22.981799,39.38227],[22.982067,39.382379],[22.982164,39.382409],[22.982283,39.382442],[22.982445,39.382479],[22.982735,39.382521],[22.982902,39.38254],[22.983002,39.382556],[22.983065,39.382577],[22.983097,39.382597],[22.983118,39.382621],[22.983136,39.382667],[22.983128,39.382726],[22.983095,39.382786],[22.983,39.382921],[22.982871,39.383094],[22.982622,39.383499],[22.982605,39.383535],[22.982605,39.383535],[22.982594,39.383559],[22.982582,39.383618],[22.982584,39.383653],[22.982595,39.38368],[22.982617,39.383716],[22.98265,39.383748],[22.982688,39.383775],[22.982748,39.383801],[22.982783,39.383805],[22.982826,39.383798],[22.982871,39.383785],[22.982908,39.383759],[22.982937,39.383719],[22.982956,39.383644],[22.982983,39.38351],[22.983003,39.383397],[22.98309,39.383186],[22.983268,39.382892],[22.983338,39.382789],[22.983428,39.382719],[22.983539,39.382683],[22.983963,39.382616],[22.984023,39.382601],[22.984072,39.382584],[22.984109,39.382553],[22.984135,39.382518],[22.984148,39.382467],[22.984127,39.382406],[22.984105,39.38238],[22.984065,39.382359],[22.984019,39.382345],[22.983934,39.38233],[22.983785,39.382307],[22.983598,39.382254],[22.983378,39.382187],[22.98284,39.382034],[22.98273,39.381997],[22.982648,39.381966],[22.982602,39.381939],[22.982556,39.381895],[22.982531,39.38185],[22.982513,39.381792],[22.982519,39.38175],[22.982535,39.381701],[22.982588,39.381637],[22.982637,39.381596],[22.982778,39.381506],[22.983456,39.381095],[22.98388,39.380847],[22.984083,39.380742],[22.984319,39.380607],[22.984405,39.380559],[22.984494,39.380517],[22.984571,39.380487],[22.984647,39.380455],[22.984713,39.380439],[22.984713,39.380439],[22.984766,39.380426],[22.98497,39.380389],[22.985057,39.38037],[22.985118,39.38036],[22.985189,39.380339],[22.985248,39.380314],[22.985278,39.380303],[22.985305,39.38028],[22.985331,39.380249],[22.98535,39.380216],[22.985416,39.380079],[22.98545,39.379928],[22.985499,39.37972],[22.98552,39.379634],[22.985543,39.379568],[22.985597,39.379462],[22.985627,39.379418],[22.985657,39.379387],[22.985705,39.379346],[22.985788,39.379277],[22.985839,39.379238],[22.985956,39.379155],[22.986114,39.379056],[22.986195,39.37899],[22.986251,39.378925],[22.986327,39.378811],[22.986388,39.378665],[22.986422,39.378511],[22.986465,39.378413],[22.986528,39.378335],[22.986563,39.378305],[22.986604,39.378268],[22.986698,39.378204],[22.986884,39.378111],[22.987018,39.378049],[22.987123,39.377984],[22.987179,39.377919],[22.987241,39.377815],[22.987302,39.377744],[22.987367,39.377709],[22.987423,39.377701],[22.987445,39.377702],[22.987507,39.377717],[22.987561,39.377746],[22.9876,39.377806],[22.98761,39.377868],[22.987592,39.377916],[22.987522,39.378003],[22.987413,39.378078],[22.987413,39.378078],[22.987348,39.378123],[22.987147,39.37825],[22.98703,39.378327],[22.986943,39.378392],[22.986864,39.378481],[22.986805,39.378585],[22.986761,39.378705],[22.986738,39.378769],[22.98668,39.378905],[22.986649,39.378979],[22.986602,39.379081],[22.98657,39.37914],[22.986499,39.379253],[22.986401,39.379414],[22.986272,39.379622],[22.986232,39.379692],[22.986201,39.379767],[22.986192,39.379814],[22.986188,39.379895],[22.986191,39.379934],[22.986239,39.38019],[22.986257,39.380283],[22.986259,39.380311],[22.986258,39.380343],[22.986249,39.380396],[22.986244,39.38042],[22.98623,39.380458],[22.986218,39.380483],[22.986185,39.380534],[22.986091,39.380668],[22.985956,39.380837],[22.985764,39.381052],[22.985665,39.381165],[22.985648,39.381189],[22.985634,39.381211],[22.985625,39.381228],[22.985619,39.381246],[22.985616,39.381266],[22.985618,39.381294],[22.985624,39.381311],[22.985634,39.381333],[22.985647,39.381354],[22.985663,39.381371],[22.985687,39.381389],[22.985713,39.381402],[22.985735,39.381409],[22.98576,39.381415],[22.985789,39.38142],[22.985823,39.381421],[22.985856,39.381418],[22.985879,39.381413],[22.985908,39.381402],[22.985939,39.381381],[22.985959,39.381364],[22.985977,39.38134],[22.986015,39.381277],[22.986055,39.381203],[22.986122,39.381061],[22.986197,39.380906],[22.986246,39.380834],[22.986294,39.380772],[22.986356,39.380717],[22.986415,39.380676],[22.986464,39.380647],[22.986627,39.38057],[22.986768,39.380501],[22.986847,39.380459],[22.98689,39.380431],[22.986932,39.380393],[22.986964,39.380357],[22.986991,39.380323],[22.987028,39.380267],[22.987054,39.380208],[22.9871,39.380092],[22.98714,39.379986],[22.987178,39.37989],[22.987215,39.379787],[22.987249,39.379714],[22.987266,39.37969],[22.987284,39.379669],[22.987303,39.379653],[22.98733,39.379639],[22.987356,39.379629],[22.987393,39.379622],[22.987422,39.37962],[22.987456,39.379622],[22.987492,39.379628],[22.987535,39.37964],[22.987571,39.379656],[22.987602,39.379676],[22.987623,39.379691],[22.987646,39.379715],[22.98766,39.379739],[22.987669,39.379764],[22.987673,39.37979],[22.987675,39.379826],[22.987673,39.379854],[22.987665,39.379886],[22.987647,39.379926],[22.987626,39.379953],[22.987626,39.379953],[22.987548,39.380032],[22.98747,39.380119],[22.987155,39.380453],[22.986839,39.380801],[22.986771,39.380879],[22.986728,39.38095],[22.986694,39.381016],[22.986673,39.381083],[22.986679,39.381165],[22.986704,39.381225],[22.986758,39.381284],[22.986818,39.381329],[22.986883,39.381359],[22.987009,39.381383],[22.987227,39.381385],[22.987482,39.381394],[22.987596,39.381411],[22.987716,39.381434],[22.987843,39.381466],[22.987948,39.381495],[22.988048,39.38153],[22.988127,39.381565],[22.988201,39.381607],[22.988248,39.38164],[22.988299,39.381691],[22.98842,39.38181],[22.988574,39.381949],[22.988731,39.382082],[22.98883,39.382153],[22.988982,39.382237],[22.989168,39.382327],[22.989356,39.382403],[22.989471,39.382442],[22.989672,39.382482],[22.989838,39.382506],[22.989974,39.382525],[22.990134,39.382552],[22.990231,39.382584],[22.990308,39.382632],[22.990382,39.382682],[22.990451,39.382759],[22.990508,39.382838],[22.990607,39.382994],[22.990632,39.383032],[22.990673,39.383073],[22.990695,39.383091],[22.990745,39.383121],[22.99079,39.383144],[22.990884,39.383179],[22.990946,39.383198],[22.991085,39.383225],[22.991141,39.383231],[22.991181,39.383228],[22.99121,39.383224],[22.991231,39.383218],[22.991251,39.383208],[22.991266,39.383199],[22.99128,39.383186],[22.991289,39.383174],[22.991295,39.38316],[22.991302,39.383137],[22.991302,39.383122],[22.991301,39.383105],[22.991296,39.383081],[22.99129,39.383064],[22.99128,39.38305],[22.991264,39.383035],[22.991228,39.383015],[22.991197,39.383],[22.991079,39.382963],[22.990995,39.382923],[22.990952,39.382898],[22.99087,39.382832],[22.990794,39.382774],[22.990738,39.382713],[22.990623,39.382584],[22.990486,39.382398],[22.990424,39.382326],[22.990359,39.382267],[22.990218,39.382188],[22.990065,39.382124],[22.98984,39.382046],[22.989698,39.381982],[22.989646,39.381937],[22.989621,39.381893],[22.989615,39.381848],[22.989636,39.381795],[22.989682,39.381761],[22.989743,39.381748],[22.989828,39.381755],[22.989853,39.381763],[22.989853,39.381763],[22.989922,39.381785],[22.990022,39.381816],[22.990178,39.381891],[22.990279,39.381922],[22.990387,39.381947],[22.990503,39.381961],[22.990635,39.381996],[22.990747,39.382037],[22.99084,39.382078],[22.991004,39.382156],[22.991557,39.382452],[22.991802,39.382589],[22.992098,39.382764],[22.992201,39.382816],[22.992263,39.382846],[22.992335,39.382876],[22.992389,39.382894],[22.99244,39.382907],[22.992506,39.38292],[22.992557,39.382927],[22.992602,39.382931],[22.992682,39.382932],[22.992866,39.382932],[22.992866,39.382932],[22.992934,39.382932],[22.992981,39.382877],[22.993037,39.382832],[22.993617,39.382507],[22.993864,39.382343],[22.994106,39.382168],[22.994414,39.381995],[22.994779,39.381832],[22.995242,39.381602],[22.995529,39.381505],[22.995608,39.381477],[22.995884,39.381381],[22.995972,39.381372],[22.996049,39.381367],[22.996174,39.381375],[22.996351,39.381385],[22.996488,39.381389],[22.996643,39.381403],[22.996826,39.381437],[22.996995,39.381484],[22.997118,39.38157],[22.997192,39.381634],[22.997288,39.381708],[22.997338,39.38175],[22.997486,39.381841],[22.997596,39.381903],[22.997624,39.38192],[22.997628,39.381923],[22.997666,39.381957],[22.997701,39.382017],[22.997681,39.382076],[22.997651,39.382092],[22.997624,39.382102],[22.997597,39.382108],[22.997573,39.382109],[22.997551,39.382106],[22.997516,39.382095],[22.997476,39.382077],[22.997404,39.382033],[22.997342,39.381994],[22.997284,39.381963],[22.997223,39.381934],[22.997178,39.381916],[22.997136,39.381903],[22.997093,39.381895],[22.997056,39.381895],[22.997021,39.381902],[22.996985,39.381915],[22.996956,39.381931],[22.996927,39.381959],[22.996913,39.381978],[22.9969,39.382005],[22.996894,39.382042],[22.996895,39.38208],[22.996902,39.382117],[22.996913,39.382144],[22.99694,39.382206],[22.996954,39.382241],[22.99696,39.38227],[22.996967,39.382327],[22.996974,39.382396],[22.99698,39.382544],[22.996981,39.382581],[22.996898,39.382762],[22.996871,39.382814],[22.996848,39.382876],[22.996816,39.382948],[22.996802,39.383009],[22.996799,39.383058],[22.996804,39.383105],[22.996815,39.383178],[22.996827,39.383251],[22.996832,39.383285],[22.996835,39.383398],[22.996846,39.383497],[22.99686,39.383532],[22.996878,39.383576],[22.996918,39.383631],[22.996981,39.383696],[22.997102,39.383794],[22.997202,39.383867],[22.997263,39.383922],[22.997373,39.384015],[22.99742,39.384043],[22.997457,39.384054],[22.997508,39.384054],[22.997557,39.384039],[22.997617,39.38399],[22.99775,39.383889],[22.997868,39.383825],[22.99799,39.383796],[22.99819,39.383771],[22.998256,39.383755]]},"properties":{"line":"4","dir":"Τέρμα Κατηχώρη","mode":"bus"}},{"type":"Feature","geometry":{"type":"LineString","coordinates":[[22.969122,39.381169],[22.969108,39.381162],[22.969064,39.381144],[22.969286,39.380989],[22.969582,39.380824],[22.969922,39.380672],[22.96998,39.380656],[22.970022,39.380655],[22.970055,39.38066],[22.970087,39.380672],[22.970123,39.380692],[22.970149,39.380718],[22.970247,39.380864],[22.970261,39.380879],[22.97029,39.380899],[22.970313,39.380911],[22.970349,39.38092],[22.97038,39.380925],[22.970421,39.380929],[22.97048,39.380929],[22.970725,39.380924],[22.970811,39.38093],[22.970869,39.380944],[22.970916,39.380964],[22.970958,39.380985],[22.971004,39.381013],[22.971043,39.38104],[22.971085,39.381077],[22.971123,39.381116],[22.971208,39.38121],[22.971239,39.381242],[22.971278,39.381277],[22.971326,39.381313],[22.971378,39.381347],[22.971432,39.381374],[22.971471,39.381391],[22.971504,39.381403],[22.971537,39.38141],[22.97157,39.381414],[22.971603,39.381416],[22.971634,39.381416],[22.971663,39.381412],[22.97168,39.381408],[22.971696,39.381401],[22.971722,39.381388],[22.971742,39.381371],[22.971766,39.381344],[22.971802,39.381297],[22.971869,39.381207],[22.972057,39.380956],[22.972057,39.380956],[22.972081,39.380924],[22.972105,39.380887],[22.972269,39.380646],[22.972399,39.380432],[22.972486,39.380283],[22.972556,39.380141],[22.972607,39.379949],[22.972695,39.379551],[22.972747,39.379401],[22.97279,39.379346],[22.972851,39.379286],[22.972923,39.379226],[22.973032,39.379163],[22.973191,39.379096],[22.973268,39.379088],[22.973344,39.379089],[22.97347,39.37912],[22.973619,39.379165],[22.973861,39.37923],[22.974111,39.37929],[22.974229,39.379332],[22.974249,39.379343],[22.974249,39.379343],[22.974284,39.379363],[22.974338,39.379403],[22.974361,39.37943],[22.974373,39.379466],[22.97437,39.37951],[22.974358,39.379536],[22.974339,39.379557],[22.974233,39.379584],[22.974117,39.379552],[22.974013,39.379439],[22.973844,39.379343],[22.973555,39.379314],[22.973374,39.379326],[22.973129,39.379367],[22.973025,39.379499],[22.973039,39.379731],[22.973114,39.380067],[22.973113,39.380402],[22.973056,39.380819],[22.973053,39.381202],[22.973097,39.381295],[22.973441,39.381424],[22.973725,39.381536],[22.973804,39.381607],[22.973925,39.381678],[22.974035,39.381655],[22.974103,39.381581],[22.97408,39.381535],[22.974014,39.381489],[22.973482,39.381281],[22.973377,39.38102],[22.973372,39.380879],[22.973442,39.380704],[22.97355,39.380321],[22.973638,39.380258],[22.973792,39.380219],[22.973967,39.380267],[22.974315,39.380431],[22.974574,39.380475],[22.974845,39.380561],[22.974938,39.380646],[22.974977,39.380748],[22.975077,39.380917],[22.975205,39.380985],[22.975302,39.380999],[22.975425,39.381],[22.975542,39.380931],[22.975675,39.380825],[22.975708,39.3808],[22.975761,39.380767],[22.975835,39.380727],[22.975988,39.380657],[22.976068,39.380618],[22.976101,39.380595],[22.976131,39.380568],[22.976149,39.380546],[22.976277,39.38034],[22.97632,39.380276],[22.976374,39.380202],[22.976425,39.380162],[22.976499,39.380126],[22.976643,39.380066],[22.977024,39.379917],[22.977247,39.379801],[22.977375,39.379747],[22.977458,39.379726],[22.977522,39.379697],[22.97758,39.379712],[22.977651,39.379731],[22.97771,39.379754],[22.977792,39.379805],[22.977858,39.379851],[22.977926,39.379871],[22.977996,39.379887],[22.978036,39.379868],[22.97809,39.379851],[22.97815,39.379826],[22.978185,39.379774],[22.978169,39.379736],[22.978159,39.379705],[22.978156,39.379664],[22.978151,39.379629],[22.978132,39.379576],[22.978089,39.379489],[22.977984,39.379268],[22.977954,39.37919],[22.977943,39.379145],[22.97794,39.379096],[22.977948,39.379055],[22.977969,39.379026],[22.977992,39.379001],[22.978032,39.378977],[22.978053,39.378968],[22.978053,39.378968],[22.978105,39.378944],[22.978163,39.378926],[22.978231,39.378904],[22.978407,39.378864],[22.978606,39.378831],[22.978821,39.378799],[22.97896,39.378795],[22.979099,39.378805],[22.979217,39.378826],[22.979423,39.378871],[22.979704,39.378939],[22.979892,39.378985],[22.980124,39.379023],[22.980277,39.37906],[22.980368,39.379068],[22.980461,39.379071],[22.980559,39.37907],[22.980626,39.379025],[22.980628,39.378988],[22.980622,39.378947],[22.980603,39.37891],[22.980593,39.378851],[22.980577,39.378785],[22.980491,39.37864],[22.980466,39.378562],[22.980469,39.378506],[22.980484,39.378465],[22.980518,39.378416],[22.980561,39.378378],[22.980616,39.378345],[22.98068,39.378314],[22.980912,39.37825],[22.981048,39.378207],[22.981209,39.378173],[22.981221,39.378142],[22.981239,39.378104],[22.981233,39.378062],[22.981222,39.378006],[22.981203,39.377941],[22.981146,39.377884],[22.981113,39.377855],[22.981017,39.377789],[22.980879,39.377713],[22.980747,39.377626],[22.980686,39.377568],[22.980649,39.377512],[22.980624,39.377451],[22.980615,39.377394],[22.980619,39.377335],[22.980642,39.377195],[22.980687,39.37703],[22.980744,39.37691],[22.980786,39.376849],[22.980853,39.376783],[22.980918,39.376739],[22.981003,39.376697],[22.98116,39.376626],[22.98123,39.37661],[22.981332,39.376603],[22.981409,39.376611],[22.98154,39.376641],[22.981642,39.376687],[22.981747,39.376736],[22.981875,39.376798],[22.981981,39.376858],[22.982088,39.37691],[22.982218,39.376969],[22.982374,39.377061],[22.982549,39.377165],[22.982674,39.377246],[22.982785,39.377332],[22.982901,39.377385],[22.983028,39.377394],[22.983107,39.37734],[22.983125,39.377238],[22.983069,39.377145],[22.983008,39.377052],[22.982933,39.376947],[22.982907,39.376821],[22.982875,39.376683],[22.982827,39.376576],[22.982792,39.376502],[22.982725,39.376395],[22.982713,39.376304],[22.982787,39.376214],[22.982919,39.376194],[22.983029,39.376264],[22.983037,39.376429],[22.98304,39.376544],[22.983059,39.376746],[22.983089,39.37686],[22.983131,39.376954],[22.983221,39.377094],[22.983284,39.377181],[22.983355,39.377272],[22.983448,39.377384],[22.98351,39.377463],[22.98354,39.377559],[22.983492,39.377616],[22.98338,39.377632],[22.983192,39.37761],[22.983014,39.377564],[22.982841,39.377506],[22.982725,39.377468],[22.982623,39.377428],[22.982519,39.3774],[22.982451,39.377386],[22.982329,39.377381],[22.982203,39.377431],[22.982147,39.377511],[22.982111,39.377593],[22.982181,39.377731],[22.982273,39.377862],[22.982351,39.377985],[22.982409,39.378093],[22.982442,39.378188],[22.982428,39.378262],[22.982391,39.37834],[22.982352,39.378398],[22.982305,39.378461],[22.982162,39.378645],[22.982112,39.37872],[22.98208,39.378784],[22.982064,39.378866],[22.982063,39.378904],[22.982073,39.378946],[22.982089,39.378986],[22.982123,39.379053],[22.982184,39.379216],[22.982209,39.379301],[22.982226,39.379364],[22.982235,39.379434],[22.982242,39.379504],[22.982241,39.37958],[22.982233,39.379632],[22.982217,39.379702],[22.982188,39.379817],[22.982182,39.37991],[22.982175,39.379993],[22.982184,39.380103],[22.982187,39.38018],[22.982192,39.380262],[22.982197,39.380332],[22.982179,39.380391],[22.982141,39.38046],[22.98209,39.380522],[22.982059,39.38055],[22.98203,39.380572],[22.981994,39.380595],[22.981953,39.380617],[22.981883,39.380645],[22.981779,39.380669],[22.981508,39.380707],[22.981231,39.38075],[22.98118,39.380762],[22.981125,39.38078],[22.981068,39.380811],[22.981025,39.380849],[22.981,39.38088],[22.980973,39.380928],[22.980904,39.381069],[22.980775,39.381357],[22.980744,39.381464],[22.980744,39.381559],[22.980759,39.381632],[22.98077,39.381655],[22.98077,39.381655],[22.980787,39.381691],[22.980864,39.381776],[22.980952,39.381843],[22.981074,39.381919],[22.981191,39.381983],[22.981799,39.38227],[22.982067,39.382379],[22.982164,39.382409],[22.982283,39.382442],[22.982445,39.382479],[22.982735,39.382521],[22.982902,39.38254],[22.983002,39.382556],[22.983065,39.382577],[22.983097,39.382597],[22.983118,39.382621],[22.983136,39.382667],[22.983128,39.382726],[22.983095,39.382786],[22.983,39.382921],[22.982871,39.383094],[22.982622,39.383499],[22.982605,39.383535],[22.982605,39.383535],[22.982594,39.383559],[22.982582,39.383618],[22.982584,39.383653],[22.982595,39.38368],[22.982617,39.383716],[22.98265,39.383748],[22.982688,39.383775],[22.982748,39.383801],[22.982783,39.383805],[22.982826,39.383798],[22.982871,39.383785],[22.982908,39.383759],[22.982937,39.383719],[22.982956,39.383644],[22.982983,39.38351],[22.983003,39.383397],[22.98309,39.383186],[22.983268,39.382892],[22.983338,39.382789],[22.983428,39.382719],[22.983539,39.382683],[22.983963,39.382616],[22.984023,39.382601],[22.984072,39.382584],[22.984109,39.382553],[22.984135,39.382518],[22.984148,39.382467],[22.984127,39.382406],[22.984105,39.38238],[22.984065,39.382359],[22.984019,39.382345],[22.983934,39.38233],[22.983785,39.382307],[22.983598,39.382254],[22.983378,39.382187],[22.98284,39.382034],[22.98273,39.381997],[22.982648,39.381966],[22.982602,39.381939],[22.982556,39.381895],[22.982531,39.38185],[22.982513,39.381792],[22.982519,39.38175],[22.982535,39.381701],[22.982588,39.381637],[22.982637,39.381596],[22.982778,39.381506],[22.983456,39.381095],[22.98388,39.380847],[22.984083,39.380742],[22.984319,39.380607],[22.984405,39.380559],[22.984494,39.380517],[22.984571,39.380487],[22.984647,39.380455],[22.984713,39.380439],[22.984713,39.380439],[22.984766,39.380426],[22.98497,39.380389],[22.985057,39.38037],[22.985118,39.38036],[22.985189,39.380339],[22.985248,39.380314],[22.985278,39.380303],[22.985305,39.38028],[22.985331,39.380249],[22.98535,39.380216],[22.985416,39.380079],[22.98545,39.379928],[22.985499,39.37972],[22.98552,39.379634],[22.985543,39.379568],[22.985597,39.379462],[22.985627,39.379418],[22.985657,39.379387],[22.985705,39.379346],[22.985788,39.379277],[22.985839,39.379238],[22.985956,39.379155],[22.986114,39.379056],[22.986195,39.37899],[22.986251,39.378925],[22.986327,39.378811],[22.986388,39.378665],[22.986422,39.378511],[22.986465,39.378413],[22.986528,39.378335],[22.986563,39.378305],[22.986604,39.378268],[22.986698,39.378204],[22.986884,39.378111],[22.987018,39.378049],[22.987123,39.377984],[22.987179,39.377919],[22.987241,39.377815],[22.987302,39.377744],[22.987367,39.377709],[22.987423,39.377701],[22.987445,39.377702],[22.987507,39.377717],[22.987561,39.377746],[22.9876,39.377806],[22.98761,39.377868],[22.987592,39.377916],[22.987522,39.378003],[22.987413,39.378078],[22.987413,39.378078],[22.987348,39.378123],[22.987147,39.37825],[22.98703,39.378327],[22.986943,39.378392],[22.986864,39.378481],[22.986805,39.378585],[22.986761,39.378705],[22.986738,39.378769],[22.98668,39.378905],[22.986649,39.378979],[22.986602,39.379081],[22.98657,39.37914],[22.986499,39.379253],[22.986401,39.379414],[22.986272,39.379622],[22.986232,39.379692],[22.986201,39.379767],[22.986192,39.379814],[22.986188,39.379895],[22.986191,39.379934],[22.986239,39.38019],[22.986257,39.380283],[22.986259,39.380311],[22.986258,39.380343],[22.986249,39.380396],[22.986244,39.38042],[22.98623,39.380458],[22.986218,39.380483],[22.986185,39.380534],[22.986091,39.380668],[22.985956,39.380837],[22.985764,39.381052],[22.985665,39.381165],[22.985648,39.381189],[22.985634,39.381211],[22.985625,39.381228],[22.985619,39.381246],[22.985616,39.381266],[22.985618,39.381294],[22.985624,39.381311],[22.985634,39.381333],[22.985647,39.381354],[22.985663,39.381371],[22.985687,39.381389],[22.985713,39.381402],[22.985735,39.381409],[22.98576,39.381415],[22.985789,39.38142],[22.985823,39.381421],[22.985856,39.381418],[22.985879,39.381413],[22.985908,39.381402],[22.985939,39.381381],[22.985959,39.381364],[22.985977,39.38134],[22.986015,39.381277],[22.986055,39.381203],[22.986122,39.381061],[22.986197,39.380906],[22.986246,39.380834],[22.986294,39.380772],[22.986356,39.380717],[22.986415,39.380676],[22.986464,39.380647],[22.986627,39.38057],[22.986768,39.380501],[22.986847,39.380459],[22.98689,39.380431],[22.986932,39.380393],[22.986964,39.380357],[22.986991,39.380323],[22.987028,39.380267],[22.987054,39.380208],[22.9871,39.380092],[22.98714,39.379986],[22.987178,39.37989],[22.987215,39.379787],[22.987249,39.379714],[22.987266,39.37969],[22.987284,39.379669],[22.987303,39.379653],[22.98733,39.379639],[22.987356,39.379629],[22.987393,39.379622],[22.987422,39.37962],[22.987456,39.379622],[22.987492,39.379628],[22.987535,39.37964],[22.987571,39.379656],[22.987602,39.379676],[22.987623,39.379691],[22.987646,39.379715],[22.98766,39.379739],[22.987669,39.379764],[22.987673,39.37979],[22.987675,39.379826],[22.987673,39.379854],[22.987665,39.379886],[22.987647,39.379926],[22.987626,39.379953],[22.987626,39.379953],[22.987548,39.380032],[22.98747,39.380119],[22.987155,39.380453],[22.986839,39.380801],[22.986771,39.380879],[22.986728,39.38095],[22.986694,39.381016],[22.986673,39.381083],[22.986679,39.381165],[22.986704,39.381225],[22.986758,39.381284],[22.986818,39.381329],[22.986883,39.381359],[22.987009,39.381383],[22.987227,39.381385],[22.987482,39.381394],[22.987596,39.381411],[22.987716,39.381434],[22.987843,39.381466],[22.987948,39.381495],[22.988048,39.38153],[22.988127,39.381565],[22.988201,39.381607],[22.988248,39.38164],[22.988299,39.381691],[22.98842,39.38181],[22.988574,39.381949],[22.988731,39.382082],[22.98883,39.382153],[22.988982,39.382237],[22.989168,39.382327],[22.989356,39.382403],[22.989471,39.382442],[22.989672,39.382482],[22.989838,39.382506],[22.989974,39.382525],[22.990134,39.382552],[22.990231,39.382584],[22.990308,39.382632],[22.990382,39.382682],[22.990451,39.382759],[22.990508,39.382838],[22.990607,39.382994],[22.990632,39.383032],[22.990673,39.383073],[22.990695,39.383091],[22.990745,39.383121],[22.99079,39.383144],[22.990884,39.383179],[22.990946,39.383198],[22.991085,39.383225],[22.991141,39.383231],[22.991181,39.383228],[22.99121,39.383224],[22.991231,39.383218],[22.991251,39.383208],[22.991266,39.383199],[22.99128,39.383186],[22.991289,39.383174],[22.991295,39.38316],[22.991302,39.383137],[22.991302,39.383122],[22.991301,39.383105],[22.991296,39.383081],[22.99129,39.383064],[22.99128,39.38305],[22.991264,39.383035],[22.991228,39.383015],[22.991197,39.383],[22.991079,39.382963],[22.990995,39.382923],[22.990952,39.382898],[22.99087,39.382832],[22.990794,39.382774],[22.990738,39.382713],[22.990623,39.382584],[22.990486,39.382398],[22.990424,39.382326],[22.990359,39.382267],[22.990218,39.382188],[22.990065,39.382124],[22.98984,39.382046],[22.989698,39.381982],[22.989646,39.381937],[22.989621,39.381893],[22.989615,39.381848],[22.989636,39.381795],[22.989682,39.381761],[22.989743,39.381748],[22.989828,39.381755],[22.989853,39.381763],[22.989853,39.381763],[22.989922,39.381785],[22.990022,39.381816],[22.990178,39.381891],[22.990279,39.381922],[22.990387,39.381947],[22.990503,39.381961],[22.990635,39.381996],[22.990747,39.382037],[22.99084,39.382078],[22.991004,39.382156],[22.991557,39.382452],[22.991802,39.382589],[22.992098,39.382764],[22.992201,39.382816],[22.992263,39.382846],[22.992335,39.382876],[22.992389,39.382894],[22.99244,39.382907],[22.992506,39.38292],[22.992557,39.382927],[22.992602,39.382931],[22.992682,39.382932],[22.992866,39.382932],[22.992866,39.382932],[22.992934,39.382932],[22.992981,39.382877],[22.993037,39.382832],[22.993617,39.382507],[22.993864,39.382343],[22.994106,39.382168],[22.994414,39.381995],[22.994779,39.381832],[22.995242,39.381602],[22.995529,39.381505],[22.995608,39.381477],[22.995884,39.381381],[22.995972,39.381372],[22.996049,39.381367],[22.996174,39.381375],[22.996351,39.381385],[22.996488,39.381389],[22.996643,39.381403],[22.996826,39.381437],[22.996995,39.381484],[22.997118,39.38157],[22.997192,39.381634],[22.997288,39.381708],[22.997338,39.38175],[22.997486,39.381841],[22.997596,39.381903],[22.997624,39.38192],[22.997628,39.381923],[22.997666,39.381957],[22.997701,39.382017],[22.997681,39.382076],[22.997651,39.382092],[22.997624,39.382102],[22.997597,39.382108],[22.997573,39.382109],[22.997551,39.382106],[22.997516,39.382095],[22.997476,39.382077],[22.997404,39.382033],[22.997342,39.381994],[22.997284,39.381963],[22.997223,39.381934],[22.997178,39.381916],[22.997136,39.381903],[22.997093,39.381895],[22.997056,39.381895],[22.997021,39.381902],[22.996985,39.381915],[22.996956,39.381931],[22.996927,39.381959],[22.996913,39.381978],[22.9969,39.382005],[22.996894,39.382042],[22.996895,39.38208],[22.996902,39.382117],[22.996913,39.382144],[22.99694,39.382206],[22.996954,39.382241],[22.99696,39.38227],[22.996967,39.382327],[22.996974,39.382396],[22.99698,39.382544],[22.996981,39.382581],[22.996898,39.382762],[22.996871,39.382814],[22.996848,39.382876],[22.996816,39.382948],[22.996802,39.383009],[22.996799,39.383058],[22.996804,39.383105],[22.996815,39.383178],[22.996827,39.383251],[22.996832,39.383285],[22.996835,39.383398],[22.996846,39.383497],[22.99686,39.383532],[22.996878,39.383576],[22.996918,39.383631],[22.996981,39.383696],[22.997102,39.383794],[22.997202,39.383867],[22.997263,39.383922],[22.997373,39.384015],[22.99742,39.384043],[22.997457,39.384054],[22.997508,39.384054],[22.997557,39.384039],[22.997617,39.38399],[22.99775,39.383889],[22.997868,39.383825],[22.99799,39.383796],[22.99819,39.383771],[22.998256,39.383755]]},"properties":{"line":"4","dir":"Τέρμα Κατηχώρη","mode":"bus"}},{"type":"Feature","geometry":{"type":"LineString","coordinates":[[22.969122,39.381169],[22.969108,39.381162],[22.969064,39.381144],[22.968197,39.380898],[22.967621,39.380764],[22.967621,39.380764],[22.967445,39.380723],[22.967344,39.380693],[22.966684,39.380526],[22.966492,39.380478],[22.966441,39.380469],[22.966381,39.38046],[22.966264,39.38045],[22.966188,39.380446],[22.966101,39.380446],[22.966045,39.380442],[22.965987,39.380434],[22.965943,39.380425],[22.965902,39.380414],[22.965865,39.380402],[22.965803,39.380376],[22.965751,39.380349],[22.965697,39.38031],[22.964993,39.379726],[22.964772,39.379542],[22.964695,39.379476],[22.964695,39.379476],[22.964613,39.379405],[22.964083,39.37894],[22.963861,39.378741],[22.963283,39.378224],[22.963071,39.378046],[22.962904,39.377924],[22.962755,39.377814],[22.962624,39.377723],[22.962543,39.377666],[22.962395,39.377584],[22.962249,39.3775],[22.961846,39.377309],[22.961846,39.377309],[22.961795,39.377285],[22.961512,39.377153],[22.96088,39.376874],[22.960577,39.376729],[22.960417,39.376651],[22.960196,39.376533],[22.960125,39.376493],[22.96007,39.376459],[22.960012,39.376419],[22.959929,39.376353],[22.95985,39.376289],[22.95978,39.376228],[22.959641,39.376098],[22.959561,39.376011],[22.959561,39.376011],[22.959418,39.375857],[22.959311,39.375745],[22.958946,39.375345],[22.958651,39.375039],[22.958408,39.374791],[22.95839,39.374772],[22.958214,39.374599],[22.958203,39.374586],[22.958184,39.374565],[22.958122,39.374495],[22.958045,39.374409],[22.957981,39.374341],[22.957934,39.37429],[22.957869,39.374219],[22.957529,39.373856],[22.957305,39.373618],[22.957305,39.373618],[22.956819,39.3731],[22.956709,39.372984],[22.956321,39.372569],[22.956196,39.372437],[22.956054,39.372285],[22.955692,39.371899],[22.955569,39.371769],[22.955426,39.371616],[22.955285,39.371466],[22.95497,39.37113],[22.954905,39.371061],[22.954905,39.371061],[22.954685,39.370827],[22.954558,39.370691],[22.954183,39.370291],[22.953774,39.369856],[22.953378,39.369443],[22.953337,39.3694],[22.953337,39.3694],[22.953041,39.36909],[22.952983,39.369029],[22.952563,39.368576],[22.9522,39.368184],[22.951857,39.367822],[22.951857,39.367822],[22.951669,39.367623],[22.951224,39.367143],[22.950724,39.366608],[22.950666,39.366544],[22.950405,39.36627],[22.950405,39.36627],[22.950228,39.366085],[22.949791,39.365627],[22.949269,39.365081],[22.94925,39.365054],[22.949041,39.364836],[22.949041,39.364836],[22.948733,39.364516],[22.948108,39.363896],[22.947799,39.363582],[22.947506,39.363271],[22.947171,39.362864],[22.946566,39.362108],[22.946381,39.361878],[22.946313,39.361793],[22.946313,39.361793],[22.94619,39.361639],[22.945704,39.361032],[22.94544,39.36117],[22.945349,39.361217],[22.945213,39.361285],[22.944998,39.361393],[22.944967,39.361408],[22.944902,39.36144],[22.944845,39.361467],[22.944845,39.361467],[22.944831,39.361474],[22.944727,39.361522],[22.944474,39.361636],[22.94418,39.361768],[22.943968,39.361858],[22.943703,39.361971],[22.943516,39.36205],[22.943507,39.362054],[22.943338,39.362126],[22.943099,39.362222],[22.943042,39.362244],[22.943004,39.362256],[22.942955,39.362269],[22.942902,39.362279],[22.942854,39.362286],[22.942794,39.362293],[22.942714,39.362283],[22.942634,39.36228],[22.94253,39.36228],[22.942488,39.362281],[22.942463,39.362281],[22.942437,39.362282],[22.942408,39.362282],[22.942386,39.362283],[22.942357,39.362286],[22.942333,39.36229],[22.942311,39.362294],[22.942289,39.3623],[22.942274,39.362305],[22.942246,39.362316],[22.942219,39.362329],[22.942193,39.362345],[22.94218,39.362359],[22.942164,39.362372],[22.942147,39.362384],[22.942122,39.362397],[22.942095,39.362407],[22.942067,39.362414],[22.942037,39.362418],[22.942007,39.362418],[22.941977,39.362415],[22.941949,39.362408],[22.941921,39.362398],[22.941896,39.362386],[22.941874,39.36237],[22.941855,39.362353],[22.941799,39.362341],[22.941768,39.362334],[22.941738,39.362329],[22.9417,39.362322],[22.941671,39.362317],[22.94165,39.362314],[22.941613,39.362309],[22.941591,39.362307],[22.941555,39.362305],[22.941472,39.362305],[22.941393,39.362307],[22.941306,39.362308],[22.941114,39.362308],[22.940391,39.362307],[22.940258,39.362306],[22.939962,39.362306],[22.939962,39.362306],[22.938648,39.362303],[22.938618,39.362304],[22.938591,39.362306],[22.938559,39.362311],[22.938529,39.362318],[22.938467,39.362337],[22.938455,39.362351],[22.938443,39.362362],[22.938418,39.36238],[22.938396,39.362391],[22.938375,39.3624],[22.938328,39.362412],[22.938293,39.362415],[22.938257,39.362413],[22.938232,39.362409],[22.938206,39.362403],[22.938177,39.362391],[22.938147,39.362374],[22.938063,39.362358],[22.938014,39.362352],[22.937952,39.362348],[22.93787,39.362348],[22.937783,39.362359],[22.937667,39.362367],[22.937546,39.36237],[22.93738,39.362403],[22.93729,39.362416],[22.937164,39.362438],[22.936768,39.362517],[22.936719,39.362526],[22.936683,39.362531],[22.936643,39.362535],[22.936608,39.362537],[22.936533,39.362538],[22.936487,39.362538],[22.936447,39.362537],[22.936398,39.362535],[22.936357,39.362532],[22.936289,39.362526],[22.936223,39.362518],[22.936142,39.362506],[22.936112,39.3625],[22.936077,39.362492],[22.936045,39.362483],[22.93603,39.362478],[22.936005,39.36247],[22.935752,39.362383],[22.935365,39.362254],[22.935147,39.362183],[22.935082,39.362161],[22.934935,39.362112],[22.934935,39.362112],[22.934766,39.362057],[22.934565,39.362001],[22.934181,39.361874],[22.934131,39.361867],[22.93409,39.361862],[22.934051,39.361859],[22.934022,39.361858],[22.934008,39.361857],[22.933988,39.361857],[22.933963,39.361858],[22.933927,39.361861],[22.933886,39.361867],[22.933828,39.361878],[22.933782,39.361888],[22.93377,39.361901],[22.933754,39.361914],[22.933728,39.361929],[22.933698,39.361941],[22.933536,39.362014],[22.933482,39.362039],[22.933393,39.362082],[22.933371,39.362092],[22.933371,39.362092],[22.933282,39.362132],[22.93239,39.362514],[22.931814,39.36277],[22.931702,39.362819],[22.931355,39.362969],[22.931266,39.363007],[22.931265,39.363013],[22.931251,39.363041],[22.931225,39.363064],[22.931192,39.36308],[22.931154,39.363086],[22.931136,39.363085],[22.931115,39.363082],[22.931079,39.363069],[22.931051,39.363048],[22.931034,39.36302],[22.931029,39.36299],[22.931037,39.36296],[22.931057,39.362934],[22.931004,39.362856],[22.930518,39.362131],[22.93036,39.361901],[22.93036,39.361901],[22.929467,39.360599],[22.929421,39.360533],[22.929388,39.360488],[22.929292,39.360349],[22.929191,39.360209],[22.928969,39.359897],[22.928969,39.359897],[22.928842,39.359718],[22.9284,39.359062],[22.928132,39.358655],[22.927988,39.358458],[22.927577,39.357864],[22.927441,39.357666],[22.927441,39.357666],[22.927382,39.357581],[22.927092,39.357165],[22.926943,39.356935],[22.92688,39.356837],[22.926843,39.35678],[22.926774,39.356672]]},"properties":{"line":"4","dir":"Τορούτζα","mode":"bus"}},{"type":"Feature","geometry":{"type":"LineString","coordinates":[[22.97385,39.384681],[22.973759,39.384674],[22.973639,39.384674],[22.97351,39.384672],[22.97334,39.384671],[22.973169,39.384659],[22.973056,39.384645],[22.972908,39.38462],[22.972777,39.38459],[22.972683,39.384563],[22.972597,39.384534],[22.972506,39.38451],[22.972436,39.384488],[22.972376,39.384468],[22.972294,39.384443],[22.972224,39.384427],[22.972129,39.384414],[22.972025,39.384412],[22.971936,39.384416],[22.971877,39.384421],[22.971819,39.384428],[22.971765,39.384436],[22.971706,39.384448],[22.971664,39.384457],[22.971614,39.38447],[22.971548,39.38449],[22.971445,39.384528],[22.971384,39.384554],[22.971302,39.384596],[22.97119,39.384666],[22.971136,39.384705],[22.971093,39.384738],[22.971058,39.384771],[22.971037,39.384807],[22.971037,39.384807],[22.971011,39.38485],[22.970996,39.384856],[22.97098,39.384861],[22.970957,39.384863],[22.970931,39.384861],[22.970906,39.384854],[22.970889,39.384844],[22.970879,39.384836],[22.970867,39.384823],[22.970858,39.384804],[22.970849,39.384788],[22.970848,39.384758],[22.970853,39.384734],[22.970875,39.384663],[22.970897,39.384606],[22.970936,39.384536],[22.971015,39.384368],[22.971113,39.384176],[22.971171,39.384091],[22.971213,39.384032],[22.971263,39.383965],[22.971326,39.38386],[22.971349,39.383782],[22.971349,39.383782],[22.971381,39.383705],[22.971395,39.383645],[22.971399,39.383599],[22.971398,39.383549],[22.971391,39.383494],[22.971376,39.38344],[22.971351,39.383383],[22.971264,39.383248],[22.97119,39.38315],[22.971102,39.383035],[22.970972,39.382912],[22.970586,39.382601],[22.970271,39.382351],[22.970175,39.382265],[22.969981,39.382111],[22.96989,39.382042],[22.96981,39.381991],[22.969728,39.381946],[22.969632,39.381901],[22.969328,39.381744],[22.969152,39.381657],[22.969125,39.381639],[22.969088,39.381612],[22.969062,39.381589],[22.969026,39.38154],[22.969013,39.381505],[22.969014,39.38149],[22.969019,39.381466],[22.969025,39.38145],[22.969131,39.381314],[22.969184,39.38125],[22.969191,39.381234],[22.969191,39.381217],[22.969167,39.381197],[22.969141,39.381179],[22.969122,39.381169],[22.969122,39.381169],[22.969108,39.381162],[22.969064,39.381144],[22.968197,39.380898],[22.967621,39.380764],[22.967621,39.380764],[22.967445,39.380723],[22.967344,39.380693],[22.966684,39.380526],[22.966492,39.380478],[22.966441,39.380469],[22.966381,39.38046],[22.966264,39.38045],[22.966188,39.380446],[22.966101,39.380446],[22.966045,39.380442],[22.965987,39.380434],[22.965943,39.380425],[22.965902,39.380414],[22.965865,39.380402],[22.965803,39.380376],[22.965751,39.380349],[22.965697,39.38031],[22.964993,39.379726],[22.964772,39.379542],[22.964695,39.379476],[22.964695,39.379476],[22.964613,39.379405],[22.964083,39.37894],[22.963861,39.378741],[22.963283,39.378224],[22.963071,39.378046],[22.962904,39.377924],[22.962755,39.377814],[22.962624,39.377723],[22.962543,39.377666],[22.962395,39.377584],[22.962249,39.3775],[22.961846,39.377309],[22.961846,39.377309],[22.961795,39.377285],[22.961512,39.377153],[22.96088,39.376874],[22.960577,39.376729],[22.960417,39.376651],[22.960196,39.376533],[22.960125,39.376493],[22.96007,39.376459],[22.960012,39.376419],[22.959929,39.376353],[22.95985,39.376289],[22.95978,39.376228],[22.959641,39.376098],[22.959561,39.376011],[22.959561,39.376011],[22.959418,39.375857],[22.959311,39.375745],[22.958946,39.375345],[22.958651,39.375039],[22.958408,39.374791],[22.95839,39.374772],[22.958214,39.374599],[22.958203,39.374586],[22.958184,39.374565],[22.958122,39.374495],[22.958045,39.374409],[22.957981,39.374341],[22.957934,39.37429],[22.957869,39.374219],[22.957529,39.373856],[22.957305,39.373618],[22.957305,39.373618],[22.956819,39.3731],[22.956709,39.372984],[22.956321,39.372569],[22.956196,39.372437],[22.956054,39.372285],[22.955692,39.371899],[22.955569,39.371769],[22.955426,39.371616],[22.955285,39.371466],[22.95497,39.37113],[22.954905,39.371061],[22.954905,39.371061],[22.954685,39.370827],[22.954558,39.370691],[22.954183,39.370291],[22.953774,39.369856],[22.953378,39.369443],[22.953337,39.3694],[22.953337,39.3694],[22.953041,39.36909],[22.952983,39.369029],[22.952563,39.368576],[22.9522,39.368184],[22.951857,39.367822],[22.951857,39.367822],[22.951669,39.367623],[22.951224,39.367143],[22.950724,39.366608],[22.950666,39.366544],[22.950405,39.36627],[22.950405,39.36627],[22.950228,39.366085],[22.949791,39.365627],[22.949269,39.365081],[22.94925,39.365054],[22.949041,39.364836],[22.949041,39.364836],[22.948733,39.364516],[22.948108,39.363896],[22.947799,39.363582],[22.947506,39.363271],[22.947171,39.362864],[22.946566,39.362108],[22.946381,39.361878],[22.946313,39.361793],[22.946313,39.361793],[22.94619,39.361639],[22.945704,39.361032],[22.94544,39.36117],[22.945349,39.361217],[22.945213,39.361285],[22.944998,39.361393],[22.944967,39.361408],[22.944902,39.36144],[22.944845,39.361467],[22.944845,39.361467],[22.944831,39.361474],[22.944727,39.361522],[22.944474,39.361636],[22.94418,39.361768],[22.943968,39.361858],[22.943703,39.361971],[22.943516,39.36205],[22.943507,39.362054],[22.943338,39.362126],[22.943099,39.362222],[22.943042,39.362244],[22.943004,39.362256],[22.942955,39.362269],[22.942902,39.362279],[22.942854,39.362286],[22.942794,39.362293],[22.942714,39.362283],[22.942634,39.36228],[22.94253,39.36228],[22.942488,39.362281],[22.942463,39.362281],[22.942437,39.362282],[22.942408,39.362282],[22.942386,39.362283],[22.942357,39.362286],[22.942333,39.36229],[22.942311,39.362294],[22.942289,39.3623],[22.942274,39.362305],[22.942246,39.362316],[22.942219,39.362329],[22.942193,39.362345],[22.94218,39.362359],[22.942164,39.362372],[22.942147,39.362384],[22.942122,39.362397],[22.942095,39.362407],[22.942067,39.362414],[22.942037,39.362418],[22.942007,39.362418],[22.941977,39.362415],[22.941949,39.362408],[22.941921,39.362398],[22.941896,39.362386],[22.941874,39.36237],[22.941855,39.362353],[22.941799,39.362341],[22.941768,39.362334],[22.941738,39.362329],[22.9417,39.362322],[22.941671,39.362317],[22.94165,39.362314],[22.941613,39.362309],[22.941591,39.362307],[22.941555,39.362305],[22.941472,39.362305],[22.941393,39.362307],[22.941306,39.362308],[22.941114,39.362308],[22.940391,39.362307],[22.940258,39.362306],[22.939962,39.362306],[22.939962,39.362306],[22.938648,39.362303],[22.938618,39.362304],[22.938591,39.362306],[22.938559,39.362311],[22.938529,39.362318],[22.938467,39.362337],[22.938455,39.362351],[22.938443,39.362362],[22.938418,39.36238],[22.938396,39.362391],[22.938375,39.3624],[22.938328,39.362412],[22.938293,39.362415],[22.938257,39.362413],[22.938232,39.362409],[22.938206,39.362403],[22.938177,39.362391],[22.938147,39.362374],[22.938063,39.362358],[22.938014,39.362352],[22.937952,39.362348],[22.93787,39.362348],[22.937783,39.362359],[22.937667,39.362367],[22.937546,39.36237],[22.93738,39.362403],[22.93729,39.362416],[22.937164,39.362438],[22.936768,39.362517],[22.936719,39.362526],[22.936683,39.362531],[22.936643,39.362535],[22.936608,39.362537],[22.936533,39.362538],[22.936487,39.362538],[22.936447,39.362537],[22.936398,39.362535],[22.936357,39.362532],[22.936289,39.362526],[22.936223,39.362518],[22.936142,39.362506],[22.936112,39.3625],[22.936077,39.362492],[22.936045,39.362483],[22.93603,39.362478],[22.936005,39.36247],[22.935752,39.362383],[22.935365,39.362254],[22.935147,39.362183],[22.935082,39.362161],[22.934935,39.362112],[22.934935,39.362112],[22.934766,39.362057],[22.934565,39.362001],[22.934181,39.361874],[22.934131,39.361867],[22.93409,39.361862],[22.934051,39.361859],[22.934022,39.361858],[22.934008,39.361857],[22.933988,39.361857],[22.933963,39.361858],[22.933927,39.361861],[22.933886,39.361867],[22.933828,39.361878],[22.933782,39.361888],[22.93377,39.361901],[22.933754,39.361914],[22.933728,39.361929],[22.933698,39.361941],[22.933536,39.362014],[22.933482,39.362039],[22.933393,39.362082],[22.933371,39.362092],[22.933371,39.362092],[22.933282,39.362132],[22.93239,39.362514],[22.931814,39.36277],[22.931702,39.362819],[22.931355,39.362969],[22.931266,39.363007],[22.931265,39.363013],[22.931251,39.363041],[22.931225,39.363064],[22.931192,39.36308],[22.931154,39.363086],[22.931136,39.363085],[22.931115,39.363082],[22.931079,39.363069],[22.931051,39.363048],[22.931034,39.36302],[22.931029,39.36299],[22.931037,39.36296],[22.931057,39.362934],[22.931004,39.362856],[22.930518,39.362131],[22.93036,39.361901],[22.93036,39.361901],[22.929467,39.360599],[22.929421,39.360533],[22.929388,39.360488],[22.929292,39.360349],[22.929191,39.360209],[22.928969,39.359897],[22.928969,39.359897],[22.928842,39.359718],[22.9284,39.359062],[22.928132,39.358655],[22.927988,39.358458],[22.927577,39.357864],[22.927441,39.357666],[22.927441,39.357666],[22.927382,39.357581],[22.927092,39.357165],[22.926943,39.356935],[22.92688,39.356837],[22.926843,39.35678],[22.926774,39.356672]]},"properties":{"line":"4","dir":"Τορούτζα","mode":"bus"}},{"type":"Feature","geometry":{"type":"LineString","coordinates":[[22.971037,39.384807],[22.971011,39.38485],[22.970996,39.384856],[22.97098,39.384861],[22.970957,39.384863],[22.970931,39.384861],[22.970906,39.384854],[22.970889,39.384844],[22.970879,39.384836],[22.970867,39.384823],[22.970858,39.384804],[22.970849,39.384788],[22.970848,39.384758],[22.970853,39.384734],[22.970875,39.384663],[22.970897,39.384606],[22.970936,39.384536],[22.971015,39.384368],[22.971113,39.384176],[22.971171,39.384091],[22.971213,39.384032],[22.971263,39.383965],[22.971326,39.38386],[22.971349,39.383782],[22.971349,39.383782],[22.971381,39.383705],[22.971395,39.383645],[22.971399,39.383599],[22.971398,39.383549],[22.971391,39.383494],[22.971376,39.38344],[22.971351,39.383383],[22.971264,39.383248],[22.97119,39.38315],[22.971102,39.383035],[22.970972,39.382912],[22.970586,39.382601],[22.970271,39.382351],[22.970175,39.382265],[22.969981,39.382111],[22.96989,39.382042],[22.96981,39.381991],[22.969728,39.381946],[22.969632,39.381901],[22.969328,39.381744],[22.969152,39.381657],[22.969125,39.381639],[22.969088,39.381612],[22.969062,39.381589],[22.969026,39.38154],[22.969013,39.381505],[22.969014,39.38149],[22.969019,39.381466],[22.969025,39.38145],[22.969131,39.381314],[22.969184,39.38125],[22.969191,39.381234],[22.969191,39.381217],[22.969167,39.381197],[22.969141,39.381179],[22.969122,39.381169],[22.969122,39.381169],[22.969108,39.381162],[22.969064,39.381144],[22.968197,39.380898],[22.967621,39.380764],[22.967621,39.380764],[22.967445,39.380723],[22.967344,39.380693],[22.966684,39.380526],[22.966492,39.380478],[22.966441,39.380469],[22.966381,39.38046],[22.966264,39.38045],[22.966188,39.380446],[22.966101,39.380446],[22.966045,39.380442],[22.965987,39.380434],[22.965943,39.380425],[22.965902,39.380414],[22.965865,39.380402],[22.965803,39.380376],[22.965751,39.380349],[22.965697,39.38031],[22.964993,39.379726],[22.964772,39.379542],[22.964695,39.379476],[22.964695,39.379476],[22.964613,39.379405],[22.964083,39.37894],[22.963861,39.378741],[22.963283,39.378224],[22.963071,39.378046],[22.962904,39.377924],[22.962755,39.377814],[22.962624,39.377723],[22.962543,39.377666],[22.962395,39.377584],[22.962249,39.3775],[22.961846,39.377309],[22.961846,39.377309],[22.961795,39.377285],[22.961512,39.377153],[22.96088,39.376874],[22.960577,39.376729],[22.960417,39.376651],[22.960196,39.376533],[22.960125,39.376493],[22.96007,39.376459],[22.960012,39.376419],[22.959929,39.376353],[22.95985,39.376289],[22.95978,39.376228],[22.959641,39.376098],[22.959561,39.376011],[22.959561,39.376011],[22.959418,39.375857],[22.959311,39.375745],[22.958946,39.375345],[22.958651,39.375039],[22.958408,39.374791],[22.95839,39.374772],[22.958214,39.374599],[22.958203,39.374586],[22.958184,39.374565],[22.958122,39.374495],[22.958045,39.374409],[22.957981,39.374341],[22.957934,39.37429],[22.957869,39.374219],[22.957529,39.373856],[22.957305,39.373618],[22.957305,39.373618],[22.956819,39.3731],[22.956709,39.372984],[22.956321,39.372569],[22.956196,39.372437],[22.956054,39.372285],[22.955692,39.371899],[22.955569,39.371769],[22.955426,39.371616],[22.955285,39.371466],[22.95497,39.37113],[22.954905,39.371061],[22.954905,39.371061],[22.954685,39.370827],[22.954558,39.370691],[22.954183,39.370291],[22.953774,39.369856],[22.953378,39.369443],[22.953337,39.3694],[22.953337,39.3694],[22.953041,39.36909],[22.952983,39.369029],[22.952563,39.368576],[22.9522,39.368184],[22.951857,39.367822],[22.951857,39.367822],[22.951669,39.367623],[22.951224,39.367143],[22.950724,39.366608],[22.950666,39.366544],[22.950405,39.36627],[22.950405,39.36627],[22.950228,39.366085],[22.949791,39.365627],[22.949269,39.365081],[22.94925,39.365054],[22.949041,39.364836],[22.949041,39.364836],[22.948733,39.364516],[22.948108,39.363896],[22.947799,39.363582],[22.947506,39.363271],[22.947171,39.362864],[22.946566,39.362108],[22.946381,39.361878],[22.946313,39.361793],[22.946313,39.361793],[22.94619,39.361639],[22.945704,39.361032],[22.94544,39.36117],[22.945349,39.361217],[22.945213,39.361285],[22.944998,39.361393],[22.944967,39.361408],[22.944902,39.36144],[22.944845,39.361467],[22.944845,39.361467],[22.944831,39.361474],[22.944727,39.361522],[22.944474,39.361636],[22.94418,39.361768],[22.943968,39.361858],[22.943703,39.361971],[22.943516,39.36205],[22.943507,39.362054],[22.943338,39.362126],[22.943099,39.362222],[22.943042,39.362244],[22.943004,39.362256],[22.942955,39.362269],[22.942902,39.362279],[22.942854,39.362286],[22.942794,39.362293],[22.942714,39.362283],[22.942634,39.36228],[22.94253,39.36228],[22.942488,39.362281],[22.942463,39.362281],[22.942437,39.362282],[22.942408,39.362282],[22.942386,39.362283],[22.942357,39.362286],[22.942333,39.36229],[22.942311,39.362294],[22.942289,39.3623],[22.942274,39.362305],[22.942246,39.362316],[22.942219,39.362329],[22.942193,39.362345],[22.94218,39.362359],[22.942164,39.362372],[22.942147,39.362384],[22.942122,39.362397],[22.942095,39.362407],[22.942067,39.362414],[22.942037,39.362418],[22.942007,39.362418],[22.941977,39.362415],[22.941949,39.362408],[22.941921,39.362398],[22.941896,39.362386],[22.941874,39.36237],[22.941855,39.362353],[22.941799,39.362341],[22.941768,39.362334],[22.941738,39.362329],[22.9417,39.362322],[22.941671,39.362317],[22.94165,39.362314],[22.941613,39.362309],[22.941591,39.362307],[22.941555,39.362305],[22.941472,39.362305],[22.941393,39.362307],[22.941306,39.362308],[22.941114,39.362308],[22.940391,39.362307],[22.940258,39.362306],[22.939962,39.362306],[22.939962,39.362306],[22.938648,39.362303],[22.938618,39.362304],[22.938591,39.362306],[22.938559,39.362311],[22.938529,39.362318],[22.938467,39.362337],[22.938455,39.362351],[22.938443,39.362362],[22.938418,39.36238],[22.938396,39.362391],[22.938375,39.3624],[22.938328,39.362412],[22.938293,39.362415],[22.938257,39.362413],[22.938232,39.362409],[22.938206,39.362403],[22.938177,39.362391],[22.938147,39.362374],[22.938063,39.362358],[22.938014,39.362352],[22.937952,39.362348],[22.93787,39.362348],[22.937783,39.362359],[22.937667,39.362367],[22.937546,39.36237],[22.93738,39.362403],[22.93729,39.362416],[22.937164,39.362438],[22.936768,39.362517],[22.936719,39.362526],[22.936683,39.362531],[22.936643,39.362535],[22.936608,39.362537],[22.936533,39.362538],[22.936487,39.362538],[22.936447,39.362537],[22.936398,39.362535],[22.936357,39.362532],[22.936289,39.362526],[22.936223,39.362518],[22.936142,39.362506],[22.936112,39.3625],[22.936077,39.362492],[22.936045,39.362483],[22.93603,39.362478],[22.936005,39.36247],[22.935752,39.362383],[22.935365,39.362254],[22.935147,39.362183],[22.935082,39.362161],[22.934935,39.362112],[22.934935,39.362112],[22.934766,39.362057],[22.934565,39.362001],[22.934181,39.361874],[22.934131,39.361867],[22.93409,39.361862],[22.934051,39.361859],[22.934022,39.361858],[22.934008,39.361857],[22.933988,39.361857],[22.933963,39.361858],[22.933927,39.361861],[22.933886,39.361867],[22.933828,39.361878],[22.933782,39.361888],[22.93377,39.361901],[22.933754,39.361914],[22.933728,39.361929],[22.933698,39.361941],[22.933536,39.362014],[22.933482,39.362039],[22.933393,39.362082],[22.933282,39.362132],[22.93239,39.362514],[22.931814,39.36277],[22.931702,39.362819],[22.931355,39.362969],[22.931266,39.363007],[22.931265,39.363013],[22.931251,39.363041],[22.931225,39.363064],[22.931192,39.36308],[22.931154,39.363086],[22.931136,39.363085],[22.931115,39.363082],[22.931079,39.363069],[22.931051,39.363048],[22.931034,39.36302],[22.931029,39.36299],[22.931037,39.36296],[22.931057,39.362934],[22.931004,39.362856],[22.930518,39.362131],[22.93036,39.361901],[22.93036,39.361901],[22.929467,39.360599],[22.929421,39.360533],[22.929388,39.360488],[22.929292,39.360349],[22.929191,39.360209],[22.928969,39.359897],[22.928969,39.359897],[22.928842,39.359718],[22.9284,39.359062],[22.928132,39.358655],[22.927988,39.358458],[22.927577,39.357864],[22.927441,39.357666],[22.927441,39.357666],[22.927382,39.357581],[22.927092,39.357165],[22.926943,39.356935],[22.92688,39.356837],[22.926843,39.35678],[22.926774,39.356672]]},"properties":{"line":"4","dir":"Τορούτζα","mode":"bus"}},{"type":"Feature","geometry":{"type":"LineString","coordinates":[[23.057926,39.328828],[23.057715,39.328965],[23.05743,39.329155],[23.057332,39.329214],[23.057226,39.32926],[23.056862,39.329537],[23.056703,39.329693],[23.056703,39.329693],[23.056445,39.329948],[23.056112,39.330327],[23.055432,39.33094],[23.055294,39.331038],[23.055106,39.331143],[23.054916,39.331145],[23.054796,39.331095],[23.054796,39.331095],[23.054765,39.331082],[23.054724,39.331008],[23.054685,39.330937],[23.054722,39.330758],[23.05505,39.33009],[23.055089,39.329861],[23.05507,39.329754],[23.05478,39.329332],[23.054723,39.329253],[23.054593,39.329079],[23.054593,39.329079],[23.054494,39.328947],[23.054356,39.328739],[23.054336,39.328555],[23.054341,39.328458],[23.054323,39.328418],[23.054321,39.328414],[23.054314,39.328363],[23.054306,39.328195],[23.054308,39.327904],[23.054296,39.327802],[23.054254,39.327635],[23.054181,39.327409],[23.054114,39.327163],[23.054087,39.327011],[23.054082,39.326871],[23.05407,39.326689],[23.054042,39.326576],[23.053972,39.32649],[23.053826,39.326388],[23.053519,39.326174],[23.053326,39.326018],[23.053199,39.325905],[23.05303,39.325763],[23.052941,39.325688],[23.052875,39.325737],[23.052801,39.325783],[23.052801,39.325783],[23.052753,39.325813],[23.052637,39.325886],[23.05256,39.32594],[23.052511,39.325981],[23.052481,39.326024],[23.05245,39.326089],[23.05241,39.326196],[23.052359,39.326318],[23.052341,39.326359],[23.052323,39.326401],[23.052307,39.326431],[23.052254,39.326511],[23.051894,39.326944],[23.051735,39.327133],[23.051668,39.327216],[23.051585,39.32729],[23.051525,39.327337],[23.051482,39.327359],[23.051416,39.327385],[23.05134,39.327411],[23.051248,39.327434],[23.051092,39.327463],[23.050764,39.327503],[23.050557,39.327531],[23.050557,39.327531],[23.050434,39.327548],[23.050033,39.327595],[23.049766,39.327632],[23.049543,39.327668],[23.049197,39.327744],[23.048576,39.32789],[23.048382,39.327943],[23.048225,39.327996],[23.048075,39.32806],[23.047977,39.328108],[23.047791,39.328215],[23.047658,39.328287],[23.047484,39.328371],[23.047341,39.328439],[23.047136,39.328516],[23.046862,39.328607],[23.046673,39.328661],[23.046492,39.328709],[23.046305,39.328751],[23.046104,39.328788],[23.045891,39.32882],[23.045708,39.328842],[23.045513,39.328863],[23.045344,39.328884],[23.04524,39.328902],[23.045126,39.328933],[23.045004,39.328976],[23.044732,39.329087],[23.04437,39.329244],[23.043646,39.329537],[23.043465,39.329618],[23.043377,39.329656],[23.043377,39.329656],[23.042973,39.329832],[23.042834,39.329894],[23.042701,39.329963],[23.042573,39.330039],[23.042452,39.33012],[23.042338,39.330208],[23.042231,39.3303],[23.042023,39.330488],[23.041966,39.330536],[23.041904,39.33058],[23.041837,39.330619],[23.041777,39.330648],[23.041713,39.330674],[23.041677,39.330687],[23.041677,39.330687],[23.041657,39.330694],[23.041615,39.330706],[23.041528,39.330723],[23.041432,39.330735],[23.041276,39.330751],[23.041119,39.330756],[23.040963,39.330752],[23.040807,39.330738],[23.040714,39.330732],[23.040647,39.330729],[23.04058,39.330728],[23.040466,39.330729],[23.040353,39.330735],[23.039752,39.330766],[23.0397,39.330768],[23.039289,39.330797],[23.03901,39.330815],[23.03901,39.330815],[23.038245,39.330863],[23.037378,39.330911],[23.037186,39.33092],[23.037063,39.330926],[23.036947,39.330932],[23.036894,39.330934],[23.03639,39.331028],[23.036315,39.331043],[23.036315,39.331043],[23.036254,39.331055],[23.035528,39.331201],[23.035483,39.331212],[23.035444,39.331222],[23.035353,39.331257],[23.035319,39.331274],[23.035268,39.3313],[23.035217,39.331334],[23.035171,39.331371],[23.034978,39.331554],[23.034855,39.33167],[23.034785,39.331728],[23.034646,39.331812],[23.034295,39.331993],[23.034276,39.332003],[23.034105,39.332089],[23.033914,39.332186],[23.03369,39.332316],[23.033575,39.332384],[23.033513,39.332425],[23.033423,39.332502],[23.033376,39.332538],[23.033376,39.332538],[23.03328,39.332611],[23.033114,39.332739],[23.033077,39.332759],[23.033039,39.332775],[23.033,39.332787],[23.032933,39.332801],[23.032871,39.332806],[23.032813,39.332804],[23.032755,39.332796],[23.032548,39.332737],[23.032454,39.332717],[23.03237,39.3327],[23.032286,39.33269],[23.032282,39.33269],[23.032183,39.332684],[23.031417,39.332712],[23.031174,39.332705],[23.030934,39.332669],[23.030683,39.332604],[23.030473,39.33253],[23.03041,39.332499],[23.030076,39.332302],[23.030076,39.332302],[23.02993,39.332217],[23.029863,39.332183],[23.0298,39.332155],[23.029723,39.332122],[23.029631,39.33209],[23.029548,39.33207],[23.029445,39.332046],[23.029349,39.332033],[23.029264,39.332025],[23.029165,39.332022],[23.029076,39.332025],[23.028992,39.332031],[23.028874,39.332047],[23.028756,39.332068],[23.028651,39.332096],[23.028553,39.332131],[23.028437,39.332181],[23.028314,39.332237],[23.028015,39.332383],[23.027843,39.332468],[23.027731,39.3325],[23.027611,39.332517],[23.027435,39.33252],[23.026978,39.332503],[23.026552,39.3325],[23.026455,39.332499],[23.026004,39.332511],[23.0259,39.332512],[23.025789,39.332516],[23.025691,39.33252],[23.025567,39.332534],[23.025431,39.332558],[23.025295,39.332586],[23.025244,39.332594],[23.024975,39.332654],[23.024975,39.332654],[23.024963,39.332657],[23.024616,39.332737],[23.024303,39.332823],[23.024201,39.332858],[23.023998,39.332928],[23.023923,39.332963],[23.023625,39.3331],[23.022878,39.333473],[23.022398,39.333712],[23.021754,39.334057],[23.021583,39.334149],[23.021423,39.334232],[23.021338,39.334273],[23.021198,39.33434],[23.021055,39.334405],[23.020811,39.334512],[23.020787,39.334522],[23.020787,39.334522],[23.020542,39.334626],[23.020442,39.334667],[23.020258,39.33474],[23.01969,39.334951],[23.019429,39.335045],[23.019346,39.33508],[23.019203,39.335159],[23.018985,39.335303],[23.018594,39.335604],[23.018497,39.335678],[23.018353,39.335787],[23.018276,39.335845],[23.017695,39.336309],[23.0175,39.336463],[23.017461,39.336494],[23.017461,39.336494],[23.017446,39.336506],[23.017191,39.336728],[23.017039,39.33686],[23.016965,39.336909],[23.016846,39.336985],[23.016764,39.337034],[23.016704,39.337067],[23.016556,39.337139],[23.016128,39.337346],[23.015834,39.337492],[23.015376,39.337726],[23.015341,39.337774],[23.015089,39.338158],[23.014653,39.338817],[23.014225,39.339463],[23.014202,39.339497],[23.014202,39.339497],[23.014165,39.339554],[23.013785,39.340127],[23.013195,39.34102],[23.013063,39.341219],[23.012942,39.34141],[23.012789,39.341642],[23.012789,39.341642],[23.012677,39.341811],[23.012301,39.3418],[23.012124,39.341794],[23.011684,39.341786],[23.011182,39.341787],[23.010564,39.341791],[23.00997,39.341797],[23.009628,39.341798],[23.009628,39.341798],[23.009475,39.341799],[23.008891,39.341802],[23.008138,39.341802],[23.008138,39.341802],[23.008021,39.341802],[23.007221,39.3418],[23.00644,39.341802],[23.005869,39.341803],[23.005802,39.341803],[23.005802,39.341803],[23.004696,39.341803],[23.004247,39.3418],[23.003574,39.3418],[23.003508,39.34181],[23.00344,39.34183],[23.003385,39.341853],[23.003331,39.341883],[23.003284,39.341915],[23.002979,39.342156],[23.002904,39.342215],[23.002891,39.342225],[23.002891,39.342225],[23.002369,39.342629],[23.001879,39.342996],[23.001832,39.343037],[23.001785,39.343113],[23.001758,39.343234],[23.001752,39.343416],[23.001754,39.343561],[23.001754,39.343561],[23.001754,39.343575],[23.001762,39.344226],[23.000871,39.344142],[22.999884,39.34405],[22.999773,39.34404],[22.999773,39.34404],[22.999383,39.344003],[22.999242,39.343989],[22.999215,39.344131],[22.999145,39.344511],[22.999076,39.344878],[22.999053,39.345004],[22.999025,39.34519],[22.999001,39.345365],[22.998982,39.345567],[22.998982,39.345567],[22.998931,39.346105],[22.998918,39.346222],[22.998905,39.346298],[22.998889,39.346364],[22.998861,39.346443],[22.998833,39.346516],[22.998803,39.346585],[22.998765,39.346665],[22.998693,39.346785],[22.998627,39.346883],[22.998559,39.346967],[22.998489,39.347044],[22.998414,39.347114],[22.998277,39.347228],[22.998175,39.347298],[22.997973,39.34743],[22.997973,39.34743],[22.997752,39.347575],[22.99767,39.347635],[22.997614,39.347687],[22.997536,39.347776],[22.997441,39.347894],[22.997259,39.348131],[22.997099,39.34833],[22.997043,39.348396],[22.996998,39.348446],[22.996955,39.348487],[22.996909,39.348529],[22.996839,39.348582],[22.996723,39.348663],[22.996617,39.34873],[22.996495,39.348806],[22.996386,39.348869],[22.996312,39.348912],[22.996238,39.348953],[22.996161,39.34899],[22.995775,39.349158],[22.995668,39.3492],[22.995668,39.3492],[22.995305,39.349341],[22.995169,39.349402],[22.995095,39.349439],[22.995067,39.349454],[22.995024,39.34948],[22.994963,39.349524],[22.994925,39.349553],[22.994886,39.349587],[22.994842,39.349633],[22.994767,39.349718],[22.994694,39.34981],[22.994514,39.350052],[22.994377,39.350233],[22.994233,39.350395],[22.994139,39.350485],[22.994074,39.350544],[22.993984,39.350608],[22.993856,39.350702],[22.993662,39.350818],[22.993584,39.350861],[22.993584,39.350861],[22.993358,39.350985],[22.993295,39.351023],[22.993184,39.35108],[22.993072,39.351133],[22.992986,39.35117],[22.9929,39.351205],[22.992794,39.351245],[22.992558,39.351326],[22.992452,39.351359],[22.992289,39.351407],[22.992229,39.351446],[22.992181,39.351475],[22.992155,39.351492],[22.992134,39.351506],[22.992096,39.351537],[22.992065,39.351568],[22.992026,39.351619],[22.992024,39.351648],[22.992017,39.351664],[22.992012,39.351678],[22.991999,39.351697],[22.991984,39.351712],[22.991963,39.351728],[22.991945,39.351738],[22.991921,39.351747],[22.991897,39.351754],[22.991874,39.351757],[22.991845,39.351757],[22.99182,39.351755],[22.991794,39.351749],[22.991766,39.351738],[22.991745,39.351726],[22.991724,39.351711],[22.991708,39.351693],[22.991703,39.351684],[22.991695,39.351672],[22.991687,39.351651],[22.991647,39.351585],[22.991609,39.351564],[22.991558,39.351542],[22.991467,39.351521],[22.991456,39.351519],[22.991437,39.351516],[22.991345,39.351503],[22.991038,39.351503],[22.990929,39.3515],[22.990796,39.351496],[22.990541,39.351485],[22.990095,39.351468],[22.990094,39.351468],[22.989977,39.351464],[22.989593,39.351449],[22.989444,39.351442],[22.989258,39.351431],[22.988896,39.35141],[22.98872,39.351401],[22.988595,39.351399],[22.988461,39.351404],[22.988343,39.351413],[22.988205,39.351432],[22.988137,39.351441],[22.98806,39.351456],[22.987971,39.351478],[22.987834,39.351516],[22.987631,39.351574],[22.987504,39.351606],[22.987409,39.351628],[22.987342,39.35164],[22.98727,39.35165],[22.987216,39.351653],[22.987156,39.351652],[22.987089,39.351647],[22.986987,39.351638],[22.986167,39.351544],[22.986023,39.351527],[22.985072,39.351411],[22.984709,39.351365],[22.984602,39.351352],[22.984401,39.351326],[22.984246,39.351305],[22.984246,39.351305],[22.984121,39.351288],[22.983878,39.351248],[22.983661,39.351206],[22.982745,39.351009],[22.981395,39.350697],[22.980959,39.350591],[22.980514,39.350502],[22.980347,39.350459],[22.980233,39.350423],[22.98015,39.350388],[22.980021,39.35033],[22.979895,39.35026],[22.979204,39.349875],[22.979117,39.349824],[22.97906,39.349786],[22.979011,39.349752],[22.978978,39.349728],[22.978959,39.349715],[22.97893,39.349691],[22.978883,39.34964],[22.978837,39.349566],[22.978762,39.349464],[22.978713,39.349405],[22.978667,39.349346],[22.978599,39.349281],[22.978522,39.349223],[22.978455,39.349178],[22.978393,39.349147],[22.978343,39.349123],[22.978276,39.349097],[22.978225,39.349081],[22.97817,39.349065],[22.978121,39.349055],[22.978058,39.349044],[22.977994,39.349035],[22.977924,39.349028],[22.977866,39.349026],[22.977785,39.349031],[22.977625,39.349051],[22.9774,39.349095],[22.977297,39.349117],[22.977257,39.349124],[22.977195,39.349131],[22.977129,39.349135],[22.977079,39.349134],[22.97703,39.349128],[22.976975,39.349115],[22.976939,39.349104],[22.976908,39.349094],[22.976884,39.349083],[22.976855,39.34907],[22.97683,39.349058],[22.976804,39.349045],[22.976755,39.349011],[22.976729,39.348989],[22.9767,39.348961],[22.976682,39.348935],[22.976659,39.348895],[22.976644,39.348865],[22.97663,39.34883],[22.976604,39.348727],[22.976595,39.348657],[22.976575,39.348564],[22.976569,39.348519],[22.976553,39.348448],[22.976539,39.348407],[22.976514,39.348359],[22.976485,39.348311],[22.976451,39.348267],[22.976423,39.348235],[22.976389,39.348203],[22.976358,39.348178],[22.976291,39.348128],[22.976242,39.348098],[22.9762,39.348074],[22.976168,39.348057],[22.976116,39.348036],[22.976059,39.34802],[22.975982,39.348],[22.97592,39.347988],[22.975854,39.347979],[22.975777,39.347968],[22.975699,39.347963],[22.975642,39.34796],[22.975265,39.347971],[22.974845,39.347995],[22.974526,39.348002],[22.974449,39.348002],[22.974393,39.347998],[22.974339,39.347988],[22.974267,39.347973],[22.974201,39.347956],[22.974066,39.34792],[22.973874,39.34787],[22.97378,39.347847],[22.973651,39.347825],[22.97359,39.347813],[22.973526,39.347802],[22.973478,39.347794],[22.973397,39.347785],[22.973296,39.347777],[22.973163,39.347772],[22.973023,39.347768],[22.972563,39.347767],[22.972393,39.347772],[22.972313,39.347778],[22.972247,39.347786],[22.972178,39.3478],[22.972096,39.347819],[22.971996,39.347852],[22.971901,39.347888],[22.971797,39.347929],[22.971641,39.348002],[22.971521,39.348063],[22.971472,39.348087],[22.971425,39.348108],[22.971395,39.34812],[22.971355,39.348135],[22.971317,39.348147],[22.97127,39.348158],[22.971228,39.348164],[22.971193,39.348167],[22.97115,39.348168],[22.971106,39.348167],[22.971049,39.348162],[22.970994,39.348154],[22.970928,39.348145],[22.970737,39.348104],[22.970684,39.348098],[22.970632,39.348094],[22.970584,39.348091],[22.970531,39.348091],[22.970483,39.348092],[22.970431,39.348097],[22.970376,39.348106],[22.97032,39.348124],[22.970264,39.348145],[22.97022,39.348167],[22.970154,39.348207],[22.970079,39.348253],[22.969933,39.348353],[22.969878,39.348386],[22.969741,39.348462],[22.969693,39.348485],[22.969631,39.348509],[22.969534,39.348547],[22.969416,39.348592],[22.969286,39.34864],[22.969189,39.348678],[22.969082,39.348725],[22.969001,39.348765],[22.968927,39.348808],[22.968869,39.348845],[22.968795,39.348895],[22.96874,39.348937],[22.968678,39.348987],[22.968612,39.349044],[22.968561,39.349085],[22.968518,39.349116],[22.968477,39.349138],[22.968424,39.349161],[22.968369,39.34918],[22.96831,39.349197],[22.968233,39.349215],[22.968154,39.349234],[22.968075,39.349254],[22.967969,39.349289],[22.967841,39.349335],[22.967724,39.349385],[22.967645,39.349421],[22.967578,39.349455],[22.967506,39.349501],[22.96743,39.349552],[22.967352,39.349611],[22.967254,39.34969],[22.966966,39.349944],[22.966216,39.350634],[22.966171,39.350672],[22.966148,39.350694],[22.966036,39.350783],[22.965961,39.350836],[22.965919,39.350865],[22.96588,39.350891],[22.96576,39.350959],[22.965637,39.351017],[22.965546,39.351055],[22.965514,39.351066],[22.965492,39.351072],[22.965459,39.351078],[22.965419,39.351081],[22.965379,39.35108],[22.965269,39.351068],[22.965174,39.351053],[22.965174,39.351053],[22.964957,39.351018],[22.964837,39.351],[22.964741,39.350996],[22.964667,39.351005],[22.964595,39.351028],[22.964571,39.351037],[22.964541,39.35105],[22.964272,39.351184],[22.964229,39.351206],[22.964198,39.351225],[22.964164,39.35125],[22.9641,39.351309],[22.963905,39.35152],[22.963723,39.351686],[22.963256,39.352159],[22.962759,39.352632],[22.9624,39.352954],[22.9624,39.352954],[22.962023,39.353292],[22.961983,39.35333],[22.961806,39.353499],[22.961633,39.353649],[22.96146,39.353797],[22.96135,39.353874],[22.961194,39.353973],[22.960981,39.3541],[22.960398,39.354437],[22.960045,39.354645],[22.960045,39.354645],[22.959819,39.354778],[22.959538,39.354929],[22.959301,39.355054],[22.959048,39.355182],[22.958791,39.355313],[22.958661,39.355378],[22.958593,39.355411],[22.958511,39.355454],[22.958511,39.355454],[22.958001,39.35572],[22.957449,39.355988],[22.957081,39.356172],[22.956803,39.356312],[22.956214,39.356599],[22.956214,39.356599],[22.956115,39.356647],[22.955499,39.356958],[22.954999,39.357217],[22.95447,39.357477],[22.954253,39.357584],[22.954253,39.357584],[22.95394,39.357738],[22.953725,39.357843],[22.953504,39.357953],[22.953453,39.357979],[22.953069,39.358169],[22.952811,39.358301],[22.952733,39.358372],[22.952216,39.358636],[22.952145,39.358562],[22.952078,39.358493],[22.951955,39.358328],[22.951897,39.358253],[22.951664,39.358001],[22.951061,39.358292],[22.950885,39.358384],[22.950885,39.358384],[22.950337,39.358669],[22.950108,39.358791],[22.949929,39.358887],[22.949629,39.359033],[22.949506,39.359094],[22.949506,39.359094],[22.949374,39.359159],[22.948884,39.359403],[22.948697,39.359498],[22.948489,39.359604],[22.948212,39.359741],[22.947967,39.359861],[22.947734,39.359974],[22.94747,39.360103],[22.947316,39.36018],[22.947316,39.36018],[22.947201,39.360238],[22.94699,39.360347],[22.946717,39.36049],[22.946308,39.360713],[22.946057,39.360844],[22.945704,39.361032],[22.94544,39.36117],[22.945349,39.361217],[22.945213,39.361285],[22.944998,39.361393],[22.944967,39.361408],[22.944902,39.36144],[22.944845,39.361467],[22.944845,39.361467],[22.944831,39.361474],[22.944727,39.361522],[22.944474,39.361636],[22.94418,39.361768],[22.943968,39.361858],[22.943703,39.361971],[22.943516,39.36205],[22.943507,39.362054],[22.943338,39.362126],[22.943099,39.362222],[22.943042,39.362244],[22.943004,39.362256],[22.942955,39.362269],[22.942902,39.362279],[22.942854,39.362286],[22.942794,39.362293],[22.942714,39.362283],[22.942634,39.36228],[22.94253,39.36228],[22.942488,39.362281],[22.942463,39.362281],[22.942437,39.362282],[22.942408,39.362282],[22.942386,39.362283],[22.942357,39.362286],[22.942333,39.36229],[22.942311,39.362294],[22.942289,39.3623],[22.942274,39.362305],[22.942246,39.362316],[22.942219,39.362329],[22.942193,39.362345],[22.94218,39.362359],[22.942164,39.362372],[22.942147,39.362384],[22.942122,39.362397],[22.942095,39.362407],[22.942067,39.362414],[22.942037,39.362418],[22.942007,39.362418],[22.941977,39.362415],[22.941949,39.362408],[22.941921,39.362398],[22.941896,39.362386],[22.941874,39.36237],[22.941855,39.362353],[22.941799,39.362341],[22.941768,39.362334],[22.941738,39.362329],[22.9417,39.362322],[22.941671,39.362317],[22.94165,39.362314],[22.941613,39.362309],[22.941591,39.362307],[22.941555,39.362305],[22.941472,39.362305],[22.941393,39.362307],[22.941306,39.362308],[22.941114,39.362308],[22.940391,39.362307],[22.940258,39.362306],[22.939962,39.362306],[22.939962,39.362306],[22.938648,39.362303],[22.938618,39.362304],[22.938591,39.362306],[22.938559,39.362311],[22.938529,39.362318],[22.938467,39.362337],[22.938455,39.362351],[22.938443,39.362362],[22.938418,39.36238],[22.938396,39.362391],[22.938375,39.3624],[22.938328,39.362412],[22.938293,39.362415],[22.938257,39.362413],[22.938232,39.362409],[22.938206,39.362403],[22.938177,39.362391],[22.938147,39.362374],[22.938063,39.362358],[22.938014,39.362352],[22.937952,39.362348],[22.93787,39.362348],[22.937783,39.362359],[22.937667,39.362367],[22.937546,39.36237],[22.93738,39.362403],[22.93729,39.362416],[22.937164,39.362438],[22.936768,39.362517],[22.936719,39.362526],[22.936683,39.362531],[22.936643,39.362535],[22.936608,39.362537],[22.936533,39.362538],[22.936487,39.362538],[22.936447,39.362537],[22.936398,39.362535],[22.936357,39.362532],[22.936289,39.362526],[22.936223,39.362518],[22.936142,39.362506],[22.936112,39.3625],[22.936077,39.362492],[22.936045,39.362483],[22.93603,39.362478],[22.936005,39.36247],[22.935752,39.362383],[22.935365,39.362254],[22.935147,39.362183],[22.935082,39.362161],[22.934935,39.362112],[22.934935,39.362112],[22.934766,39.362057],[22.934565,39.362001],[22.934181,39.361874],[22.934131,39.361867],[22.93409,39.361862],[22.934051,39.361859],[22.934022,39.361858],[22.934008,39.361857],[22.933988,39.361857],[22.933963,39.361858],[22.933927,39.361861],[22.933886,39.361867],[22.933828,39.361878],[22.933782,39.361888],[22.93377,39.361901],[22.933754,39.361914],[22.933728,39.361929],[22.933698,39.361941],[22.933665,39.361948],[22.933649,39.361949],[22.933626,39.361949],[22.93361,39.361948],[22.933591,39.361945],[22.933572,39.36194],[22.933552,39.361933],[22.933534,39.361925],[22.933518,39.361915],[22.933504,39.361903],[22.933494,39.361894],[22.933483,39.36188],[22.933474,39.361867],[22.933467,39.361853],[22.933462,39.361837],[22.93346,39.361812],[22.933461,39.361794],[22.933469,39.361771],[22.933477,39.361753],[22.933493,39.361734],[22.933531,39.361705],[22.933577,39.361686],[22.933617,39.361679],[22.933658,39.361679],[22.933697,39.361687],[22.933733,39.361701],[22.933764,39.361721],[22.933832,39.361724],[22.933854,39.361722],[22.933889,39.361713],[22.933917,39.3617],[22.933961,39.361676],[22.933973,39.361668],[22.933989,39.361655],[22.934004,39.361637],[22.934338,39.361158],[22.934166,39.361089],[22.933694,39.360886],[22.933627,39.360858],[22.933558,39.36083],[22.933446,39.360785],[22.933446,39.360785],[22.933371,39.360755],[22.933135,39.36066],[22.93281,39.360539],[22.93249,39.361202],[22.932356,39.361456],[22.932456,39.361492],[22.932566,39.36152]]},"properties":{"line":"5","dir":"Κεντρική Αφετηρία","mode":"bus"}},{"type":"Feature","geometry":{"type":"LineString","coordinates":[[23.048744,39.314849],[23.048651,39.314889],[23.049478,39.31631],[23.049478,39.31631],[23.049516,39.316376],[23.049556,39.316445],[23.049948,39.317103],[23.050391,39.317763],[23.050648,39.318145],[23.050692,39.318218],[23.050751,39.318373],[23.050821,39.318519],[23.050863,39.318596],[23.050897,39.318642],[23.050924,39.318669],[23.051095,39.318836],[23.051362,39.319094],[23.051789,39.319548],[23.052084,39.319919],[23.052199,39.320072],[23.052299,39.320197],[23.052363,39.320303],[23.052363,39.320303],[23.052413,39.320386],[23.052613,39.320699],[23.052805,39.321011],[23.053044,39.32146],[23.053131,39.321627],[23.053254,39.321941],[23.053304,39.322074],[23.053379,39.322212],[23.053438,39.322302],[23.053489,39.322388],[23.053489,39.322388],[23.053548,39.322486],[23.053775,39.322833],[23.053969,39.323092],[23.054296,39.32348],[23.054052,39.323868],[23.053883,39.324118],[23.053752,39.32431],[23.053603,39.324518],[23.053459,39.324687],[23.053328,39.324817],[23.053249,39.324938],[23.053173,39.325117],[23.053124,39.325238],[23.053064,39.325444],[23.053008,39.325587],[23.052982,39.325638],[23.052941,39.325688],[23.052875,39.325737],[23.052801,39.325783],[23.052801,39.325783],[23.052753,39.325813],[23.052637,39.325886],[23.05256,39.32594],[23.052511,39.325981],[23.052481,39.326024],[23.05245,39.326089],[23.05241,39.326196],[23.052359,39.326318],[23.052341,39.326359],[23.052323,39.326401],[23.052307,39.326431],[23.052254,39.326511],[23.051894,39.326944],[23.051735,39.327133],[23.051668,39.327216],[23.051585,39.32729],[23.051525,39.327337],[23.051482,39.327359],[23.051416,39.327385],[23.05134,39.327411],[23.051248,39.327434],[23.051092,39.327463],[23.050764,39.327503],[23.050557,39.327531],[23.050557,39.327531],[23.050434,39.327548],[23.050033,39.327595],[23.049766,39.327632],[23.049543,39.327668],[23.049197,39.327744],[23.048576,39.32789],[23.048382,39.327943],[23.048225,39.327996],[23.048075,39.32806],[23.047977,39.328108],[23.047791,39.328215],[23.047658,39.328287],[23.047484,39.328371],[23.047341,39.328439],[23.047136,39.328516],[23.046862,39.328607],[23.046673,39.328661],[23.046492,39.328709],[23.046305,39.328751],[23.046104,39.328788],[23.045891,39.32882],[23.045708,39.328842],[23.045513,39.328863],[23.045344,39.328884],[23.04524,39.328902],[23.045126,39.328933],[23.045004,39.328976],[23.044732,39.329087],[23.04437,39.329244],[23.043646,39.329537],[23.043465,39.329618],[23.043377,39.329656],[23.043377,39.329656],[23.042973,39.329832],[23.042834,39.329894],[23.042701,39.329963],[23.042573,39.330039],[23.042452,39.33012],[23.042338,39.330208],[23.042231,39.3303],[23.042023,39.330488],[23.041966,39.330536],[23.041904,39.33058],[23.041837,39.330619],[23.041777,39.330648],[23.041713,39.330674],[23.041677,39.330687],[23.041677,39.330687],[23.041657,39.330694],[23.041615,39.330706],[23.041528,39.330723],[23.041432,39.330735],[23.041276,39.330751],[23.041119,39.330756],[23.040963,39.330752],[23.040807,39.330738],[23.040714,39.330732],[23.040647,39.330729],[23.04058,39.330728],[23.040466,39.330729],[23.040353,39.330735],[23.039752,39.330766],[23.0397,39.330768],[23.039289,39.330797],[23.03901,39.330815],[23.03901,39.330815],[23.038245,39.330863],[23.037378,39.330911],[23.037186,39.33092],[23.037063,39.330926],[23.036947,39.330932],[23.036894,39.330934],[23.03639,39.331028],[23.036315,39.331043],[23.036315,39.331043],[23.036254,39.331055],[23.035528,39.331201],[23.035483,39.331212],[23.035444,39.331222],[23.035353,39.331257],[23.035319,39.331274],[23.035268,39.3313],[23.035217,39.331334],[23.035171,39.331371],[23.034978,39.331554],[23.034855,39.33167],[23.034785,39.331728],[23.034646,39.331812],[23.034295,39.331993],[23.034276,39.332003],[23.034105,39.332089],[23.033914,39.332186],[23.03369,39.332316],[23.033575,39.332384],[23.033513,39.332425],[23.033494,39.332442],[23.033494,39.332442],[23.033423,39.332502],[23.03328,39.332611],[23.033114,39.332739],[23.033077,39.332759],[23.033039,39.332775],[23.033,39.332787],[23.032933,39.332801],[23.032871,39.332806],[23.032813,39.332804],[23.032755,39.332796],[23.032548,39.332737],[23.032454,39.332717],[23.03237,39.3327],[23.032286,39.33269],[23.032282,39.33269],[23.032183,39.332684],[23.031417,39.332712],[23.031174,39.332705],[23.030934,39.332669],[23.030683,39.332604],[23.030473,39.33253],[23.03041,39.332499],[23.030076,39.332302],[23.030076,39.332302],[23.02993,39.332217],[23.029863,39.332183],[23.0298,39.332155],[23.029723,39.332122],[23.029631,39.33209],[23.029548,39.33207],[23.029445,39.332046],[23.029349,39.332033],[23.029264,39.332025],[23.029165,39.332022],[23.029076,39.332025],[23.028992,39.332031],[23.028874,39.332047],[23.028756,39.332068],[23.028651,39.332096],[23.028553,39.332131],[23.028437,39.332181],[23.028314,39.332237],[23.028015,39.332383],[23.027843,39.332468],[23.027731,39.3325],[23.027611,39.332517],[23.027435,39.33252],[23.026978,39.332503],[23.026552,39.3325],[23.026455,39.332499],[23.026004,39.332511],[23.0259,39.332512],[23.025789,39.332516],[23.025691,39.33252],[23.025567,39.332534],[23.025431,39.332558],[23.025295,39.332586],[23.025244,39.332594],[23.024975,39.332654],[23.024975,39.332654],[23.024963,39.332657],[23.024616,39.332737],[23.024303,39.332823],[23.024201,39.332858],[23.023998,39.332928],[23.023923,39.332963],[23.023625,39.3331],[23.022878,39.333473],[23.022398,39.333712],[23.021754,39.334057],[23.021583,39.334149],[23.021423,39.334232],[23.021338,39.334273],[23.021198,39.33434],[23.021055,39.334405],[23.020811,39.334512],[23.020787,39.334522],[23.020787,39.334522],[23.020542,39.334626],[23.020442,39.334667],[23.020258,39.33474],[23.01969,39.334951],[23.019429,39.335045],[23.019346,39.33508],[23.019203,39.335159],[23.018985,39.335303],[23.018594,39.335604],[23.018497,39.335678],[23.018353,39.335787],[23.018276,39.335845],[23.017695,39.336309],[23.0175,39.336463],[23.017461,39.336494],[23.017461,39.336494],[23.017446,39.336506],[23.017191,39.336728],[23.017039,39.33686],[23.016965,39.336909],[23.016846,39.336985],[23.016764,39.337034],[23.016704,39.337067],[23.016556,39.337139],[23.016128,39.337346],[23.015834,39.337492],[23.015376,39.337726],[23.015341,39.337774],[23.015089,39.338158],[23.014653,39.338817],[23.014225,39.339463],[23.014202,39.339497],[23.014202,39.339497],[23.014165,39.339554],[23.013785,39.340127],[23.013195,39.34102],[23.013063,39.341219],[23.012942,39.34141],[23.012789,39.341642],[23.012789,39.341642],[23.012677,39.341811],[23.012301,39.3418],[23.012124,39.341794],[23.011684,39.341786],[23.011182,39.341787],[23.010564,39.341791],[23.00997,39.341797],[23.009628,39.341798],[23.009628,39.341798],[23.009475,39.341799],[23.008891,39.341802],[23.008138,39.341802],[23.008138,39.341802],[23.008021,39.341802],[23.007221,39.3418],[23.00644,39.341802],[23.005869,39.341803],[23.005802,39.341803],[23.005802,39.341803],[23.004696,39.341803],[23.004247,39.3418],[23.003574,39.3418],[23.003508,39.34181],[23.00344,39.34183],[23.003385,39.341853],[23.003331,39.341883],[23.003284,39.341915],[23.002979,39.342156],[23.002904,39.342215],[23.002891,39.342225],[23.002891,39.342225],[23.002369,39.342629],[23.001879,39.342996],[23.001832,39.343037],[23.001785,39.343113],[23.001758,39.343234],[23.001752,39.343416],[23.001754,39.343561],[23.001754,39.343561],[23.001754,39.343575],[23.001762,39.344226],[23.000871,39.344142],[22.999884,39.34405],[22.999773,39.34404],[22.999773,39.34404],[22.999383,39.344003],[22.999242,39.343989],[22.999215,39.344131],[22.999145,39.344511],[22.999076,39.344878],[22.999053,39.345004],[22.999025,39.34519],[22.999001,39.345365],[22.998982,39.345567],[22.998982,39.345567],[22.998931,39.346105],[22.998918,39.346222],[22.998905,39.346298],[22.998889,39.346364],[22.998861,39.346443],[22.998833,39.346516],[22.998803,39.346585],[22.998765,39.346665],[22.998693,39.346785],[22.998627,39.346883],[22.998559,39.346967],[22.998489,39.347044],[22.998414,39.347114],[22.998277,39.347228],[22.998175,39.347298],[22.997973,39.34743],[22.997973,39.34743],[22.997752,39.347575],[22.99767,39.347635],[22.997614,39.347687],[22.997536,39.347776],[22.997441,39.347894],[22.997259,39.348131],[22.997099,39.34833],[22.997043,39.348396],[22.996998,39.348446],[22.996955,39.348487],[22.996909,39.348529],[22.996839,39.348582],[22.996723,39.348663],[22.996617,39.34873],[22.996495,39.348806],[22.996386,39.348869],[22.996312,39.348912],[22.996238,39.348953],[22.996161,39.34899],[22.995775,39.349158],[22.995668,39.3492],[22.995668,39.3492],[22.995305,39.349341],[22.995169,39.349402],[22.995095,39.349439],[22.995067,39.349454],[22.995024,39.34948],[22.994963,39.349524],[22.994925,39.349553],[22.994886,39.349587],[22.994842,39.349633],[22.994767,39.349718],[22.994694,39.34981],[22.994514,39.350052],[22.994377,39.350233],[22.994233,39.350395],[22.994139,39.350485],[22.994074,39.350544],[22.993984,39.350608],[22.993856,39.350702],[22.993662,39.350818],[22.993584,39.350861],[22.993584,39.350861],[22.993358,39.350985],[22.993295,39.351023],[22.993184,39.35108],[22.993072,39.351133],[22.992986,39.35117],[22.9929,39.351205],[22.992794,39.351245],[22.992558,39.351326],[22.992452,39.351359],[22.992289,39.351407],[22.992229,39.351446],[22.992181,39.351475],[22.992155,39.351492],[22.992134,39.351506],[22.992096,39.351537],[22.992065,39.351568],[22.992026,39.351619],[22.992024,39.351648],[22.992017,39.351664],[22.992012,39.351678],[22.991999,39.351697],[22.991984,39.351712],[22.991963,39.351728],[22.991945,39.351738],[22.991921,39.351747],[22.991897,39.351754],[22.991874,39.351757],[22.991845,39.351757],[22.99182,39.351755],[22.991794,39.351749],[22.991766,39.351738],[22.991745,39.351726],[22.991724,39.351711],[22.991708,39.351693],[22.991703,39.351684],[22.991695,39.351672],[22.991687,39.351651],[22.991647,39.351585],[22.991609,39.351564],[22.991558,39.351542],[22.991467,39.351521],[22.991456,39.351519],[22.991437,39.351516],[22.991345,39.351503],[22.991038,39.351503],[22.990929,39.3515],[22.990796,39.351496],[22.990541,39.351485],[22.990095,39.351468],[22.990094,39.351468],[22.989977,39.351464],[22.989593,39.351449],[22.989444,39.351442],[22.989258,39.351431],[22.988896,39.35141],[22.98872,39.351401],[22.988595,39.351399],[22.988461,39.351404],[22.988343,39.351413],[22.988205,39.351432],[22.988137,39.351441],[22.98806,39.351456],[22.987971,39.351478],[22.987834,39.351516],[22.987631,39.351574],[22.987504,39.351606],[22.987409,39.351628],[22.987342,39.35164],[22.98727,39.35165],[22.987216,39.351653],[22.987156,39.351652],[22.987089,39.351647],[22.986987,39.351638],[22.986167,39.351544],[22.986023,39.351527],[22.985072,39.351411],[22.984709,39.351365],[22.984602,39.351352],[22.984401,39.351326],[22.984246,39.351305],[22.984246,39.351305],[22.984121,39.351288],[22.983878,39.351248],[22.983661,39.351206],[22.982745,39.351009],[22.981395,39.350697],[22.980959,39.350591],[22.980514,39.350502],[22.980347,39.350459],[22.980233,39.350423],[22.98015,39.350388],[22.980021,39.35033],[22.979895,39.35026],[22.979204,39.349875],[22.979117,39.349824],[22.97906,39.349786],[22.979011,39.349752],[22.978978,39.349728],[22.978959,39.349715],[22.97893,39.349691],[22.978883,39.34964],[22.978837,39.349566],[22.978762,39.349464],[22.978713,39.349405],[22.978667,39.349346],[22.978599,39.349281],[22.978522,39.349223],[22.978455,39.349178],[22.978393,39.349147],[22.978343,39.349123],[22.978276,39.349097],[22.978225,39.349081],[22.97817,39.349065],[22.978121,39.349055],[22.978058,39.349044],[22.977994,39.349035],[22.977924,39.349028],[22.977866,39.349026],[22.977785,39.349031],[22.977625,39.349051],[22.9774,39.349095],[22.977297,39.349117],[22.977257,39.349124],[22.977195,39.349131],[22.977129,39.349135],[22.977079,39.349134],[22.97703,39.349128],[22.976975,39.349115],[22.976939,39.349104],[22.976908,39.349094],[22.976884,39.349083],[22.976855,39.34907],[22.97683,39.349058],[22.976804,39.349045],[22.976755,39.349011],[22.976729,39.348989],[22.9767,39.348961],[22.976682,39.348935],[22.976659,39.348895],[22.976644,39.348865],[22.97663,39.34883],[22.976604,39.348727],[22.976595,39.348657],[22.976575,39.348564],[22.976569,39.348519],[22.976553,39.348448],[22.976539,39.348407],[22.976514,39.348359],[22.976485,39.348311],[22.976451,39.348267],[22.976423,39.348235],[22.976389,39.348203],[22.976358,39.348178],[22.976291,39.348128],[22.976242,39.348098],[22.9762,39.348074],[22.976168,39.348057],[22.976116,39.348036],[22.976059,39.34802],[22.975982,39.348],[22.97592,39.347988],[22.975854,39.347979],[22.975777,39.347968],[22.975699,39.347963],[22.975642,39.34796],[22.975265,39.347971],[22.974845,39.347995],[22.974526,39.348002],[22.974449,39.348002],[22.974393,39.347998],[22.974339,39.347988],[22.974267,39.347973],[22.974201,39.347956],[22.974066,39.34792],[22.973874,39.34787],[22.97378,39.347847],[22.973651,39.347825],[22.97359,39.347813],[22.973526,39.347802],[22.973478,39.347794],[22.973397,39.347785],[22.973296,39.347777],[22.973163,39.347772],[22.973023,39.347768],[22.972563,39.347767],[22.972393,39.347772],[22.972313,39.347778],[22.972247,39.347786],[22.972178,39.3478],[22.972096,39.347819],[22.971996,39.347852],[22.971901,39.347888],[22.971797,39.347929],[22.971641,39.348002],[22.971521,39.348063],[22.971472,39.348087],[22.971425,39.348108],[22.971395,39.34812],[22.971355,39.348135],[22.971317,39.348147],[22.97127,39.348158],[22.971228,39.348164],[22.971193,39.348167],[22.97115,39.348168],[22.971106,39.348167],[22.971049,39.348162],[22.970994,39.348154],[22.970928,39.348145],[22.970737,39.348104],[22.970684,39.348098],[22.970632,39.348094],[22.970584,39.348091],[22.970531,39.348091],[22.970483,39.348092],[22.970431,39.348097],[22.970376,39.348106],[22.97032,39.348124],[22.970264,39.348145],[22.97022,39.348167],[22.970154,39.348207],[22.970079,39.348253],[22.969933,39.348353],[22.969878,39.348386],[22.969741,39.348462],[22.969693,39.348485],[22.969631,39.348509],[22.969534,39.348547],[22.969416,39.348592],[22.969286,39.34864],[22.969189,39.348678],[22.969082,39.348725],[22.969001,39.348765],[22.968927,39.348808],[22.968869,39.348845],[22.968795,39.348895],[22.96874,39.348937],[22.968678,39.348987],[22.968612,39.349044],[22.968561,39.349085],[22.968518,39.349116],[22.968477,39.349138],[22.968424,39.349161],[22.968369,39.34918],[22.96831,39.349197],[22.968233,39.349215],[22.968154,39.349234],[22.968075,39.349254],[22.967969,39.349289],[22.967841,39.349335],[22.967724,39.349385],[22.967645,39.349421],[22.967578,39.349455],[22.967506,39.349501],[22.96743,39.349552],[22.967352,39.349611],[22.967254,39.34969],[22.966966,39.349944],[22.966216,39.350634],[22.966171,39.350672],[22.966148,39.350694],[22.966036,39.350783],[22.965961,39.350836],[22.965919,39.350865],[22.96588,39.350891],[22.96576,39.350959],[22.965637,39.351017],[22.965546,39.351055],[22.965514,39.351066],[22.965492,39.351072],[22.965459,39.351078],[22.965419,39.351081],[22.965379,39.35108],[22.965269,39.351068],[22.965174,39.351053],[22.965174,39.351053],[22.964957,39.351018],[22.964837,39.351],[22.964741,39.350996],[22.964667,39.351005],[22.964595,39.351028],[22.964571,39.351037],[22.964541,39.35105],[22.964272,39.351184],[22.964229,39.351206],[22.964198,39.351225],[22.964164,39.35125],[22.9641,39.351309],[22.963905,39.35152],[22.963723,39.351686],[22.963256,39.352159],[22.962759,39.352632],[22.9624,39.352954],[22.9624,39.352954],[22.962023,39.353292],[22.961983,39.35333],[22.961806,39.353499],[22.961633,39.353649],[22.96146,39.353797],[22.96135,39.353874],[22.961194,39.353973],[22.960981,39.3541],[22.960398,39.354437],[22.960045,39.354645],[22.960045,39.354645],[22.959819,39.354778],[22.959538,39.354929],[22.959301,39.355054],[22.959048,39.355182],[22.958791,39.355313],[22.958661,39.355378],[22.958593,39.355411],[22.958511,39.355454],[22.958511,39.355454],[22.958001,39.35572],[22.957449,39.355988],[22.957081,39.356172],[22.956803,39.356312],[22.956214,39.356599],[22.956214,39.356599],[22.956115,39.356647],[22.955499,39.356958],[22.954999,39.357217],[22.95447,39.357477],[22.954253,39.357584],[22.954253,39.357584],[22.95394,39.357738],[22.953725,39.357843],[22.953504,39.357953],[22.953453,39.357979],[22.953069,39.358169],[22.952811,39.358301],[22.95254,39.35843],[22.952202,39.358581],[22.952025,39.35844],[22.951671,39.358023],[22.951111,39.358271],[22.950885,39.358384],[22.950885,39.358384],[22.950337,39.358669],[22.950108,39.358791],[22.949929,39.358887],[22.949629,39.359033],[22.949506,39.359094],[22.949506,39.359094],[22.949374,39.359159],[22.948884,39.359403],[22.948697,39.359498],[22.948489,39.359604],[22.948212,39.359741],[22.947967,39.359861],[22.947734,39.359974],[22.94747,39.360103],[22.947316,39.36018],[22.947316,39.36018],[22.947201,39.360238],[22.94699,39.360347],[22.946717,39.36049],[22.946308,39.360713],[22.946057,39.360844],[22.945704,39.361032],[22.94544,39.36117],[22.945349,39.361217],[22.945213,39.361285],[22.944998,39.361393],[22.944967,39.361408],[22.944902,39.36144],[22.944831,39.361474],[22.944727,39.361522],[22.944474,39.361636],[22.94418,39.361768],[22.943968,39.361858],[22.943703,39.361971],[22.943516,39.36205],[22.943507,39.362054],[22.943338,39.362126],[22.943099,39.362222],[22.943042,39.362244],[22.943004,39.362256],[22.942955,39.362269],[22.942902,39.362279],[22.942854,39.362286],[22.942794,39.362293],[22.942714,39.362283],[22.942634,39.36228],[22.94253,39.36228],[22.942488,39.362281],[22.942463,39.362281],[22.942437,39.362282],[22.942408,39.362282],[22.942386,39.362283],[22.942357,39.362286],[22.942333,39.36229],[22.942311,39.362294],[22.942289,39.3623],[22.942274,39.362305],[22.942246,39.362316],[22.942219,39.362329],[22.942193,39.362345],[22.94218,39.362359],[22.942164,39.362372],[22.942147,39.362384],[22.942122,39.362397],[22.942095,39.362407],[22.942067,39.362414],[22.942037,39.362418],[22.942007,39.362418],[22.941977,39.362415],[22.941949,39.362408],[22.941921,39.362398],[22.941896,39.362386],[22.941874,39.36237],[22.941855,39.362353],[22.941799,39.362341],[22.941768,39.362334],[22.941738,39.362329],[22.9417,39.362322],[22.941671,39.362317],[22.94165,39.362314],[22.941613,39.362309],[22.941591,39.362307],[22.941555,39.362305],[22.941472,39.362305],[22.941393,39.362307],[22.941306,39.362308],[22.941114,39.362308],[22.940391,39.362307],[22.940258,39.362306],[22.939962,39.362306],[22.939962,39.362306],[22.938648,39.362303],[22.938618,39.362304],[22.938591,39.362306],[22.938559,39.362311],[22.938529,39.362318],[22.938467,39.362337],[22.938455,39.362351],[22.938443,39.362362],[22.938418,39.36238],[22.938396,39.362391],[22.938375,39.3624],[22.938328,39.362412],[22.938293,39.362415],[22.938257,39.362413],[22.938232,39.362409],[22.938206,39.362403],[22.938177,39.362391],[22.938147,39.362374],[22.938063,39.362358],[22.938014,39.362352],[22.937952,39.362348],[22.93787,39.362348],[22.937783,39.362359],[22.937667,39.362367],[22.937546,39.36237],[22.93738,39.362403],[22.93729,39.362416],[22.937164,39.362438],[22.936768,39.362517],[22.936719,39.362526],[22.936683,39.362531],[22.936643,39.362535],[22.936608,39.362537],[22.936533,39.362538],[22.936487,39.362538],[22.936447,39.362537],[22.936398,39.362535],[22.936357,39.362532],[22.936289,39.362526],[22.936223,39.362518],[22.936142,39.362506],[22.936112,39.3625],[22.936077,39.362492],[22.936045,39.362483],[22.93603,39.362478],[22.936005,39.36247],[22.935752,39.362383],[22.935365,39.362254],[22.935147,39.362183],[22.935082,39.362161],[22.934935,39.362112],[22.934935,39.362112],[22.934766,39.362057],[22.934565,39.362001],[22.934181,39.361874],[22.934131,39.361867],[22.93409,39.361862],[22.934051,39.361859],[22.934022,39.361858],[22.934008,39.361857],[22.933988,39.361857],[22.933963,39.361858],[22.933927,39.361861],[22.933886,39.361867],[22.933828,39.361878],[22.933782,39.361888],[22.93377,39.361901],[22.933754,39.361914],[22.933728,39.361929],[22.933698,39.361941],[22.933665,39.361948],[22.933649,39.361949],[22.933626,39.361949],[22.93361,39.361948],[22.933591,39.361945],[22.933572,39.36194],[22.933552,39.361933],[22.933534,39.361925],[22.933518,39.361915],[22.933504,39.361903],[22.933494,39.361894],[22.933483,39.36188],[22.933474,39.361867],[22.933467,39.361853],[22.933462,39.361837],[22.93346,39.361812],[22.933461,39.361794],[22.933469,39.361771],[22.933477,39.361753],[22.933493,39.361734],[22.933531,39.361705],[22.933577,39.361686],[22.933617,39.361679],[22.933658,39.361679],[22.933697,39.361687],[22.933733,39.361701],[22.933764,39.361721],[22.933832,39.361724],[22.933854,39.361722],[22.933889,39.361713],[22.933917,39.3617],[22.933961,39.361676],[22.933973,39.361668],[22.933989,39.361655],[22.934004,39.361637],[22.934338,39.361158],[22.934166,39.361089],[22.933694,39.360886],[22.933627,39.360858],[22.933558,39.36083],[22.933446,39.360785],[22.933446,39.360785],[22.932813,39.360539],[22.932488,39.361215],[22.932377,39.361465],[22.932461,39.36149],[22.932566,39.361516]]},"properties":{"line":"5","dir":"Κεντρική Αφετηρία","mode":"bus"}},{"type":"Feature","geometry":{"type":"LineString","coordinates":[[22.932609,39.36152],[22.932656,39.361527],[22.932702,39.36153],[22.932754,39.361532],[22.93278,39.36153],[22.9328,39.361528],[22.932828,39.36152],[22.932845,39.361512],[22.932861,39.361499],[22.932874,39.361486],[22.932891,39.361462],[22.93294,39.36137],[22.933206,39.36147],[22.933241,39.361484],[22.933315,39.361522],[22.933469,39.361613],[22.933577,39.361686],[22.933617,39.361679],[22.933658,39.361679],[22.933697,39.361687],[22.933733,39.361701],[22.933764,39.361721],[22.933775,39.361732],[22.93379,39.361749],[22.933849,39.361756],[22.933923,39.361766],[22.933971,39.361775],[22.934033,39.361787],[22.934083,39.361798],[22.934128,39.361811],[22.934148,39.361817],[22.934164,39.361823],[22.934585,39.361966],[22.934766,39.362057],[22.935082,39.362161],[22.93513,39.362177],[22.93513,39.362177],[22.935147,39.362183],[22.935365,39.362254],[22.935752,39.362383],[22.936005,39.36247],[22.93603,39.362478],[22.936045,39.362483],[22.936077,39.362492],[22.936112,39.3625],[22.936142,39.362506],[22.936223,39.362518],[22.936289,39.362526],[22.936357,39.362532],[22.936398,39.362535],[22.936447,39.362537],[22.936487,39.362538],[22.936533,39.362538],[22.936608,39.362537],[22.936643,39.362535],[22.936683,39.362531],[22.936719,39.362526],[22.936768,39.362517],[22.937164,39.362438],[22.93729,39.362416],[22.93738,39.362403],[22.937546,39.36237],[22.93761,39.36233],[22.937657,39.362313],[22.937687,39.362306],[22.937756,39.362289],[22.93793,39.362256],[22.937966,39.362249],[22.937998,39.36224],[22.938041,39.362226],[22.93808,39.362211],[22.938087,39.362193],[22.9381,39.362171],[22.938117,39.362151],[22.938137,39.362133],[22.938161,39.362117],[22.93819,39.362104],[22.938214,39.362096],[22.938241,39.36209],[22.938245,39.362089],[22.93828,39.362086],[22.938316,39.362087],[22.938345,39.362092],[22.938374,39.3621],[22.938394,39.362108],[22.938414,39.362119],[22.938435,39.362133],[22.938444,39.36214],[22.938454,39.362149],[22.938467,39.362163],[22.93855,39.362173],[22.938648,39.362179],[22.939801,39.362174],[22.939801,39.362174],[22.940256,39.362172],[22.941279,39.362168],[22.941326,39.362174],[22.941358,39.362177],[22.9414,39.36218],[22.941449,39.362183],[22.941524,39.362185],[22.941663,39.362182],[22.941687,39.36218],[22.941719,39.362176],[22.941751,39.362171],[22.941777,39.362166],[22.941804,39.36216],[22.941824,39.362155],[22.94184,39.36215],[22.941874,39.36214],[22.941889,39.362134],[22.941909,39.362127],[22.941932,39.362117],[22.941957,39.362109],[22.941984,39.362096],[22.942003,39.362083],[22.942018,39.362073],[22.942036,39.362057],[22.942056,39.362037],[22.942083,39.362009],[22.942117,39.361969],[22.94214,39.361939],[22.942159,39.361912],[22.942182,39.361882],[22.942214,39.361843],[22.942231,39.361827],[22.942249,39.361811],[22.942265,39.361798],[22.942288,39.361778],[22.942316,39.361755],[22.942358,39.361723],[22.942411,39.361683],[22.942505,39.361622],[22.942616,39.361588],[22.942747,39.361553],[22.942835,39.361531],[22.943158,39.361451],[22.943267,39.361425],[22.943314,39.361411],[22.943342,39.361402],[22.943342,39.361402],[22.943357,39.361397],[22.943755,39.361215],[22.944049,39.361081],[22.944534,39.360858],[22.944789,39.360741],[22.94499,39.360649],[22.945287,39.360512],[22.945623,39.360358],[22.945886,39.360239],[22.946297,39.360045],[22.947095,39.359661],[22.947106,39.359656],[22.947106,39.359656],[22.947374,39.359527],[22.947596,39.359421],[22.947796,39.359325],[22.948126,39.359168],[22.948295,39.359088],[22.948315,39.359079],[22.948315,39.359079],[22.948524,39.358979],[22.949009,39.35875],[22.949621,39.358462],[22.950249,39.358158],[22.950813,39.357884],[22.95118,39.357699],[22.951208,39.35769],[22.951236,39.357683],[22.951264,39.357679],[22.951294,39.357676],[22.951321,39.357675],[22.951346,39.357675],[22.95137,39.357676],[22.951391,39.357678],[22.951416,39.357682],[22.951438,39.357687],[22.95146,39.357695],[22.951483,39.357707],[22.951508,39.357727],[22.951512,39.357732],[22.951612,39.357843],[22.951612,39.357843],[22.951692,39.357932],[22.951715,39.357959],[22.952123,39.358467],[22.95216,39.358503],[22.9522,39.35852],[22.952243,39.358525],[22.952304,39.358516],[22.952362,39.358499],[22.952699,39.358327],[22.952811,39.358301],[22.953043,39.358182],[22.953043,39.358182],[22.953069,39.358169],[22.953453,39.357979],[22.953504,39.357953],[22.953725,39.357843],[22.95394,39.357738],[22.95447,39.357477],[22.954999,39.357217],[22.955499,39.356958],[22.955944,39.356733],[22.955944,39.356733],[22.956115,39.356647],[22.956803,39.356312],[22.957081,39.356172],[22.957449,39.355988],[22.958001,39.35572],[22.958593,39.355411],[22.958661,39.355378],[22.958791,39.355313],[22.958798,39.355309],[22.959048,39.355182],[22.959301,39.355054],[22.959538,39.354929],[22.959819,39.354778],[22.960398,39.354437],[22.960981,39.3541],[22.961194,39.353973],[22.96135,39.353874],[22.96146,39.353797],[22.961633,39.353649],[22.961806,39.353499],[22.961983,39.35333],[22.962023,39.353292],[22.96235,39.352999],[22.96235,39.352999],[22.962759,39.352632],[22.963256,39.352159],[22.963723,39.351686],[22.963905,39.35152],[22.9641,39.351309],[22.964164,39.35125],[22.964198,39.351225],[22.964229,39.351206],[22.964272,39.351184],[22.964541,39.35105],[22.964571,39.351037],[22.964595,39.351028],[22.964667,39.351005],[22.964741,39.350996],[22.964837,39.351],[22.964957,39.351018],[22.965199,39.351057],[22.965269,39.351068],[22.965347,39.351077],[22.965347,39.351077],[22.965379,39.35108],[22.965419,39.351081],[22.965459,39.351078],[22.965492,39.351072],[22.965514,39.351066],[22.965546,39.351055],[22.965637,39.351017],[22.96576,39.350959],[22.96588,39.350891],[22.965919,39.350865],[22.965961,39.350836],[22.966036,39.350783],[22.966148,39.350694],[22.966171,39.350672],[22.966216,39.350634],[22.966966,39.349944],[22.967254,39.34969],[22.967352,39.349611],[22.96743,39.349552],[22.967506,39.349501],[22.967578,39.349455],[22.967645,39.349421],[22.967724,39.349385],[22.967841,39.349335],[22.967969,39.349289],[22.968075,39.349254],[22.968154,39.349234],[22.968233,39.349215],[22.96831,39.349197],[22.968369,39.34918],[22.968424,39.349161],[22.968477,39.349138],[22.968518,39.349116],[22.968561,39.349085],[22.968612,39.349044],[22.968678,39.348987],[22.96874,39.348937],[22.968795,39.348895],[22.968869,39.348845],[22.968927,39.348808],[22.969001,39.348765],[22.969082,39.348725],[22.969189,39.348678],[22.969286,39.34864],[22.969416,39.348592],[22.969534,39.348547],[22.969631,39.348509],[22.969693,39.348485],[22.969741,39.348462],[22.969878,39.348386],[22.969933,39.348353],[22.970079,39.348253],[22.970154,39.348207],[22.97022,39.348167],[22.970264,39.348145],[22.97032,39.348124],[22.970376,39.348106],[22.970431,39.348097],[22.970483,39.348092],[22.970531,39.348091],[22.970584,39.348091],[22.970632,39.348094],[22.970684,39.348098],[22.970737,39.348104],[22.970928,39.348145],[22.970994,39.348154],[22.971049,39.348162],[22.971106,39.348167],[22.97115,39.348168],[22.971193,39.348167],[22.971228,39.348164],[22.97127,39.348158],[22.971317,39.348147],[22.971355,39.348135],[22.971395,39.34812],[22.971425,39.348108],[22.971472,39.348087],[22.971521,39.348063],[22.971641,39.348002],[22.971797,39.347929],[22.971901,39.347888],[22.971996,39.347852],[22.972096,39.347819],[22.972178,39.3478],[22.972247,39.347786],[22.972313,39.347778],[22.972393,39.347772],[22.972563,39.347767],[22.973023,39.347768],[22.973163,39.347772],[22.973296,39.347777],[22.973397,39.347785],[22.973478,39.347794],[22.973526,39.347802],[22.97359,39.347813],[22.973651,39.347825],[22.97378,39.347847],[22.973874,39.34787],[22.974066,39.34792],[22.974201,39.347956],[22.974267,39.347973],[22.974339,39.347988],[22.974393,39.347998],[22.974449,39.348002],[22.974526,39.348002],[22.974845,39.347995],[22.975265,39.347971],[22.975642,39.34796],[22.975699,39.347963],[22.975777,39.347968],[22.975854,39.347979],[22.97592,39.347988],[22.975982,39.348],[22.976059,39.34802],[22.976116,39.348036],[22.976168,39.348057],[22.9762,39.348074],[22.976242,39.348098],[22.976291,39.348128],[22.976358,39.348178],[22.976389,39.348203],[22.976423,39.348235],[22.976451,39.348267],[22.976485,39.348311],[22.976514,39.348359],[22.976539,39.348407],[22.976553,39.348448],[22.976569,39.348519],[22.976575,39.348564],[22.976595,39.348657],[22.976604,39.348727],[22.97663,39.34883],[22.976644,39.348865],[22.976659,39.348895],[22.976682,39.348935],[22.9767,39.348961],[22.976729,39.348989],[22.976755,39.349011],[22.976804,39.349045],[22.97683,39.349058],[22.976855,39.34907],[22.976884,39.349083],[22.976908,39.349094],[22.976939,39.349104],[22.976975,39.349115],[22.97703,39.349128],[22.977079,39.349134],[22.977129,39.349135],[22.977195,39.349131],[22.977257,39.349124],[22.977297,39.349117],[22.9774,39.349095],[22.977625,39.349051],[22.977785,39.349031],[22.977866,39.349026],[22.977924,39.349028],[22.977994,39.349035],[22.978058,39.349044],[22.978121,39.349055],[22.97817,39.349065],[22.978225,39.349081],[22.978276,39.349097],[22.978343,39.349123],[22.978393,39.349147],[22.978455,39.349178],[22.978522,39.349223],[22.978599,39.349281],[22.978667,39.349346],[22.978713,39.349405],[22.978762,39.349464],[22.978837,39.349566],[22.978883,39.34964],[22.97893,39.349691],[22.978959,39.349715],[22.978978,39.349728],[22.979011,39.349752],[22.97906,39.349786],[22.979117,39.349824],[22.979204,39.349875],[22.979895,39.35026],[22.980021,39.35033],[22.98015,39.350388],[22.980233,39.350423],[22.980347,39.350459],[22.980514,39.350502],[22.980959,39.350591],[22.981395,39.350697],[22.982745,39.351009],[22.983661,39.351206],[22.983878,39.351248],[22.984121,39.351288],[22.984149,39.351292],[22.984149,39.351292],[22.984401,39.351326],[22.984602,39.351352],[22.984709,39.351365],[22.985072,39.351411],[22.986023,39.351527],[22.986167,39.351544],[22.986987,39.351638],[22.987089,39.351647],[22.987156,39.351652],[22.987216,39.351653],[22.98727,39.35165],[22.987342,39.35164],[22.987409,39.351628],[22.987504,39.351606],[22.987631,39.351574],[22.987834,39.351516],[22.987971,39.351478],[22.98806,39.351456],[22.988137,39.351441],[22.988205,39.351432],[22.988343,39.351413],[22.988461,39.351404],[22.988595,39.351399],[22.98872,39.351401],[22.988896,39.35141],[22.989258,39.351431],[22.989444,39.351442],[22.989593,39.351449],[22.989977,39.351464],[22.99006,39.351467],[22.99006,39.351467],[22.990095,39.351468],[22.990541,39.351485],[22.990796,39.351496],[22.990929,39.3515],[22.991038,39.351503],[22.991345,39.351503],[22.991575,39.351492],[22.991677,39.351486],[22.991836,39.351494],[22.991947,39.35146],[22.99198,39.351456],[22.992032,39.351446],[22.992081,39.351432],[22.992135,39.351418],[22.992188,39.35141],[22.992233,39.351407],[22.992289,39.351407],[22.992452,39.351359],[22.992558,39.351326],[22.992794,39.351245],[22.9929,39.351205],[22.992986,39.35117],[22.993072,39.351133],[22.993184,39.35108],[22.993295,39.351023],[22.993358,39.350985],[22.993568,39.35087],[22.993568,39.35087],[22.993662,39.350818],[22.993856,39.350702],[22.993984,39.350608],[22.994074,39.350544],[22.994139,39.350485],[22.994233,39.350395],[22.994377,39.350233],[22.994514,39.350052],[22.994694,39.34981],[22.994767,39.349718],[22.994842,39.349633],[22.994886,39.349587],[22.994925,39.349553],[22.994963,39.349524],[22.995024,39.34948],[22.995067,39.349454],[22.995095,39.349439],[22.995169,39.349402],[22.995305,39.349341],[22.995718,39.34918],[22.995718,39.34918],[22.995775,39.349158],[22.996161,39.34899],[22.996238,39.348953],[22.996312,39.348912],[22.996386,39.348869],[22.996495,39.348806],[22.996617,39.34873],[22.996723,39.348663],[22.996839,39.348582],[22.996909,39.348529],[22.996955,39.348487],[22.996998,39.348446],[22.997043,39.348396],[22.997099,39.34833],[22.997259,39.348131],[22.997441,39.347894],[22.997536,39.347776],[22.997614,39.347687],[22.99767,39.347635],[22.997752,39.347575],[22.997976,39.347428],[22.997976,39.347428],[22.998175,39.347298],[22.998277,39.347228],[22.998414,39.347114],[22.998489,39.347044],[22.998559,39.346967],[22.998627,39.346883],[22.998693,39.346785],[22.998765,39.346665],[22.998803,39.346585],[22.998833,39.346516],[22.998861,39.346443],[22.998889,39.346364],[22.998905,39.346298],[22.998918,39.346222],[22.998931,39.346105],[22.998984,39.345547],[22.998984,39.345547],[22.999001,39.345365],[22.999025,39.34519],[22.999053,39.345004],[22.999076,39.344878],[22.999145,39.344511],[22.999215,39.344131],[22.999242,39.343989],[22.999289,39.343737],[22.999328,39.343591],[22.9994,39.343371],[22.99943,39.343299],[22.999656,39.34289],[22.999847,39.342612],[22.999973,39.342491],[23.000128,39.342401],[23.00033,39.342317],[23.00047,39.342286],[23.000541,39.342272],[23.000633,39.342255],[23.001379,39.342155],[23.001545,39.342118],[23.001674,39.342074],[23.001794,39.342],[23.00221,39.341685],[23.00221,39.341685],[23.002282,39.341631],[23.002625,39.341364],[23.00271,39.341296],[23.002747,39.341252],[23.002806,39.341184],[23.002889,39.34105],[23.002939,39.340924],[23.00298,39.340802],[23.003056,39.34064],[23.003145,39.34051],[23.003291,39.34035],[23.003432,39.340254],[23.003554,39.340192],[23.003626,39.340167],[23.003659,39.340159],[23.003747,39.340136],[23.003813,39.340119],[23.004263,39.340042],[23.004813,39.339958],[23.004901,39.339946],[23.005029,39.339931],[23.005134,39.339921],[23.005194,39.339917],[23.005279,39.339915],[23.005764,39.339913],[23.005867,39.339914],[23.005867,39.339914],[23.006445,39.33992],[23.00665,39.339922],[23.006935,39.339924],[23.007171,39.33993],[23.007288,39.339934],[23.007438,39.339945],[23.007926,39.339985],[23.008171,39.340006],[23.008171,39.340006],[23.0082,39.340009],[23.008453,39.340028],[23.008623,39.340039],[23.008892,39.34005],[23.009016,39.340053],[23.009127,39.340052],[23.009239,39.34005],[23.009398,39.340042],[23.009601,39.340026],[23.00979,39.340002],[23.010088,39.339956],[23.010185,39.339939],[23.010185,39.339939],[23.010302,39.339919],[23.010486,39.339885],[23.01074,39.339842],[23.010839,39.339824],[23.010898,39.33981],[23.010969,39.33979],[23.011029,39.33977],[23.011087,39.339746],[23.011144,39.339717],[23.011245,39.339652],[23.011352,39.339577],[23.011443,39.339509],[23.011533,39.339433],[23.011663,39.339324],[23.011905,39.339105],[23.01199,39.339023],[23.012045,39.338976],[23.012097,39.338932],[23.012145,39.338902],[23.012194,39.338878],[23.012257,39.338855],[23.012338,39.338832],[23.012424,39.338813],[23.012516,39.338796],[23.013185,39.338684],[23.013344,39.338654],[23.013457,39.338625],[23.013568,39.338595],[23.013702,39.338552],[23.013776,39.338526],[23.013874,39.338483],[23.013824,39.338404],[23.013824,39.338404],[23.013874,39.338483],[23.014008,39.338419],[23.014556,39.33813],[23.014702,39.338055],[23.014914,39.337941],[23.015376,39.337726],[23.015834,39.337492],[23.016128,39.337346],[23.016556,39.337139],[23.016704,39.337067],[23.016764,39.337034],[23.016846,39.336985],[23.016965,39.336909],[23.017039,39.33686],[23.017191,39.336728],[23.017446,39.336506],[23.017336,39.336445],[23.017336,39.336445],[23.017446,39.336506],[23.0175,39.336463],[23.017695,39.336309],[23.018276,39.335845],[23.018353,39.335787],[23.018497,39.335678],[23.018594,39.335604],[23.018985,39.335303],[23.019203,39.335159],[23.019346,39.33508],[23.019429,39.335045],[23.01969,39.334951],[23.020258,39.33474],[23.020442,39.334667],[23.020542,39.334626],[23.020767,39.334531],[23.020767,39.334531],[23.020811,39.334512],[23.021055,39.334405],[23.021198,39.33434],[23.021338,39.334273],[23.021423,39.334232],[23.021583,39.334149],[23.021754,39.334057],[23.022398,39.333712],[23.022878,39.333473],[23.023625,39.3331],[23.023923,39.332963],[23.023998,39.332928],[23.024201,39.332858],[23.024303,39.332823],[23.024616,39.332737],[23.024963,39.332657],[23.025244,39.332594],[23.025295,39.332586],[23.025358,39.332573],[23.025358,39.332573],[23.025431,39.332558],[23.025567,39.332534],[23.025691,39.33252],[23.025789,39.332516],[23.0259,39.332512],[23.026004,39.332511],[23.026455,39.332499],[23.026552,39.3325],[23.026978,39.332503],[23.027435,39.33252],[23.027611,39.332517],[23.027731,39.3325],[23.027843,39.332468],[23.028015,39.332383],[23.028314,39.332237],[23.028437,39.332181],[23.028553,39.332131],[23.028651,39.332096],[23.028756,39.332068],[23.028874,39.332047],[23.028992,39.332031],[23.029076,39.332025],[23.029165,39.332022],[23.029264,39.332025],[23.029349,39.332033],[23.029445,39.332046],[23.029548,39.33207],[23.029631,39.33209],[23.029723,39.332122],[23.0298,39.332155],[23.029863,39.332183],[23.02993,39.332217],[23.029952,39.33223],[23.029952,39.33223],[23.03041,39.332499],[23.030473,39.33253],[23.030683,39.332604],[23.030934,39.332669],[23.031174,39.332705],[23.031417,39.332712],[23.032183,39.332684],[23.032282,39.33269],[23.032286,39.33269],[23.03237,39.3327],[23.032454,39.332717],[23.032548,39.332737],[23.032755,39.332796],[23.032813,39.332804],[23.032871,39.332806],[23.032933,39.332801],[23.033,39.332787],[23.033039,39.332775],[23.033077,39.332759],[23.033114,39.332739],[23.03328,39.332611],[23.033423,39.332502],[23.033513,39.332425],[23.033575,39.332384],[23.033592,39.332374],[23.033592,39.332374],[23.03369,39.332316],[23.033914,39.332186],[23.034105,39.332089],[23.034276,39.332003],[23.034295,39.331993],[23.034646,39.331812],[23.034785,39.331728],[23.034855,39.33167],[23.034978,39.331554],[23.035171,39.331371],[23.035217,39.331334],[23.035268,39.3313],[23.035319,39.331274],[23.035353,39.331257],[23.035444,39.331222],[23.035483,39.331212],[23.035528,39.331201],[23.036254,39.331055],[23.036262,39.331053],[23.03639,39.331028],[23.036894,39.330934],[23.037065,39.330886],[23.037131,39.330862],[23.037184,39.33084],[23.03725,39.33081],[23.037346,39.330762],[23.037432,39.330721],[23.037525,39.33068],[23.037584,39.330659],[23.037635,39.330645],[23.037727,39.330627],[23.037772,39.33062],[23.037909,39.330608],[23.038211,39.330586],[23.03832,39.330575],[23.038776,39.330538],[23.039038,39.330517],[23.039038,39.330517],[23.039479,39.330481],[23.039629,39.330469],[23.039736,39.330461],[23.03981,39.330456],[23.039857,39.330456],[23.039896,39.330461],[23.039958,39.330471],[23.039996,39.330481],[23.040064,39.330501],[23.040133,39.330524],[23.040233,39.330565],[23.040385,39.33063],[23.040487,39.330666],[23.040573,39.330692],[23.04065,39.330711],[23.040713,39.330722],[23.040807,39.330738],[23.040963,39.330752],[23.041119,39.330756],[23.041276,39.330751],[23.041432,39.330735],[23.041528,39.330723],[23.041615,39.330706],[23.041657,39.330694],[23.041677,39.330687],[23.041677,39.330687],[23.041713,39.330674],[23.041777,39.330648],[23.041837,39.330619],[23.041904,39.33058],[23.041966,39.330536],[23.042023,39.330488],[23.042231,39.3303],[23.042338,39.330208],[23.042452,39.33012],[23.042573,39.330039],[23.042701,39.329963],[23.042834,39.329894],[23.042973,39.329832],[23.043429,39.329634],[23.043429,39.329634],[23.043646,39.329537],[23.04437,39.329244],[23.044732,39.329087],[23.045004,39.328976],[23.045126,39.328933],[23.04524,39.328902],[23.045344,39.328884],[23.045513,39.328863],[23.045708,39.328842],[23.045891,39.32882],[23.046104,39.328788],[23.046305,39.328751],[23.046492,39.328709],[23.046673,39.328661],[23.046862,39.328607],[23.047136,39.328516],[23.047341,39.328439],[23.047484,39.328371],[23.047658,39.328287],[23.047791,39.328215],[23.047977,39.328108],[23.048075,39.32806],[23.048225,39.327996],[23.048382,39.327943],[23.048576,39.32789],[23.049197,39.327744],[23.049543,39.327668],[23.049766,39.327632],[23.050033,39.327595],[23.050434,39.327548],[23.050556,39.327531],[23.050556,39.327531],[23.050764,39.327503],[23.051092,39.327463],[23.051248,39.327434],[23.05134,39.327411],[23.051416,39.327385],[23.051482,39.327359],[23.051525,39.327337],[23.051585,39.32729],[23.051668,39.327216],[23.051735,39.327133],[23.051894,39.326944],[23.052254,39.326511],[23.052307,39.326431],[23.052323,39.326401],[23.052341,39.326359],[23.052359,39.326318],[23.05241,39.326196],[23.05245,39.326089],[23.052481,39.326024],[23.052511,39.325981],[23.05256,39.32594],[23.052637,39.325886],[23.052753,39.325813],[23.052854,39.32575],[23.052854,39.32575],[23.052875,39.325737],[23.052941,39.325688],[23.05303,39.325763],[23.053199,39.325905],[23.053326,39.326018],[23.053519,39.326174],[23.053826,39.326388],[23.053972,39.32649],[23.054042,39.326576],[23.05407,39.326689],[23.054082,39.326871],[23.054087,39.327011],[23.054114,39.327163],[23.054181,39.327409],[23.054254,39.327635],[23.054296,39.327802],[23.054308,39.327904],[23.054306,39.328195],[23.054307,39.328224],[23.054307,39.328224],[23.054314,39.328363],[23.054321,39.328414],[23.054341,39.328458],[23.05444,39.328508],[23.054507,39.328516],[23.054588,39.328504],[23.054659,39.32846],[23.054763,39.328354],[23.05488,39.328236],[23.055025,39.328107],[23.055065,39.328073],[23.055065,39.328073],[23.055172,39.32798],[23.055354,39.327841],[23.055437,39.327794],[23.055576,39.327761],[23.055775,39.327703],[23.055892,39.327678],[23.056041,39.327639],[23.056163,39.327606],[23.056282,39.327591],[23.056548,39.327579],[23.056905,39.327567],[23.057224,39.327574],[23.05732,39.327578],[23.057424,39.327587],[23.057482,39.327624],[23.057567,39.32768],[23.057656,39.327775],[23.057724,39.327861],[23.057771,39.327931],[23.057819,39.328032],[23.057912,39.328221],[23.057998,39.328408],[23.058087,39.328598],[23.058106,39.328635],[23.058139,39.328689],[23.057926,39.328828]]},"properties":{"line":"5","dir":"Τέρμα Λεχώνια","mode":"bus"}},{"type":"Feature","geometry":{"type":"LineString","coordinates":[[22.932609,39.36152],[22.932656,39.361527],[22.932702,39.36153],[22.932754,39.361532],[22.93278,39.36153],[22.9328,39.361528],[22.932828,39.36152],[22.932845,39.361512],[22.932861,39.361499],[22.932874,39.361486],[22.932891,39.361462],[22.93294,39.36137],[22.933206,39.36147],[22.933241,39.361484],[22.933315,39.361522],[22.933469,39.361613],[22.933577,39.361686],[22.933617,39.361679],[22.933658,39.361679],[22.933697,39.361687],[22.933733,39.361701],[22.933764,39.361721],[22.933775,39.361732],[22.93379,39.361749],[22.933849,39.361756],[22.933923,39.361766],[22.933971,39.361775],[22.934033,39.361787],[22.934083,39.361798],[22.934128,39.361811],[22.934148,39.361817],[22.934164,39.361823],[22.934585,39.361966],[22.934766,39.362057],[22.935082,39.362161],[22.93513,39.362177],[22.93513,39.362177],[22.935147,39.362183],[22.935365,39.362254],[22.935752,39.362383],[22.936005,39.36247],[22.93603,39.362478],[22.936045,39.362483],[22.936077,39.362492],[22.936112,39.3625],[22.936142,39.362506],[22.936223,39.362518],[22.936289,39.362526],[22.936357,39.362532],[22.936398,39.362535],[22.936447,39.362537],[22.936487,39.362538],[22.936533,39.362538],[22.936608,39.362537],[22.936643,39.362535],[22.936683,39.362531],[22.936719,39.362526],[22.936768,39.362517],[22.937164,39.362438],[22.93729,39.362416],[22.93738,39.362403],[22.937546,39.36237],[22.93761,39.36233],[22.937657,39.362313],[22.937687,39.362306],[22.937756,39.362289],[22.93793,39.362256],[22.937966,39.362249],[22.937998,39.36224],[22.938041,39.362226],[22.93808,39.362211],[22.938087,39.362193],[22.9381,39.362171],[22.938117,39.362151],[22.938137,39.362133],[22.938161,39.362117],[22.93819,39.362104],[22.938214,39.362096],[22.938241,39.36209],[22.938245,39.362089],[22.93828,39.362086],[22.938316,39.362087],[22.938345,39.362092],[22.938374,39.3621],[22.938394,39.362108],[22.938414,39.362119],[22.938435,39.362133],[22.938444,39.36214],[22.938454,39.362149],[22.938467,39.362163],[22.93855,39.362173],[22.938648,39.362179],[22.939801,39.362174],[22.939801,39.362174],[22.940256,39.362172],[22.941279,39.362168],[22.941326,39.362174],[22.941358,39.362177],[22.9414,39.36218],[22.941449,39.362183],[22.941524,39.362185],[22.941663,39.362182],[22.941687,39.36218],[22.941719,39.362176],[22.941751,39.362171],[22.941777,39.362166],[22.941804,39.36216],[22.941824,39.362155],[22.94184,39.36215],[22.941874,39.36214],[22.941889,39.362134],[22.941909,39.362127],[22.941932,39.362117],[22.941957,39.362109],[22.941984,39.362096],[22.942003,39.362083],[22.942018,39.362073],[22.942036,39.362057],[22.942056,39.362037],[22.942083,39.362009],[22.942117,39.361969],[22.94214,39.361939],[22.942159,39.361912],[22.942182,39.361882],[22.942214,39.361843],[22.942231,39.361827],[22.942249,39.361811],[22.942265,39.361798],[22.942288,39.361778],[22.942316,39.361755],[22.942358,39.361723],[22.942411,39.361683],[22.942505,39.361622],[22.942616,39.361588],[22.942747,39.361553],[22.942835,39.361531],[22.943158,39.361451],[22.943267,39.361425],[22.943314,39.361411],[22.943342,39.361402],[22.943342,39.361402],[22.943357,39.361397],[22.943755,39.361215],[22.944049,39.361081],[22.944534,39.360858],[22.944789,39.360741],[22.94499,39.360649],[22.945287,39.360512],[22.945623,39.360358],[22.945886,39.360239],[22.946297,39.360045],[22.947095,39.359661],[22.947106,39.359656],[22.947106,39.359656],[22.947374,39.359527],[22.947596,39.359421],[22.947796,39.359325],[22.948126,39.359168],[22.948295,39.359088],[22.948315,39.359079],[22.948315,39.359079],[22.948524,39.358979],[22.949009,39.35875],[22.949621,39.358462],[22.950249,39.358158],[22.950813,39.357884],[22.95118,39.357699],[22.951208,39.35769],[22.951236,39.357683],[22.951264,39.357679],[22.951294,39.357676],[22.951321,39.357675],[22.951346,39.357675],[22.95137,39.357676],[22.951391,39.357678],[22.951416,39.357682],[22.951438,39.357687],[22.95146,39.357695],[22.951483,39.357707],[22.951508,39.357727],[22.951512,39.357732],[22.951612,39.357843],[22.951612,39.357843],[22.951692,39.357932],[22.951715,39.357959],[22.952123,39.358467],[22.95216,39.358503],[22.9522,39.35852],[22.952243,39.358525],[22.952304,39.358516],[22.952362,39.358499],[22.952699,39.358327],[22.952811,39.358301],[22.953043,39.358182],[22.953043,39.358182],[22.953069,39.358169],[22.953453,39.357979],[22.953504,39.357953],[22.953725,39.357843],[22.95394,39.357738],[22.95447,39.357477],[22.954999,39.357217],[22.955499,39.356958],[22.955944,39.356733],[22.955944,39.356733],[22.956115,39.356647],[22.956803,39.356312],[22.957081,39.356172],[22.957449,39.355988],[22.958001,39.35572],[22.958593,39.355411],[22.958661,39.355378],[22.958791,39.355313],[22.958798,39.355309],[22.959048,39.355182],[22.959301,39.355054],[22.959538,39.354929],[22.959819,39.354778],[22.960398,39.354437],[22.960981,39.3541],[22.961194,39.353973],[22.96135,39.353874],[22.96146,39.353797],[22.961633,39.353649],[22.961806,39.353499],[22.961983,39.35333],[22.962023,39.353292],[22.96235,39.352999],[22.96235,39.352999],[22.962759,39.352632],[22.963256,39.352159],[22.963723,39.351686],[22.963905,39.35152],[22.9641,39.351309],[22.964164,39.35125],[22.964198,39.351225],[22.964229,39.351206],[22.964272,39.351184],[22.964541,39.35105],[22.964571,39.351037],[22.964595,39.351028],[22.964667,39.351005],[22.964741,39.350996],[22.964837,39.351],[22.964957,39.351018],[22.965199,39.351057],[22.965269,39.351068],[22.965347,39.351077],[22.965347,39.351077],[22.965379,39.35108],[22.965419,39.351081],[22.965459,39.351078],[22.965492,39.351072],[22.965514,39.351066],[22.965546,39.351055],[22.965637,39.351017],[22.96576,39.350959],[22.96588,39.350891],[22.965919,39.350865],[22.965961,39.350836],[22.966036,39.350783],[22.966148,39.350694],[22.966171,39.350672],[22.966216,39.350634],[22.966966,39.349944],[22.967254,39.34969],[22.967352,39.349611],[22.96743,39.349552],[22.967506,39.349501],[22.967578,39.349455],[22.967645,39.349421],[22.967724,39.349385],[22.967841,39.349335],[22.967969,39.349289],[22.968075,39.349254],[22.968154,39.349234],[22.968233,39.349215],[22.96831,39.349197],[22.968369,39.34918],[22.968424,39.349161],[22.968477,39.349138],[22.968518,39.349116],[22.968561,39.349085],[22.968612,39.349044],[22.968678,39.348987],[22.96874,39.348937],[22.968795,39.348895],[22.968869,39.348845],[22.968927,39.348808],[22.969001,39.348765],[22.969082,39.348725],[22.969189,39.348678],[22.969286,39.34864],[22.969416,39.348592],[22.969534,39.348547],[22.969631,39.348509],[22.969693,39.348485],[22.969741,39.348462],[22.969878,39.348386],[22.969933,39.348353],[22.970079,39.348253],[22.970154,39.348207],[22.97022,39.348167],[22.970264,39.348145],[22.97032,39.348124],[22.970376,39.348106],[22.970431,39.348097],[22.970483,39.348092],[22.970531,39.348091],[22.970584,39.348091],[22.970632,39.348094],[22.970684,39.348098],[22.970737,39.348104],[22.970928,39.348145],[22.970994,39.348154],[22.971049,39.348162],[22.971106,39.348167],[22.97115,39.348168],[22.971193,39.348167],[22.971228,39.348164],[22.97127,39.348158],[22.971317,39.348147],[22.971355,39.348135],[22.971395,39.34812],[22.971425,39.348108],[22.971472,39.348087],[22.971521,39.348063],[22.971641,39.348002],[22.971797,39.347929],[22.971901,39.347888],[22.971996,39.347852],[22.972096,39.347819],[22.972178,39.3478],[22.972247,39.347786],[22.972313,39.347778],[22.972393,39.347772],[22.972563,39.347767],[22.973023,39.347768],[22.973163,39.347772],[22.973296,39.347777],[22.973397,39.347785],[22.973478,39.347794],[22.973526,39.347802],[22.97359,39.347813],[22.973651,39.347825],[22.97378,39.347847],[22.973874,39.34787],[22.974066,39.34792],[22.974201,39.347956],[22.974267,39.347973],[22.974339,39.347988],[22.974393,39.347998],[22.974449,39.348002],[22.974526,39.348002],[22.974845,39.347995],[22.975265,39.347971],[22.975642,39.34796],[22.975699,39.347963],[22.975777,39.347968],[22.975854,39.347979],[22.97592,39.347988],[22.975982,39.348],[22.976059,39.34802],[22.976116,39.348036],[22.976168,39.348057],[22.9762,39.348074],[22.976242,39.348098],[22.976291,39.348128],[22.976358,39.348178],[22.976389,39.348203],[22.976423,39.348235],[22.976451,39.348267],[22.976485,39.348311],[22.976514,39.348359],[22.976539,39.348407],[22.976553,39.348448],[22.976569,39.348519],[22.976575,39.348564],[22.976595,39.348657],[22.976604,39.348727],[22.97663,39.34883],[22.976644,39.348865],[22.976659,39.348895],[22.976682,39.348935],[22.9767,39.348961],[22.976729,39.348989],[22.976755,39.349011],[22.976804,39.349045],[22.97683,39.349058],[22.976855,39.34907],[22.976884,39.349083],[22.976908,39.349094],[22.976939,39.349104],[22.976975,39.349115],[22.97703,39.349128],[22.977079,39.349134],[22.977129,39.349135],[22.977195,39.349131],[22.977257,39.349124],[22.977297,39.349117],[22.9774,39.349095],[22.977625,39.349051],[22.977785,39.349031],[22.977866,39.349026],[22.977924,39.349028],[22.977994,39.349035],[22.978058,39.349044],[22.978121,39.349055],[22.97817,39.349065],[22.978225,39.349081],[22.978276,39.349097],[22.978343,39.349123],[22.978393,39.349147],[22.978455,39.349178],[22.978522,39.349223],[22.978599,39.349281],[22.978667,39.349346],[22.978713,39.349405],[22.978762,39.349464],[22.978837,39.349566],[22.978883,39.34964],[22.97893,39.349691],[22.978959,39.349715],[22.978978,39.349728],[22.979011,39.349752],[22.97906,39.349786],[22.979117,39.349824],[22.979204,39.349875],[22.979895,39.35026],[22.980021,39.35033],[22.98015,39.350388],[22.980233,39.350423],[22.980347,39.350459],[22.980514,39.350502],[22.980959,39.350591],[22.981395,39.350697],[22.982745,39.351009],[22.983661,39.351206],[22.983878,39.351248],[22.984121,39.351288],[22.984149,39.351292],[22.984149,39.351292],[22.984401,39.351326],[22.984602,39.351352],[22.984709,39.351365],[22.985072,39.351411],[22.986023,39.351527],[22.986167,39.351544],[22.986987,39.351638],[22.987089,39.351647],[22.987156,39.351652],[22.987216,39.351653],[22.98727,39.35165],[22.987342,39.35164],[22.987409,39.351628],[22.987504,39.351606],[22.987631,39.351574],[22.987834,39.351516],[22.987971,39.351478],[22.98806,39.351456],[22.988137,39.351441],[22.988205,39.351432],[22.988343,39.351413],[22.988461,39.351404],[22.988595,39.351399],[22.98872,39.351401],[22.988896,39.35141],[22.989258,39.351431],[22.989444,39.351442],[22.989593,39.351449],[22.989977,39.351464],[22.99006,39.351467],[22.99006,39.351467],[22.990095,39.351468],[22.990541,39.351485],[22.990796,39.351496],[22.990929,39.3515],[22.991038,39.351503],[22.991345,39.351503],[22.991575,39.351492],[22.991677,39.351486],[22.991836,39.351494],[22.991947,39.35146],[22.99198,39.351456],[22.992032,39.351446],[22.992081,39.351432],[22.992135,39.351418],[22.992188,39.35141],[22.992233,39.351407],[22.992289,39.351407],[22.992452,39.351359],[22.992558,39.351326],[22.992794,39.351245],[22.9929,39.351205],[22.992986,39.35117],[22.993072,39.351133],[22.993184,39.35108],[22.993295,39.351023],[22.993358,39.350985],[22.993568,39.35087],[22.993568,39.35087],[22.993662,39.350818],[22.993856,39.350702],[22.993984,39.350608],[22.994074,39.350544],[22.994139,39.350485],[22.994233,39.350395],[22.994377,39.350233],[22.994514,39.350052],[22.994694,39.34981],[22.994767,39.349718],[22.994842,39.349633],[22.994886,39.349587],[22.994925,39.349553],[22.994963,39.349524],[22.995024,39.34948],[22.995067,39.349454],[22.995095,39.349439],[22.995169,39.349402],[22.995305,39.349341],[22.995718,39.34918],[22.995718,39.34918],[22.995775,39.349158],[22.996161,39.34899],[22.996238,39.348953],[22.996312,39.348912],[22.996386,39.348869],[22.996495,39.348806],[22.996617,39.34873],[22.996723,39.348663],[22.996839,39.348582],[22.996909,39.348529],[22.996955,39.348487],[22.996998,39.348446],[22.997043,39.348396],[22.997099,39.34833],[22.997259,39.348131],[22.997441,39.347894],[22.997536,39.347776],[22.997614,39.347687],[22.99767,39.347635],[22.997752,39.347575],[22.997976,39.347428],[22.997976,39.347428],[22.998175,39.347298],[22.998277,39.347228],[22.998414,39.347114],[22.998489,39.347044],[22.998559,39.346967],[22.998627,39.346883],[22.998693,39.346785],[22.998765,39.346665],[22.998803,39.346585],[22.998833,39.346516],[22.998861,39.346443],[22.998889,39.346364],[22.998905,39.346298],[22.998918,39.346222],[22.998931,39.346105],[22.998984,39.345547],[22.998984,39.345547],[22.999001,39.345365],[22.999025,39.34519],[22.999053,39.345004],[22.999076,39.344878],[22.999145,39.344511],[22.999215,39.344131],[22.999242,39.343989],[22.999289,39.343737],[22.999328,39.343591],[22.9994,39.343371],[22.99943,39.343299],[22.999656,39.34289],[22.999847,39.342612],[22.999973,39.342491],[23.000128,39.342401],[23.00033,39.342317],[23.00047,39.342286],[23.000541,39.342272],[23.000633,39.342255],[23.001379,39.342155],[23.001545,39.342118],[23.001674,39.342074],[23.001794,39.342],[23.00221,39.341685],[23.00221,39.341685],[23.002282,39.341631],[23.002625,39.341364],[23.00271,39.341296],[23.002747,39.341252],[23.002806,39.341184],[23.002889,39.34105],[23.002939,39.340924],[23.00298,39.340802],[23.003056,39.34064],[23.003145,39.34051],[23.003291,39.34035],[23.003432,39.340254],[23.003554,39.340192],[23.003626,39.340167],[23.003659,39.340159],[23.003747,39.340136],[23.003813,39.340119],[23.004263,39.340042],[23.004813,39.339958],[23.004901,39.339946],[23.005029,39.339931],[23.005134,39.339921],[23.005194,39.339917],[23.005279,39.339915],[23.005764,39.339913],[23.005867,39.339914],[23.005867,39.339914],[23.006445,39.33992],[23.00665,39.339922],[23.006935,39.339924],[23.007171,39.33993],[23.007288,39.339934],[23.007438,39.339945],[23.007926,39.339985],[23.008171,39.340006],[23.008171,39.340006],[23.0082,39.340009],[23.008453,39.340028],[23.008623,39.340039],[23.008892,39.34005],[23.009016,39.340053],[23.009127,39.340052],[23.009239,39.34005],[23.009398,39.340042],[23.009601,39.340026],[23.00979,39.340002],[23.010088,39.339956],[23.010185,39.339939],[23.010185,39.339939],[23.010302,39.339919],[23.010486,39.339885],[23.01074,39.339842],[23.010839,39.339824],[23.010898,39.33981],[23.010969,39.33979],[23.011029,39.33977],[23.011087,39.339746],[23.011144,39.339717],[23.011245,39.339652],[23.011352,39.339577],[23.011443,39.339509],[23.011533,39.339433],[23.011663,39.339324],[23.011905,39.339105],[23.01199,39.339023],[23.012045,39.338976],[23.012097,39.338932],[23.012145,39.338902],[23.012194,39.338878],[23.012257,39.338855],[23.012338,39.338832],[23.012424,39.338813],[23.012516,39.338796],[23.013185,39.338684],[23.013344,39.338654],[23.013457,39.338625],[23.013568,39.338595],[23.013702,39.338552],[23.013776,39.338526],[23.013874,39.338483],[23.013824,39.338404],[23.013824,39.338404],[23.013874,39.338483],[23.014008,39.338419],[23.014556,39.33813],[23.014702,39.338055],[23.014914,39.337941],[23.015376,39.337726],[23.015834,39.337492],[23.016128,39.337346],[23.016556,39.337139],[23.016704,39.337067],[23.016764,39.337034],[23.016846,39.336985],[23.016965,39.336909],[23.017039,39.33686],[23.017191,39.336728],[23.017446,39.336506],[23.017336,39.336445],[23.017336,39.336445],[23.017446,39.336506],[23.0175,39.336463],[23.017695,39.336309],[23.018276,39.335845],[23.018353,39.335787],[23.018497,39.335678],[23.018594,39.335604],[23.018985,39.335303],[23.019203,39.335159],[23.019346,39.33508],[23.019429,39.335045],[23.01969,39.334951],[23.020258,39.33474],[23.020442,39.334667],[23.020542,39.334626],[23.020767,39.334531],[23.020767,39.334531],[23.020811,39.334512],[23.021055,39.334405],[23.021198,39.33434],[23.021338,39.334273],[23.021423,39.334232],[23.021583,39.334149],[23.021754,39.334057],[23.022398,39.333712],[23.022878,39.333473],[23.023625,39.3331],[23.023923,39.332963],[23.023998,39.332928],[23.024201,39.332858],[23.024303,39.332823],[23.024616,39.332737],[23.024963,39.332657],[23.025244,39.332594],[23.025295,39.332586],[23.025358,39.332573],[23.025358,39.332573],[23.025431,39.332558],[23.025567,39.332534],[23.025691,39.33252],[23.025789,39.332516],[23.0259,39.332512],[23.026004,39.332511],[23.026455,39.332499],[23.026552,39.3325],[23.026978,39.332503],[23.027435,39.33252],[23.027611,39.332517],[23.027731,39.3325],[23.027843,39.332468],[23.028015,39.332383],[23.028314,39.332237],[23.028437,39.332181],[23.028553,39.332131],[23.028651,39.332096],[23.028756,39.332068],[23.028874,39.332047],[23.028992,39.332031],[23.029076,39.332025],[23.029165,39.332022],[23.029264,39.332025],[23.029349,39.332033],[23.029445,39.332046],[23.029548,39.33207],[23.029631,39.33209],[23.029723,39.332122],[23.0298,39.332155],[23.029863,39.332183],[23.02993,39.332217],[23.029952,39.33223],[23.029952,39.33223],[23.03041,39.332499],[23.030473,39.33253],[23.030683,39.332604],[23.030934,39.332669],[23.031174,39.332705],[23.031417,39.332712],[23.032183,39.332684],[23.032282,39.33269],[23.032286,39.33269],[23.03237,39.3327],[23.032454,39.332717],[23.032548,39.332737],[23.032755,39.332796],[23.032813,39.332804],[23.032871,39.332806],[23.032933,39.332801],[23.033,39.332787],[23.033039,39.332775],[23.033077,39.332759],[23.033114,39.332739],[23.03328,39.332611],[23.033423,39.332502],[23.033513,39.332425],[23.033575,39.332384],[23.033592,39.332374],[23.033592,39.332374],[23.03369,39.332316],[23.033914,39.332186],[23.034105,39.332089],[23.034276,39.332003],[23.034295,39.331993],[23.034646,39.331812],[23.034785,39.331728],[23.034855,39.33167],[23.034978,39.331554],[23.035171,39.331371],[23.035217,39.331334],[23.035268,39.3313],[23.035319,39.331274],[23.035353,39.331257],[23.035444,39.331222],[23.035483,39.331212],[23.035528,39.331201],[23.036254,39.331055],[23.036262,39.331053],[23.03639,39.331028],[23.036894,39.330934],[23.037065,39.330886],[23.037131,39.330862],[23.037184,39.33084],[23.03725,39.33081],[23.037346,39.330762],[23.037432,39.330721],[23.037525,39.33068],[23.037584,39.330659],[23.037635,39.330645],[23.037727,39.330627],[23.037772,39.33062],[23.037909,39.330608],[23.038211,39.330586],[23.03832,39.330575],[23.038776,39.330538],[23.039038,39.330517],[23.039038,39.330517],[23.039479,39.330481],[23.039629,39.330469],[23.039736,39.330461],[23.03981,39.330456],[23.039857,39.330456],[23.039896,39.330461],[23.039958,39.330471],[23.039996,39.330481],[23.040064,39.330501],[23.040133,39.330524],[23.040233,39.330565],[23.040385,39.33063],[23.040487,39.330666],[23.040573,39.330692],[23.04065,39.330711],[23.040713,39.330722],[23.040807,39.330738],[23.040963,39.330752],[23.041119,39.330756],[23.041276,39.330751],[23.041432,39.330735],[23.041528,39.330723],[23.041615,39.330706],[23.041657,39.330694],[23.041677,39.330687],[23.041677,39.330687],[23.041713,39.330674],[23.041777,39.330648],[23.041837,39.330619],[23.041904,39.33058],[23.041966,39.330536],[23.042023,39.330488],[23.042231,39.3303],[23.042338,39.330208],[23.042452,39.33012],[23.042573,39.330039],[23.042701,39.329963],[23.042834,39.329894],[23.042973,39.329832],[23.043429,39.329634],[23.043429,39.329634],[23.043646,39.329537],[23.04437,39.329244],[23.044732,39.329087],[23.045004,39.328976],[23.045126,39.328933],[23.04524,39.328902],[23.045344,39.328884],[23.045513,39.328863],[23.045708,39.328842],[23.045891,39.32882],[23.046104,39.328788],[23.046305,39.328751],[23.046492,39.328709],[23.046673,39.328661],[23.046862,39.328607],[23.047136,39.328516],[23.047341,39.328439],[23.047484,39.328371],[23.047658,39.328287],[23.047791,39.328215],[23.047977,39.328108],[23.048075,39.32806],[23.048225,39.327996],[23.048382,39.327943],[23.048576,39.32789],[23.049197,39.327744],[23.049543,39.327668],[23.049766,39.327632],[23.050033,39.327595],[23.050434,39.327548],[23.050556,39.327531],[23.050556,39.327531],[23.050764,39.327503],[23.051092,39.327463],[23.051248,39.327434],[23.05134,39.327411],[23.051416,39.327385],[23.051482,39.327359],[23.051525,39.327337],[23.051585,39.32729],[23.051668,39.327216],[23.051735,39.327133],[23.051894,39.326944],[23.052254,39.326511],[23.052307,39.326431],[23.052323,39.326401],[23.052341,39.326359],[23.052359,39.326318],[23.05241,39.326196],[23.05245,39.326089],[23.052481,39.326024],[23.052511,39.325981],[23.05256,39.32594],[23.052637,39.325886],[23.052753,39.325813],[23.052854,39.32575],[23.052854,39.32575],[23.052875,39.325737],[23.052941,39.325688],[23.052982,39.325638],[23.053008,39.325587],[23.053064,39.325444],[23.053124,39.325238],[23.053173,39.325117],[23.053249,39.324938],[23.053328,39.324817],[23.053459,39.324687],[23.053603,39.324518],[23.053752,39.32431],[23.053883,39.324118],[23.054052,39.323868],[23.054296,39.32348],[23.053969,39.323092],[23.053775,39.322833],[23.053548,39.322486],[23.053449,39.322321],[23.053449,39.322321],[23.053438,39.322302],[23.053379,39.322212],[23.053304,39.322074],[23.053254,39.321941],[23.053131,39.321627],[23.053044,39.32146],[23.052805,39.321011],[23.052613,39.320699],[23.052413,39.320386],[23.052354,39.320288],[23.052354,39.320288],[23.052299,39.320197],[23.052199,39.320072],[23.052084,39.319919],[23.051789,39.319548],[23.051362,39.319094],[23.051095,39.318836],[23.050924,39.318669],[23.050897,39.318642],[23.050863,39.318596],[23.050821,39.318519],[23.050751,39.318373],[23.050692,39.318218],[23.050648,39.318145],[23.050391,39.317763],[23.049948,39.317103],[23.049556,39.316445],[23.049525,39.316391],[23.049525,39.316391],[23.049516,39.316376],[23.048651,39.314889],[23.048744,39.314849]]},"properties":{"line":"5","dir":"Τέρμα Πλατανίδια","mode":"bus"}},{"type":"Feature","geometry":{"type":"LineString","coordinates":[[22.926347,39.357176],[22.926818,39.356806],[22.926847,39.356786],[22.926773,39.356672],[22.926447,39.356162],[22.926214,39.355783],[22.925658,39.354886],[22.925417,39.35454],[22.925033,39.353988],[22.924712,39.353555],[22.924517,39.353285],[22.924317,39.353012],[22.924171,39.352789],[22.924092,39.352653],[22.924006,39.352472],[22.923943,39.352307],[22.923883,39.352133],[22.923859,39.352047],[22.923848,39.352002],[22.923848,39.352002],[22.923844,39.351987],[22.923833,39.351931],[22.923823,39.351844],[22.923813,39.351663],[22.923817,39.351527],[22.92382,39.351364],[22.923835,39.351223],[22.923845,39.351164],[22.923865,39.351079],[22.923889,39.350988],[22.923934,39.350862],[22.924003,39.350686],[22.924073,39.350549],[22.924172,39.350382],[22.924443,39.349974],[22.924586,39.349773],[22.924703,39.349626],[22.924729,39.349587],[22.924817,39.349452],[22.924952,39.349231],[22.924952,39.349231],[22.925065,39.349045],[22.925291,39.348703],[22.9254,39.348513],[22.925498,39.348343],[22.92554,39.348252],[22.925571,39.348182],[22.925601,39.348112],[22.925621,39.348066],[22.925638,39.348019],[22.925649,39.347979],[22.925658,39.347938],[22.925664,39.347904],[22.925675,39.347854],[22.925689,39.347783],[22.9257,39.347691],[22.925705,39.347625],[22.925713,39.347547],[22.925738,39.347291],[22.925762,39.346943],[22.925762,39.346943],[22.925766,39.346892],[22.925771,39.346813],[22.925781,39.346638],[22.925819,39.346284],[22.925822,39.34624],[22.925863,39.345757],[22.925867,39.345721],[22.925867,39.345637],[22.925869,39.345605],[22.925871,39.3455],[22.92587,39.345413],[22.925868,39.345332],[22.925864,39.345273],[22.925858,39.345209],[22.925847,39.345122],[22.925828,39.345002],[22.925817,39.344867],[22.925778,39.344671],[22.925767,39.344618],[22.925754,39.344561],[22.92574,39.344512],[22.925698,39.344379],[22.925649,39.344231],[22.925597,39.344121],[22.925529,39.343981],[22.925525,39.343973],[22.92519,39.343295],[22.924958,39.3428],[22.92475,39.342361],[22.924648,39.342134],[22.924543,39.341914],[22.92448,39.341786],[22.924452,39.341708],[22.924426,39.341633],[22.924401,39.341571],[22.924382,39.341516],[22.924357,39.341446],[22.924338,39.341368],[22.924306,39.34125],[22.92428,39.341104],[22.924265,39.341],[22.92419,39.340685],[22.924178,39.340623],[22.924352,39.340592],[22.92445,39.34056],[22.92445,39.34056],[22.924518,39.340537],[22.924706,39.340437],[22.925187,39.340222],[22.925813,39.33997],[22.925966,39.339909],[22.927218,39.339425],[22.92749,39.339313],[22.927875,39.339154],[22.927875,39.339154],[22.927914,39.339138],[22.928117,39.339052],[22.928264,39.338976],[22.928315,39.338951],[22.928389,39.338911],[22.928436,39.33888],[22.928485,39.338844],[22.92851,39.338824],[22.928531,39.338805],[22.92855,39.338784],[22.928577,39.338756],[22.928646,39.338682],[22.928747,39.338569],[22.928846,39.338446],[22.928899,39.338387],[22.928934,39.338355],[22.929011,39.338291],[22.92906,39.338253],[22.929113,39.338216],[22.929156,39.338191],[22.929211,39.33816],[22.929376,39.338079],[22.929765,39.337908],[22.93069,39.337531],[22.930906,39.337438],[22.93136,39.337248],[22.93136,39.337248],[22.931712,39.3371],[22.931962,39.336993],[22.932103,39.336938],[22.932218,39.336885],[22.932267,39.336861],[22.932303,39.336842],[22.932351,39.336815],[22.932385,39.336795],[22.932413,39.336777],[22.932454,39.336746],[22.932502,39.336707],[22.932548,39.336665],[22.932621,39.336586],[22.932648,39.336552],[22.932673,39.336509],[22.932713,39.33645],[22.932735,39.336411],[22.932751,39.336379],[22.932771,39.336329],[22.932799,39.33626],[22.932845,39.336073],[22.932928,39.335715],[22.932947,39.335625],[22.932947,39.335625],[22.933058,39.335109],[22.933193,39.334578],[22.933215,39.334504],[22.933249,39.334383],[22.933261,39.334323],[22.93327,39.334271],[22.933277,39.334199],[22.933278,39.334137],[22.933271,39.33406],[22.933262,39.334003],[22.93325,39.333939],[22.933188,39.333766],[22.933185,39.333758],[22.933154,39.333677],[22.933089,39.333487],[22.932975,39.333179],[22.932886,39.332886],[22.932827,39.33281],[22.932776,39.332725],[22.932735,39.332667],[22.932685,39.332618],[22.932634,39.332571],[22.932591,39.332531],[22.932434,39.332428],[22.932293,39.332385],[22.932156,39.332338],[22.932094,39.332313],[22.932036,39.332284],[22.931994,39.33225],[22.931961,39.33221],[22.931678,39.331791],[22.9315,39.33152],[22.931298,39.331242],[22.931238,39.331164],[22.931238,39.331164],[22.931087,39.330966],[22.931028,39.330886],[22.930982,39.33082],[22.930863,39.330661],[22.930626,39.330338],[22.93042,39.330053],[22.930364,39.330066],[22.93034,39.330065],[22.9303,39.330062],[22.93026,39.330054],[22.930225,39.330037],[22.9302,39.330024],[22.930145,39.329981],[22.930091,39.329923],[22.929794,39.329539],[22.929587,39.329256],[22.929578,39.329243],[22.929578,39.329243],[22.929393,39.328986],[22.929365,39.328976],[22.92935,39.328968],[22.929317,39.328946],[22.929296,39.32893],[22.92909,39.328707],[22.928932,39.328539],[22.9289,39.328508],[22.928638,39.32823],[22.92847,39.328043],[22.928173,39.327739],[22.927947,39.327533],[22.927947,39.327533],[22.927936,39.327523],[22.927759,39.327398],[22.927733,39.327365],[22.927709,39.327329],[22.927688,39.327285],[22.92767,39.327218],[22.927661,39.327124],[22.927607,39.326954],[22.92758,39.326867],[22.927567,39.326809],[22.927556,39.326756],[22.927532,39.326691],[22.927501,39.326626],[22.927427,39.326522],[22.927381,39.326421],[22.92734,39.326338],[22.927296,39.326218],[22.927086,39.325808],[22.927078,39.325796],[22.927078,39.325796],[22.926761,39.325298],[22.926128,39.324262],[22.926013,39.324061],[22.925832,39.323738],[22.925763,39.323608],[22.925692,39.32345],[22.925692,39.32345],[22.925576,39.323198],[22.925542,39.323129],[22.925492,39.323038],[22.925416,39.322902],[22.925271,39.322648],[22.925143,39.322433],[22.925103,39.322363],[22.925015,39.322212],[22.924957,39.322105],[22.924918,39.322026],[22.9249,39.321973],[22.924892,39.32194],[22.924882,39.321859],[22.924863,39.321597],[22.924841,39.321352],[22.92482,39.321066],[22.924817,39.321027],[22.924817,39.321027],[22.924796,39.32076],[22.924788,39.320629],[22.924785,39.320491],[22.924788,39.320338],[22.924796,39.320113],[22.924796,39.320053],[22.924787,39.319905],[22.924763,39.319488],[22.924757,39.319409],[22.924873,39.319426],[22.924979,39.319445],[22.925099,39.319462],[22.925133,39.319462],[22.925157,39.319458],[22.925182,39.319444],[22.925201,39.319385],[22.925235,39.319312],[22.925272,39.319239],[22.925311,39.319178],[22.925386,39.319064],[22.925453,39.318981],[22.92549,39.318936],[22.925563,39.318838],[22.925563,39.318838],[22.925627,39.318752],[22.92567,39.31869],[22.925718,39.318604],[22.925828,39.318377],[22.925924,39.318204],[22.926021,39.318051],[22.926082,39.317972],[22.926155,39.317904],[22.926233,39.317836],[22.926351,39.317755],[22.926461,39.317698],[22.926548,39.317656],[22.926674,39.3176],[22.926846,39.317535],[22.926976,39.317485],[22.927033,39.31746],[22.927091,39.317428],[22.927144,39.317386],[22.927165,39.317364],[22.927184,39.317337],[22.927202,39.317307],[22.92722,39.31727],[22.927244,39.317213],[22.927274,39.317135],[22.927312,39.317031],[22.927368,39.316885],[22.927427,39.316738],[22.927503,39.316572],[22.92754,39.316497],[22.927563,39.316452],[22.927582,39.316421],[22.927666,39.316297],[22.927696,39.316256],[22.927734,39.316211],[22.927772,39.316173],[22.927825,39.316125],[22.927898,39.316062],[22.927963,39.316013],[22.927984,39.31598],[22.928067,39.315922],[22.928192,39.315837],[22.928253,39.315797],[22.928331,39.31574],[22.928371,39.315705],[22.928414,39.31567],[22.928435,39.315644],[22.928452,39.315631],[22.928472,39.315617],[22.928487,39.315607],[22.928501,39.315601],[22.928519,39.315594],[22.928537,39.31559],[22.928552,39.315589],[22.928572,39.315588],[22.928601,39.315587],[22.928646,39.315588],[22.928885,39.315611],[22.929191,39.31562],[22.929373,39.315622],[22.929514,39.315607],[22.929705,39.315574],[22.930214,39.315525],[22.930449,39.315492],[22.930601,39.315457],[22.930779,39.315414],[22.930893,39.315386],[22.931003,39.31535],[22.931135,39.3153],[22.931231,39.315254],[22.93136,39.315198],[22.931481,39.315145],[22.931601,39.315098],[22.931752,39.315041],[22.931901,39.314993],[22.932041,39.314954],[22.932146,39.314934],[22.932292,39.314916],[22.932422,39.314934],[22.932509,39.314968],[22.932577,39.315013],[22.93261,39.315047],[22.932629,39.315077],[22.932644,39.315104],[22.932669,39.315172],[22.932685,39.31524],[22.932715,39.315321],[22.93275,39.315388],[22.932796,39.315449],[22.932831,39.315488],[22.932884,39.315527],[22.932966,39.315555],[22.93304,39.315568],[22.933126,39.315568],[22.933204,39.315558],[22.933275,39.315543],[22.933351,39.31551],[22.933485,39.315423],[22.933601,39.315336],[22.933698,39.315269],[22.933764,39.315225],[22.933822,39.315192],[22.933893,39.315161],[22.934008,39.315142],[22.934114,39.315133],[22.934216,39.315128],[22.934329,39.315128],[22.93446,39.315124],[22.934576,39.315125],[22.934704,39.315119],[22.934834,39.3151],[22.93494,39.315078],[22.935011,39.315053],[22.935257,39.314959],[22.935433,39.314878],[22.935583,39.314803],[22.93571,39.314743],[22.935825,39.314684],[22.935927,39.314611],[22.936023,39.314539],[22.936125,39.314466],[22.936249,39.314343],[22.936337,39.314263],[22.936433,39.314159],[22.936534,39.314042],[22.936617,39.313928],[22.936803,39.313646],[22.937193,39.313016],[22.937365,39.312711],[22.937424,39.312614],[22.93747,39.312539],[22.937494,39.312473],[22.93749,39.312395],[22.93747,39.312329],[22.937429,39.312256],[22.937353,39.312176],[22.937252,39.312102],[22.937152,39.312036],[22.937057,39.311981],[22.936939,39.31193],[22.936821,39.31189],[22.93666,39.311848],[22.936522,39.31181],[22.936416,39.311774],[22.936344,39.311734],[22.936296,39.311691],[22.936277,39.311615],[22.936265,39.311523],[22.936244,39.311397],[22.936216,39.31127],[22.936158,39.311056],[22.936072,39.310878],[22.936023,39.310756],[22.935988,39.310708],[22.935938,39.310669],[22.935867,39.310648],[22.935787,39.310631],[22.935505,39.310628],[22.935199,39.310632],[22.934863,39.310629],[22.934647,39.310634],[22.934539,39.310636],[22.93448,39.310636],[22.934433,39.310626],[22.934372,39.310599],[22.934354,39.310548],[22.93435,39.310483],[22.934384,39.310401],[22.934671,39.310001],[22.93484,39.309763],[22.935012,39.309546],[22.935057,39.309503],[22.935159,39.309423],[22.935231,39.309378],[22.935295,39.309344],[22.935337,39.309329],[22.935488,39.309248],[22.935583,39.309193],[22.935632,39.309165],[22.935819,39.309056],[22.936031,39.308935],[22.936331,39.308747],[22.936542,39.308627],[22.936704,39.308526],[22.936849,39.308431],[22.936969,39.30835],[22.937081,39.308264],[22.937184,39.308182],[22.937323,39.308066],[22.937417,39.307967],[22.937528,39.307869],[22.937638,39.307778],[22.937737,39.307701],[22.937861,39.307604],[22.937966,39.307537],[22.938064,39.30747],[22.938119,39.307419],[22.938175,39.307366],[22.938225,39.307297],[22.938282,39.30721],[22.93834,39.307086],[22.938493,39.306688],[22.938551,39.306502],[22.938576,39.306438],[22.938623,39.306325],[22.938659,39.306259],[22.938694,39.306213],[22.93881,39.306093],[22.938919,39.305996],[22.93896,39.305951],[22.939044,39.305868],[22.939155,39.305782],[22.939138,39.305646],[22.939103,39.30545],[22.939071,39.305196],[22.938891,39.304796],[22.938537,39.304589],[22.938245,39.304513],[22.937794,39.304374],[22.937548,39.304197],[22.937413,39.303967],[22.9374,39.303628],[22.937501,39.303359],[22.937647,39.303166],[22.937871,39.302912],[22.937983,39.30276],[22.938103,39.302634],[22.938195,39.302505],[22.938467,39.302582],[22.938953,39.302874],[22.938847,39.302793]]},"properties":{"line":"6","dir":"Άγιος Στέφανος","mode":"bus"}},{"type":"Feature","geometry":{"type":"LineString","coordinates":[[22.926347,39.357176],[22.926818,39.356806],[22.926847,39.356786],[22.926773,39.356672],[22.926447,39.356162],[22.926214,39.355783],[22.925658,39.354886],[22.925417,39.35454],[22.925033,39.353988],[22.924712,39.353555],[22.924517,39.353285],[22.924317,39.353012],[22.924171,39.352789],[22.924092,39.352653],[22.924006,39.352472],[22.923943,39.352307],[22.923883,39.352133],[22.923859,39.352047],[22.923848,39.352002],[22.923848,39.352002],[22.923844,39.351987],[22.923833,39.351931],[22.923823,39.351844],[22.923813,39.351663],[22.923817,39.351527],[22.92382,39.351364],[22.923835,39.351223],[22.923845,39.351164],[22.923865,39.351079],[22.923889,39.350988],[22.923934,39.350862],[22.924003,39.350686],[22.924073,39.350549],[22.924172,39.350382],[22.924443,39.349974],[22.924586,39.349773],[22.924703,39.349626],[22.924729,39.349587],[22.924817,39.349452],[22.924952,39.349231],[22.924952,39.349231],[22.925065,39.349045],[22.925291,39.348703],[22.9254,39.348513],[22.925498,39.348343],[22.92554,39.348252],[22.925571,39.348182],[22.925601,39.348112],[22.925621,39.348066],[22.925638,39.348019],[22.925649,39.347979],[22.925658,39.347938],[22.925664,39.347904],[22.925675,39.347854],[22.925689,39.347783],[22.9257,39.347691],[22.925705,39.347625],[22.925713,39.347547],[22.925738,39.347291],[22.925762,39.346943],[22.925762,39.346943],[22.925766,39.346892],[22.925771,39.346813],[22.925781,39.346638],[22.925819,39.346284],[22.925822,39.34624],[22.925863,39.345757],[22.925867,39.345721],[22.925867,39.345637],[22.925869,39.345605],[22.925871,39.3455],[22.92587,39.345413],[22.925868,39.345332],[22.925864,39.345273],[22.925858,39.345209],[22.925847,39.345122],[22.925828,39.345002],[22.925817,39.344867],[22.925778,39.344671],[22.925767,39.344618],[22.925754,39.344561],[22.92574,39.344512],[22.925698,39.344379],[22.925649,39.344231],[22.925597,39.344121],[22.925529,39.343981],[22.925525,39.343973],[22.92519,39.343295],[22.924958,39.3428],[22.92475,39.342361],[22.924648,39.342134],[22.924543,39.341914],[22.92448,39.341786],[22.924452,39.341708],[22.924426,39.341633],[22.924401,39.341571],[22.924382,39.341516],[22.924357,39.341446],[22.924338,39.341368],[22.924306,39.34125],[22.92428,39.341104],[22.924265,39.341],[22.92419,39.340685],[22.924178,39.340623],[22.924352,39.340592],[22.92445,39.34056],[22.92445,39.34056],[22.924518,39.340537],[22.924706,39.340437],[22.925187,39.340222],[22.925813,39.33997],[22.925966,39.339909],[22.927218,39.339425],[22.92749,39.339313],[22.927875,39.339154],[22.927875,39.339154],[22.927914,39.339138],[22.928117,39.339052],[22.928264,39.338976],[22.928315,39.338951],[22.928389,39.338911],[22.928436,39.33888],[22.928485,39.338844],[22.92851,39.338824],[22.928531,39.338805],[22.92855,39.338784],[22.928577,39.338756],[22.928646,39.338682],[22.928747,39.338569],[22.928846,39.338446],[22.928899,39.338387],[22.928934,39.338355],[22.929011,39.338291],[22.92906,39.338253],[22.929113,39.338216],[22.929156,39.338191],[22.929211,39.33816],[22.929376,39.338079],[22.929765,39.337908],[22.93069,39.337531],[22.930906,39.337438],[22.93136,39.337248],[22.93136,39.337248],[22.931712,39.3371],[22.931962,39.336993],[22.932103,39.336938],[22.932218,39.336885],[22.932267,39.336861],[22.932303,39.336842],[22.932351,39.336815],[22.932385,39.336795],[22.932413,39.336777],[22.932454,39.336746],[22.932502,39.336707],[22.932548,39.336665],[22.932621,39.336586],[22.932648,39.336552],[22.932673,39.336509],[22.932713,39.33645],[22.932735,39.336411],[22.932751,39.336379],[22.932771,39.336329],[22.932799,39.33626],[22.932845,39.336073],[22.932928,39.335715],[22.932947,39.335625],[22.932947,39.335625],[22.933058,39.335109],[22.933193,39.334578],[22.933215,39.334504],[22.933249,39.334383],[22.933261,39.334323],[22.93327,39.334271],[22.933277,39.334199],[22.933278,39.334137],[22.933271,39.33406],[22.933262,39.334003],[22.93325,39.333939],[22.933188,39.333766],[22.933185,39.333758],[22.933154,39.333677],[22.933089,39.333487],[22.932975,39.333179],[22.932886,39.332886],[22.932827,39.33281],[22.932776,39.332725],[22.932735,39.332667],[22.932685,39.332618],[22.932634,39.332571],[22.932591,39.332531],[22.932434,39.332428],[22.932293,39.332385],[22.932156,39.332338],[22.932094,39.332313],[22.932036,39.332284],[22.931994,39.33225],[22.931961,39.33221],[22.931678,39.331791],[22.9315,39.33152],[22.931298,39.331242],[22.931238,39.331164],[22.931238,39.331164],[22.931087,39.330966],[22.931028,39.330886],[22.930982,39.33082],[22.930863,39.330661],[22.930626,39.330338],[22.93042,39.330053],[22.930364,39.330066],[22.93034,39.330065],[22.9303,39.330062],[22.93026,39.330054],[22.930225,39.330037],[22.9302,39.330024],[22.930145,39.329981],[22.930091,39.329923],[22.929794,39.329539],[22.929587,39.329256],[22.929578,39.329243],[22.929578,39.329243],[22.929393,39.328986],[22.929365,39.328976],[22.92935,39.328968],[22.929317,39.328946],[22.929296,39.32893],[22.92909,39.328707],[22.928932,39.328539],[22.9289,39.328508],[22.928638,39.32823],[22.92847,39.328043],[22.928173,39.327739],[22.927947,39.327533],[22.927947,39.327533],[22.927936,39.327523],[22.927759,39.327398],[22.927733,39.327365],[22.927709,39.327329],[22.927688,39.327285],[22.92767,39.327218],[22.927661,39.327124],[22.927607,39.326954],[22.92758,39.326867],[22.927567,39.326809],[22.927556,39.326756],[22.927532,39.326691],[22.927501,39.326626],[22.927427,39.326522],[22.927381,39.326421],[22.92734,39.326338],[22.927296,39.326218],[22.927086,39.325808],[22.927078,39.325796],[22.927078,39.325796],[22.926761,39.325298],[22.926128,39.324262],[22.926013,39.324061],[22.925832,39.323738],[22.925763,39.323608],[22.925692,39.32345],[22.925692,39.32345],[22.925576,39.323198],[22.925542,39.323129],[22.925492,39.323038],[22.925416,39.322902],[22.925271,39.322648],[22.925143,39.322433],[22.925103,39.322363],[22.925015,39.322212],[22.924957,39.322105],[22.924918,39.322026],[22.9249,39.321973],[22.924892,39.32194],[22.924882,39.321859],[22.924863,39.321597],[22.924841,39.321352],[22.92482,39.321066],[22.924817,39.321027],[22.924817,39.321027],[22.924796,39.32076],[22.924788,39.320629],[22.924785,39.320491],[22.924788,39.320338],[22.924796,39.320113],[22.924796,39.320053],[22.924787,39.319905],[22.924763,39.319488],[22.924757,39.319409],[22.924873,39.319426],[22.924979,39.319445],[22.925099,39.319462],[22.925133,39.319462],[22.925157,39.319458],[22.925182,39.319444],[22.925201,39.319385],[22.925235,39.319312],[22.925272,39.319239],[22.925311,39.319178],[22.925386,39.319064],[22.925453,39.318981],[22.92549,39.318936],[22.925563,39.318838]]},"properties":{"line":"6","dir":"Τέρμα Αλυκών","mode":"bus"}},{"type":"Feature","geometry":{"type":"LineString","coordinates":[[22.925529,39.318826],[22.925579,39.318767],[22.925503,39.318709],[22.925372,39.318624],[22.924988,39.31835],[22.924781,39.318197],[22.924686,39.318126],[22.924536,39.318013],[22.924444,39.317964],[22.924338,39.317929],[22.924104,39.317875],[22.923564,39.317769],[22.923212,39.317696],[22.923105,39.317676],[22.92266,39.317597],[22.92218,39.317528],[22.92218,39.317528],[22.922121,39.31752],[22.921654,39.317437],[22.921203,39.317352],[22.920723,39.317267],[22.920241,39.317185],[22.919937,39.317118],[22.919759,39.317085],[22.919479,39.31703],[22.919294,39.317004],[22.919294,39.317004],[22.919208,39.316992],[22.919076,39.316979],[22.919109,39.317145],[22.919133,39.317263],[22.919213,39.317556],[22.91928,39.317788],[22.919342,39.317979],[22.919397,39.318131],[22.919441,39.318259],[22.919712,39.318884],[22.920004,39.319566],[22.920077,39.319695],[22.920173,39.31989],[22.920455,39.320488],[22.920605,39.320847],[22.920739,39.321141],[22.92092,39.321615],[22.921099,39.3221],[22.921117,39.322148],[22.921117,39.322148],[22.921523,39.323241],[22.921582,39.323397],[22.921673,39.323671],[22.921973,39.324393],[22.922158,39.324826],[22.922188,39.324905],[22.922346,39.325328],[22.922384,39.325418],[22.922456,39.325604],[22.922496,39.325721],[22.922748,39.326364],[22.922848,39.326627],[22.922881,39.32671],[22.922919,39.326794],[22.922919,39.326794],[22.922972,39.326912],[22.923078,39.327149],[22.923176,39.327388],[22.923219,39.327484],[22.923258,39.327562],[22.923291,39.327623],[22.923332,39.327693],[22.923377,39.327766],[22.92342,39.327831],[22.923463,39.327888],[22.923502,39.327937],[22.923595,39.328042],[22.923697,39.328162],[22.923729,39.3282],[22.923796,39.328284],[22.923896,39.328387],[22.92421,39.328764],[22.924307,39.328881],[22.924905,39.329568],[22.925028,39.329712],[22.925374,39.330124],[22.925579,39.330388],[22.925579,39.330388],[22.925616,39.330436],[22.925649,39.330491],[22.925677,39.330554],[22.925696,39.330608],[22.925726,39.330689],[22.92575,39.330766],[22.925761,39.330823],[22.925766,39.33089],[22.925768,39.33093],[22.925762,39.330984],[22.925746,39.331051],[22.925731,39.331125],[22.925702,39.33121],[22.925631,39.331347],[22.925094,39.332354],[22.92499,39.33255],[22.924664,39.333175],[22.924597,39.333288],[22.924551,39.333358],[22.924456,39.333512],[22.924405,39.333579],[22.924333,39.333665],[22.924269,39.333737],[22.92419,39.333823],[22.924084,39.333936],[22.924044,39.333976],[22.923856,39.33417],[22.923827,39.334202],[22.923794,39.334242],[22.923761,39.334292],[22.923702,39.334388],[22.923683,39.334423],[22.923671,39.33445],[22.923657,39.334475],[22.923641,39.334507],[22.923628,39.334538],[22.923618,39.334567],[22.92361,39.334593],[22.923603,39.334628],[22.923594,39.334664],[22.923564,39.335185],[22.923558,39.335348],[22.923558,39.335357],[22.923558,39.335357],[22.923555,39.335428],[22.923554,39.335462],[22.923542,39.335673],[22.923536,39.335799],[22.923514,39.336147],[22.923503,39.336295],[22.923469,39.336633],[22.92346,39.336787],[22.923455,39.336863],[22.923457,39.33693],[22.923463,39.33702],[22.923467,39.33709],[22.923465,39.337156],[22.923475,39.337239],[22.923479,39.337329],[22.923494,39.337423],[22.923512,39.337499],[22.923766,39.338688],[22.924021,39.339886],[22.924086,39.340211],[22.924157,39.340518],[22.924225,39.340546],[22.924265,39.340565],[22.924307,39.340581],[22.924352,39.340592],[22.924518,39.340537],[22.9244,39.340639],[22.924352,39.34075],[22.924344,39.340779],[22.924344,39.340779],[22.924324,39.340846],[22.924265,39.341],[22.92428,39.341104],[22.924306,39.34125],[22.924338,39.341368],[22.924357,39.341446],[22.924382,39.341516],[22.924401,39.341571],[22.924426,39.341633],[22.924452,39.341708],[22.92448,39.341786],[22.924543,39.341914],[22.924648,39.342134],[22.92475,39.342361],[22.924958,39.3428],[22.92519,39.343295],[22.925529,39.343981],[22.925531,39.343985],[22.925597,39.344121],[22.925649,39.344231],[22.925698,39.344379],[22.92574,39.344512],[22.925754,39.344561],[22.925767,39.344618],[22.925778,39.344671],[22.925817,39.344867],[22.925828,39.345002],[22.925847,39.345122],[22.925858,39.345209],[22.925864,39.345273],[22.925868,39.345332],[22.92587,39.345413],[22.925871,39.3455],[22.925869,39.345605],[22.925867,39.345637],[22.925867,39.345721],[22.925863,39.345757],[22.925822,39.34624],[22.925819,39.346284],[22.925781,39.346638],[22.925771,39.346813],[22.925762,39.346953],[22.925762,39.346953],[22.925738,39.347291],[22.925713,39.347547],[22.925705,39.347625],[22.9257,39.347691],[22.925689,39.347783],[22.925675,39.347854],[22.925664,39.347904],[22.925658,39.347938],[22.925649,39.347979],[22.925638,39.348019],[22.925621,39.348066],[22.925601,39.348112],[22.925571,39.348182],[22.92554,39.348252],[22.925498,39.348343],[22.9254,39.348513],[22.925291,39.348703],[22.925065,39.349045],[22.924907,39.349304],[22.924907,39.349304],[22.924817,39.349452],[22.924729,39.349587],[22.924703,39.349626],[22.924661,39.349807],[22.92456,39.349962],[22.924374,39.350265],[22.924219,39.350558],[22.924139,39.350721],[22.92407,39.350882],[22.924025,39.351027],[22.924009,39.351092],[22.923993,39.351174],[22.923965,39.351323],[22.923952,39.351483],[22.923953,39.351602],[22.923969,39.351767],[22.923981,39.351847],[22.92402,39.352061],[22.924032,39.352102],[22.924032,39.352102],[22.924072,39.352246],[22.924128,39.352422],[22.924198,39.352574],[22.924257,39.352679],[22.924449,39.352989],[22.924625,39.353248],[22.924813,39.353516],[22.925138,39.353948],[22.92546,39.354395],[22.925614,39.354604],[22.926008,39.355175],[22.926279,39.355632],[22.926842,39.356545],[22.926891,39.356624],[22.926672,39.356714]]},"properties":{"line":"6","dir":"Τορούτζα","mode":"bus"}},{"type":"Feature","geometry":{"type":"LineString","coordinates":[[22.938902,39.302832],[22.938721,39.302719],[22.938547,39.302625],[22.938377,39.30254],[22.938238,39.30249],[22.938051,39.302701],[22.937738,39.303056],[22.937452,39.303433],[22.937374,39.303729],[22.937393,39.303931],[22.937484,39.304102],[22.937674,39.304284],[22.937999,39.304441],[22.938195,39.304499],[22.938533,39.304581],[22.938869,39.304793],[22.939042,39.305106],[22.939086,39.305417],[22.939129,39.305597],[22.939167,39.305774],[22.939044,39.305868],[22.93896,39.305951],[22.938919,39.305996],[22.93881,39.306093],[22.938694,39.306213],[22.938659,39.306259],[22.938623,39.306325],[22.938576,39.306438],[22.938551,39.306502],[22.938493,39.306688],[22.93834,39.307086],[22.938282,39.30721],[22.938225,39.307297],[22.938175,39.307366],[22.938119,39.307419],[22.938064,39.30747],[22.937966,39.307537],[22.937861,39.307604],[22.937737,39.307701],[22.937638,39.307778],[22.937528,39.307869],[22.937417,39.307967],[22.937323,39.308066],[22.937184,39.308182],[22.937081,39.308264],[22.936969,39.30835],[22.936849,39.308431],[22.936704,39.308526],[22.936542,39.308627],[22.936331,39.308747],[22.936031,39.308935],[22.935819,39.309056],[22.935632,39.309165],[22.935583,39.309193],[22.935488,39.309248],[22.935337,39.309329],[22.935295,39.309344],[22.935231,39.309378],[22.935159,39.309423],[22.935057,39.309503],[22.935012,39.309546],[22.93484,39.309763],[22.934671,39.310001],[22.934384,39.310401],[22.93435,39.310483],[22.934354,39.310548],[22.934372,39.310599],[22.934433,39.310626],[22.93448,39.310636],[22.934539,39.310636],[22.934647,39.310634],[22.934863,39.310629],[22.935199,39.310632],[22.935505,39.310628],[22.935787,39.310631],[22.935867,39.310648],[22.935938,39.310669],[22.935988,39.310708],[22.936023,39.310756],[22.936072,39.310878],[22.936158,39.311056],[22.936216,39.31127],[22.936244,39.311397],[22.936265,39.311523],[22.936277,39.311615],[22.936296,39.311691],[22.936344,39.311734],[22.936416,39.311774],[22.936522,39.31181],[22.93666,39.311848],[22.936821,39.31189],[22.936939,39.31193],[22.937057,39.311981],[22.937152,39.312036],[22.937252,39.312102],[22.937353,39.312176],[22.937429,39.312256],[22.93747,39.312329],[22.93749,39.312395],[22.937494,39.312473],[22.93747,39.312539],[22.937424,39.312614],[22.937365,39.312711],[22.937193,39.313016],[22.936803,39.313646],[22.936617,39.313928],[22.936534,39.314042],[22.936433,39.314159],[22.936337,39.314263],[22.936249,39.314343],[22.936125,39.314466],[22.936023,39.314539],[22.935927,39.314611],[22.935825,39.314684],[22.93571,39.314743],[22.935583,39.314803],[22.935433,39.314878],[22.935257,39.314959],[22.935011,39.315053],[22.93494,39.315078],[22.934834,39.3151],[22.934704,39.315119],[22.934576,39.315125],[22.93446,39.315124],[22.934329,39.315128],[22.934216,39.315128],[22.934114,39.315133],[22.934008,39.315142],[22.933893,39.315161],[22.933822,39.315192],[22.933764,39.315225],[22.933698,39.315269],[22.933601,39.315336],[22.933485,39.315423],[22.933351,39.31551],[22.933275,39.315543],[22.933204,39.315558],[22.933126,39.315568],[22.93304,39.315568],[22.932966,39.315555],[22.932884,39.315527],[22.932831,39.315488],[22.932796,39.315449],[22.93275,39.315388],[22.932715,39.315321],[22.932685,39.31524],[22.932669,39.315172],[22.932644,39.315104],[22.932629,39.315077],[22.93261,39.315047],[22.932577,39.315013],[22.932509,39.314968],[22.932422,39.314934],[22.932292,39.314916],[22.932146,39.314934],[22.932041,39.314954],[22.931901,39.314993],[22.931752,39.315041],[22.931601,39.315098],[22.931481,39.315145],[22.93136,39.315198],[22.931231,39.315254],[22.931135,39.3153],[22.931003,39.31535],[22.930893,39.315386],[22.930779,39.315414],[22.930601,39.315457],[22.930449,39.315492],[22.930214,39.315525],[22.929705,39.315574],[22.929514,39.315607],[22.929373,39.315622],[22.929191,39.31562],[22.928885,39.315611],[22.928646,39.315588],[22.928601,39.315587],[22.928572,39.315588],[22.928552,39.315589],[22.928537,39.31559],[22.928519,39.315594],[22.928501,39.315601],[22.928487,39.315607],[22.928472,39.315617],[22.928452,39.315631],[22.928435,39.315644],[22.928414,39.31567],[22.928371,39.315705],[22.928331,39.31574],[22.928253,39.315797],[22.928192,39.315837],[22.928067,39.315922],[22.927984,39.31598],[22.927963,39.316013],[22.927898,39.316062],[22.927825,39.316125],[22.927772,39.316173],[22.927734,39.316211],[22.927696,39.316256],[22.927666,39.316297],[22.927582,39.316421],[22.927563,39.316452],[22.92754,39.316497],[22.927503,39.316572],[22.927427,39.316738],[22.927368,39.316885],[22.927312,39.317031],[22.927274,39.317135],[22.927244,39.317213],[22.92722,39.31727],[22.927202,39.317307],[22.927184,39.317337],[22.927165,39.317364],[22.927144,39.317386],[22.927091,39.317428],[22.926951,39.317489],[22.926863,39.317525],[22.926802,39.317549],[22.926674,39.3176],[22.926548,39.317656],[22.926461,39.317698],[22.926298,39.317777],[22.926213,39.317836],[22.926147,39.317889],[22.92609,39.317944],[22.926017,39.318024],[22.925969,39.318084],[22.925858,39.318266],[22.925778,39.318416],[22.925718,39.318524],[22.925666,39.318624],[22.925579,39.318767],[22.925503,39.318709],[22.925372,39.318624],[22.924988,39.31835],[22.924781,39.318197],[22.924686,39.318126],[22.924536,39.318013],[22.924444,39.317964],[22.924338,39.317929],[22.924104,39.317875],[22.923564,39.317769],[22.923212,39.317696],[22.923105,39.317676],[22.92266,39.317597],[22.92218,39.317528],[22.92218,39.317528],[22.922121,39.31752],[22.921654,39.317437],[22.921203,39.317352],[22.920723,39.317267],[22.920241,39.317185],[22.919937,39.317118],[22.919759,39.317085],[22.919479,39.31703],[22.919294,39.317004],[22.919294,39.317004],[22.919208,39.316992],[22.919076,39.316979],[22.919109,39.317145],[22.919133,39.317263],[22.919213,39.317556],[22.91928,39.317788],[22.919342,39.317979],[22.919397,39.318131],[22.919441,39.318259],[22.919712,39.318884],[22.920004,39.319566],[22.920077,39.319695],[22.920173,39.31989],[22.920455,39.320488],[22.920605,39.320847],[22.920739,39.321141],[22.92092,39.321615],[22.921099,39.3221],[22.921117,39.322148],[22.921117,39.322148],[22.921523,39.323241],[22.921582,39.323397],[22.921673,39.323671],[22.921973,39.324393],[22.922158,39.324826],[22.922188,39.324905],[22.922346,39.325328],[22.922384,39.325418],[22.922456,39.325604],[22.922496,39.325721],[22.922748,39.326364],[22.922848,39.326627],[22.922881,39.32671],[22.922919,39.326794],[22.922919,39.326794],[22.922972,39.326912],[22.923078,39.327149],[22.923176,39.327388],[22.923219,39.327484],[22.923258,39.327562],[22.923291,39.327623],[22.923332,39.327693],[22.923377,39.327766],[22.92342,39.327831],[22.923463,39.327888],[22.923502,39.327937],[22.923595,39.328042],[22.923697,39.328162],[22.923729,39.3282],[22.923796,39.328284],[22.923896,39.328387],[22.92421,39.328764],[22.924307,39.328881],[22.924905,39.329568],[22.925028,39.329712],[22.925374,39.330124],[22.925579,39.330388],[22.925579,39.330388],[22.925616,39.330436],[22.925649,39.330491],[22.925677,39.330554],[22.925696,39.330608],[22.925726,39.330689],[22.92575,39.330766],[22.925761,39.330823],[22.925766,39.33089],[22.925768,39.33093],[22.925762,39.330984],[22.925746,39.331051],[22.925731,39.331125],[22.925702,39.33121],[22.925631,39.331347],[22.925094,39.332354],[22.92499,39.33255],[22.924664,39.333175],[22.924597,39.333288],[22.924551,39.333358],[22.924456,39.333512],[22.924405,39.333579],[22.924333,39.333665],[22.924269,39.333737],[22.92419,39.333823],[22.924084,39.333936],[22.924044,39.333976],[22.923856,39.33417],[22.923827,39.334202],[22.923794,39.334242],[22.923761,39.334292],[22.923702,39.334388],[22.923683,39.334423],[22.923671,39.33445],[22.923657,39.334475],[22.923641,39.334507],[22.923628,39.334538],[22.923618,39.334567],[22.92361,39.334593],[22.923603,39.334628],[22.923594,39.334664],[22.923564,39.335185],[22.923558,39.335348],[22.923558,39.335357],[22.923558,39.335357],[22.923555,39.335428],[22.923554,39.335462],[22.923542,39.335673],[22.923536,39.335799],[22.923514,39.336147],[22.923503,39.336295],[22.923469,39.336633],[22.92346,39.336787],[22.923455,39.336863],[22.923457,39.33693],[22.923463,39.33702],[22.923467,39.33709],[22.923465,39.337156],[22.923475,39.337239],[22.923479,39.337329],[22.923494,39.337423],[22.923512,39.337499],[22.923766,39.338688],[22.924021,39.339886],[22.924086,39.340211],[22.924157,39.340518],[22.924225,39.340546],[22.924265,39.340565],[22.924307,39.340581],[22.924352,39.340592],[22.924518,39.340537],[22.9244,39.340639],[22.924352,39.34075],[22.924344,39.340779],[22.924344,39.340779],[22.924324,39.340846],[22.924265,39.341],[22.92428,39.341104],[22.924306,39.34125],[22.924338,39.341368],[22.924357,39.341446],[22.924382,39.341516],[22.924401,39.341571],[22.924426,39.341633],[22.924452,39.341708],[22.92448,39.341786],[22.924543,39.341914],[22.924648,39.342134],[22.92475,39.342361],[22.924958,39.3428],[22.92519,39.343295],[22.925529,39.343981],[22.925531,39.343985],[22.925597,39.344121],[22.925649,39.344231],[22.925698,39.344379],[22.92574,39.344512],[22.925754,39.344561],[22.925767,39.344618],[22.925778,39.344671],[22.925817,39.344867],[22.925828,39.345002],[22.925847,39.345122],[22.925858,39.345209],[22.925864,39.345273],[22.925868,39.345332],[22.92587,39.345413],[22.925871,39.3455],[22.925869,39.345605],[22.925867,39.345637],[22.925867,39.345721],[22.925863,39.345757],[22.925822,39.34624],[22.925819,39.346284],[22.925781,39.346638],[22.925771,39.346813],[22.925762,39.346953],[22.925762,39.346953],[22.925738,39.347291],[22.925713,39.347547],[22.925705,39.347625],[22.9257,39.347691],[22.925689,39.347783],[22.925675,39.347854],[22.925664,39.347904],[22.925658,39.347938],[22.925649,39.347979],[22.925638,39.348019],[22.925621,39.348066],[22.925601,39.348112],[22.925571,39.348182],[22.92554,39.348252],[22.925498,39.348343],[22.9254,39.348513],[22.925291,39.348703],[22.925065,39.349045],[22.924907,39.349304],[22.924907,39.349304],[22.924817,39.349452],[22.924729,39.349587],[22.924703,39.349626],[22.924661,39.349807],[22.92456,39.349962],[22.924374,39.350265],[22.924219,39.350558],[22.924139,39.350721],[22.92407,39.350882],[22.924025,39.351027],[22.924009,39.351092],[22.923993,39.351174],[22.923965,39.351323],[22.923952,39.351483],[22.923953,39.351602],[22.923969,39.351767],[22.923981,39.351847],[22.92402,39.352061],[22.924032,39.352102],[22.924032,39.352102],[22.924072,39.352246],[22.924128,39.352422],[22.924198,39.352574],[22.924257,39.352679],[22.924449,39.352989],[22.924625,39.353248],[22.924813,39.353516],[22.925138,39.353948],[22.92546,39.354395],[22.925614,39.354604],[22.926008,39.355175],[22.926279,39.355632],[22.926842,39.356545],[22.926891,39.356624],[22.926672,39.356714]]},"properties":{"line":"6","dir":"Τορούτζα","mode":"bus"}},{"type":"Feature","geometry":{"type":"LineString","coordinates":[[22.932609,39.36152],[22.932656,39.361527],[22.932702,39.36153],[22.932754,39.361532],[22.93278,39.36153],[22.9328,39.361528],[22.932828,39.36152],[22.932845,39.361512],[22.932861,39.361499],[22.932874,39.361486],[22.932891,39.361462],[22.93294,39.36137],[22.933206,39.36147],[22.933241,39.361484],[22.933315,39.361522],[22.933469,39.361613],[22.933577,39.361686],[22.933617,39.361679],[22.933658,39.361679],[22.933697,39.361687],[22.933733,39.361701],[22.933764,39.361721],[22.933775,39.361732],[22.93379,39.361749],[22.933849,39.361756],[22.933923,39.361766],[22.933971,39.361775],[22.934033,39.361787],[22.934083,39.361798],[22.934128,39.361811],[22.934148,39.361817],[22.934164,39.361823],[22.934188,39.361834],[22.93421,39.361845],[22.934228,39.361855],[22.934244,39.361866],[22.93428,39.361894],[22.934571,39.361993],[22.935082,39.362161],[22.93513,39.362177],[22.93513,39.362177],[22.935147,39.362183],[22.935365,39.362254],[22.935752,39.362383],[22.936005,39.36247],[22.93603,39.362478],[22.936045,39.362483],[22.936077,39.362492],[22.936112,39.3625],[22.936142,39.362506],[22.936223,39.362518],[22.936289,39.362526],[22.936357,39.362532],[22.936398,39.362535],[22.936447,39.362537],[22.936487,39.362538],[22.936533,39.362538],[22.936608,39.362537],[22.936643,39.362535],[22.936683,39.362531],[22.936719,39.362526],[22.936768,39.362517],[22.937164,39.362438],[22.93729,39.362416],[22.93738,39.362403],[22.937546,39.36237],[22.93761,39.36233],[22.937657,39.362313],[22.937687,39.362306],[22.937756,39.362289],[22.93793,39.362256],[22.937966,39.362249],[22.937998,39.36224],[22.938041,39.362226],[22.93808,39.362211],[22.938087,39.362193],[22.9381,39.362171],[22.938117,39.362151],[22.938137,39.362133],[22.938161,39.362117],[22.93819,39.362104],[22.938214,39.362096],[22.938241,39.36209],[22.938245,39.362089],[22.93828,39.362086],[22.938316,39.362087],[22.938345,39.362092],[22.938374,39.3621],[22.938394,39.362108],[22.938414,39.362119],[22.938435,39.362133],[22.938444,39.36214],[22.938454,39.362149],[22.938467,39.362163],[22.93855,39.362173],[22.938648,39.362179],[22.939801,39.362174],[22.939801,39.362174],[22.940256,39.362172],[22.941279,39.362168],[22.941326,39.362174],[22.941358,39.362177],[22.9414,39.36218],[22.941449,39.362183],[22.941524,39.362185],[22.941663,39.362182],[22.941687,39.36218],[22.941719,39.362176],[22.941751,39.362171],[22.941777,39.362166],[22.941804,39.36216],[22.941824,39.362155],[22.94184,39.36215],[22.941874,39.36214],[22.941889,39.362134],[22.941909,39.362127],[22.941932,39.362117],[22.941957,39.362109],[22.941984,39.362096],[22.942003,39.362083],[22.942018,39.362073],[22.942036,39.362057],[22.942056,39.362037],[22.942083,39.362009],[22.942117,39.361969],[22.94214,39.361939],[22.942159,39.361912],[22.942182,39.361882],[22.942214,39.361843],[22.942231,39.361827],[22.942249,39.361811],[22.942265,39.361798],[22.942288,39.361778],[22.942316,39.361755],[22.942358,39.361723],[22.942411,39.361683],[22.942505,39.361622],[22.942616,39.361588],[22.942747,39.361553],[22.942835,39.361531],[22.943158,39.361451],[22.943267,39.361425],[22.943314,39.361411],[22.943342,39.361402],[22.943342,39.361402],[22.943357,39.361397],[22.943755,39.361215],[22.944049,39.361081],[22.944534,39.360858],[22.944789,39.360741],[22.94499,39.360649],[22.945287,39.360512],[22.945623,39.360358],[22.945886,39.360239],[22.946297,39.360045],[22.946679,39.360449],[22.946717,39.36049],[22.947317,39.361149],[22.947475,39.361318],[22.947475,39.361318],[22.947523,39.36137],[22.947621,39.361477],[22.947674,39.361534],[22.948007,39.361895],[22.948377,39.362284],[22.948676,39.362604],[22.94959,39.363581],[22.94959,39.363581],[22.949863,39.363872],[22.950399,39.364444],[22.950905,39.364998],[22.951121,39.365238],[22.951124,39.365241],[22.951328,39.36546],[22.951757,39.365925],[22.952078,39.365751],[22.952477,39.365529],[22.952875,39.365312],[22.952939,39.365383],[22.953108,39.365579],[22.953208,39.365666],[22.953317,39.365728],[22.953489,39.365808],[22.953681,39.365896],[22.953681,39.365896],[22.954441,39.366245],[22.955188,39.366603],[22.955354,39.366676],[22.95543,39.366704],[22.955634,39.366786],[22.955811,39.366837],[22.956172,39.366942],[22.956558,39.367067],[22.956722,39.367123],[22.956811,39.367154],[22.956811,39.367154],[22.95704,39.367232],[22.957157,39.367271],[22.957265,39.367313],[22.957306,39.367328],[22.957335,39.367342],[22.95738,39.367366],[22.95742,39.367388],[22.957838,39.367615],[22.958171,39.367798],[22.958416,39.367924],[22.958656,39.368048],[22.958713,39.368083],[22.958897,39.368194],[22.958897,39.368194],[22.959238,39.3684],[22.95967,39.368686],[22.96014,39.369012],[22.960234,39.369072],[22.960321,39.369121],[22.960396,39.369158],[22.960466,39.369191],[22.960559,39.369229],[22.960668,39.369272],[22.960784,39.369316],[22.960922,39.369366],[22.961066,39.369415],[22.961221,39.369467],[22.961322,39.369495],[22.96143,39.36952],[22.961534,39.369543],[22.962026,39.36963],[22.962099,39.369639],[22.96221,39.36965],[22.962355,39.369655],[22.962445,39.369657],[22.962445,39.369657],[22.962516,39.369659],[22.962643,39.369654],[22.962924,39.369644],[22.963221,39.36998],[22.963511,39.370209],[22.96366,39.370395],[22.96381,39.370562],[22.963968,39.370632],[22.964318,39.37049],[22.964725,39.370326],[22.965007,39.370211],[22.96564,39.369862],[22.96594,39.36967],[22.966213,39.369491],[22.966349,39.369372],[22.966593,39.369164],[22.966912,39.368852],[22.967035,39.368916],[22.967097,39.368948],[22.967149,39.36897],[22.967198,39.368989],[22.967243,39.369004],[22.96728,39.369014],[22.967302,39.369018],[22.967342,39.369028],[22.967421,39.369049],[22.967466,39.369064],[22.967496,39.369076],[22.967573,39.369111],[22.968173,39.369215],[22.968173,39.369215],[22.968291,39.369235],[22.968491,39.369278],[22.969258,39.369456],[22.969967,39.369618],[22.970142,39.369661],[22.970273,39.369696],[22.970529,39.369774],[22.970741,39.36986],[22.970865,39.369918],[22.971062,39.369978],[22.971239,39.370021],[22.971461,39.370051],[22.972033,39.370079],[22.972557,39.370088],[22.972686,39.370096],[22.972981,39.370109],[22.973047,39.370111],[22.973108,39.370117],[22.973195,39.370129],[22.973521,39.370183],[22.973576,39.37019],[22.973892,39.370201],[22.974188,39.370212],[22.974238,39.370214],[22.974444,39.370224],[22.974587,39.370232],[22.974701,39.370245],[22.975389,39.370387],[22.975463,39.370398],[22.975509,39.370405],[22.975533,39.370409],[22.975633,39.370416],[22.975735,39.370415],[22.977197,39.370426],[22.977618,39.370431],[22.977632,39.370431],[22.977632,39.370431],[22.977712,39.370428],[22.977778,39.37042],[22.977844,39.370394],[22.977893,39.37036],[22.977911,39.370328],[22.977921,39.370288],[22.977922,39.370248],[22.977914,39.370189],[22.977903,39.370004],[22.977905,39.369976],[22.977907,39.369944],[22.977925,39.369892],[22.977952,39.369851],[22.978011,39.369803],[22.978097,39.369762],[22.978162,39.369741],[22.978211,39.369733],[22.978255,39.369735],[22.978365,39.369755],[22.978416,39.369772],[22.978466,39.369803],[22.978516,39.369843],[22.978565,39.369893],[22.97865,39.370006],[22.978761,39.37016],[22.978813,39.370206],[22.978879,39.370236],[22.978921,39.37025],[22.978978,39.370259],[22.979051,39.370265],[22.979151,39.370265],[22.979407,39.370206],[22.979701,39.370143],[22.979758,39.370122],[22.979802,39.370095],[22.979845,39.370055],[22.979869,39.37002],[22.979884,39.36998],[22.979931,39.369838],[22.979941,39.369818],[22.979955,39.369799],[22.979982,39.369773],[22.980011,39.369755],[22.980039,39.369743],[22.980072,39.369734],[22.980132,39.369724],[22.980162,39.369721],[22.980173,39.36972],[22.980246,39.369714],[22.980369,39.369708],[22.980563,39.369637],[22.980689,39.369532],[22.98088,39.369469],[22.98117,39.369465],[22.98138,39.36949],[22.981528,39.369552],[22.981646,39.369774],[22.981656,39.369786],[22.981671,39.369799],[22.981688,39.369811],[22.981705,39.36982],[22.981726,39.369828],[22.981753,39.369835],[22.98188,39.369865],[22.981943,39.369879],[22.981969,39.369886],[22.982001,39.369898],[22.982028,39.369909],[22.982183,39.369983],[22.982355,39.370084],[22.982355,39.370084],[22.982454,39.370143],[22.982662,39.370266],[22.982696,39.370287],[22.982845,39.370426],[22.982877,39.370452],[22.982914,39.370475],[22.982967,39.3705],[22.983027,39.370518],[22.983251,39.370576],[22.983638,39.37067],[22.983974,39.370752],[22.984,39.370755],[22.984027,39.370756],[22.984056,39.370752],[22.98408,39.370747],[22.9841,39.37074],[22.98412,39.370731],[22.984242,39.370668],[22.984266,39.370657],[22.984296,39.370649],[22.984334,39.370643],[22.984386,39.37064],[22.984437,39.370642],[22.984476,39.370647],[22.98452,39.370658],[22.98465,39.370693],[22.984709,39.370714],[22.984709,39.370714],[22.984801,39.370746],[22.984948,39.370795],[22.985218,39.370873],[22.985432,39.370937],[22.985701,39.371018],[22.98593,39.371099],[22.98622,39.3712],[22.986611,39.371317],[22.986833,39.37138],[22.986945,39.37141],[22.987023,39.371438],[22.987115,39.371478],[22.987154,39.371508],[22.987201,39.371555],[22.98769,39.371821],[22.988083,39.372046],[22.988117,39.372073],[22.988139,39.372099],[22.988147,39.37212],[22.988148,39.372139],[22.988141,39.372163],[22.988126,39.372181],[22.988104,39.372194],[22.988071,39.372201],[22.988029,39.372201],[22.987977,39.372191],[22.987935,39.372174],[22.987895,39.372147],[22.987807,39.372079],[22.987761,39.372057],[22.987718,39.372044],[22.987669,39.372037],[22.987624,39.372037],[22.987563,39.372047],[22.987502,39.37207],[22.987445,39.372109],[22.987138,39.372355],[22.987067,39.372416]]},"properties":{"line":"7","dir":"Άλλη Μεριά 4","mode":"bus"}},{"type":"Feature","geometry":{"type":"LineString","coordinates":[[22.984693,39.370741],[22.984917,39.370781],[22.985865,39.371045],[22.987018,39.371455],[22.987323,39.371623],[22.987499,39.371718],[22.987687,39.371825],[22.988072,39.372022],[22.988168,39.372112],[22.988082,39.372216],[22.987904,39.372174],[22.98781,39.372086],[22.987651,39.372023],[22.987527,39.372062],[22.987445,39.372101],[22.987369,39.372195],[22.986623,39.372786],[22.986322,39.37305],[22.986281,39.373212],[22.986282,39.373499],[22.986351,39.373813],[22.986243,39.374009],[22.986017,39.374082],[22.985561,39.374054],[22.985089,39.373995],[22.984874,39.374027],[22.984746,39.374083],[22.984639,39.374223],[22.984575,39.374454],[22.984598,39.374807],[22.984636,39.375189],[22.98441,39.375782],[22.984335,39.37606],[22.98427,39.376132],[22.984173,39.376155],[22.984012,39.376074],[22.983771,39.375917],[22.983508,39.375756],[22.983293,39.375737],[22.983183,39.375759],[22.983074,39.375839],[22.982961,39.375986],[22.982897,39.376163],[22.982843,39.376253],[22.982747,39.376308],[22.982737,39.376407],[22.982867,39.376622],[22.982975,39.376908],[22.98312,39.377205],[22.982999,39.377307],[22.982798,39.377273],[22.982346,39.377009],[22.981815,39.376765],[22.981549,39.37666],[22.981242,39.376607],[22.980997,39.376715],[22.980785,39.376863],[22.980664,39.377134],[22.980628,39.377405],[22.980663,39.377537],[22.980762,39.377636],[22.981062,39.377795],[22.981185,39.377883],[22.981244,39.377987],[22.981171,39.378139],[22.980808,39.378266],[22.980591,39.378371],[22.980498,39.378494],[22.980507,39.378645],[22.980628,39.378888],[22.980595,39.379003],[22.980429,39.379054],[22.980114,39.37901],[22.979793,39.378954],[22.979375,39.378877],[22.978985,39.378822],[22.978486,39.378867],[22.978115,39.378946],[22.977952,39.379041],[22.977936,39.379156],[22.978122,39.379521],[22.978178,39.379769],[22.978045,39.379811],[22.977934,39.379819],[22.977777,39.379752],[22.977621,39.379702],[22.977482,39.37971],[22.97731,39.379771],[22.976699,39.38005],[22.976449,39.380175],[22.976291,39.380343],[22.976112,39.380585],[22.975859,39.380714],[22.97574,39.380769],[22.97563,39.380845],[22.975528,39.380931],[22.975403,39.380991],[22.97531,39.381001],[22.975225,39.380988],[22.97511,39.380946],[22.975027,39.380863],[22.974889,39.380648],[22.974789,39.380565],[22.974216,39.380441],[22.973971,39.380325],[22.973784,39.380275],[22.973651,39.380291],[22.973535,39.380397],[22.973453,39.380651],[22.97336,39.381013],[22.973412,39.381151],[22.973541,39.381288],[22.973755,39.381384],[22.973953,39.381413],[22.974049,39.381455],[22.974096,39.381563],[22.974026,39.381662],[22.9739,39.38167],[22.973548,39.381459],[22.973153,39.381322],[22.973069,39.381254],[22.973017,39.381119],[22.973048,39.380779],[22.973154,39.380265],[22.973075,39.379894],[22.973023,39.379547],[22.973111,39.379396],[22.973328,39.379311],[22.973675,39.379323],[22.973834,39.379348],[22.973983,39.379423],[22.974122,39.379556],[22.974294,39.379589],[22.974381,39.379469],[22.974319,39.379364],[22.974151,39.3793],[22.973456,39.379134],[22.973271,39.379105],[22.973129,39.37913],[22.97301,39.379175],[22.972823,39.379299],[22.972754,39.379406],[22.972545,39.380183],[22.972109,39.380905],[22.971717,39.381388],[22.971583,39.381419],[22.971419,39.381378],[22.971169,39.381172],[22.971003,39.381009],[22.970871,39.380923],[22.970675,39.380887],[22.970305,39.38089],[22.970155,39.380732],[22.970069,39.380666],[22.96994,39.38065],[22.969723,39.380735],[22.969463,39.380881],[22.969152,39.381108]]},"properties":{"line":"7","dir":"Αηδονοφωλιές","mode":"bus"}},{"type":"Feature","geometry":{"type":"LineString","coordinates":[[22.984709,39.370714],[22.98465,39.370693],[22.98452,39.370658],[22.984476,39.370647],[22.984437,39.370642],[22.984386,39.37064],[22.984334,39.370643],[22.984296,39.370649],[22.984266,39.370657],[22.984242,39.370668],[22.98412,39.370731],[22.9841,39.37074],[22.98408,39.370747],[22.984056,39.370752],[22.984027,39.370756],[22.984,39.370755],[22.983974,39.370752],[22.983638,39.37067],[22.983251,39.370576],[22.983027,39.370518],[22.982967,39.3705],[22.982914,39.370475],[22.982877,39.370452],[22.982845,39.370426],[22.982696,39.370287],[22.982662,39.370266],[22.982454,39.370143],[22.982367,39.370092],[22.982367,39.370092],[22.982183,39.369983],[22.982028,39.369909],[22.982001,39.369898],[22.981969,39.369886],[22.981943,39.369879],[22.98188,39.369865],[22.981753,39.369835],[22.981726,39.369828],[22.981705,39.36982],[22.981688,39.369811],[22.981671,39.369799],[22.981656,39.369786],[22.981646,39.369774],[22.981533,39.36961],[22.981417,39.369482],[22.981073,39.369445],[22.980772,39.369481],[22.980566,39.369636],[22.980461,39.369674],[22.980369,39.369708],[22.980246,39.369714],[22.980173,39.36972],[22.980152,39.369722],[22.980152,39.369722],[22.980132,39.369724],[22.980072,39.369734],[22.980039,39.369743],[22.980011,39.369755],[22.979982,39.369773],[22.979955,39.369799],[22.979941,39.369818],[22.979931,39.369838],[22.979884,39.36998],[22.979869,39.37002],[22.979845,39.370055],[22.979802,39.370095],[22.979758,39.370122],[22.979701,39.370143],[22.979407,39.370206],[22.979151,39.370265],[22.979051,39.370265],[22.978978,39.370259],[22.978921,39.37025],[22.978879,39.370236],[22.978813,39.370206],[22.978761,39.37016],[22.97865,39.370006],[22.978565,39.369893],[22.978516,39.369843],[22.978466,39.369803],[22.978416,39.369772],[22.978365,39.369755],[22.978255,39.369735],[22.978211,39.369733],[22.978162,39.369741],[22.978097,39.369762],[22.978011,39.369803],[22.977952,39.369851],[22.977925,39.369892],[22.977907,39.369944],[22.977905,39.369976],[22.977903,39.370004],[22.977914,39.370189],[22.977922,39.370248],[22.977921,39.370288],[22.977911,39.370328],[22.977893,39.37036],[22.977844,39.370394],[22.977778,39.37042],[22.977712,39.370428],[22.977618,39.370431],[22.977618,39.370431],[22.977197,39.370426],[22.975735,39.370415],[22.975633,39.370416],[22.975533,39.370409],[22.975509,39.370405],[22.975463,39.370398],[22.975389,39.370387],[22.974701,39.370245],[22.974587,39.370232],[22.974444,39.370224],[22.974238,39.370214],[22.974188,39.370212],[22.973892,39.370201],[22.973576,39.37019],[22.973521,39.370183],[22.973195,39.370129],[22.973108,39.370117],[22.973047,39.370111],[22.972981,39.370109],[22.972686,39.370096],[22.972557,39.370088],[22.972033,39.370079],[22.971461,39.370051],[22.971239,39.370021],[22.971062,39.369978],[22.970865,39.369918],[22.970741,39.36986],[22.970529,39.369774],[22.970273,39.369696],[22.970142,39.369661],[22.969967,39.369618],[22.969258,39.369456],[22.968491,39.369278],[22.968291,39.369235],[22.968052,39.369194],[22.968052,39.369194],[22.967573,39.369111],[22.967444,39.369104],[22.967377,39.369097],[22.967339,39.369091],[22.967311,39.369086],[22.967272,39.369077],[22.967219,39.369063],[22.967142,39.369039],[22.967099,39.369024],[22.967049,39.369004],[22.966981,39.368972],[22.966858,39.368906],[22.966751,39.368848],[22.966727,39.368831],[22.966684,39.3688],[22.966577,39.36872],[22.966309,39.368519],[22.966284,39.368478],[22.96627,39.368442],[22.966003,39.368525],[22.965984,39.368543],[22.965977,39.368562],[22.965976,39.368585],[22.96603,39.369358],[22.965865,39.369389],[22.965717,39.369437],[22.965556,39.36949],[22.965382,39.369562],[22.965264,39.369638],[22.965161,39.369689],[22.965089,39.369711],[22.96506,39.369723],[22.965011,39.369731],[22.964933,39.369735],[22.964844,39.369734],[22.964771,39.36973],[22.964707,39.369726],[22.964575,39.369712],[22.964404,39.369685],[22.964086,39.369645],[22.963939,39.369625],[22.96381,39.369624],[22.963726,39.36962],[22.963436,39.369623],[22.962924,39.369644],[22.962643,39.369654],[22.962516,39.369659],[22.962488,39.369658],[22.962488,39.369658],[22.962355,39.369655],[22.96221,39.36965],[22.962099,39.369639],[22.962026,39.36963],[22.961534,39.369543],[22.96143,39.36952],[22.961322,39.369495],[22.961221,39.369467],[22.961066,39.369415],[22.960922,39.369366],[22.960784,39.369316],[22.960668,39.369272],[22.960559,39.369229],[22.960466,39.369191],[22.960396,39.369158],[22.960321,39.369121],[22.960234,39.369072],[22.96014,39.369012],[22.95967,39.368686],[22.959238,39.3684],[22.958713,39.368083],[22.958656,39.368048],[22.958416,39.367924],[22.958171,39.367798],[22.957838,39.367615],[22.95742,39.367388],[22.95738,39.367366],[22.957335,39.367342],[22.957306,39.367328],[22.957265,39.367313],[22.957157,39.367271],[22.95704,39.367232],[22.956803,39.367151],[22.956803,39.367151],[22.956722,39.367123],[22.956558,39.367067],[22.956172,39.366942],[22.955811,39.366837],[22.955634,39.366786],[22.95543,39.366704],[22.955354,39.366676],[22.955188,39.366603],[22.954441,39.366245],[22.953685,39.365898],[22.953685,39.365898],[22.953489,39.365808],[22.953317,39.365728],[22.953208,39.365666],[22.953049,39.365625],[22.952853,39.365553],[22.952703,39.365508],[22.952523,39.365605],[22.952377,39.365687],[22.95183,39.365996],[22.951423,39.366216],[22.950812,39.366558],[22.950724,39.366608],[22.950666,39.366544],[22.950405,39.36627],[22.950405,39.36627],[22.950228,39.366085],[22.949791,39.365627],[22.949269,39.365081],[22.94925,39.365054],[22.949041,39.364836],[22.949041,39.364836],[22.948733,39.364516],[22.948108,39.363896],[22.947799,39.363582],[22.947506,39.363271],[22.947171,39.362864],[22.946566,39.362108],[22.946381,39.361878],[22.946313,39.361793],[22.946313,39.361793],[22.94619,39.361639],[22.945704,39.361032],[22.94544,39.36117],[22.945349,39.361217],[22.945213,39.361285],[22.944998,39.361393],[22.944967,39.361408],[22.944902,39.36144],[22.944845,39.361467],[22.944845,39.361467],[22.944831,39.361474],[22.944727,39.361522],[22.944474,39.361636],[22.94418,39.361768],[22.943968,39.361858],[22.943703,39.361971],[22.943516,39.36205],[22.943338,39.362126],[22.943099,39.362222],[22.943042,39.362244],[22.943004,39.362256],[22.942955,39.362269],[22.942902,39.362279],[22.942854,39.362286],[22.942794,39.362293],[22.942714,39.362283],[22.942634,39.36228],[22.94253,39.36228],[22.942488,39.362281],[22.942463,39.362281],[22.942437,39.362282],[22.942408,39.362282],[22.942386,39.362283],[22.942357,39.362286],[22.942333,39.36229],[22.942311,39.362294],[22.942289,39.3623],[22.942274,39.362305],[22.942246,39.362316],[22.942219,39.362329],[22.942193,39.362345],[22.94218,39.362359],[22.942164,39.362372],[22.942147,39.362384],[22.942122,39.362397],[22.942095,39.362407],[22.942067,39.362414],[22.942037,39.362418],[22.942007,39.362418],[22.941977,39.362415],[22.941949,39.362408],[22.941921,39.362398],[22.941896,39.362386],[22.941874,39.36237],[22.941855,39.362353],[22.941799,39.362341],[22.941768,39.362334],[22.941738,39.362329],[22.9417,39.362322],[22.941671,39.362317],[22.94165,39.362314],[22.941613,39.362309],[22.941591,39.362307],[22.941555,39.362305],[22.941472,39.362305],[22.941393,39.362307],[22.941306,39.362308],[22.941114,39.362308],[22.940391,39.362307],[22.940258,39.362306],[22.939962,39.362306],[22.939962,39.362306],[22.938648,39.362303],[22.938618,39.362304],[22.938591,39.362306],[22.938559,39.362311],[22.938529,39.362318],[22.938467,39.362337],[22.938455,39.362351],[22.938443,39.362362],[22.938418,39.36238],[22.938396,39.362391],[22.938375,39.3624],[22.938328,39.362412],[22.938293,39.362415],[22.938257,39.362413],[22.938232,39.362409],[22.938206,39.362403],[22.938177,39.362391],[22.938147,39.362374],[22.938063,39.362358],[22.938014,39.362352],[22.937952,39.362348],[22.93787,39.362348],[22.937783,39.362359],[22.937667,39.362367],[22.937546,39.36237],[22.93738,39.362403],[22.93729,39.362416],[22.937164,39.362438],[22.936768,39.362517],[22.936719,39.362526],[22.936683,39.362531],[22.936643,39.362535],[22.936608,39.362537],[22.936533,39.362538],[22.936487,39.362538],[22.936447,39.362537],[22.936398,39.362535],[22.936357,39.362532],[22.936289,39.362526],[22.936223,39.362518],[22.936142,39.362506],[22.936112,39.3625],[22.936077,39.362492],[22.936045,39.362483],[22.93603,39.362478],[22.936005,39.36247],[22.935752,39.362383],[22.935365,39.362254],[22.935147,39.362183],[22.935082,39.362161],[22.934935,39.362113],[22.934935,39.362113],[22.934571,39.361993],[22.93428,39.361894],[22.934225,39.361881],[22.934181,39.361874],[22.934131,39.361867],[22.93409,39.361862],[22.934051,39.361859],[22.934022,39.361858],[22.934008,39.361857],[22.933988,39.361857],[22.933963,39.361858],[22.933927,39.361861],[22.933886,39.361867],[22.933828,39.361878],[22.933782,39.361888],[22.93377,39.361901],[22.933754,39.361914],[22.933728,39.361929],[22.933698,39.361941],[22.933665,39.361948],[22.933649,39.361949],[22.933626,39.361949],[22.93361,39.361948],[22.933591,39.361945],[22.933572,39.36194],[22.933552,39.361933],[22.933534,39.361925],[22.933518,39.361915],[22.933504,39.361903],[22.933494,39.361894],[22.933483,39.36188],[22.933474,39.361867],[22.933467,39.361853],[22.933462,39.361837],[22.93346,39.361812],[22.933461,39.361794],[22.933469,39.361771],[22.933477,39.361753],[22.933493,39.361734],[22.933531,39.361705],[22.933577,39.361686],[22.933617,39.361679],[22.933658,39.361679],[22.933697,39.361687],[22.933733,39.361701],[22.933764,39.361721],[22.933832,39.361724],[22.933854,39.361722],[22.933889,39.361713],[22.933917,39.3617],[22.933961,39.361676],[22.933973,39.361668],[22.933989,39.361655],[22.934004,39.361637],[22.934338,39.361158],[22.934166,39.361089],[22.933694,39.360886],[22.933627,39.360858],[22.933558,39.36083],[22.933446,39.360785],[22.933446,39.360785],[22.933371,39.360755],[22.933135,39.36066],[22.932949,39.360941],[22.932901,39.360987],[22.932863,39.361009],[22.932824,39.361026],[22.932789,39.36105],[22.932752,39.361074],[22.932725,39.361104],[22.932644,39.361261],[22.93294,39.36137],[22.932891,39.361462],[22.932874,39.361486],[22.932861,39.361499],[22.932845,39.361512],[22.932828,39.36152],[22.9328,39.361528],[22.93278,39.36153],[22.932754,39.361532],[22.932702,39.36153],[22.932656,39.361527],[22.932609,39.36152]]},"properties":{"line":"7","dir":"Κεντρική Αφετηρία","mode":"bus"}},{"type":"Feature","geometry":{"type":"LineString","coordinates":[[22.984801,39.370746],[22.984948,39.370795],[22.985218,39.370873],[22.985432,39.370937],[22.985701,39.371018],[22.98593,39.371099],[22.98622,39.3712],[22.986611,39.371317],[22.986833,39.37138],[22.986945,39.37141],[22.987023,39.371438],[22.987115,39.371478],[22.987154,39.371508],[22.987201,39.371555],[22.98769,39.371821],[22.988083,39.372046],[22.988117,39.372073],[22.988139,39.372099],[22.988147,39.37212],[22.988148,39.372139],[22.988141,39.372163],[22.988126,39.372181],[22.988104,39.372194],[22.988071,39.372201],[22.988029,39.372201],[22.987977,39.372191],[22.987935,39.372174],[22.987895,39.372147],[22.987807,39.372079],[22.987761,39.372057],[22.987718,39.372044],[22.987669,39.372037],[22.987624,39.372037],[22.987563,39.372047],[22.987502,39.37207],[22.987445,39.372109],[22.987138,39.372355],[22.987057,39.372425],[22.987057,39.372425],[22.986709,39.372727],[22.986393,39.372958],[22.986342,39.373019],[22.986306,39.373086],[22.986287,39.373142],[22.986275,39.37319],[22.986264,39.373261],[22.986267,39.373332],[22.986321,39.373708],[22.986325,39.373777],[22.986321,39.373844],[22.986304,39.373899],[22.986266,39.373961],[22.986232,39.373997],[22.986182,39.37403],[22.986121,39.374058],[22.986045,39.37408],[22.98596,39.37409],[22.985851,39.374093],[22.985759,39.374084],[22.985524,39.374054],[22.98519,39.373996],[22.985106,39.373987],[22.985044,39.373985],[22.984999,39.373986],[22.984953,39.373989],[22.984897,39.374003],[22.984855,39.374016],[22.98482,39.374035],[22.984785,39.374061],[22.984732,39.37411],[22.984685,39.374181],[22.984636,39.374262],[22.984602,39.374352],[22.984587,39.374458],[22.984588,39.374568],[22.984611,39.37491],[22.98462,39.375015],[22.984615,39.375103],[22.98461,39.375165],[22.984603,39.375217],[22.984591,39.375277],[22.984565,39.375352],[22.984544,39.375415],[22.984504,39.375509],[22.984465,39.375606],[22.984406,39.375777],[22.984386,39.375847],[22.984366,39.37591],[22.984352,39.375959],[22.984341,39.376011],[22.984328,39.376049],[22.98431,39.376082],[22.984287,39.376112],[22.984258,39.376127],[22.984227,39.376136],[22.984192,39.376142],[22.984156,39.376142],[22.984122,39.376134],[22.984074,39.376112],[22.984017,39.376077],[22.983949,39.376034],[22.983829,39.375962],[22.983702,39.375877],[22.983581,39.3758],[22.983464,39.375753],[22.983346,39.375736],[22.983252,39.375738],[22.983166,39.375766],[22.98309,39.375816],[22.983034,39.375892],[22.982964,39.375984],[22.982898,39.376164],[22.98288,39.376214],[22.982828,39.376224],[22.982785,39.37625],[22.982758,39.37628],[22.982743,39.37632],[22.982745,39.376358],[22.982764,39.376409],[22.982866,39.376639],[22.982952,39.376923],[22.983055,39.377101],[22.983085,39.377157],[22.983097,39.377197],[22.983091,39.377237],[22.983058,39.377284],[22.983018,39.377309],[22.982964,39.377324],[22.982903,39.377323],[22.982834,39.377296],[22.982725,39.377238],[22.982347,39.377002],[22.982173,39.376899],[22.981982,39.376824],[22.98171,39.376713],[22.98171,39.376713],[22.981614,39.376674],[22.98154,39.376641],[22.981409,39.376611],[22.981332,39.376603],[22.98123,39.37661],[22.98116,39.376626],[22.981003,39.376697],[22.980918,39.376739],[22.980853,39.376783],[22.980786,39.376849],[22.980744,39.37691],[22.980687,39.37703],[22.980619,39.377335],[22.980615,39.377394],[22.980624,39.377451],[22.980649,39.377512],[22.980686,39.377568],[22.980747,39.377626],[22.980879,39.377713],[22.981017,39.377789],[22.981113,39.377855],[22.981146,39.377884],[22.981203,39.377941],[22.981222,39.378006],[22.981206,39.378066],[22.981185,39.378096],[22.981157,39.378121],[22.981091,39.378152],[22.981016,39.378186],[22.98068,39.378314],[22.980616,39.378345],[22.980561,39.378378],[22.980518,39.378416],[22.980484,39.378465],[22.980469,39.378506],[22.980466,39.378562],[22.980491,39.37864],[22.980577,39.378785],[22.980593,39.378876],[22.980603,39.378914],[22.980601,39.378947],[22.980585,39.378988],[22.980556,39.379017],[22.980505,39.379037],[22.98044,39.379042],[22.980373,39.379043],[22.980282,39.379031],[22.980124,39.379006],[22.979423,39.378871],[22.979217,39.378826],[22.979099,39.378805],[22.97896,39.378795],[22.978821,39.378799],[22.978606,39.378831],[22.978407,39.378864],[22.978273,39.378894],[22.978273,39.378894],[22.978231,39.378904],[22.978163,39.378926],[22.978105,39.378944],[22.978032,39.378977],[22.977992,39.379001],[22.977969,39.379026],[22.977948,39.379055],[22.97794,39.379096],[22.977943,39.379145],[22.977954,39.37919],[22.977984,39.379268],[22.978089,39.379489],[22.978132,39.379576],[22.978151,39.379629],[22.978156,39.379664],[22.978159,39.379705],[22.978153,39.379736],[22.978131,39.37977],[22.978091,39.379801],[22.978041,39.379818],[22.977975,39.379817],[22.977921,39.379805],[22.977869,39.379781],[22.977726,39.379704],[22.977662,39.379681],[22.977601,39.379671],[22.977527,39.379672],[22.977463,39.379685],[22.977391,39.379714],[22.977247,39.379801],[22.977024,39.379917],[22.976643,39.380066],[22.976499,39.380126],[22.976425,39.380162],[22.976374,39.380202],[22.97632,39.380276],[22.976277,39.38034],[22.976149,39.380546],[22.976131,39.380568],[22.976101,39.380595],[22.976068,39.380618],[22.975988,39.380657],[22.975835,39.380727],[22.975761,39.380767],[22.975708,39.3808],[22.975675,39.380825],[22.97564,39.380854],[22.975601,39.380888],[22.975556,39.380924],[22.975532,39.380942],[22.975501,39.380961],[22.975454,39.380978],[22.975401,39.380987],[22.975366,39.380991],[22.975325,39.380993],[22.975263,39.38099],[22.97519,39.38098],[22.975167,39.380973],[22.975167,39.380973],[22.97519,39.38098],[22.975263,39.38099],[22.975325,39.380993],[22.975366,39.380991],[22.975401,39.380987],[22.975454,39.380978],[22.975501,39.380961],[22.975532,39.380942],[22.975556,39.380924],[22.975601,39.380888],[22.975589,39.38085],[22.975587,39.380807],[22.97559,39.380788],[22.975597,39.380773],[22.975618,39.380746],[22.975679,39.380686],[22.975708,39.380655],[22.975746,39.380608],[22.975833,39.380501],[22.975862,39.380462],[22.975883,39.380425],[22.975898,39.380374],[22.975913,39.380306],[22.97593,39.380234],[22.975916,39.380242],[22.97588,39.380253],[22.975852,39.380273],[22.975821,39.380309],[22.975789,39.380351],[22.97576,39.380365],[22.975731,39.380368],[22.975675,39.380365],[22.975627,39.380371],[22.975581,39.380382],[22.975564,39.380383],[22.975548,39.38038],[22.97553,39.38037],[22.975522,39.380356],[22.97552,39.380343],[22.975521,39.380331],[22.975515,39.380314],[22.975499,39.380298],[22.975423,39.380255],[22.975309,39.380204],[22.974925,39.379985],[22.974876,39.379947],[22.974778,39.379811],[22.97474,39.379824],[22.974683,39.37982],[22.974614,39.379804],[22.974574,39.379781],[22.974339,39.379557],[22.974358,39.379536],[22.97437,39.37951],[22.974373,39.379466],[22.974361,39.37943],[22.974338,39.379403],[22.974284,39.379363],[22.974266,39.379353],[22.974266,39.379353],[22.974229,39.379332],[22.974111,39.37929],[22.973861,39.37923],[22.973619,39.379165],[22.97347,39.37912],[22.973344,39.379089],[22.973268,39.379088],[22.973191,39.379096],[22.973032,39.379163],[22.972923,39.379226],[22.972851,39.379286],[22.97279,39.379346],[22.972747,39.379401],[22.972695,39.379551],[22.972607,39.379949],[22.972556,39.380141],[22.972486,39.380283],[22.972399,39.380432],[22.972269,39.380646],[22.972105,39.380887],[22.972081,39.380924],[22.972056,39.380957],[22.972056,39.380957],[22.971869,39.381207],[22.971802,39.381297],[22.971766,39.381344],[22.971742,39.381371],[22.971722,39.381388],[22.971696,39.381401],[22.97168,39.381408],[22.971663,39.381412],[22.971634,39.381416],[22.971603,39.381416],[22.97157,39.381414],[22.971537,39.38141],[22.971504,39.381403],[22.971471,39.381391],[22.971432,39.381374],[22.971378,39.381347],[22.971326,39.381313],[22.971278,39.381277],[22.971239,39.381242],[22.971208,39.38121],[22.971123,39.381116],[22.971085,39.381077],[22.971043,39.38104],[22.971004,39.381013],[22.970958,39.380985],[22.970916,39.380964],[22.970869,39.380944],[22.970811,39.38093],[22.970725,39.380924],[22.97048,39.380929],[22.970421,39.380929],[22.97038,39.380925],[22.970349,39.38092],[22.970313,39.380911],[22.97029,39.380899],[22.970261,39.380879],[22.970247,39.380864],[22.970149,39.380718],[22.970123,39.380692],[22.970087,39.380672],[22.970055,39.38066],[22.970022,39.380655],[22.96998,39.380656],[22.969922,39.380672],[22.969582,39.380824],[22.969286,39.380989],[22.969064,39.381144],[22.969064,39.381144],[22.968197,39.380898],[22.967621,39.380764],[22.967621,39.380764],[22.967445,39.380723],[22.967344,39.380693],[22.966684,39.380526],[22.966492,39.380478],[22.966441,39.380469],[22.966381,39.38046],[22.966264,39.38045],[22.966188,39.380446],[22.966101,39.380446],[22.966045,39.380442],[22.965987,39.380434],[22.965943,39.380425],[22.965902,39.380414],[22.965865,39.380402],[22.965803,39.380376],[22.965751,39.380349],[22.965697,39.38031],[22.964993,39.379726],[22.964772,39.379542],[22.964695,39.379476],[22.964695,39.379476],[22.964613,39.379405],[22.964083,39.37894],[22.963861,39.378741],[22.963283,39.378224],[22.963071,39.378046],[22.962904,39.377924],[22.962755,39.377814],[22.962624,39.377723],[22.962543,39.377666],[22.962395,39.377584],[22.962249,39.3775],[22.961846,39.377309],[22.961846,39.377309],[22.961795,39.377285],[22.961512,39.377153],[22.96088,39.376874],[22.960577,39.376729],[22.960417,39.376651],[22.960196,39.376533],[22.960125,39.376493],[22.96007,39.376459],[22.960012,39.376419],[22.959929,39.376353],[22.95985,39.376289],[22.95978,39.376228],[22.959641,39.376098],[22.959561,39.376011],[22.959561,39.376011],[22.959418,39.375857],[22.959311,39.375745],[22.958946,39.375345],[22.958651,39.375039],[22.958408,39.374791],[22.95839,39.374772],[22.958214,39.374599],[22.958203,39.374586],[22.958184,39.374565],[22.958122,39.374495],[22.958045,39.374409],[22.957981,39.374341],[22.957934,39.37429],[22.957869,39.374219],[22.957529,39.373856],[22.957305,39.373618],[22.957305,39.373618],[22.956819,39.3731],[22.956709,39.372984],[22.956321,39.372569],[22.956196,39.372437],[22.956054,39.372285],[22.955692,39.371899],[22.955569,39.371769],[22.955426,39.371616],[22.955285,39.371466],[22.95497,39.37113],[22.954905,39.371061],[22.954905,39.371061],[22.954685,39.370827],[22.954558,39.370691],[22.954183,39.370291],[22.953774,39.369856],[22.953378,39.369443],[22.953337,39.3694],[22.953337,39.3694],[22.953041,39.36909],[22.952983,39.369029],[22.952563,39.368576],[22.9522,39.368184],[22.951857,39.367822],[22.951857,39.367822],[22.951669,39.367623],[22.951224,39.367143],[22.950724,39.366608],[22.950666,39.366544],[22.950405,39.36627],[22.950405,39.36627],[22.950228,39.366085],[22.949791,39.365627],[22.949269,39.365081],[22.94925,39.365054],[22.949041,39.364836],[22.949041,39.364836],[22.948733,39.364516],[22.948108,39.363896],[22.947799,39.363582],[22.947506,39.363271],[22.947171,39.362864],[22.946566,39.362108],[22.946381,39.361878],[22.946313,39.361793],[22.946313,39.361793],[22.94619,39.361639],[22.945704,39.361032],[22.94544,39.36117],[22.945349,39.361217],[22.945213,39.361285],[22.944998,39.361393],[22.944967,39.361408],[22.944902,39.36144],[22.944845,39.361467],[22.944845,39.361467],[22.944831,39.361474],[22.944727,39.361522],[22.944474,39.361636],[22.94418,39.361768],[22.943968,39.361858],[22.943703,39.361971],[22.943516,39.36205],[22.943507,39.362054],[22.943338,39.362126],[22.943099,39.362222],[22.943042,39.362244],[22.943004,39.362256],[22.942955,39.362269],[22.942902,39.362279],[22.942854,39.362286],[22.942794,39.362293],[22.942714,39.362283],[22.942634,39.36228],[22.94253,39.36228],[22.942488,39.362281],[22.942463,39.362281],[22.942437,39.362282],[22.942408,39.362282],[22.942386,39.362283],[22.942357,39.362286],[22.942333,39.36229],[22.942311,39.362294],[22.942289,39.3623],[22.942274,39.362305],[22.942246,39.362316],[22.942219,39.362329],[22.942193,39.362345],[22.94218,39.362359],[22.942164,39.362372],[22.942147,39.362384],[22.942122,39.362397],[22.942095,39.362407],[22.942067,39.362414],[22.942037,39.362418],[22.942007,39.362418],[22.941977,39.362415],[22.941949,39.362408],[22.941921,39.362398],[22.941896,39.362386],[22.941874,39.36237],[22.941855,39.362353],[22.941799,39.362341],[22.941768,39.362334],[22.941738,39.362329],[22.9417,39.362322],[22.941671,39.362317],[22.94165,39.362314],[22.941613,39.362309],[22.941591,39.362307],[22.941555,39.362305],[22.941472,39.362305],[22.941393,39.362307],[22.941306,39.362308],[22.941114,39.362308],[22.940391,39.362307],[22.940258,39.362306],[22.939962,39.362306],[22.939962,39.362306],[22.938648,39.362303],[22.938618,39.362304],[22.938591,39.362306],[22.938559,39.362311],[22.938529,39.362318],[22.938467,39.362337],[22.938455,39.362351],[22.938443,39.362362],[22.938418,39.36238],[22.938396,39.362391],[22.938375,39.3624],[22.938328,39.362412],[22.938293,39.362415],[22.938257,39.362413],[22.938232,39.362409],[22.938206,39.362403],[22.938177,39.362391],[22.938147,39.362374],[22.938063,39.362358],[22.938014,39.362352],[22.937952,39.362348],[22.93787,39.362348],[22.937783,39.362359],[22.937667,39.362367],[22.937546,39.36237],[22.93738,39.362403],[22.93729,39.362416],[22.937164,39.362438],[22.936768,39.362517],[22.936719,39.362526],[22.936683,39.362531],[22.936643,39.362535],[22.936608,39.362537],[22.936533,39.362538],[22.936487,39.362538],[22.936447,39.362537],[22.936398,39.362535],[22.936357,39.362532],[22.936289,39.362526],[22.936223,39.362518],[22.936142,39.362506],[22.936112,39.3625],[22.936077,39.362492],[22.936045,39.362483],[22.93603,39.362478],[22.936005,39.36247],[22.935752,39.362383],[22.935365,39.362254],[22.935147,39.362183],[22.935082,39.362161],[22.934935,39.362112],[22.934935,39.362112],[22.934766,39.362057],[22.934565,39.362001],[22.934181,39.361874],[22.934131,39.361867],[22.93409,39.361862],[22.934051,39.361859],[22.934022,39.361858],[22.934008,39.361857],[22.933988,39.361857],[22.933963,39.361858],[22.933927,39.361861],[22.933886,39.361867],[22.933828,39.361878],[22.933782,39.361888],[22.93377,39.361901],[22.933754,39.361914],[22.933728,39.361929],[22.933698,39.361941],[22.933665,39.361948],[22.933649,39.361949],[22.933626,39.361949],[22.93361,39.361948],[22.933591,39.361945],[22.933572,39.36194],[22.933552,39.361933],[22.933534,39.361925],[22.933518,39.361915],[22.933504,39.361903],[22.933494,39.361894],[22.933483,39.36188],[22.933474,39.361867],[22.933467,39.361853],[22.933462,39.361837],[22.93346,39.361812],[22.933461,39.361794],[22.933469,39.361771],[22.933477,39.361753],[22.933493,39.361734],[22.933531,39.361705],[22.933577,39.361686],[22.933617,39.361679],[22.933658,39.361679],[22.933697,39.361687],[22.933733,39.361701],[22.933764,39.361721],[22.933832,39.361724],[22.933854,39.361722],[22.933889,39.361713],[22.933917,39.3617],[22.933961,39.361676],[22.933973,39.361668],[22.933989,39.361655],[22.934004,39.361637],[22.934338,39.361158],[22.934166,39.361089],[22.933694,39.360886],[22.933627,39.360858],[22.933558,39.36083],[22.933446,39.360785],[22.933446,39.360785],[22.933371,39.360755],[22.933135,39.36066],[22.932949,39.360941],[22.932901,39.360987],[22.932863,39.361009],[22.932824,39.361026],[22.932789,39.36105],[22.932752,39.361074],[22.932725,39.361104],[22.932644,39.361261],[22.93294,39.36137],[22.932891,39.361462],[22.932874,39.361486],[22.932861,39.361499],[22.932845,39.361512],[22.932828,39.36152],[22.9328,39.361528],[22.93278,39.36153],[22.932754,39.361532],[22.932702,39.36153],[22.932656,39.361527],[22.932609,39.36152]]},"properties":{"line":"7","dir":"Κεντρική Αφετηρία","mode":"bus"}},{"type":"Feature","geometry":{"type":"LineString","coordinates":[[22.932609,39.36152],[22.932656,39.361527],[22.932702,39.36153],[22.932754,39.361532],[22.93278,39.36153],[22.9328,39.361528],[22.932828,39.36152],[22.932845,39.361512],[22.932861,39.361499],[22.932874,39.361486],[22.932891,39.361462],[22.93294,39.36137],[22.933206,39.36147],[22.933241,39.361484],[22.933315,39.361522],[22.933469,39.361613],[22.933577,39.361686],[22.933617,39.361679],[22.933658,39.361679],[22.933697,39.361687],[22.933733,39.361701],[22.933764,39.361721],[22.933775,39.361732],[22.93379,39.361749],[22.933849,39.361756],[22.933923,39.361766],[22.933971,39.361775],[22.934033,39.361787],[22.934083,39.361798],[22.934128,39.361811],[22.934148,39.361817],[22.934164,39.361823],[22.934188,39.361834],[22.93421,39.361845],[22.934228,39.361855],[22.934244,39.361866],[22.93428,39.361894],[22.934571,39.361993],[22.935082,39.362161],[22.93513,39.362177],[22.93513,39.362177],[22.935147,39.362183],[22.935365,39.362254],[22.935752,39.362383],[22.936005,39.36247],[22.93603,39.362478],[22.936045,39.362483],[22.936077,39.362492],[22.936112,39.3625],[22.936142,39.362506],[22.936223,39.362518],[22.936289,39.362526],[22.936357,39.362532],[22.936398,39.362535],[22.936447,39.362537],[22.936487,39.362538],[22.936533,39.362538],[22.936608,39.362537],[22.936643,39.362535],[22.936683,39.362531],[22.936719,39.362526],[22.936768,39.362517],[22.937164,39.362438],[22.93729,39.362416],[22.93738,39.362403],[22.937546,39.36237],[22.93761,39.36233],[22.937657,39.362313],[22.937687,39.362306],[22.937756,39.362289],[22.93793,39.362256],[22.937966,39.362249],[22.937998,39.36224],[22.938041,39.362226],[22.93808,39.362211],[22.938087,39.362193],[22.9381,39.362171],[22.938117,39.362151],[22.938137,39.362133],[22.938161,39.362117],[22.93819,39.362104],[22.938214,39.362096],[22.938241,39.36209],[22.938245,39.362089],[22.93828,39.362086],[22.938316,39.362087],[22.938345,39.362092],[22.938374,39.3621],[22.938394,39.362108],[22.938414,39.362119],[22.938435,39.362133],[22.938444,39.36214],[22.938454,39.362149],[22.938467,39.362163],[22.93855,39.362173],[22.938648,39.362179],[22.939801,39.362174],[22.939801,39.362174],[22.940256,39.362172],[22.941279,39.362168],[22.941326,39.362174],[22.941358,39.362177],[22.9414,39.36218],[22.941449,39.362183],[22.941524,39.362185],[22.941663,39.362182],[22.941687,39.36218],[22.941719,39.362176],[22.941751,39.362171],[22.941777,39.362166],[22.941804,39.36216],[22.941824,39.362155],[22.94184,39.36215],[22.941874,39.36214],[22.941889,39.362134],[22.941909,39.362127],[22.941932,39.362117],[22.941957,39.362109],[22.941984,39.362096],[22.942003,39.362083],[22.942018,39.362073],[22.942036,39.362057],[22.942056,39.362037],[22.942083,39.362009],[22.942117,39.361969],[22.94214,39.361939],[22.942159,39.361912],[22.942182,39.361882],[22.942214,39.361843],[22.942231,39.361827],[22.942249,39.361811],[22.942265,39.361798],[22.942288,39.361778],[22.942316,39.361755],[22.942358,39.361723],[22.942411,39.361683],[22.942505,39.361622],[22.942616,39.361588],[22.942747,39.361553],[22.942835,39.361531],[22.943158,39.361451],[22.943267,39.361425],[22.943314,39.361411],[22.943342,39.361402],[22.943342,39.361402],[22.943357,39.361397],[22.943755,39.361215],[22.944049,39.361081],[22.944534,39.360858],[22.944789,39.360741],[22.94499,39.360649],[22.945287,39.360512],[22.945623,39.360358],[22.945886,39.360239],[22.946297,39.360045],[22.946679,39.360449],[22.946717,39.36049],[22.947317,39.361149],[22.947475,39.361318],[22.947475,39.361318],[22.947523,39.36137],[22.947621,39.361477],[22.947674,39.361534],[22.948007,39.361895],[22.948377,39.362284],[22.948676,39.362604],[22.94959,39.363581],[22.94959,39.363581],[22.949863,39.363872],[22.950399,39.364444],[22.950905,39.364998],[22.951121,39.365238],[22.951124,39.365241],[22.951328,39.36546],[22.951757,39.365925],[22.95183,39.365996],[22.952318,39.366527],[22.952483,39.366702],[22.952483,39.366702],[22.952776,39.367012],[22.953302,39.36756],[22.953546,39.367816],[22.953715,39.367977],[22.953715,39.367977],[22.95385,39.368107],[22.954036,39.368308],[22.954102,39.368375],[22.954557,39.368886],[22.954776,39.369091],[22.954823,39.369131],[22.954866,39.369164],[22.954967,39.369229],[22.955277,39.36942],[22.95553,39.369595],[22.955258,39.369667],[22.95503,39.369735],[22.954917,39.369774],[22.954917,39.369774],[22.954861,39.369793],[22.954675,39.369863],[22.954581,39.369905],[22.954485,39.369955],[22.954339,39.370036],[22.954203,39.370117],[22.954087,39.370189],[22.954183,39.370291],[22.954554,39.370693],[22.954686,39.370826],[22.954965,39.371133],[22.95528,39.371469],[22.955421,39.371618],[22.955565,39.371771],[22.955687,39.371902],[22.956059,39.372283],[22.956203,39.372433],[22.956325,39.372567],[22.956488,39.37273],[22.956726,39.372974],[22.956839,39.373089],[22.957091,39.37337],[22.957271,39.373563],[22.957321,39.373619],[22.957321,39.373619],[22.957531,39.373855],[22.957723,39.37406],[22.957869,39.374219],[22.957935,39.37429],[22.957982,39.374341],[22.958013,39.374374],[22.958045,39.374409],[22.958122,39.374495],[22.958184,39.374565],[22.958203,39.374586],[22.958214,39.374599],[22.95839,39.374772],[22.958408,39.374791],[22.958651,39.375039],[22.958946,39.375345],[22.959311,39.375745],[22.959418,39.375857],[22.959574,39.376026],[22.959574,39.376026],[22.959641,39.376098],[22.95978,39.376228],[22.95985,39.376289],[22.959929,39.376353],[22.960012,39.376419],[22.96007,39.376459],[22.960125,39.376493],[22.960196,39.376533],[22.960417,39.376651],[22.960577,39.376729],[22.96088,39.376874],[22.961512,39.377153],[22.961795,39.377285],[22.961841,39.377307],[22.961841,39.377307],[22.962249,39.3775],[22.962395,39.377584],[22.962543,39.377666],[22.962624,39.377723],[22.962755,39.377814],[22.962904,39.377924],[22.963071,39.378046],[22.963283,39.378224],[22.963861,39.378741],[22.964083,39.37894],[22.964613,39.379405],[22.964711,39.37949],[22.964711,39.37949],[22.964772,39.379542],[22.964993,39.379726],[22.965697,39.38031],[22.965751,39.380349],[22.965803,39.380376],[22.965865,39.380402],[22.965902,39.380414],[22.965943,39.380425],[22.965987,39.380434],[22.966045,39.380442],[22.966101,39.380446],[22.966188,39.380446],[22.966264,39.38045],[22.966381,39.38046],[22.966441,39.380469],[22.966492,39.380478],[22.966684,39.380526],[22.967344,39.380693],[22.967445,39.380723],[22.967532,39.380743],[22.967532,39.380743],[22.968197,39.380898],[22.969064,39.381144],[22.969064,39.381144],[22.969286,39.380989],[22.969582,39.380824],[22.969922,39.380672],[22.96998,39.380656],[22.970022,39.380655],[22.970055,39.38066],[22.970087,39.380672],[22.970123,39.380692],[22.970149,39.380718],[22.970247,39.380864],[22.970261,39.380879],[22.97029,39.380899],[22.970313,39.380911],[22.970349,39.38092],[22.97038,39.380925],[22.970421,39.380929],[22.97048,39.380929],[22.970725,39.380924],[22.970811,39.38093],[22.970869,39.380944],[22.970916,39.380964],[22.970958,39.380985],[22.971004,39.381013],[22.971043,39.38104],[22.971085,39.381077],[22.971123,39.381116],[22.971208,39.38121],[22.971239,39.381242],[22.971278,39.381277],[22.971326,39.381313],[22.971378,39.381347],[22.971432,39.381374],[22.971471,39.381391],[22.971504,39.381403],[22.971537,39.38141],[22.97157,39.381414],[22.971603,39.381416],[22.971634,39.381416],[22.971663,39.381412],[22.97168,39.381408],[22.971696,39.381401],[22.971722,39.381388],[22.971742,39.381371],[22.971766,39.381344],[22.971802,39.381297],[22.971869,39.381207],[22.972057,39.380956],[22.972057,39.380956],[22.972081,39.380924],[22.972105,39.380887],[22.972269,39.380646],[22.972399,39.380432],[22.972486,39.380283],[22.972556,39.380141],[22.972607,39.379949],[22.972695,39.379551],[22.972747,39.379401],[22.97279,39.379346],[22.972851,39.379286],[22.972923,39.379226],[22.973032,39.379163],[22.973191,39.379096],[22.973268,39.379088],[22.973344,39.379089],[22.97347,39.37912],[22.973619,39.379165],[22.973861,39.37923],[22.974111,39.37929],[22.974229,39.379332],[22.974249,39.379343],[22.974249,39.379343],[22.974284,39.379363],[22.974338,39.379403],[22.974361,39.37943],[22.974373,39.379466],[22.97437,39.37951],[22.974358,39.379536],[22.974339,39.379557],[22.974138,39.379561],[22.973909,39.379372],[22.973472,39.379335],[22.973125,39.379367],[22.972995,39.379632],[22.973144,39.380253],[22.973047,39.381186],[22.973339,39.38139],[22.973674,39.381495],[22.973945,39.381682],[22.974145,39.381619],[22.974041,39.381504],[22.973592,39.381314],[22.973346,39.381102],[22.973577,39.380267],[22.973875,39.380223],[22.974239,39.380399],[22.974871,39.380554],[22.975091,39.380913],[22.975469,39.380969],[22.975675,39.380825],[22.975708,39.3808],[22.975761,39.380767],[22.975835,39.380727],[22.975988,39.380657],[22.976068,39.380618],[22.976101,39.380595],[22.976131,39.380568],[22.976149,39.380546],[22.976277,39.38034],[22.97632,39.380276],[22.976374,39.380202],[22.976425,39.380162],[22.976499,39.380126],[22.976643,39.380066],[22.977024,39.379917],[22.977247,39.379801],[22.977391,39.379714],[22.977463,39.379685],[22.977527,39.379672],[22.977601,39.379671],[22.977662,39.379681],[22.977726,39.379704],[22.977869,39.379781],[22.977921,39.379805],[22.977975,39.379817],[22.978041,39.379818],[22.978091,39.379801],[22.978131,39.37977],[22.978153,39.379736],[22.978159,39.379705],[22.978156,39.379664],[22.978151,39.379629],[22.978132,39.379576],[22.978089,39.379489],[22.977984,39.379268],[22.977954,39.37919],[22.977943,39.379145],[22.97794,39.379096],[22.977948,39.379055],[22.977969,39.379026],[22.977992,39.379001],[22.978032,39.378977],[22.978053,39.378968],[22.978053,39.378968],[22.978105,39.378944],[22.978163,39.378926],[22.978231,39.378904],[22.978407,39.378864],[22.978606,39.378831],[22.978821,39.378799],[22.97896,39.378795],[22.979099,39.378805],[22.979217,39.378826],[22.979423,39.378871],[22.980124,39.379006],[22.980282,39.379031],[22.980373,39.379043],[22.98044,39.379042],[22.980505,39.379037],[22.980556,39.379017],[22.980585,39.378988],[22.980601,39.378947],[22.980603,39.378914],[22.980593,39.378876],[22.980577,39.378785],[22.980491,39.37864],[22.980466,39.378562],[22.980469,39.378506],[22.980484,39.378465],[22.980518,39.378416],[22.980561,39.378378],[22.980616,39.378345],[22.98068,39.378314],[22.981016,39.378186],[22.981091,39.378152],[22.981157,39.378121],[22.981185,39.378096],[22.981206,39.378066],[22.981222,39.378006],[22.981203,39.377941],[22.981146,39.377884],[22.981113,39.377855],[22.981017,39.377789],[22.980879,39.377713],[22.980747,39.377626],[22.980686,39.377568],[22.980649,39.377512],[22.980624,39.377451],[22.980615,39.377394],[22.980619,39.377335],[22.980687,39.37703],[22.980744,39.37691],[22.980786,39.376849],[22.980853,39.376783],[22.980918,39.376739],[22.981003,39.376697],[22.98116,39.376626],[22.98123,39.37661],[22.981332,39.376603],[22.981409,39.376611],[22.98154,39.376641],[22.981614,39.376674],[22.981688,39.376704],[22.981688,39.376704],[22.981982,39.376824],[22.982173,39.376899],[22.982347,39.377002],[22.982725,39.377238],[22.982834,39.377296],[22.982903,39.377323],[22.982964,39.377324],[22.983018,39.377309],[22.983058,39.377284],[22.983091,39.377237],[22.983097,39.377197],[22.983085,39.377157],[22.983055,39.377101],[22.982952,39.376923],[22.982866,39.376639],[22.982764,39.376409],[22.982745,39.376358],[22.982743,39.37632],[22.982758,39.37628],[22.982785,39.37625],[22.982828,39.376224],[22.98288,39.376214],[22.982898,39.376164],[22.982964,39.375984],[22.983034,39.375892],[22.98309,39.375816],[22.983112,39.375802],[22.983112,39.375802],[22.983166,39.375766],[22.983252,39.375738],[22.983346,39.375736],[22.983464,39.375753],[22.983581,39.3758],[22.983702,39.375877],[22.983829,39.375962],[22.983949,39.376034],[22.984017,39.376077],[22.984074,39.376112],[22.984122,39.376134],[22.984156,39.376142],[22.984192,39.376142],[22.984227,39.376136],[22.984258,39.376127],[22.984287,39.376112],[22.98431,39.376082],[22.984328,39.376049],[22.984341,39.376011],[22.984352,39.375959],[22.984366,39.37591],[22.984386,39.375847],[22.984406,39.375777],[22.984465,39.375606],[22.984504,39.375509],[22.984544,39.375415],[22.984565,39.375352],[22.984591,39.375277],[22.984603,39.375217],[22.98461,39.375165],[22.984615,39.375103],[22.98462,39.375015],[22.984611,39.37491],[22.984588,39.374568],[22.984587,39.374458],[22.984602,39.374352],[22.984636,39.374262],[22.984685,39.374181],[22.984732,39.37411],[22.984785,39.374061],[22.98482,39.374035],[22.984855,39.374016],[22.984897,39.374003],[22.984953,39.373989],[22.984999,39.373986],[22.985044,39.373985],[22.985106,39.373987],[22.98519,39.373996],[22.985524,39.374054],[22.985759,39.374084],[22.985851,39.374093],[22.98596,39.37409],[22.986045,39.37408],[22.986121,39.374058],[22.986182,39.37403],[22.986232,39.373997],[22.986266,39.373961],[22.986304,39.373899],[22.986321,39.373844],[22.986325,39.373777],[22.986321,39.373708],[22.986267,39.373332],[22.986264,39.373261],[22.986275,39.37319],[22.986287,39.373142],[22.986306,39.373086],[22.986342,39.373019],[22.986393,39.372958],[22.986709,39.372727],[22.987067,39.372416],[22.987067,39.372416],[22.987138,39.372355],[22.987445,39.372109],[22.987502,39.37207],[22.987563,39.372047],[22.987624,39.372037],[22.987669,39.372037],[22.987718,39.372044],[22.987761,39.372057],[22.987807,39.372079],[22.987895,39.372147],[22.987935,39.372174],[22.987977,39.372191],[22.988029,39.372201],[22.988071,39.372201],[22.988104,39.372194],[22.988126,39.372181],[22.988141,39.372163],[22.988148,39.372139],[22.988147,39.37212],[22.988139,39.372099],[22.988117,39.372073],[22.988083,39.372046],[22.98769,39.371821],[22.987201,39.371555],[22.987154,39.371508],[22.987115,39.371478],[22.987023,39.371438],[22.986945,39.37141],[22.986833,39.37138],[22.986611,39.371317],[22.98622,39.3712],[22.98593,39.371099],[22.985701,39.371018],[22.985432,39.370937],[22.985218,39.370873],[22.984948,39.370795],[22.984801,39.370746]]},"properties":{"line":"7","dir":"Πλατεία Άλλης Μεριάς","mode":"bus"}},{"type":"Feature","geometry":{"type":"LineString","coordinates":[[22.892304,39.356657],[22.892419,39.356684],[22.892512,39.356715],[22.892582,39.356748],[22.892692,39.35659],[22.892613,39.356491],[22.892613,39.356491],[22.892692,39.35659],[22.892582,39.356748],[22.892674,39.356809],[22.892746,39.356877],[22.893016,39.357201],[22.89306,39.357255],[22.893119,39.357319],[22.89321,39.357394],[22.89326,39.357429],[22.893307,39.35746],[22.893467,39.357556],[22.89378,39.357742],[22.893876,39.357798],[22.893971,39.357873],[22.894,39.357911],[22.894015,39.357954],[22.894034,39.358069],[22.894076,39.358318],[22.894089,39.358402],[22.894106,39.358463],[22.894124,39.358514],[22.894157,39.358587],[22.894206,39.358672],[22.894265,39.358755],[22.894351,39.358878],[22.894513,39.359088],[22.894608,39.359213],[22.894663,39.359277],[22.894709,39.359321],[22.894751,39.359352],[22.894852,39.359408],[22.895071,39.359501],[22.895257,39.359561],[22.895257,39.359561],[22.895323,39.359582],[22.895688,39.359682],[22.895995,39.359763],[22.896097,39.359801],[22.896294,39.35987],[22.896441,39.359953],[22.896441,39.359953],[22.896477,39.359973],[22.896706,39.360108],[22.89687,39.360213],[22.897267,39.360495],[22.897436,39.360619],[22.897563,39.360738],[22.897704,39.360883],[22.897906,39.361131],[22.898124,39.361408],[22.898334,39.3617],[22.898334,39.3617],[22.898372,39.361753],[22.898466,39.361849],[22.898574,39.361936],[22.898807,39.362075],[22.899132,39.362243],[22.899483,39.362423],[22.900265,39.362772],[22.901339,39.363238],[22.902043,39.363553],[22.902349,39.36368],[22.90247,39.363722],[22.902554,39.363744],[22.902604,39.363756],[22.902684,39.36377],[22.902834,39.363787],[22.902973,39.363799],[22.90311,39.363809],[22.903283,39.36383],[22.903384,39.363847],[22.903808,39.363879],[22.90387,39.363886],[22.904254,39.363928],[22.904399,39.363934],[22.904527,39.363934],[22.904527,39.363934],[22.90457,39.363934],[22.904696,39.36393],[22.904821,39.363921],[22.905026,39.363897],[22.905263,39.36387],[22.905355,39.363859],[22.905464,39.36385],[22.905616,39.363841],[22.905791,39.363835],[22.905918,39.363833],[22.90628,39.363837],[22.90652,39.363853],[22.906792,39.363875],[22.907041,39.363906],[22.907267,39.36393],[22.907758,39.363963],[22.907968,39.363972],[22.907974,39.363972],[22.908164,39.36397],[22.908345,39.363962],[22.908499,39.363955],[22.908966,39.363927],[22.909483,39.36391],[22.909949,39.363908],[22.910425,39.363917],[22.910621,39.363922],[22.910728,39.363925],[22.911831,39.363948],[22.912477,39.363965],[22.913241,39.364011],[22.913717,39.364048],[22.913899,39.364064],[22.914644,39.364127],[22.914828,39.364144],[22.915408,39.364193],[22.916068,39.364246],[22.916216,39.364257],[22.916437,39.364273],[22.916562,39.364287],[22.916706,39.364304],[22.916824,39.364325],[22.916955,39.364355],[22.917067,39.364388],[22.91714,39.364413],[22.917393,39.364488],[22.917534,39.364524],[22.917654,39.364551],[22.917736,39.364564],[22.917845,39.364583],[22.917962,39.364602],[22.918132,39.364624],[22.918273,39.364641],[22.918394,39.364656],[22.918646,39.364677],[22.91877,39.364687],[22.91877,39.364687],[22.918997,39.364705],[22.91922,39.364421],[22.919865,39.364421],[22.920654,39.364308],[22.921238,39.364185],[22.921321,39.364168],[22.921466,39.364129],[22.921552,39.364107],[22.921781,39.364041],[22.921851,39.364016],[22.921891,39.363999],[22.921955,39.363968],[22.922003,39.363942],[22.922318,39.363762],[22.922438,39.36366],[22.922514,39.363595],[22.922694,39.363429],[22.922725,39.363401],[22.922751,39.363377],[22.922751,39.363377],[22.922875,39.363262],[22.92292,39.36322],[22.922952,39.363193],[22.922984,39.363168],[22.923008,39.363152],[22.923045,39.36313],[22.923172,39.363065],[22.923433,39.362958],[22.923551,39.362916],[22.92367,39.362877],[22.92389,39.362813],[22.923929,39.362803],[22.923959,39.362796],[22.923996,39.362789],[22.924313,39.362726],[22.925591,39.362475],[22.925649,39.362464],[22.92623,39.362347],[22.92623,39.362347],[22.926493,39.362294],[22.926583,39.362276],[22.92673,39.362241],[22.926916,39.362024],[22.927607,39.361223],[22.927711,39.361097],[22.927986,39.360752],[22.928248,39.360422],[22.928276,39.360387],[22.92858,39.36],[22.928773,39.359774],[22.928787,39.359759],[22.928808,39.359738],[22.928826,39.359726],[22.928842,39.359718],[22.928787,39.359637],[22.928787,39.359637],[22.9284,39.359062],[22.928132,39.358655],[22.927988,39.358458],[22.927577,39.357864],[22.927382,39.357581],[22.927092,39.357165],[22.926847,39.356786],[22.926773,39.356672],[22.92612,39.356943],[22.925712,39.357111],[22.925712,39.357111],[22.925519,39.357191],[22.925822,39.357587],[22.926347,39.357176]]},"properties":{"line":"8","dir":"Ύδρας","mode":"bus"}},{"type":"Feature","geometry":{"type":"LineString","coordinates":[[22.926347,39.357176],[22.926818,39.356806],[22.926847,39.356786],[22.926865,39.356777],[22.926876,39.356771],[22.92696,39.356735],[22.926973,39.356756],[22.926973,39.356756],[22.926994,39.356789],[22.927261,39.35719],[22.927371,39.35735],[22.927371,39.35735],[22.927526,39.357574],[22.928628,39.359193],[22.928959,39.359669],[22.928842,39.359718],[22.928826,39.359726],[22.928808,39.359738],[22.928787,39.359759],[22.928773,39.359774],[22.92858,39.36],[22.928276,39.360387],[22.928248,39.360422],[22.927986,39.360752],[22.927711,39.361097],[22.927607,39.361223],[22.927516,39.361324],[22.927285,39.36159],[22.927143,39.361759],[22.927007,39.361918],[22.926916,39.362024],[22.92673,39.362241],[22.926583,39.362276],[22.926218,39.362349],[22.926218,39.362349],[22.925649,39.362464],[22.925591,39.362475],[22.924313,39.362726],[22.923996,39.362789],[22.923959,39.362796],[22.923929,39.362803],[22.92389,39.362813],[22.92367,39.362877],[22.923551,39.362916],[22.923433,39.362958],[22.923172,39.363065],[22.923045,39.36313],[22.923008,39.363152],[22.922984,39.363168],[22.922952,39.363193],[22.92292,39.36322],[22.922875,39.363262],[22.922792,39.363339],[22.922792,39.363339],[22.922725,39.363401],[22.922694,39.363429],[22.922514,39.363595],[22.922438,39.36366],[22.922318,39.363762],[22.922003,39.363942],[22.921955,39.363968],[22.921891,39.363999],[22.921851,39.364016],[22.921781,39.364041],[22.921552,39.364107],[22.921466,39.364129],[22.921321,39.364168],[22.921238,39.364185],[22.920654,39.364308],[22.920269,39.364975],[22.920122,39.364915],[22.920042,39.364883],[22.919976,39.364859],[22.919834,39.364818],[22.919702,39.364787],[22.919608,39.36477],[22.919522,39.364758],[22.919338,39.36474],[22.918997,39.364705],[22.918787,39.364688],[22.918787,39.364688],[22.918646,39.364677],[22.918394,39.364656],[22.918273,39.364641],[22.918132,39.364624],[22.917962,39.364602],[22.917845,39.364583],[22.917736,39.364564],[22.917654,39.364551],[22.917534,39.364524],[22.917393,39.364488],[22.91714,39.364413],[22.917067,39.364388],[22.916955,39.364355],[22.916824,39.364325],[22.916706,39.364304],[22.916562,39.364287],[22.916437,39.364273],[22.916216,39.364257],[22.916068,39.364246],[22.915408,39.364193],[22.914828,39.364144],[22.914644,39.364127],[22.913899,39.364064],[22.913717,39.364048],[22.913241,39.364011],[22.912477,39.363965],[22.911831,39.363948],[22.910728,39.363925],[22.910621,39.363922],[22.910425,39.363917],[22.909949,39.363908],[22.909483,39.36391],[22.908966,39.363927],[22.908499,39.363955],[22.908345,39.363962],[22.908164,39.36397],[22.907996,39.363972],[22.907996,39.363972],[22.907974,39.363972],[22.907758,39.363963],[22.907267,39.36393],[22.907041,39.363906],[22.906792,39.363875],[22.90652,39.363853],[22.90628,39.363837],[22.905918,39.363833],[22.905791,39.363835],[22.905616,39.363841],[22.905464,39.36385],[22.905355,39.363859],[22.905263,39.36387],[22.905026,39.363897],[22.904821,39.363921],[22.904696,39.36393],[22.90457,39.363934],[22.904527,39.363934],[22.904527,39.363934],[22.904399,39.363934],[22.904254,39.363928],[22.90387,39.363886],[22.903808,39.363879],[22.903384,39.363847],[22.903283,39.36383],[22.90311,39.363809],[22.902973,39.363799],[22.902834,39.363787],[22.902684,39.36377],[22.902604,39.363756],[22.902554,39.363744],[22.90247,39.363722],[22.902349,39.36368],[22.902043,39.363553],[22.901339,39.363238],[22.900265,39.362772],[22.899483,39.362423],[22.899132,39.362243],[22.898807,39.362075],[22.898574,39.361936],[22.898466,39.361849],[22.898372,39.361753],[22.898336,39.361703],[22.898336,39.361703],[22.898124,39.361408],[22.897906,39.361131],[22.897704,39.360883],[22.897563,39.360738],[22.897436,39.360619],[22.897267,39.360495],[22.89687,39.360213],[22.896706,39.360108],[22.896477,39.359973],[22.896405,39.359932],[22.896405,39.359932],[22.896294,39.35987],[22.896097,39.359801],[22.895995,39.359763],[22.895688,39.359682],[22.895323,39.359582],[22.895165,39.359531],[22.895165,39.359531],[22.895071,39.359501],[22.894852,39.359408],[22.894751,39.359352],[22.894709,39.359321],[22.894663,39.359277],[22.894608,39.359213],[22.894513,39.359088],[22.894351,39.358878],[22.894265,39.358755],[22.894206,39.358672],[22.894157,39.358587],[22.894124,39.358514],[22.894106,39.358463],[22.894089,39.358402],[22.894076,39.358318],[22.894034,39.358069],[22.894015,39.357954],[22.894,39.357911],[22.893971,39.357873],[22.893876,39.357798],[22.89378,39.357742],[22.893467,39.357556],[22.893307,39.35746],[22.89326,39.357429],[22.89321,39.357394],[22.893119,39.357319],[22.89306,39.357255],[22.893016,39.357201],[22.892746,39.356877],[22.892674,39.356809],[22.892692,39.35659],[22.892613,39.356491],[22.892586,39.356408],[22.892668,39.356649],[22.892621,39.356766],[22.892419,39.356684]]},"properties":{"line":"8","dir":"Τελική στάση Διμήνι","mode":"bus"}},{"type":"Feature","geometry":{"type":"LineString","coordinates":[[22.908359,39.391686],[22.908477,39.391737],[22.908524,39.391709],[22.908578,39.3917],[22.908679,39.391709],[22.908762,39.391688],[22.908831,39.39166],[22.908861,39.391642],[22.90892,39.391588],[22.908962,39.391488],[22.908973,39.391392],[22.908961,39.391323],[22.908946,39.391258],[22.908909,39.391166],[22.908846,39.391032],[22.908827,39.390972],[22.908813,39.390902],[22.908802,39.390836],[22.908788,39.390709],[22.908783,39.39065],[22.908787,39.390575],[22.908804,39.390484],[22.908838,39.390391],[22.90888,39.390332],[22.908924,39.390292],[22.908966,39.390261],[22.909054,39.390189],[22.909134,39.390131],[22.9093,39.390019],[22.909534,39.38989],[22.909728,39.38979],[22.909777,39.389761],[22.909804,39.389744],[22.909817,39.389736],[22.909817,39.389736],[22.909833,39.389725],[22.909867,39.389699],[22.909893,39.389675],[22.909925,39.389634],[22.909976,39.389524],[22.910038,39.389322],[22.910063,39.389242],[22.910112,39.388995],[22.9101,39.388945],[22.910077,39.388888],[22.910052,39.388845],[22.909997,39.388778],[22.909942,39.388729],[22.909866,39.388707],[22.909771,39.388693],[22.909652,39.3887],[22.909556,39.388693],[22.909471,39.388676],[22.909411,39.388658],[22.909365,39.388629],[22.909339,39.388587],[22.909328,39.388541],[22.909337,39.388489],[22.909362,39.388436],[22.909362,39.388436],[22.909367,39.388424],[22.909561,39.388173],[22.909667,39.388076],[22.909775,39.387987],[22.909887,39.387922],[22.910017,39.387871],[22.910302,39.387775],[22.910617,39.387689],[22.911539,39.387438],[22.912021,39.387314],[22.912383,39.387231],[22.912491,39.387209],[22.912581,39.387196],[22.912667,39.387187],[22.912736,39.387183],[22.912839,39.38718],[22.913015,39.38717],[22.91308,39.387164],[22.913148,39.387154],[22.913191,39.387142],[22.913229,39.387127],[22.913254,39.387115],[22.913273,39.387103],[22.913283,39.387095],[22.913325,39.387066],[22.913365,39.387049],[22.913402,39.387034],[22.913494,39.386994],[22.913565,39.386969],[22.913607,39.386955],[22.913955,39.386857],[22.914244,39.386758],[22.914428,39.386701],[22.914428,39.386701],[22.914478,39.386685],[22.914619,39.386639],[22.9147,39.386618],[22.914857,39.386589],[22.91493,39.386536],[22.91502,39.386494],[22.915084,39.386472],[22.915195,39.386403],[22.91524,39.386376],[22.915313,39.38633],[22.915419,39.386264],[22.915538,39.386191],[22.915691,39.386096],[22.915929,39.385957],[22.916199,39.385806],[22.916492,39.385661],[22.91688,39.385521],[22.91706,39.385423],[22.917485,39.385202],[22.91861,39.384613],[22.918735,39.384545],[22.920073,39.383866],[22.920154,39.383827],[22.92056,39.38363],[22.920613,39.383602],[22.9213,39.383243],[22.921942,39.382912],[22.92269,39.382525],[22.92312,39.382298],[22.923286,39.382203],[22.9234,39.382143],[22.9234,39.382143],[22.923956,39.381849],[22.924017,39.381817],[22.924417,39.381612],[22.92494,39.38134],[22.925062,39.381286],[22.925133,39.381246],[22.925133,39.381246],[22.925255,39.381177],[22.925449,39.381076],[22.925602,39.380992],[22.925924,39.380804],[22.926004,39.380763],[22.92615,39.380624],[22.926231,39.38044],[22.926301,39.380266],[22.926519,39.380356],[22.926827,39.380487],[22.927073,39.380606],[22.927286,39.380687],[22.927539,39.380774],[22.927676,39.380812],[22.928028,39.380911],[22.928286,39.380982],[22.928286,39.380982],[22.928455,39.381029],[22.928693,39.381097],[22.928842,39.381145],[22.929162,39.381255],[22.929526,39.381385],[22.929744,39.381453],[22.929902,39.381508],[22.930023,39.381552],[22.930161,39.381609],[22.930302,39.381668],[22.930501,39.381755],[22.930655,39.381823],[22.930794,39.381886],[22.930949,39.381973],[22.931117,39.382074],[22.931571,39.38236],[22.931908,39.382574],[22.932262,39.382803],[22.932814,39.383166],[22.932814,39.383166],[22.932929,39.383242],[22.933253,39.383448],[22.933358,39.383295],[22.934016,39.382348],[22.934016,39.382348],[22.934129,39.382184],[22.934211,39.382056],[22.934237,39.382014],[22.934376,39.381771],[22.934422,39.381685],[22.934874,39.381946],[22.934926,39.381978],[22.934926,39.381978],[22.93523,39.382164],[22.935431,39.382286],[22.935489,39.382319],[22.936397,39.38283],[22.936472,39.382876],[22.936638,39.382971],[22.936638,39.382971],[22.936903,39.383122],[22.937101,39.383223],[22.937201,39.383276],[22.937337,39.383345],[22.937492,39.383415],[22.937645,39.383477],[22.937773,39.383527],[22.9384,39.383773],[22.93853,39.383826],[22.939108,39.384076],[22.939108,39.384076],[22.939398,39.384202],[22.939504,39.384249],[22.939667,39.3838],[22.939823,39.3834],[22.939862,39.383287],[22.939916,39.38312],[22.939926,39.383096],[22.939962,39.382949],[22.939986,39.382837],[22.939998,39.382697],[22.940002,39.382589],[22.939998,39.382494],[22.939997,39.382463],[22.939971,39.38233],[22.939929,39.382129],[22.939894,39.381973],[22.939843,39.381787],[22.939843,39.381787],[22.939767,39.381511],[22.939738,39.381395],[22.939732,39.381365],[22.939665,39.381177],[22.939653,39.381145],[22.939581,39.380975],[22.939635,39.38089],[22.939709,39.380782],[22.939748,39.380728],[22.939865,39.380521],[22.939931,39.38036],[22.940107,39.379929],[22.940107,39.379929],[22.940133,39.379867],[22.940257,39.37959],[22.940299,39.379499],[22.940378,39.379333],[22.940421,39.379264],[22.940553,39.379019],[22.940597,39.37895],[22.940719,39.378766],[22.940858,39.378559],[22.94103,39.378309],[22.941159,39.378126],[22.941159,39.378126],[22.941366,39.377832],[22.94169,39.377425],[22.94173,39.377375],[22.94173,39.377375],[22.941764,39.377334],[22.941985,39.37706],[22.942054,39.376981],[22.942153,39.376863],[22.942187,39.376824],[22.942218,39.376793],[22.942248,39.376765],[22.942278,39.376739],[22.942301,39.376723],[22.942346,39.376694],[22.942408,39.376656],[22.942457,39.376627],[22.942523,39.376591],[22.942621,39.376547],[22.942704,39.376509],[22.942802,39.376468],[22.94308,39.376346],[22.943326,39.376243],[22.943791,39.37605],[22.943967,39.375975],[22.944306,39.375831],[22.945326,39.375399],[22.946168,39.375037],[22.946307,39.374971],[22.946307,39.374971],[22.946319,39.374965],[22.946455,39.374906],[22.946546,39.374868],[22.94665,39.374824],[22.946732,39.374799],[22.946824,39.374765],[22.946882,39.374739],[22.946931,39.374715],[22.946998,39.374676],[22.947543,39.374341],[22.947926,39.374125],[22.94821,39.373957],[22.948742,39.373647],[22.948975,39.373503],[22.94922,39.373367],[22.949303,39.373318],[22.949368,39.373279],[22.94967,39.373097],[22.94967,39.373097],[22.950322,39.372704],[22.950982,39.372304],[22.951469,39.371997],[22.951261,39.37194],[22.951074,39.371889],[22.951074,39.371889],[22.950808,39.371817],[22.950511,39.371724],[22.950442,39.371702],[22.950376,39.371676],[22.950312,39.371647],[22.950252,39.371618],[22.950181,39.37158],[22.950103,39.371537],[22.950039,39.371499],[22.949992,39.37147],[22.94995,39.371441],[22.949911,39.371413],[22.949873,39.371383],[22.949834,39.37135],[22.949792,39.371311],[22.949662,39.371167],[22.94932,39.370805],[22.949109,39.37058],[22.948815,39.370245],[22.948789,39.370216],[22.948264,39.369609],[22.947891,39.369189],[22.947891,39.369189],[22.947793,39.369079],[22.947294,39.368524],[22.947246,39.368468],[22.947562,39.368277],[22.947762,39.368156],[22.947881,39.368099],[22.948186,39.367928],[22.948186,39.367928],[22.948509,39.367748],[22.948956,39.367501],[22.949461,39.367217],[22.94968,39.367092],[22.94968,39.367092],[22.949936,39.366946],[22.950288,39.366752],[22.950666,39.366544],[22.949791,39.365627],[22.949269,39.365081],[22.94925,39.365054],[22.949041,39.364836],[22.949041,39.364836],[22.948733,39.364516],[22.948108,39.363896],[22.947799,39.363582],[22.947506,39.363271],[22.947171,39.362864],[22.946566,39.362108],[22.946381,39.361878],[22.946313,39.361793],[22.946313,39.361793],[22.94619,39.361639],[22.945704,39.361032],[22.94544,39.36117],[22.945349,39.361217],[22.945213,39.361285],[22.944998,39.361393],[22.944967,39.361408],[22.944902,39.36144],[22.944845,39.361467],[22.944845,39.361467],[22.944831,39.361474],[22.944727,39.361522],[22.944474,39.361636],[22.94418,39.361768],[22.943968,39.361858],[22.943703,39.361971],[22.943516,39.36205],[22.943507,39.362054],[22.943338,39.362126],[22.943099,39.362222],[22.943042,39.362244],[22.943004,39.362256],[22.942955,39.362269],[22.942902,39.362279],[22.942854,39.362286],[22.942794,39.362293],[22.942714,39.362283],[22.942634,39.36228],[22.94253,39.36228],[22.942488,39.362281],[22.942463,39.362281],[22.942437,39.362282],[22.942408,39.362282],[22.942386,39.362283],[22.942357,39.362286],[22.942333,39.36229],[22.942311,39.362294],[22.942289,39.3623],[22.942274,39.362305],[22.942246,39.362316],[22.942219,39.362329],[22.942193,39.362345],[22.94218,39.362359],[22.942164,39.362372],[22.942147,39.362384],[22.942122,39.362397],[22.942095,39.362407],[22.942067,39.362414],[22.942037,39.362418],[22.942007,39.362418],[22.941977,39.362415],[22.941949,39.362408],[22.941921,39.362398],[22.941896,39.362386],[22.941874,39.36237],[22.941855,39.362353],[22.941799,39.362341],[22.941768,39.362334],[22.941738,39.362329],[22.9417,39.362322],[22.941671,39.362317],[22.94165,39.362314],[22.941613,39.362309],[22.941591,39.362307],[22.941555,39.362305],[22.941472,39.362305],[22.941393,39.362307],[22.941306,39.362308],[22.941114,39.362308],[22.940391,39.362307],[22.940258,39.362306],[22.939962,39.362306],[22.939962,39.362306],[22.938648,39.362303],[22.938618,39.362304],[22.938591,39.362306],[22.938559,39.362311],[22.938529,39.362318],[22.938467,39.362337],[22.938455,39.362351],[22.938443,39.362362],[22.938418,39.36238],[22.938396,39.362391],[22.938375,39.3624],[22.938328,39.362412],[22.938293,39.362415],[22.938257,39.362413],[22.938232,39.362409],[22.938206,39.362403],[22.938177,39.362391],[22.938147,39.362374],[22.938063,39.362358],[22.938014,39.362352],[22.937952,39.362348],[22.93787,39.362348],[22.937783,39.362359],[22.937667,39.362367],[22.937546,39.36237],[22.93738,39.362403],[22.93729,39.362416],[22.937164,39.362438],[22.936768,39.362517],[22.936719,39.362526],[22.936683,39.362531],[22.936643,39.362535],[22.936608,39.362537],[22.936533,39.362538],[22.936487,39.362538],[22.936447,39.362537],[22.936398,39.362535],[22.936357,39.362532],[22.936289,39.362526],[22.936223,39.362518],[22.936142,39.362506],[22.936112,39.3625],[22.936077,39.362492],[22.936045,39.362483],[22.93603,39.362478],[22.936005,39.36247],[22.935752,39.362383],[22.935365,39.362254],[22.935147,39.362183],[22.935082,39.362161],[22.934935,39.362113],[22.934935,39.362113],[22.934571,39.361993],[22.93428,39.361894],[22.934225,39.361881],[22.934181,39.361874],[22.934131,39.361867],[22.93409,39.361862],[22.934051,39.361859],[22.934022,39.361858],[22.934008,39.361857],[22.933988,39.361857],[22.933963,39.361858],[22.933927,39.361861],[22.933886,39.361867],[22.933828,39.361878],[22.933782,39.361888],[22.93377,39.361901],[22.933754,39.361914],[22.933728,39.361929],[22.933698,39.361941],[22.933665,39.361948],[22.933649,39.361949],[22.933626,39.361949],[22.93361,39.361948],[22.933591,39.361945],[22.933572,39.36194],[22.933552,39.361933],[22.933534,39.361925],[22.933518,39.361915],[22.933504,39.361903],[22.933494,39.361894],[22.933483,39.36188],[22.933474,39.361867],[22.933467,39.361853],[22.933462,39.361837],[22.93346,39.361812],[22.933461,39.361794],[22.933469,39.361771],[22.933477,39.361753],[22.933493,39.361734],[22.933531,39.361705],[22.933577,39.361686],[22.933617,39.361679],[22.933658,39.361679],[22.933697,39.361687],[22.933733,39.361701],[22.933764,39.361721],[22.933832,39.361724],[22.933854,39.361722],[22.933889,39.361713],[22.933917,39.3617],[22.933961,39.361676],[22.933973,39.361668],[22.933989,39.361655],[22.934004,39.361637],[22.934338,39.361158],[22.934166,39.361089],[22.933694,39.360886],[22.933627,39.360858],[22.933558,39.36083],[22.933446,39.360785],[22.933446,39.360785],[22.933371,39.360755],[22.933135,39.36066],[22.932821,39.360532],[22.932496,39.361217],[22.932365,39.361468],[22.932471,39.361494],[22.932609,39.36152]]},"properties":{"line":"9","dir":"Κεντρική Αφετηρία","mode":"bus"}},{"type":"Feature","geometry":{"type":"LineString","coordinates":[[22.932609,39.36152],[22.932656,39.361527],[22.932702,39.36153],[22.932754,39.361532],[22.93278,39.36153],[22.9328,39.361528],[22.932828,39.36152],[22.932845,39.361512],[22.932861,39.361499],[22.932874,39.361486],[22.932891,39.361462],[22.93294,39.36137],[22.933206,39.36147],[22.933241,39.361484],[22.933315,39.361522],[22.933469,39.361613],[22.933577,39.361686],[22.933617,39.361679],[22.933658,39.361679],[22.933697,39.361687],[22.933733,39.361701],[22.933764,39.361721],[22.933775,39.361732],[22.93379,39.361749],[22.933849,39.361756],[22.933923,39.361766],[22.933971,39.361775],[22.934033,39.361787],[22.934083,39.361798],[22.934128,39.361811],[22.934148,39.361817],[22.934164,39.361823],[22.934585,39.361966],[22.934766,39.362057],[22.935082,39.362161],[22.93513,39.362177],[22.93513,39.362177],[22.935147,39.362183],[22.935365,39.362254],[22.935752,39.362383],[22.936005,39.36247],[22.93603,39.362478],[22.936045,39.362483],[22.936077,39.362492],[22.936112,39.3625],[22.936142,39.362506],[22.936223,39.362518],[22.936289,39.362526],[22.936357,39.362532],[22.936398,39.362535],[22.936447,39.362537],[22.936487,39.362538],[22.936533,39.362538],[22.936608,39.362537],[22.936643,39.362535],[22.936683,39.362531],[22.936719,39.362526],[22.936768,39.362517],[22.937164,39.362438],[22.93729,39.362416],[22.93738,39.362403],[22.937546,39.36237],[22.93761,39.36233],[22.937657,39.362313],[22.937687,39.362306],[22.937756,39.362289],[22.93793,39.362256],[22.937966,39.362249],[22.937998,39.36224],[22.938041,39.362226],[22.93808,39.362211],[22.938087,39.362193],[22.9381,39.362171],[22.938117,39.362151],[22.938137,39.362133],[22.938161,39.362117],[22.93819,39.362104],[22.938214,39.362096],[22.938241,39.36209],[22.938245,39.362089],[22.93828,39.362086],[22.938316,39.362087],[22.938345,39.362092],[22.938374,39.3621],[22.938394,39.362108],[22.938414,39.362119],[22.938435,39.362133],[22.938444,39.36214],[22.938454,39.362149],[22.938467,39.362163],[22.93855,39.362173],[22.938648,39.362179],[22.939801,39.362174],[22.939801,39.362174],[22.940256,39.362172],[22.941279,39.362168],[22.941326,39.362174],[22.941358,39.362177],[22.9414,39.36218],[22.941449,39.362183],[22.941524,39.362185],[22.941663,39.362182],[22.941687,39.36218],[22.941719,39.362176],[22.941751,39.362171],[22.941777,39.362166],[22.941804,39.36216],[22.941824,39.362155],[22.94184,39.36215],[22.941874,39.36214],[22.941889,39.362134],[22.941909,39.362127],[22.941932,39.362117],[22.941957,39.362109],[22.941984,39.362096],[22.942003,39.362083],[22.942018,39.362073],[22.942036,39.362057],[22.942056,39.362037],[22.942083,39.362009],[22.942117,39.361969],[22.94214,39.361939],[22.942159,39.361912],[22.942182,39.361882],[22.942214,39.361843],[22.942231,39.361827],[22.942249,39.361811],[22.942265,39.361798],[22.942288,39.361778],[22.942316,39.361755],[22.942358,39.361723],[22.942411,39.361683],[22.942505,39.361622],[22.942835,39.361531],[22.943158,39.361451],[22.943314,39.361411],[22.943345,39.361398],[22.943345,39.361398],[22.943554,39.361307],[22.943755,39.361215],[22.944049,39.361081],[22.944534,39.360858],[22.944789,39.360741],[22.94499,39.360649],[22.945287,39.360512],[22.945623,39.360358],[22.945886,39.360239],[22.946297,39.360045],[22.946679,39.360449],[22.946717,39.36049],[22.947052,39.360858],[22.947052,39.360858],[22.947317,39.361149],[22.947523,39.36137],[22.947621,39.361477],[22.947674,39.361534],[22.948007,39.361895],[22.948377,39.362284],[22.948676,39.362604],[22.94959,39.363581],[22.94959,39.363581],[22.949863,39.363872],[22.950399,39.364444],[22.950905,39.364998],[22.951121,39.365238],[22.951124,39.365241],[22.951328,39.36546],[22.951757,39.365925],[22.95183,39.365996],[22.951423,39.366216],[22.950812,39.366558],[22.950724,39.366608],[22.950382,39.366799],[22.950006,39.367016],[22.949641,39.367221],[22.949641,39.367221],[22.949524,39.367286],[22.949018,39.367569],[22.948576,39.367819],[22.948144,39.368057],[22.948144,39.368057],[22.947943,39.368168],[22.947625,39.368343],[22.947294,39.368524],[22.947793,39.369079],[22.947864,39.369159],[22.947864,39.369159],[22.948264,39.369609],[22.948789,39.370216],[22.948815,39.370245],[22.949109,39.37058],[22.94932,39.370805],[22.949376,39.370865],[22.949376,39.370865],[22.949474,39.370968],[22.949662,39.371167],[22.949792,39.371311],[22.949834,39.37135],[22.949873,39.371383],[22.949911,39.371413],[22.94995,39.371441],[22.949992,39.37147],[22.950039,39.371499],[22.950103,39.371537],[22.950181,39.37158],[22.950252,39.371618],[22.950312,39.371647],[22.950376,39.371676],[22.950442,39.371702],[22.950511,39.371724],[22.950808,39.371817],[22.951261,39.37194],[22.951278,39.371945],[22.951278,39.371945],[22.951469,39.371997],[22.950982,39.372304],[22.950322,39.372704],[22.949749,39.37305],[22.949749,39.37305],[22.949303,39.373318],[22.94922,39.373367],[22.948975,39.373503],[22.948742,39.373647],[22.94821,39.373957],[22.947926,39.374125],[22.947543,39.374341],[22.947491,39.374373],[22.947491,39.374373],[22.946998,39.374676],[22.946931,39.374715],[22.946882,39.374739],[22.946824,39.374765],[22.946732,39.374799],[22.94665,39.374824],[22.946546,39.374868],[22.946455,39.374906],[22.946319,39.374965],[22.946307,39.374971],[22.946307,39.374971],[22.946168,39.375037],[22.945326,39.375399],[22.944306,39.375831],[22.943967,39.375975],[22.943791,39.37605],[22.943326,39.376243],[22.94308,39.376346],[22.943007,39.376378],[22.943007,39.376378],[22.942802,39.376468],[22.942704,39.376509],[22.942621,39.376547],[22.942523,39.376591],[22.942457,39.376627],[22.942408,39.376656],[22.942346,39.376694],[22.942301,39.376723],[22.942278,39.376739],[22.942248,39.376765],[22.942218,39.376793],[22.942187,39.376824],[22.942153,39.376863],[22.942054,39.376981],[22.941985,39.37706],[22.941726,39.377381],[22.941726,39.377381],[22.94169,39.377425],[22.941366,39.377832],[22.941268,39.377971],[22.941268,39.377971],[22.94103,39.378309],[22.940858,39.378559],[22.940719,39.378766],[22.940597,39.37895],[22.940553,39.379019],[22.940421,39.379264],[22.940378,39.379333],[22.940299,39.379499],[22.940257,39.37959],[22.940133,39.379867],[22.940082,39.379992],[22.940082,39.379992],[22.939865,39.380521],[22.93977,39.380795],[22.939727,39.380889],[22.939723,39.380906],[22.939712,39.38105],[22.93971,39.3811],[22.93971,39.381134],[22.939711,39.381171],[22.939713,39.381206],[22.939723,39.381287],[22.939732,39.381365],[22.939738,39.381395],[22.939767,39.381511],[22.939841,39.381779],[22.939841,39.381779],[22.939894,39.381973],[22.939929,39.382129],[22.939971,39.38233],[22.939997,39.382463],[22.939998,39.382494],[22.940002,39.382589],[22.939998,39.382697],[22.939986,39.382837],[22.939962,39.382949],[22.939926,39.383096],[22.939916,39.38312],[22.939862,39.383287],[22.939823,39.3834],[22.939667,39.3838],[22.939504,39.384249],[22.939398,39.384202],[22.939165,39.384101],[22.939165,39.384101],[22.93853,39.383826],[22.9384,39.383773],[22.937773,39.383527],[22.937645,39.383477],[22.937492,39.383415],[22.937337,39.383345],[22.937201,39.383276],[22.937101,39.383223],[22.936903,39.383122],[22.936699,39.383006],[22.936699,39.383006],[22.936472,39.382876],[22.936397,39.38283],[22.935489,39.382319],[22.935431,39.382286],[22.93523,39.382164],[22.93495,39.381992],[22.93495,39.381992],[22.934874,39.381946],[22.934422,39.381685],[22.934376,39.381771],[22.934237,39.382014],[22.934211,39.382056],[22.934129,39.382184],[22.934034,39.38232],[22.934034,39.38232],[22.933358,39.383295],[22.933253,39.383448],[22.932929,39.383242],[22.9328,39.383157],[22.9328,39.383157],[22.932262,39.382803],[22.931908,39.382574],[22.931571,39.38236],[22.931117,39.382074],[22.930949,39.381973],[22.930794,39.381886],[22.930655,39.381823],[22.930501,39.381755],[22.930302,39.381668],[22.930161,39.381609],[22.930023,39.381552],[22.929902,39.381508],[22.929744,39.381453],[22.929526,39.381385],[22.929162,39.381255],[22.928842,39.381145],[22.928693,39.381097],[22.928455,39.381029],[22.928324,39.380993],[22.928324,39.380993],[22.928028,39.380911],[22.927676,39.380812],[22.927539,39.380774],[22.927391,39.380732],[22.927216,39.380678],[22.927152,39.380655],[22.927076,39.380626],[22.927004,39.380598],[22.926929,39.380567],[22.926608,39.380427],[22.9265,39.380496],[22.92635,39.380585],[22.926297,39.380618],[22.926262,39.380637],[22.926252,39.380642],[22.926252,39.380642],[22.926227,39.380653],[22.926194,39.380667],[22.926086,39.380707],[22.926004,39.380763],[22.925924,39.380804],[22.925602,39.380992],[22.925449,39.381076],[22.925263,39.381173],[22.925263,39.381173],[22.925053,39.381282],[22.92494,39.381341],[22.924783,39.381422],[22.924757,39.381435],[22.924419,39.381613],[22.924021,39.381822],[22.923961,39.381854],[22.923436,39.38213],[22.923436,39.38213],[22.923119,39.382297],[22.922688,39.382523],[22.922639,39.382549],[22.921943,39.382913],[22.921906,39.382932],[22.921302,39.383245],[22.92056,39.38363],[22.920154,39.383827],[22.920075,39.383868],[22.918618,39.384622],[22.917489,39.385206],[22.917063,39.385426],[22.91688,39.385521],[22.916554,39.385728],[22.916201,39.385905],[22.916008,39.386008],[22.915891,39.386076],[22.915824,39.38612],[22.915652,39.386221],[22.915613,39.386249],[22.9154,39.386379],[22.915319,39.386428],[22.915146,39.386534],[22.915088,39.386552],[22.915021,39.386568],[22.914967,39.386574],[22.914857,39.386589],[22.9147,39.386618],[22.914619,39.386639],[22.914466,39.386689],[22.914466,39.386689],[22.914244,39.386758],[22.913955,39.386857],[22.913607,39.386955],[22.913565,39.386969],[22.913494,39.386994],[22.913402,39.387034],[22.913365,39.387049],[22.913325,39.387066],[22.913283,39.387095],[22.913273,39.387103],[22.913254,39.387115],[22.913229,39.387127],[22.913191,39.387142],[22.913148,39.387154],[22.91308,39.387164],[22.913015,39.38717],[22.912839,39.38718],[22.912736,39.387183],[22.912667,39.387187],[22.912581,39.387196],[22.912491,39.387209],[22.912383,39.387231],[22.912021,39.387314],[22.911539,39.387438],[22.910617,39.387689],[22.910302,39.387775],[22.910017,39.387871],[22.909887,39.387922],[22.909775,39.387987],[22.909667,39.388076],[22.909561,39.388173],[22.909367,39.388424],[22.909364,39.38843],[22.909337,39.388489],[22.909328,39.388541],[22.909339,39.388587],[22.909365,39.388629],[22.909411,39.388658],[22.909471,39.388676],[22.909556,39.388693],[22.909652,39.3887],[22.909771,39.388693],[22.909866,39.388707],[22.909942,39.388729],[22.909997,39.388778],[22.910052,39.388845],[22.910077,39.388888],[22.9101,39.388945],[22.910112,39.388995],[22.910063,39.389242],[22.910038,39.389322],[22.909976,39.389524],[22.909925,39.389634],[22.909893,39.389675],[22.909867,39.389699],[22.909842,39.389718],[22.909842,39.389718],[22.909833,39.389725],[22.909804,39.389744],[22.909777,39.389761],[22.909728,39.38979],[22.909534,39.38989],[22.9093,39.390019],[22.909134,39.390131],[22.909054,39.390189],[22.908966,39.390261],[22.908924,39.390292],[22.90888,39.390332],[22.908838,39.390391],[22.908804,39.390484],[22.908787,39.390575],[22.908783,39.39065],[22.908788,39.390709],[22.908802,39.390836],[22.908813,39.390902],[22.908827,39.390972],[22.908846,39.391032],[22.908909,39.391166],[22.908946,39.391258],[22.908961,39.391323],[22.908973,39.391392],[22.908962,39.391488],[22.90892,39.391588],[22.908861,39.391642],[22.908831,39.39166],[22.908762,39.391688],[22.908679,39.391709],[22.908578,39.3917],[22.908524,39.391709],[22.908477,39.391737],[22.908359,39.391686]]},"properties":{"line":"9","dir":"Τέρμα Μελισσάτικα","mode":"bus"}},{"type":"Feature","geometry":{"type":"LineString","coordinates":[[22.891679,39.376594],[22.891549,39.376592],[22.89144,39.376597],[22.891293,39.376614],[22.89118,39.376642],[22.891029,39.376748],[22.890917,39.376901],[22.890882,39.376974],[22.890863,39.377035],[22.890838,39.377141],[22.890832,39.377249],[22.890833,39.377336],[22.89085,39.377405],[22.890951,39.377609],[22.891085,39.377848],[22.89111,39.377903],[22.891114,39.377951],[22.891096,39.377995],[22.891071,39.37802],[22.891028,39.378042],[22.891028,39.378042],[22.891017,39.378048],[22.89063,39.378109],[22.890452,39.378123],[22.890354,39.378113],[22.89028,39.378099],[22.890203,39.378067],[22.890131,39.378018],[22.890064,39.377939],[22.889559,39.377224],[22.889333,39.376959],[22.889245,39.376894],[22.889128,39.376879],[22.888951,39.376887],[22.888547,39.376941],[22.887559,39.377095],[22.887197,39.377164],[22.887051,39.377203],[22.886881,39.377263],[22.886782,39.377323],[22.886699,39.377377],[22.886527,39.377468],[22.886249,39.377581],[22.885957,39.377674],[22.883833,39.378415],[22.883697,39.378459],[22.883563,39.378457],[22.883498,39.378447],[22.883395,39.378414],[22.883209,39.37835],[22.882726,39.378157],[22.882109,39.377917],[22.881656,39.377739],[22.881577,39.377707],[22.881001,39.377509],[22.880654,39.377389],[22.880352,39.377286],[22.88022,39.377199],[22.880102,39.377117],[22.880007,39.377039],[22.879907,39.376952],[22.879818,39.37687],[22.879933,39.376831],[22.880104,39.376771],[22.880247,39.376728],[22.880501,39.376682],[22.880728,39.376642],[22.880843,39.376627],[22.880936,39.376618],[22.881057,39.37661],[22.881177,39.376608],[22.8813,39.37661],[22.88141,39.376617],[22.881507,39.376627],[22.881621,39.376642],[22.881754,39.376674],[22.881957,39.3767],[22.882211,39.376767],[22.882372,39.376817],[22.882855,39.376956],[22.883704,39.3772],[22.883847,39.377238],[22.884006,39.377264],[22.884187,39.377289],[22.884289,39.377297],[22.884467,39.377303],[22.884648,39.377294],[22.884772,39.377283],[22.884983,39.377255],[22.885149,39.377226],[22.885252,39.377212],[22.885669,39.377174],[22.886576,39.377034],[22.889037,39.376648],[22.890955,39.376341],[22.892396,39.376106],[22.892696,39.376056],[22.894031,39.375836],[22.896326,39.375454],[22.897354,39.375252],[22.898405,39.375029],[22.901198,39.374522],[22.903651,39.374035],[22.904929,39.373808],[22.90701,39.373425],[22.907393,39.373346],[22.907795,39.373261],[22.908267,39.373146],[22.90839,39.373126],[22.908616,39.373057],[22.908867,39.372985],[22.909222,39.372885],[22.909562,39.372771],[22.909697,39.372719],[22.909828,39.37267],[22.910032,39.372589],[22.91035,39.372469],[22.910499,39.372412],[22.910976,39.372232],[22.911407,39.372058],[22.911407,39.372058],[22.911868,39.371872],[22.911981,39.371827],[22.913104,39.371389],[22.914392,39.370861],[22.914625,39.370765],[22.916025,39.370191],[22.91646,39.370013],[22.918138,39.369342],[22.918556,39.369154],[22.918824,39.369026],[22.918926,39.368978],[22.919248,39.368803],[22.919529,39.368653],[22.92091,39.367871],[22.92202,39.367282],[22.922406,39.367077],[22.922702,39.36692],[22.922776,39.366878],[22.922824,39.366851],[22.922848,39.366836],[22.922876,39.366815],[22.922899,39.366795],[22.92292,39.366772],[22.922936,39.366754],[22.92297,39.366713],[22.922982,39.3667],[22.923002,39.366683],[22.923025,39.366669],[22.92305,39.366657],[22.923077,39.366648],[22.923105,39.366642],[22.923134,39.36664],[22.923178,39.366642],[22.92322,39.36663],[22.92325,39.36662],[22.9233,39.366598],[22.923367,39.366563],[22.923643,39.366426],[22.923744,39.36637],[22.925108,39.365664],[22.925504,39.365477],[22.925504,39.365477],[22.92571,39.365379],[22.92653,39.365002],[22.927395,39.364617],[22.927556,39.364542],[22.927556,39.364542],[22.927672,39.364488],[22.928543,39.364111],[22.929747,39.363561],[22.929798,39.363538],[22.929926,39.363479],[22.930315,39.363299],[22.930315,39.363299],[22.93042,39.36325],[22.930802,39.36309],[22.93086,39.363064],[22.931184,39.362925],[22.931267,39.362888],[22.931741,39.362696],[22.931865,39.362644],[22.931868,39.362569],[22.931885,39.362445],[22.931904,39.362392],[22.932194,39.361812],[22.932367,39.36146],[22.932432,39.361481],[22.932494,39.361498],[22.932562,39.361512],[22.932609,39.36152]]},"properties":{"line":"11","dir":"Κεντρική Αφετηρία","mode":"bus"}},{"type":"Feature","geometry":{"type":"LineString","coordinates":[[22.932609,39.36152],[22.932656,39.361527],[22.932702,39.36153],[22.932754,39.361532],[22.93278,39.36153],[22.9328,39.361528],[22.932828,39.36152],[22.932845,39.361512],[22.932861,39.361499],[22.932874,39.361486],[22.932891,39.361462],[22.93294,39.36137],[22.933206,39.36147],[22.933241,39.361484],[22.933315,39.361522],[22.933469,39.361613],[22.933577,39.361686],[22.933617,39.361679],[22.933658,39.361679],[22.933697,39.361687],[22.933733,39.361701],[22.933764,39.361721],[22.933775,39.361732],[22.93379,39.361749],[22.933801,39.36177],[22.93381,39.361799],[22.93381,39.361828],[22.933802,39.361857],[22.933782,39.361888],[22.93377,39.361901],[22.933754,39.361914],[22.933728,39.361929],[22.933698,39.361941],[22.933536,39.362014],[22.933482,39.362039],[22.933393,39.362082],[22.933282,39.362132],[22.93239,39.362514],[22.931814,39.36277],[22.931702,39.362819],[22.931355,39.362969],[22.931219,39.363028],[22.931138,39.363065],[22.93093,39.363162],[22.93065,39.363289],[22.93065,39.363289],[22.930214,39.363487],[22.930138,39.363521],[22.930009,39.363579],[22.929874,39.363642],[22.92942,39.363839],[22.928622,39.364205],[22.927738,39.364589],[22.927351,39.364752],[22.927116,39.364857],[22.927116,39.364857],[22.926594,39.365091],[22.925769,39.365458],[22.925525,39.365574],[22.925525,39.365574],[22.925383,39.365642],[22.925152,39.365757],[22.924693,39.365975],[22.924192,39.366241],[22.923537,39.366595],[22.923507,39.366613],[22.923478,39.366632],[22.923442,39.366658],[22.923415,39.366682],[22.923395,39.366703],[22.923375,39.366727],[22.923362,39.366745],[22.923351,39.366765],[22.923355,39.366783],[22.923356,39.366802],[22.923355,39.366821],[22.923352,39.366832],[22.923349,39.366844],[22.92334,39.366866],[22.923326,39.366886],[22.923309,39.366905],[22.923288,39.366922],[22.923265,39.366937],[22.923239,39.366948],[22.923211,39.366957],[22.923182,39.366963],[22.923152,39.366965],[22.923122,39.366964],[22.923092,39.36696],[22.923017,39.366958],[22.922973,39.36696],[22.922922,39.366964],[22.922891,39.366968],[22.922861,39.366975],[22.922817,39.36699],[22.92278,39.367004],[22.922756,39.367016],[22.922649,39.367073],[22.922501,39.367157],[22.921655,39.367607],[22.921259,39.367826],[22.921044,39.36794],[22.920939,39.367998],[22.919608,39.36873],[22.919329,39.368879],[22.918981,39.369058],[22.918624,39.36923],[22.918246,39.369399],[22.918177,39.369426],[22.917586,39.369682],[22.91727,39.369811],[22.916729,39.370033],[22.915736,39.370441],[22.914567,39.37092],[22.914169,39.371084],[22.913185,39.371488],[22.912537,39.371739],[22.912537,39.371739],[22.912474,39.371764],[22.912412,39.371789],[22.91224,39.371855],[22.911924,39.37198],[22.911056,39.372331],[22.91058,39.37252],[22.910123,39.372696],[22.909895,39.372781],[22.909781,39.372822],[22.909632,39.372872],[22.909266,39.373002],[22.908911,39.373121],[22.908692,39.373188],[22.908537,39.373233],[22.908247,39.373297],[22.907843,39.373379],[22.907441,39.373462],[22.907053,39.373538],[22.904981,39.37394],[22.903792,39.374168],[22.901254,39.37463],[22.898502,39.375158],[22.897386,39.375369],[22.897118,39.375418],[22.896302,39.375574],[22.895606,39.375699],[22.895463,39.375725],[22.894106,39.375941],[22.892714,39.376157],[22.892049,39.37627],[22.890991,39.376439],[22.889067,39.376748],[22.886599,39.377131],[22.885671,39.377281],[22.882545,39.377784],[22.882125,39.377858],[22.881863,39.3779],[22.8817,39.377955],[22.88153,39.377986],[22.881064,39.378064],[22.880876,39.378108],[22.880815,39.378131],[22.880768,39.378156],[22.880728,39.378183],[22.880675,39.37823],[22.880634,39.378278],[22.880597,39.378329],[22.880559,39.378396],[22.880538,39.378452],[22.880522,39.378517],[22.880514,39.378575],[22.880516,39.378643],[22.88053,39.378736],[22.880561,39.378832],[22.880638,39.378938],[22.880749,39.37904],[22.880891,39.379125],[22.880966,39.37916],[22.881044,39.379177],[22.881227,39.379189],[22.881453,39.379175],[22.882788,39.378646],[22.882869,39.378588],[22.882965,39.37851],[22.883062,39.378429],[22.883126,39.378378],[22.883209,39.37835],[22.883395,39.378414],[22.883498,39.378447],[22.883563,39.378457],[22.883697,39.378459],[22.883833,39.378415],[22.885957,39.377674],[22.886249,39.377581],[22.886527,39.377468],[22.886699,39.377377],[22.886782,39.377323],[22.886881,39.377263],[22.887051,39.377203],[22.887197,39.377164],[22.887559,39.377095],[22.888547,39.376941],[22.888951,39.376887],[22.889128,39.376879],[22.889245,39.376894],[22.889333,39.376959],[22.889559,39.377224],[22.890064,39.377939],[22.890131,39.378018],[22.890203,39.378067],[22.89028,39.378099],[22.890354,39.378113],[22.890452,39.378123],[22.89063,39.378109],[22.891017,39.378048],[22.891028,39.378042],[22.891028,39.378042],[22.891071,39.37802],[22.891096,39.377995],[22.891114,39.377951],[22.89111,39.377903],[22.891085,39.377848],[22.890951,39.377609],[22.89085,39.377405],[22.890833,39.377336],[22.890832,39.377249],[22.890838,39.377141],[22.890863,39.377035],[22.890882,39.376974],[22.890917,39.376901],[22.891029,39.376748],[22.89118,39.376642],[22.891293,39.376614],[22.89144,39.376597],[22.891549,39.376592],[22.891679,39.376594]]},"properties":{"line":"11","dir":"Νέο Κοιμητήριο 2","mode":"bus"}},{"type":"Feature","geometry":{"type":"LineString","coordinates":[[22.932609,39.36152],[22.932656,39.361527],[22.932702,39.36153],[22.932754,39.361532],[22.93278,39.36153],[22.9328,39.361528],[22.932828,39.36152],[22.932845,39.361512],[22.932861,39.361499],[22.932874,39.361486],[22.932891,39.361462],[22.93294,39.36137],[22.933206,39.36147],[22.933241,39.361484],[22.933315,39.361522],[22.933469,39.361613],[22.933577,39.361686],[22.933617,39.361679],[22.933658,39.361679],[22.933697,39.361687],[22.933733,39.361701],[22.933764,39.361721],[22.933775,39.361732],[22.93379,39.361749],[22.933849,39.361756],[22.933923,39.361766],[22.933971,39.361775],[22.934033,39.361787],[22.934083,39.361798],[22.934128,39.361811],[22.934148,39.361817],[22.934164,39.361823],[22.934188,39.361834],[22.93421,39.361845],[22.934228,39.361855],[22.934244,39.361866],[22.93428,39.361894],[22.934571,39.361993],[22.935082,39.362161],[22.93513,39.362177],[22.93513,39.362177],[22.935147,39.362183],[22.935365,39.362254],[22.935752,39.362383],[22.936005,39.36247],[22.93603,39.362478],[22.936045,39.362483],[22.936077,39.362492],[22.936112,39.3625],[22.936142,39.362506],[22.936223,39.362518],[22.936289,39.362526],[22.936357,39.362532],[22.936398,39.362535],[22.936447,39.362537],[22.936487,39.362538],[22.936533,39.362538],[22.936608,39.362537],[22.936643,39.362535],[22.936683,39.362531],[22.936719,39.362526],[22.936768,39.362517],[22.937164,39.362438],[22.93729,39.362416],[22.93738,39.362403],[22.937546,39.36237],[22.93761,39.36233],[22.937657,39.362313],[22.937687,39.362306],[22.937756,39.362289],[22.93793,39.362256],[22.937966,39.362249],[22.937998,39.36224],[22.938041,39.362226],[22.93808,39.362211],[22.938087,39.362193],[22.9381,39.362171],[22.938117,39.362151],[22.938137,39.362133],[22.938161,39.362117],[22.93819,39.362104],[22.938214,39.362096],[22.938241,39.36209],[22.938245,39.362089],[22.93828,39.362086],[22.938316,39.362087],[22.938345,39.362092],[22.938374,39.3621],[22.938394,39.362108],[22.938414,39.362119],[22.938435,39.362133],[22.938444,39.36214],[22.938454,39.362149],[22.938467,39.362163],[22.93855,39.362173],[22.938648,39.362179],[22.939801,39.362174],[22.939801,39.362174],[22.940256,39.362172],[22.941279,39.362168],[22.941326,39.362174],[22.941358,39.362177],[22.9414,39.36218],[22.941449,39.362183],[22.941524,39.362185],[22.941663,39.362182],[22.941687,39.36218],[22.941719,39.362176],[22.941751,39.362171],[22.941777,39.362166],[22.941804,39.36216],[22.941824,39.362155],[22.94184,39.36215],[22.941874,39.36214],[22.941889,39.362134],[22.941909,39.362127],[22.941932,39.362117],[22.941957,39.362109],[22.941984,39.362096],[22.942003,39.362083],[22.942018,39.362073],[22.942036,39.362057],[22.942056,39.362037],[22.942083,39.362009],[22.942117,39.361969],[22.94214,39.361939],[22.942159,39.361912],[22.942182,39.361882],[22.942214,39.361843],[22.942231,39.361827],[22.942249,39.361811],[22.942265,39.361798],[22.942288,39.361778],[22.942316,39.361755],[22.942358,39.361723],[22.942411,39.361683],[22.942505,39.361622],[22.942616,39.361588],[22.942747,39.361553],[22.942835,39.361531],[22.943158,39.361451],[22.943267,39.361425],[22.943314,39.361411],[22.943342,39.361402],[22.943342,39.361402],[22.943357,39.361397],[22.943755,39.361215],[22.944049,39.361081],[22.944534,39.360858],[22.944789,39.360741],[22.94499,39.360649],[22.945287,39.360512],[22.945623,39.360358],[22.945886,39.360239],[22.946297,39.360045],[22.947095,39.359661],[22.947106,39.359656],[22.947106,39.359656],[22.947374,39.359527],[22.947596,39.359421],[22.947796,39.359325],[22.948126,39.359168],[22.948295,39.359088],[22.948315,39.359079],[22.948315,39.359079],[22.948524,39.358979],[22.949009,39.35875],[22.949621,39.358462],[22.950249,39.358158],[22.950813,39.357884],[22.95118,39.357699],[22.951208,39.35769],[22.951236,39.357683],[22.951264,39.357679],[22.951294,39.357676],[22.951321,39.357675],[22.951346,39.357675],[22.95137,39.357676],[22.951391,39.357678],[22.951416,39.357682],[22.951438,39.357687],[22.95146,39.357695],[22.951483,39.357707],[22.951508,39.357727],[22.951512,39.357732],[22.951612,39.357843],[22.951612,39.357843],[22.951692,39.357932],[22.951715,39.357959],[22.952123,39.358467],[22.95216,39.358503],[22.9522,39.35852],[22.952243,39.358525],[22.952304,39.358516],[22.952362,39.358499],[22.952699,39.358327],[22.952811,39.358301],[22.953043,39.358182],[22.953043,39.358182],[22.953069,39.358169],[22.953453,39.357979],[22.953504,39.357953],[22.953725,39.357843],[22.95394,39.357738],[22.95447,39.357477],[22.954999,39.357217],[22.955499,39.356958],[22.955944,39.356733],[22.955944,39.356733],[22.956115,39.356647],[22.956803,39.356312],[22.957081,39.356172],[22.957449,39.355988],[22.958001,39.35572],[22.958228,39.355602],[22.958228,39.355602],[22.958593,39.355411],[22.958791,39.355313],[22.959048,39.355182],[22.959301,39.355054],[22.959538,39.354929],[22.959819,39.354778],[22.960398,39.354437],[22.960981,39.3541],[22.961194,39.353973],[22.96135,39.353874],[22.96146,39.353797],[22.961633,39.353649],[22.961806,39.353499],[22.961983,39.35333],[22.962023,39.353292],[22.96235,39.352999],[22.96235,39.352999],[22.962759,39.352632],[22.963256,39.352159],[22.963723,39.351686],[22.963905,39.35152],[22.9641,39.351309],[22.964164,39.35125],[22.964198,39.351225],[22.964229,39.351206],[22.964272,39.351184],[22.964541,39.35105],[22.964571,39.351037],[22.964595,39.351028],[22.964667,39.351005],[22.964741,39.350996],[22.964837,39.351],[22.964957,39.351018],[22.965199,39.351057],[22.965269,39.351068],[22.965347,39.351077],[22.965347,39.351077],[22.965379,39.35108],[22.965419,39.351081],[22.965459,39.351078],[22.965492,39.351072],[22.965514,39.351066],[22.965546,39.351055],[22.965486,39.351291],[22.965424,39.351544],[22.965363,39.351616],[22.965338,39.351738],[22.965315,39.351843],[22.965302,39.351901],[22.965302,39.351901],[22.965291,39.35195],[22.965275,39.352028],[22.965265,39.352092],[22.965261,39.352137],[22.965259,39.352194],[22.96526,39.352254],[22.965264,39.352337],[22.965269,39.352449],[22.965276,39.352535],[22.96528,39.352589],[22.965284,39.352658],[22.965297,39.352774],[22.965305,39.35281],[22.965315,39.352847],[22.965331,39.352891],[22.965347,39.352928],[22.965365,39.352964],[22.965419,39.353063],[22.965526,39.353235],[22.965584,39.353322],[22.965715,39.353495],[22.965925,39.353689],[22.966026,39.353776],[22.966161,39.353878],[22.966373,39.354021],[22.965986,39.354534],[22.965834,39.354724],[22.965807,39.354758],[22.965773,39.354803],[22.965739,39.354849],[22.965732,39.354865],[22.965729,39.354874],[22.965727,39.354884],[22.965727,39.3549],[22.965729,39.354911],[22.965737,39.354935],[22.965747,39.354955],[22.965764,39.35498],[22.965786,39.355001],[22.965895,39.355079],[22.966277,39.35534],[22.966317,39.35537],[22.966359,39.355405],[22.966397,39.35544],[22.966432,39.355477],[22.966456,39.355509],[22.966483,39.355551],[22.966505,39.355601],[22.966523,39.355658],[22.966536,39.355714],[22.966547,39.355768],[22.966555,39.355823],[22.966561,39.355902],[22.96656,39.355971],[22.966559,39.35602],[22.966553,39.356078],[22.966539,39.356138],[22.966514,39.356204],[22.966498,39.356244],[22.966482,39.356281],[22.966459,39.356321],[22.96643,39.356361],[22.966347,39.35646],[22.966347,39.35646],[22.9661,39.356751],[22.965971,39.3569],[22.965566,39.357357],[22.965415,39.357533],[22.965268,39.357698],[22.965268,39.357698],[22.965003,39.357997],[22.963896,39.359303],[22.963529,39.359746],[22.963529,39.359746],[22.963436,39.359858],[22.963186,39.360146],[22.963171,39.360162],[22.963158,39.360175],[22.963147,39.360187],[22.963132,39.360199],[22.963091,39.360222],[22.963074,39.36023],[22.963051,39.360238],[22.963011,39.360246],[22.962987,39.360249],[22.962869,39.360259],[22.962483,39.360271],[22.962251,39.360371],[22.96194,39.360524],[22.961347,39.360824],[22.960873,39.36106],[22.960873,39.36106],[22.960677,39.361157],[22.960045,39.361472],[22.959436,39.361775],[22.958937,39.362022],[22.958705,39.362134],[22.958705,39.362134],[22.958414,39.362275],[22.957914,39.362513],[22.957529,39.362697],[22.957432,39.362751],[22.957339,39.362799],[22.957155,39.362904],[22.956682,39.36318],[22.956168,39.363502],[22.956087,39.363552],[22.956087,39.363552],[22.955621,39.363842],[22.955293,39.36404],[22.954864,39.364302],[22.954321,39.3646],[22.954262,39.364637],[22.954262,39.364637],[22.954229,39.364657],[22.953889,39.364849],[22.953462,39.365084],[22.952939,39.365383],[22.952703,39.365508],[22.952523,39.365605],[22.952377,39.365687],[22.95183,39.365996],[22.951423,39.366216],[22.950812,39.366558],[22.950724,39.366608],[22.950382,39.366799],[22.950006,39.367016],[22.949641,39.367221],[22.949641,39.367221],[22.949524,39.367286],[22.949018,39.367569],[22.948576,39.367819],[22.948144,39.368057],[22.948144,39.368057],[22.947943,39.368168],[22.947625,39.368343],[22.947294,39.368524],[22.946811,39.368791],[22.946266,39.369092],[22.946083,39.369189],[22.946083,39.369189],[22.945676,39.369407],[22.945134,39.36972],[22.944671,39.369965],[22.94405,39.370308],[22.94405,39.370308],[22.943976,39.370349],[22.943844,39.370423],[22.943814,39.370439],[22.943796,39.370447],[22.943777,39.370453],[22.943759,39.370457],[22.943742,39.370457],[22.943727,39.370456],[22.943707,39.370453],[22.943692,39.370449],[22.943669,39.370442],[22.942979,39.370167],[22.942252,39.369885],[22.942252,39.369885],[22.94182,39.369717],[22.941426,39.369567],[22.940965,39.369382],[22.940545,39.369215],[22.940362,39.369142],[22.940362,39.369142],[22.940035,39.369012],[22.940003,39.369084],[22.939993,39.369111],[22.939988,39.369131],[22.939885,39.369652],[22.939818,39.369982],[22.939747,39.37033],[22.939716,39.370452],[22.939649,39.370811],[22.939649,39.370811],[22.939601,39.371065],[22.939496,39.371599],[22.939488,39.371639],[22.939444,39.371868],[22.93944,39.371894],[22.939403,39.372077],[22.939403,39.372077],[22.939318,39.372493],[22.939281,39.372683],[22.939275,39.372717],[22.939241,39.372894],[22.939207,39.373073],[22.939163,39.373301],[22.939044,39.373925],[22.938999,39.374159],[22.938999,39.374159],[22.938784,39.375284],[22.938759,39.375409],[22.938626,39.37604],[22.938408,39.376025],[22.938363,39.376022],[22.938327,39.376017],[22.938281,39.37601],[22.938198,39.375994],[22.938089,39.375968],[22.938039,39.375957],[22.937746,39.375878],[22.937325,39.37576],[22.936894,39.375643],[22.936474,39.375527],[22.936064,39.375418],[22.935646,39.375302],[22.935577,39.375284],[22.935499,39.375285],[22.935461,39.375289],[22.935417,39.375294],[22.935389,39.375302],[22.935357,39.375314],[22.935326,39.375335],[22.935303,39.375356],[22.93527,39.375422],[22.935247,39.375532],[22.935246,39.375539],[22.935176,39.375878],[22.935159,39.375962],[22.935089,39.376095],[22.934957,39.376296],[22.934334,39.376021],[22.933789,39.375782],[22.932069,39.375025],[22.932069,39.375025],[22.931797,39.374905],[22.93077,39.374449],[22.930743,39.374488],[22.929974,39.374146],[22.929529,39.373952],[22.929529,39.373952],[22.929189,39.373804],[22.928444,39.373488],[22.928131,39.373367],[22.928032,39.373329],[22.927632,39.373183],[22.9275,39.373134],[22.927314,39.373069],[22.927271,39.373056],[22.927613,39.372556],[22.927893,39.372148],[22.927935,39.372086],[22.928134,39.371796],[22.927922,39.371359],[22.927743,39.370991],[22.927544,39.370592],[22.92747,39.370433],[22.927411,39.370315],[22.927411,39.370315],[22.927315,39.370121],[22.927282,39.370058],[22.927246,39.369994],[22.927226,39.369965],[22.927201,39.369926],[22.927178,39.369901],[22.927149,39.369874],[22.927115,39.369848],[22.926769,39.369613],[22.926727,39.36958],[22.926699,39.369554],[22.926671,39.369524],[22.926646,39.369495],[22.92662,39.36946],[22.926604,39.369439],[22.926587,39.369411],[22.926419,39.369131],[22.926227,39.368801],[22.926007,39.368441],[22.925968,39.36838],[22.925968,39.36838],[22.925906,39.368284],[22.925764,39.368055],[22.925732,39.368012],[22.925678,39.367944],[22.925628,39.367886],[22.925573,39.367829],[22.925538,39.367797],[22.925501,39.367764],[22.925409,39.367691],[22.925312,39.367621],[22.925295,39.36761],[22.92526,39.367588],[22.925214,39.367565],[22.925182,39.367551],[22.925128,39.367529],[22.925012,39.367483],[22.924964,39.367466],[22.924904,39.367444],[22.924858,39.367429],[22.924805,39.367412],[22.924744,39.367395],[22.924677,39.367377],[22.924597,39.367357],[22.924353,39.367295],[22.923998,39.367208],[22.923568,39.367092],[22.923431,39.367054],[22.923364,39.367033],[22.923206,39.366987],[22.923092,39.36696],[22.923017,39.366958],[22.922973,39.36696],[22.922922,39.366964],[22.922891,39.366968],[22.922861,39.366975],[22.922817,39.36699],[22.92278,39.367004],[22.922756,39.367016],[22.922649,39.367073],[22.922501,39.367157],[22.921655,39.367607],[22.921259,39.367826],[22.921044,39.36794],[22.920939,39.367998],[22.919608,39.36873],[22.919329,39.368879],[22.918981,39.369058],[22.918624,39.36923],[22.918246,39.369399],[22.918177,39.369426],[22.917586,39.369682],[22.91727,39.369811],[22.916729,39.370033],[22.915736,39.370441],[22.914567,39.37092],[22.914169,39.371084],[22.913185,39.371488],[22.912537,39.371739],[22.912537,39.371739],[22.912474,39.371764],[22.912412,39.371789],[22.91224,39.371855],[22.911924,39.37198],[22.911056,39.372331],[22.91058,39.37252],[22.910123,39.372696],[22.909895,39.372781],[22.909781,39.372822],[22.909632,39.372872],[22.909266,39.373002],[22.908911,39.373121],[22.908692,39.373188],[22.908537,39.373233],[22.908247,39.373297],[22.907843,39.373379],[22.907441,39.373462],[22.907053,39.373538],[22.904981,39.37394],[22.903792,39.374168],[22.901254,39.37463],[22.898502,39.375158],[22.897386,39.375369],[22.897118,39.375418],[22.896302,39.375574],[22.895606,39.375699],[22.895463,39.375725],[22.894106,39.375941],[22.892714,39.376157],[22.892049,39.37627],[22.890991,39.376439],[22.889067,39.376748],[22.886599,39.377131],[22.885671,39.377281],[22.882545,39.377784],[22.882125,39.377858],[22.881863,39.3779],[22.8817,39.377955],[22.88153,39.377986],[22.881064,39.378064],[22.880876,39.378108],[22.880815,39.378131],[22.880768,39.378156],[22.880728,39.378183],[22.880675,39.37823],[22.880634,39.378278],[22.880597,39.378329],[22.880559,39.378396],[22.880538,39.378452],[22.880522,39.378517],[22.880514,39.378575],[22.880516,39.378643],[22.88053,39.378736],[22.880561,39.378832],[22.880638,39.378938],[22.880749,39.37904],[22.880891,39.379125],[22.880966,39.37916],[22.881044,39.379177],[22.881227,39.379189],[22.881453,39.379175],[22.882788,39.378646],[22.882869,39.378588],[22.882965,39.37851],[22.883062,39.378429],[22.883126,39.378378],[22.883209,39.37835],[22.883395,39.378414],[22.883498,39.378447],[22.883563,39.378457],[22.883697,39.378459],[22.883833,39.378415],[22.885957,39.377674],[22.886249,39.377581],[22.886527,39.377468],[22.886699,39.377377],[22.886782,39.377323],[22.886881,39.377263],[22.887051,39.377203],[22.887197,39.377164],[22.887559,39.377095],[22.888547,39.376941],[22.888951,39.376887],[22.889128,39.376879],[22.889245,39.376894],[22.889333,39.376959],[22.889559,39.377224],[22.890064,39.377939],[22.890131,39.378018],[22.890203,39.378067],[22.89028,39.378099],[22.890354,39.378113],[22.890452,39.378123],[22.89063,39.378109],[22.891017,39.378048],[22.891028,39.378042],[22.891028,39.378042],[22.891071,39.37802],[22.891096,39.377995],[22.891114,39.377951],[22.89111,39.377903],[22.891085,39.377848],[22.890951,39.377609],[22.89085,39.377405],[22.890833,39.377336],[22.890832,39.377249],[22.890838,39.377141],[22.890863,39.377035],[22.890882,39.376974],[22.890917,39.376901],[22.891029,39.376748],[22.89118,39.376642],[22.891293,39.376614],[22.89144,39.376597],[22.891549,39.376592],[22.891679,39.376594]]},"properties":{"line":"11","dir":"Νέο Κοιμητήριο 2","mode":"bus"}},{"type":"Feature","geometry":{"type":"LineString","coordinates":[[22.891028,39.378042],[22.891071,39.37802],[22.891096,39.377995],[22.891114,39.377951],[22.89111,39.377903],[22.891085,39.377848],[22.890951,39.377609],[22.89085,39.377405],[22.890833,39.377336],[22.890832,39.377249],[22.890838,39.377141],[22.890863,39.377035],[22.890882,39.376974],[22.890917,39.376901],[22.891029,39.376748],[22.89118,39.376642],[22.891293,39.376614],[22.89144,39.376597],[22.891549,39.376592],[22.891679,39.376594],[22.891931,39.376641],[22.891962,39.376635],[22.891962,39.376635],[22.891931,39.376641],[22.891679,39.376594],[22.891549,39.376592],[22.89144,39.376597],[22.891293,39.376614],[22.89118,39.376642],[22.891029,39.376748],[22.890917,39.376901],[22.890882,39.376974],[22.890863,39.377035],[22.890838,39.377141],[22.890832,39.377249],[22.890833,39.377336],[22.89085,39.377405],[22.890951,39.377609],[22.891085,39.377848],[22.89111,39.377903],[22.891114,39.377951],[22.891096,39.377995],[22.891071,39.37802],[22.891017,39.378048],[22.89063,39.378109],[22.890452,39.378123],[22.890354,39.378113],[22.89028,39.378099],[22.890203,39.378067],[22.890131,39.378018],[22.890064,39.377939],[22.889559,39.377224],[22.889333,39.376959],[22.889245,39.376894],[22.889128,39.376879],[22.888951,39.376887],[22.888547,39.376941],[22.887559,39.377095],[22.887197,39.377164],[22.887051,39.377203],[22.886881,39.377263],[22.886782,39.377323],[22.886699,39.377377],[22.886527,39.377468],[22.886249,39.377581],[22.885957,39.377674],[22.883833,39.378415],[22.883697,39.378459],[22.883563,39.378457],[22.883498,39.378447],[22.883395,39.378414],[22.883209,39.37835],[22.882726,39.378157],[22.882109,39.377917],[22.881656,39.377739],[22.881577,39.377707],[22.881001,39.377509],[22.880654,39.377389],[22.880352,39.377286],[22.88022,39.377199],[22.880102,39.377117],[22.880007,39.377039],[22.879907,39.376952],[22.879818,39.37687],[22.879933,39.376831],[22.880104,39.376771],[22.880247,39.376728],[22.880501,39.376682],[22.880728,39.376642],[22.880843,39.376627],[22.880936,39.376618],[22.881057,39.37661],[22.881177,39.376608],[22.8813,39.37661],[22.88141,39.376617],[22.881507,39.376627],[22.881621,39.376642],[22.881754,39.376674],[22.881957,39.3767],[22.882211,39.376767],[22.882372,39.376817],[22.882855,39.376956],[22.883704,39.3772],[22.883847,39.377238],[22.884006,39.377264],[22.884187,39.377289],[22.884289,39.377297],[22.884467,39.377303],[22.884648,39.377294],[22.884772,39.377283],[22.884983,39.377255],[22.885149,39.377226],[22.885252,39.377212],[22.885669,39.377174],[22.886576,39.377034],[22.889037,39.376648],[22.890955,39.376341],[22.892396,39.376106],[22.892696,39.376056],[22.894031,39.375836],[22.896326,39.375454],[22.897354,39.375252],[22.898405,39.375029],[22.901198,39.374522],[22.903651,39.374035],[22.904929,39.373808],[22.90701,39.373425],[22.907393,39.373346],[22.907795,39.373261],[22.908267,39.373146],[22.90839,39.373126],[22.908616,39.373057],[22.908867,39.372985],[22.909222,39.372885],[22.909562,39.372771],[22.909697,39.372719],[22.909828,39.37267],[22.910032,39.372589],[22.91035,39.372469],[22.910499,39.372412],[22.910976,39.372232],[22.911407,39.372058],[22.911407,39.372058],[22.911868,39.371872],[22.911981,39.371827],[22.913104,39.371389],[22.914392,39.370861],[22.914625,39.370765],[22.916025,39.370191],[22.91646,39.370013],[22.918138,39.369342],[22.918556,39.369154],[22.918824,39.369026],[22.918926,39.368978],[22.919248,39.368803],[22.919529,39.368653],[22.92091,39.367871],[22.92202,39.367282],[22.922406,39.367077],[22.922702,39.36692],[22.922776,39.366878],[22.922824,39.366851],[22.922848,39.366836],[22.922876,39.366815],[22.922899,39.366795],[22.92292,39.366772],[22.922936,39.366754],[22.92297,39.366713],[22.922982,39.3667],[22.923002,39.366683],[22.923025,39.366669],[22.92305,39.366657],[22.923077,39.366648],[22.923105,39.366642],[22.923134,39.36664],[22.923178,39.366642],[22.923211,39.366647],[22.923233,39.366654],[22.923254,39.366663],[22.923274,39.366673],[22.923292,39.366685],[22.923308,39.366699],[22.923323,39.366714],[22.923334,39.36673],[22.923344,39.366747],[22.923351,39.366765],[22.923355,39.366783],[22.923356,39.366802],[22.923355,39.366821],[22.923352,39.366832],[22.923364,39.366859],[22.923378,39.366887],[22.923396,39.366921],[22.923409,39.366944],[22.923428,39.366974],[22.92344,39.366989],[22.92345,39.367001],[22.923465,39.367015],[22.923519,39.367056],[22.923568,39.367092],[22.923998,39.367208],[22.924353,39.367295],[22.924597,39.367357],[22.924677,39.367377],[22.924744,39.367395],[22.924805,39.367412],[22.924858,39.367429],[22.924904,39.367444],[22.924964,39.367466],[22.925012,39.367483],[22.925128,39.367529],[22.925182,39.367551],[22.925214,39.367565],[22.92526,39.367588],[22.925295,39.36761],[22.925312,39.367621],[22.925409,39.367691],[22.925501,39.367764],[22.925538,39.367797],[22.925573,39.367829],[22.925628,39.367886],[22.925678,39.367944],[22.925732,39.368012],[22.925764,39.368055],[22.925906,39.368284],[22.926007,39.368441],[22.926227,39.368801],[22.926323,39.368967],[22.926323,39.368967],[22.926419,39.369131],[22.926587,39.369411],[22.926604,39.369439],[22.92662,39.36946],[22.926646,39.369495],[22.926671,39.369524],[22.926699,39.369554],[22.926727,39.36958],[22.926769,39.369613],[22.927115,39.369848],[22.927149,39.369874],[22.927178,39.369901],[22.927201,39.369926],[22.927226,39.369965],[22.927246,39.369994],[22.927282,39.370058],[22.927315,39.370121],[22.927413,39.370319],[22.927413,39.370319],[22.92747,39.370433],[22.927544,39.370592],[22.927743,39.370991],[22.927922,39.371359],[22.928187,39.371905],[22.928212,39.371956],[22.928232,39.372006],[22.928245,39.372042],[22.928259,39.372088],[22.928262,39.37211],[22.928276,39.372235],[22.928691,39.372417],[22.929078,39.372587],[22.9292,39.372641],[22.9292,39.372641],[22.929444,39.372747],[22.929829,39.372917],[22.930212,39.373082],[22.930544,39.373227],[22.930992,39.373425],[22.931378,39.373594],[22.932389,39.374034],[22.932427,39.37405],[22.932729,39.374185],[22.932729,39.374185],[22.932797,39.374215],[22.933102,39.374346],[22.933413,39.374482],[22.933603,39.374566],[22.933603,39.374566],[22.933815,39.37466],[22.933958,39.37472],[22.934097,39.374774],[22.934225,39.374823],[22.93475,39.37501],[22.934953,39.375084],[22.934987,39.375095],[22.935314,39.375206],[22.935577,39.375284],[22.935646,39.375302],[22.936064,39.375418],[22.936474,39.375527],[22.936894,39.375643],[22.937325,39.37576],[22.937746,39.375878],[22.938039,39.375957],[22.938089,39.375968],[22.938198,39.375994],[22.938281,39.37601],[22.938327,39.376017],[22.938363,39.376022],[22.938408,39.376025],[22.938537,39.376036],[22.938562,39.376039],[22.938595,39.376044],[22.938633,39.376053],[22.938667,39.375877],[22.938667,39.375877],[22.938759,39.375409],[22.938784,39.375284],[22.938999,39.37416],[22.938999,39.37416],[22.939044,39.373925],[22.939163,39.373301],[22.939207,39.373073],[22.939241,39.372894],[22.939275,39.372717],[22.939281,39.372683],[22.939318,39.372493],[22.939392,39.372129],[22.939392,39.372129],[22.93944,39.371894],[22.939444,39.371868],[22.939488,39.371639],[22.939496,39.371599],[22.939601,39.371065],[22.939716,39.370452],[22.939747,39.37033],[22.939818,39.369982],[22.939818,39.369982],[22.939885,39.369652],[22.939988,39.369131],[22.939993,39.369111],[22.940003,39.369084],[22.940035,39.369012],[22.940077,39.368938],[22.940578,39.369149],[22.940698,39.369197],[22.940698,39.369197],[22.941227,39.369408],[22.941438,39.36949],[22.941468,39.369502],[22.942287,39.369819],[22.94233,39.369836],[22.942344,39.369841],[22.942344,39.369841],[22.942726,39.369985],[22.943043,39.370108],[22.943607,39.37034],[22.943626,39.370348],[22.943643,39.370354],[22.943652,39.370357],[22.943672,39.370361],[22.943706,39.370364],[22.943722,39.370363],[22.943738,39.370363],[22.94375,39.370361],[22.943764,39.370359],[22.943776,39.370355],[22.94379,39.370351],[22.943802,39.370347],[22.943819,39.37034],[22.943859,39.370322],[22.943889,39.370308],[22.944161,39.370158],[22.944161,39.370158],[22.94461,39.369911],[22.945079,39.369661],[22.94563,39.369349],[22.946205,39.369025],[22.946337,39.368954],[22.946337,39.368954],[22.946757,39.368729],[22.947242,39.368463],[22.947881,39.368099],[22.948186,39.367928],[22.948186,39.367928],[22.948509,39.367748],[22.948956,39.367501],[22.949461,39.367217],[22.94968,39.367092],[22.94968,39.367092],[22.949936,39.366946],[22.950288,39.366752],[22.950666,39.366544],[22.951367,39.366152],[22.951757,39.365925],[22.952078,39.365751],[22.952477,39.365529],[22.952875,39.365312],[22.95318,39.365137],[22.953226,39.365112],[22.953226,39.365112],[22.953397,39.365017],[22.953822,39.364787],[22.954175,39.364593],[22.954175,39.364593],[22.954814,39.364241],[22.955565,39.363789],[22.956118,39.363451],[22.956247,39.363372],[22.956247,39.363372],[22.956641,39.363131],[22.95739,39.362695],[22.957857,39.36246],[22.958363,39.362204],[22.958758,39.362013],[22.958758,39.362013],[22.95888,39.361954],[22.959379,39.361707],[22.959988,39.361404],[22.96062,39.361088],[22.960811,39.360992],[22.960811,39.360992],[22.961288,39.360753],[22.961884,39.360452],[22.962205,39.360293],[22.962233,39.360286],[22.96226,39.360283],[22.962483,39.360271],[22.962869,39.360259],[22.962987,39.360249],[22.963011,39.360246],[22.963051,39.360238],[22.963074,39.36023],[22.963091,39.360222],[22.963132,39.360199],[22.963147,39.360187],[22.963158,39.360175],[22.963171,39.360162],[22.963186,39.360146],[22.963436,39.359858],[22.963509,39.35977],[22.963509,39.35977],[22.963896,39.359303],[22.964898,39.358121],[22.964898,39.358121],[22.965003,39.357997],[22.965415,39.357533],[22.965566,39.357357],[22.965971,39.3569],[22.9661,39.356751],[22.966374,39.356428],[22.966374,39.356428],[22.96643,39.356361],[22.966459,39.356321],[22.966482,39.356281],[22.966498,39.356244],[22.966514,39.356204],[22.966539,39.356138],[22.966553,39.356078],[22.966559,39.35602],[22.96656,39.355971],[22.966561,39.355902],[22.966555,39.355823],[22.966547,39.355768],[22.966536,39.355714],[22.966523,39.355658],[22.966505,39.355601],[22.966483,39.355551],[22.966456,39.355509],[22.966432,39.355477],[22.966397,39.35544],[22.966359,39.355405],[22.966317,39.35537],[22.966277,39.35534],[22.965895,39.355079],[22.965786,39.355001],[22.965764,39.35498],[22.965747,39.354955],[22.965737,39.354935],[22.965729,39.354911],[22.965727,39.3549],[22.965727,39.354884],[22.965729,39.354874],[22.965732,39.354865],[22.965739,39.354849],[22.965773,39.354803],[22.965807,39.354758],[22.965834,39.354724],[22.965934,39.354599],[22.965934,39.354599],[22.965986,39.354534],[22.966373,39.354021],[22.966161,39.353878],[22.966026,39.353776],[22.965925,39.353689],[22.965715,39.353495],[22.965584,39.353322],[22.965526,39.353235],[22.965419,39.353063],[22.965365,39.352964],[22.965347,39.352928],[22.965331,39.352891],[22.965315,39.352847],[22.965305,39.35281],[22.965297,39.352774],[22.965284,39.352658],[22.96528,39.352589],[22.965276,39.352535],[22.965269,39.352449],[22.965264,39.352337],[22.96526,39.352254],[22.965259,39.352194],[22.965261,39.352137],[22.965265,39.352092],[22.965275,39.352028],[22.965291,39.35195],[22.965302,39.351901],[22.965302,39.351901],[22.965315,39.351843],[22.965338,39.351738],[22.965363,39.351616],[22.965353,39.351535],[22.965398,39.351308],[22.965407,39.351277],[22.965459,39.351078],[22.965419,39.351081],[22.965379,39.35108],[22.965269,39.351068],[22.965199,39.351057],[22.964957,39.351018],[22.964837,39.351],[22.964741,39.350996],[22.964667,39.351005],[22.964595,39.351028],[22.964571,39.351037],[22.964541,39.35105],[22.964272,39.351184],[22.964229,39.351206],[22.964198,39.351225],[22.964164,39.35125],[22.9641,39.351309],[22.963905,39.35152],[22.963723,39.351686],[22.963256,39.352159],[22.962759,39.352632],[22.962341,39.353007],[22.962341,39.353007],[22.962023,39.353292],[22.961983,39.35333],[22.961806,39.353499],[22.961633,39.353649],[22.96146,39.353797],[22.96135,39.353874],[22.961194,39.353973],[22.960981,39.3541],[22.960398,39.354437],[22.960045,39.354645],[22.960045,39.354645],[22.959819,39.354778],[22.959559,39.354925],[22.959312,39.355058],[22.959069,39.355186],[22.958818,39.355321],[22.958691,39.355379],[22.958609,39.355419],[22.958001,39.35572],[22.957449,39.355988],[22.957081,39.356172],[22.956803,39.356312],[22.956214,39.356599],[22.956214,39.356599],[22.956115,39.356647],[22.955499,39.356958],[22.954999,39.357217],[22.95447,39.357477],[22.954253,39.357584],[22.954253,39.357584],[22.95394,39.357738],[22.953725,39.357843],[22.953504,39.357953],[22.953453,39.357979],[22.953069,39.358169],[22.952811,39.358301],[22.952733,39.358372],[22.952216,39.358636],[22.952075,39.358481],[22.951944,39.358309],[22.95178,39.358136],[22.951672,39.358],[22.951202,39.358234],[22.951072,39.358304],[22.95089,39.358388],[22.95056,39.358575],[22.950364,39.358677],[22.950108,39.358791],[22.949929,39.358887],[22.949629,39.359033],[22.949506,39.359094],[22.949506,39.359094],[22.949374,39.359159],[22.948884,39.359403],[22.948697,39.359498],[22.948489,39.359604],[22.948212,39.359741],[22.947967,39.359861],[22.947734,39.359974],[22.94747,39.360103],[22.947316,39.36018],[22.947316,39.36018],[22.947201,39.360238],[22.94699,39.360347],[22.946717,39.36049],[22.946308,39.360713],[22.946057,39.360844],[22.945704,39.361032],[22.94544,39.36117],[22.945349,39.361217],[22.945213,39.361285],[22.944998,39.361393],[22.944967,39.361408],[22.944902,39.36144],[22.944845,39.361467],[22.944845,39.361467],[22.944831,39.361474],[22.944727,39.361522],[22.944474,39.361636],[22.94418,39.361768],[22.943968,39.361858],[22.943703,39.361971],[22.943516,39.36205],[22.943507,39.362054],[22.943338,39.362126],[22.943099,39.362222],[22.943042,39.362244],[22.943004,39.362256],[22.942955,39.362269],[22.942902,39.362279],[22.942854,39.362286],[22.942794,39.362293],[22.942714,39.362283],[22.942634,39.36228],[22.94253,39.36228],[22.942488,39.362281],[22.942463,39.362281],[22.942437,39.362282],[22.942408,39.362282],[22.942386,39.362283],[22.942357,39.362286],[22.942333,39.36229],[22.942311,39.362294],[22.942289,39.3623],[22.942274,39.362305],[22.942246,39.362316],[22.942219,39.362329],[22.942193,39.362345],[22.94218,39.362359],[22.942164,39.362372],[22.942147,39.362384],[22.942122,39.362397],[22.942095,39.362407],[22.942067,39.362414],[22.942037,39.362418],[22.942007,39.362418],[22.941977,39.362415],[22.941949,39.362408],[22.941921,39.362398],[22.941896,39.362386],[22.941874,39.36237],[22.941855,39.362353],[22.941799,39.362341],[22.941768,39.362334],[22.941738,39.362329],[22.9417,39.362322],[22.941671,39.362317],[22.94165,39.362314],[22.941613,39.362309],[22.941591,39.362307],[22.941555,39.362305],[22.941472,39.362305],[22.941393,39.362307],[22.941306,39.362308],[22.941114,39.362308],[22.940391,39.362307],[22.940258,39.362306],[22.939962,39.362306],[22.939962,39.362306],[22.938648,39.362303],[22.938618,39.362304],[22.938591,39.362306],[22.938559,39.362311],[22.938529,39.362318],[22.938467,39.362337],[22.938455,39.362351],[22.938443,39.362362],[22.938418,39.36238],[22.938396,39.362391],[22.938375,39.3624],[22.938328,39.362412],[22.938293,39.362415],[22.938257,39.362413],[22.938232,39.362409],[22.938206,39.362403],[22.938177,39.362391],[22.938147,39.362374],[22.938063,39.362358],[22.938014,39.362352],[22.937952,39.362348],[22.93787,39.362348],[22.937783,39.362359],[22.937667,39.362367],[22.937546,39.36237],[22.93738,39.362403],[22.93729,39.362416],[22.937164,39.362438],[22.936768,39.362517],[22.936719,39.362526],[22.936683,39.362531],[22.936643,39.362535],[22.936608,39.362537],[22.936533,39.362538],[22.936487,39.362538],[22.936447,39.362537],[22.936398,39.362535],[22.936357,39.362532],[22.936289,39.362526],[22.936223,39.362518],[22.936142,39.362506],[22.936112,39.3625],[22.936077,39.362492],[22.936045,39.362483],[22.93603,39.362478],[22.936005,39.36247],[22.935752,39.362383],[22.935365,39.362254],[22.935147,39.362183],[22.935082,39.362161],[22.934935,39.362113],[22.934935,39.362113],[22.934571,39.361993],[22.93428,39.361894],[22.934225,39.361881],[22.934181,39.361874],[22.934131,39.361867],[22.93409,39.361862],[22.934051,39.361859],[22.934022,39.361858],[22.934008,39.361857],[22.933988,39.361857],[22.933963,39.361858],[22.933927,39.361861],[22.933886,39.361867],[22.933828,39.361878],[22.933782,39.361888],[22.93377,39.361901],[22.933754,39.361914],[22.933728,39.361929],[22.933698,39.361941],[22.933665,39.361948],[22.933649,39.361949],[22.933626,39.361949],[22.93361,39.361948],[22.933591,39.361945],[22.933572,39.36194],[22.933552,39.361933],[22.933534,39.361925],[22.933518,39.361915],[22.933504,39.361903],[22.933494,39.361894],[22.933483,39.36188],[22.933474,39.361867],[22.933467,39.361853],[22.933462,39.361837],[22.93346,39.361812],[22.933461,39.361794],[22.933469,39.361771],[22.933477,39.361753],[22.933493,39.361734],[22.933531,39.361705],[22.933577,39.361686],[22.933617,39.361679],[22.933658,39.361679],[22.933697,39.361687],[22.933733,39.361701],[22.933764,39.361721],[22.933832,39.361724],[22.933854,39.361722],[22.933889,39.361713],[22.933917,39.3617],[22.933961,39.361676],[22.933973,39.361668],[22.933989,39.361655],[22.934004,39.361637],[22.934338,39.361158],[22.934166,39.361089],[22.933694,39.360886],[22.933627,39.360858],[22.933558,39.36083],[22.933446,39.360785]]},"properties":{"line":"11","dir":"Υπεραστικό ΚΤΕΛ Βόλου","mode":"bus"}},{"type":"Feature","geometry":{"type":"LineString","coordinates":[[22.961078,39.351208],[22.961006,39.351147],[22.960974,39.351131],[22.961022,39.351096],[22.961095,39.351065],[22.961344,39.350991],[22.961594,39.350946],[22.961606,39.350944],[22.961791,39.35091],[22.961969,39.350879],[22.962192,39.350838],[22.96273,39.350736],[22.962852,39.350715],[22.962889,39.35071],[22.962927,39.350707],[22.962961,39.350708],[22.962996,39.350714],[22.963065,39.350727],[22.963122,39.350737],[22.963203,39.350744],[22.963373,39.350726],[22.963377,39.350726],[22.963462,39.350725],[22.963507,39.350737],[22.963592,39.350784],[22.963827,39.350835],[22.963886,39.350852],[22.963916,39.350862],[22.963946,39.350875],[22.963981,39.350895],[22.964008,39.350916],[22.964037,39.350943],[22.964059,39.350972],[22.964075,39.350997],[22.96409,39.351025],[22.964102,39.351055],[22.964114,39.351096],[22.964164,39.35125],[22.964198,39.351225],[22.964229,39.351206],[22.964272,39.351184],[22.964541,39.35105],[22.964571,39.351037],[22.964595,39.351028],[22.964667,39.351005],[22.964741,39.350996],[22.964837,39.351],[22.964957,39.351018],[22.965199,39.351057],[22.965269,39.351068],[22.965379,39.35108],[22.965419,39.351081],[22.965459,39.351078],[22.965492,39.351072],[22.965514,39.351066],[22.965546,39.351055],[22.965486,39.351291],[22.965424,39.351544],[22.965363,39.351616],[22.965338,39.351738],[22.965315,39.351843],[22.965302,39.351901],[22.965302,39.351901],[22.965291,39.35195],[22.965275,39.352028],[22.965265,39.352092],[22.965261,39.352137],[22.965259,39.352194],[22.96526,39.352254],[22.965264,39.352337],[22.965269,39.352449],[22.965276,39.352535],[22.96528,39.352589],[22.965284,39.352658],[22.965297,39.352774],[22.965305,39.35281],[22.965315,39.352847],[22.965331,39.352891],[22.965347,39.352928],[22.965365,39.352964],[22.965419,39.353063],[22.965526,39.353235],[22.965584,39.353322],[22.965715,39.353495],[22.965925,39.353689],[22.966026,39.353776],[22.966161,39.353878],[22.966373,39.354021],[22.965986,39.354534],[22.965926,39.354609],[22.965926,39.354609],[22.965834,39.354724],[22.965807,39.354758],[22.965773,39.354803],[22.965739,39.354849],[22.965732,39.354865],[22.965729,39.354874],[22.965727,39.354884],[22.965727,39.3549],[22.965729,39.354911],[22.965737,39.354935],[22.965747,39.354955],[22.965764,39.35498],[22.965786,39.355001],[22.965895,39.355079],[22.966277,39.35534],[22.966317,39.35537],[22.966359,39.355405],[22.966397,39.35544],[22.966432,39.355477],[22.966456,39.355509],[22.966483,39.355551],[22.966505,39.355601],[22.966523,39.355658],[22.966536,39.355714],[22.966547,39.355768],[22.966555,39.355823],[22.966561,39.355902],[22.96656,39.355971],[22.966559,39.35602],[22.966553,39.356078],[22.967018,39.356233],[22.967018,39.356233],[22.96734,39.35634],[22.967611,39.356434],[22.968037,39.356567],[22.968319,39.356658],[22.968388,39.356671],[22.96848,39.35668],[22.968935,39.356699],[22.969008,39.356703],[22.969168,39.35672],[22.969287,39.356738],[22.969393,39.356761],[22.969481,39.356783],[22.969712,39.356855],[22.969677,39.356937],[22.969649,39.35699],[22.969602,39.357057],[22.969554,39.35712],[22.96947,39.357215],[22.969415,39.357274],[22.969396,39.357292],[22.969396,39.357292],[22.969354,39.357333],[22.969165,39.357498],[22.968951,39.357684],[22.968819,39.357799],[22.968691,39.357917],[22.968592,39.358023],[22.968451,39.358178],[22.968078,39.358579],[22.968078,39.358579],[22.967847,39.358826],[22.967468,39.359234],[22.96718,39.359547],[22.96684,39.359917],[22.96684,39.359917],[22.966808,39.359952],[22.966423,39.360358],[22.965922,39.360908],[22.965643,39.361226],[22.965641,39.361228],[22.965604,39.361275],[22.965454,39.361464],[22.965256,39.361713],[22.965115,39.361892],[22.964983,39.362061],[22.964768,39.362344],[22.964617,39.362529],[22.964517,39.36265],[22.964432,39.362765],[22.964432,39.362765],[22.964135,39.363169],[22.964125,39.363183],[22.963904,39.363473],[22.963869,39.363514],[22.963819,39.363575],[22.96368,39.363761],[22.963527,39.363972],[22.963364,39.364182],[22.963235,39.364342],[22.963163,39.36443],[22.963163,39.36443],[22.962818,39.364851],[22.962662,39.365007],[22.962515,39.365158],[22.962346,39.365324],[22.962298,39.36537],[22.962262,39.365398],[22.962262,39.365398],[22.961988,39.365614],[22.961581,39.36596],[22.961099,39.366347],[22.961099,39.366347],[22.961023,39.366408],[22.960642,39.366736],[22.96055,39.366815],[22.960373,39.366954],[22.960061,39.36721],[22.959952,39.367308],[22.959749,39.36748],[22.959749,39.36748],[22.959735,39.367492],[22.959575,39.367614],[22.959505,39.367665],[22.959434,39.367709],[22.959367,39.367745],[22.958713,39.368083],[22.958618,39.36813],[22.958018,39.368425],[22.958018,39.368425],[22.957822,39.368521],[22.956783,39.369034],[22.956406,39.369224],[22.956227,39.369309],[22.956093,39.369368],[22.956028,39.369397],[22.955919,39.369443],[22.955803,39.369488],[22.955715,39.369521],[22.955641,39.369547],[22.95553,39.369595],[22.955258,39.369667],[22.95503,39.369735],[22.954917,39.369774],[22.954917,39.369774],[22.954861,39.369793],[22.954675,39.369863],[22.954581,39.369905],[22.954485,39.369955],[22.954339,39.370036],[22.954203,39.370117],[22.954087,39.370189],[22.953774,39.369856],[22.953378,39.369443],[22.953337,39.3694],[22.953337,39.3694],[22.953041,39.36909],[22.952983,39.369029],[22.952563,39.368576],[22.9522,39.368184],[22.951857,39.367822],[22.951857,39.367822],[22.951669,39.367623],[22.951224,39.367143],[22.950724,39.366608],[22.950666,39.366544],[22.950405,39.36627],[22.950405,39.36627],[22.950228,39.366085],[22.949791,39.365627],[22.949269,39.365081],[22.94925,39.365054],[22.949041,39.364836],[22.949041,39.364836],[22.948733,39.364516],[22.948108,39.363896],[22.947799,39.363582],[22.947506,39.363271],[22.947171,39.362864],[22.946566,39.362108],[22.946381,39.361878],[22.946313,39.361793],[22.946313,39.361793],[22.94619,39.361639],[22.945704,39.361032],[22.94544,39.36117],[22.945349,39.361217],[22.945213,39.361285],[22.944998,39.361393],[22.944967,39.361408],[22.944902,39.36144],[22.944845,39.361467],[22.944845,39.361467],[22.944831,39.361474],[22.944727,39.361522],[22.944474,39.361636],[22.94418,39.361768],[22.943968,39.361858],[22.943703,39.361971],[22.943516,39.36205],[22.943507,39.362054],[22.943338,39.362126],[22.943099,39.362222],[22.943042,39.362244],[22.943004,39.362256],[22.942955,39.362269],[22.942902,39.362279],[22.942854,39.362286],[22.942794,39.362293],[22.942714,39.362283],[22.942634,39.36228],[22.94253,39.36228],[22.942488,39.362281],[22.942463,39.362281],[22.942437,39.362282],[22.942408,39.362282],[22.942386,39.362283],[22.942357,39.362286],[22.942333,39.36229],[22.942311,39.362294],[22.942289,39.3623],[22.942274,39.362305],[22.942246,39.362316],[22.942219,39.362329],[22.942193,39.362345],[22.94218,39.362359],[22.942164,39.362372],[22.942147,39.362384],[22.942122,39.362397],[22.942095,39.362407],[22.942067,39.362414],[22.942037,39.362418],[22.942007,39.362418],[22.941977,39.362415],[22.941949,39.362408],[22.941921,39.362398],[22.941896,39.362386],[22.941874,39.36237],[22.941855,39.362353],[22.941799,39.362341],[22.941768,39.362334],[22.941738,39.362329],[22.9417,39.362322],[22.941671,39.362317],[22.94165,39.362314],[22.941613,39.362309],[22.941591,39.362307],[22.941555,39.362305],[22.941472,39.362305],[22.941393,39.362307],[22.941306,39.362308],[22.941114,39.362308],[22.940391,39.362307],[22.940258,39.362306],[22.939962,39.362306],[22.939962,39.362306],[22.938648,39.362303],[22.938618,39.362304],[22.938591,39.362306],[22.938559,39.362311],[22.938529,39.362318],[22.938467,39.362337],[22.938455,39.362351],[22.938443,39.362362],[22.938418,39.36238],[22.938396,39.362391],[22.938375,39.3624],[22.938328,39.362412],[22.938293,39.362415],[22.938257,39.362413],[22.938232,39.362409],[22.938206,39.362403],[22.938177,39.362391],[22.938147,39.362374],[22.938063,39.362358],[22.938014,39.362352],[22.937952,39.362348],[22.93787,39.362348],[22.937783,39.362359],[22.937667,39.362367],[22.937546,39.36237],[22.93738,39.362403],[22.93729,39.362416],[22.937164,39.362438],[22.936768,39.362517],[22.936719,39.362526],[22.936683,39.362531],[22.936643,39.362535],[22.936608,39.362537],[22.936533,39.362538],[22.936487,39.362538],[22.936447,39.362537],[22.936398,39.362535],[22.936357,39.362532],[22.936289,39.362526],[22.936223,39.362518],[22.936142,39.362506],[22.936112,39.3625],[22.936077,39.362492],[22.936045,39.362483],[22.93603,39.362478],[22.936005,39.36247],[22.935752,39.362383],[22.935365,39.362254],[22.935147,39.362183],[22.935082,39.362161],[22.934935,39.362113],[22.934935,39.362113],[22.934571,39.361993],[22.93428,39.361894],[22.934225,39.361881],[22.934181,39.361874],[22.934131,39.361867],[22.93409,39.361862],[22.934051,39.361859],[22.934022,39.361858],[22.934008,39.361857],[22.933988,39.361857],[22.933963,39.361858],[22.933927,39.361861],[22.933886,39.361867],[22.933828,39.361878],[22.933782,39.361888],[22.93377,39.361901],[22.933754,39.361914],[22.933728,39.361929],[22.933698,39.361941],[22.933536,39.362014],[22.933482,39.362039],[22.933393,39.362082],[22.933371,39.362092],[22.933371,39.362092],[22.933282,39.362132],[22.93239,39.362514],[22.931814,39.36277],[22.931702,39.362819],[22.931355,39.362969],[22.931257,39.363065],[22.931122,39.363119],[22.930686,39.364255],[22.930795,39.364318],[22.930958,39.364521],[22.930975,39.364549],[22.930995,39.364586],[22.930993,39.364862],[22.931002,39.365037],[22.931011,39.365133],[22.931025,39.365213],[22.931037,39.365274],[22.931057,39.365355],[22.931082,39.365428],[22.931111,39.365501],[22.931174,39.365637],[22.931225,39.365745],[22.931275,39.36584],[22.931289,39.365864],[22.931361,39.365975],[22.931361,39.365975],[22.931416,39.366059],[22.931661,39.366371],[22.931909,39.366668],[22.932216,39.366952],[22.932643,39.367337],[22.933578,39.368168]]},"properties":{"line":"15","dir":"Old City","mode":"bus"}},{"type":"Feature","geometry":{"type":"LineString","coordinates":[[22.933648,39.368205],[22.9338,39.368396],[22.933992,39.36857],[22.934025,39.368599],[22.934321,39.368848],[22.934676,39.369097],[22.93499,39.369302],[22.935412,39.369549],[22.935729,39.369739],[22.936212,39.37],[22.936959,39.368923],[22.937416,39.368273],[22.937584,39.368019],[22.937677,39.367874],[22.937942,39.367554],[22.938106,39.367338],[22.938518,39.366773],[22.938689,39.36654],[22.938689,39.36654],[22.9389,39.366253],[22.939319,39.365667],[22.939495,39.365414],[22.939697,39.365136],[22.939996,39.364712],[22.940043,39.364645],[22.940043,39.364645],[22.940082,39.36459],[22.940282,39.36432],[22.940454,39.364071],[22.940484,39.364035],[22.940571,39.363921],[22.94063,39.363864],[22.940973,39.363531],[22.94135,39.363173],[22.94135,39.363173],[22.941683,39.362855],[22.941719,39.362829],[22.941754,39.362801],[22.941803,39.362759],[22.941838,39.362724],[22.941857,39.362704],[22.941868,39.36269],[22.941877,39.362676],[22.941884,39.362664],[22.941888,39.362654],[22.941895,39.362639],[22.941903,39.362615],[22.941909,39.362595],[22.941912,39.36258],[22.941913,39.362566],[22.941914,39.362556],[22.941914,39.362528],[22.941912,39.362512],[22.941911,39.362501],[22.941908,39.362488],[22.941904,39.362472],[22.941898,39.362455],[22.941892,39.362435],[22.941879,39.362403],[22.941855,39.362353],[22.94184,39.362335],[22.94183,39.362318],[22.941822,39.362301],[22.941817,39.36228],[22.941816,39.362263],[22.941817,39.362241],[22.941821,39.362221],[22.941829,39.362203],[22.941839,39.362185],[22.941853,39.362168],[22.941864,39.362157],[22.941887,39.362139],[22.941909,39.362127],[22.941932,39.362117],[22.941957,39.362109],[22.941984,39.362096],[22.942003,39.362083],[22.942018,39.362073],[22.942036,39.362057],[22.942056,39.362037],[22.942083,39.362009],[22.942117,39.361969],[22.94214,39.361939],[22.942159,39.361912],[22.942182,39.361882],[22.942214,39.361843],[22.942231,39.361827],[22.942249,39.361811],[22.942265,39.361798],[22.942288,39.361778],[22.942316,39.361755],[22.942358,39.361723],[22.942411,39.361683],[22.942505,39.361622],[22.942616,39.361588],[22.942747,39.361553],[22.942835,39.361531],[22.943158,39.361451],[22.943267,39.361425],[22.943314,39.361411],[22.943342,39.361402],[22.943342,39.361402],[22.943357,39.361397],[22.943755,39.361215],[22.944049,39.361081],[22.944534,39.360858],[22.944789,39.360741],[22.94499,39.360649],[22.945287,39.360512],[22.945623,39.360358],[22.945886,39.360239],[22.946297,39.360045],[22.946679,39.360449],[22.946717,39.36049],[22.947052,39.360858],[22.947052,39.360858],[22.947317,39.361149],[22.947523,39.36137],[22.947621,39.361477],[22.947674,39.361534],[22.948007,39.361895],[22.948377,39.362284],[22.948676,39.362604],[22.94959,39.363581],[22.94959,39.363581],[22.949863,39.363872],[22.950399,39.364444],[22.950905,39.364998],[22.951121,39.365238],[22.951124,39.365241],[22.951328,39.36546],[22.951757,39.365925],[22.95183,39.365996],[22.952318,39.366527],[22.952483,39.366702],[22.952483,39.366702],[22.952776,39.367012],[22.953302,39.36756],[22.953546,39.367816],[22.953715,39.367977],[22.953715,39.367977],[22.95385,39.368107],[22.954036,39.368308],[22.954102,39.368375],[22.954557,39.368886],[22.954776,39.369091],[22.954823,39.369131],[22.954866,39.369164],[22.954967,39.369229],[22.955277,39.36942],[22.95553,39.369595],[22.955641,39.369547],[22.955715,39.369521],[22.955803,39.369488],[22.955919,39.369443],[22.956028,39.369397],[22.956129,39.369352],[22.956129,39.369352],[22.956227,39.369309],[22.956406,39.369224],[22.956783,39.369034],[22.957822,39.368521],[22.958003,39.368432],[22.958003,39.368432],[22.958618,39.36813],[22.958713,39.368083],[22.959367,39.367745],[22.959434,39.367709],[22.959505,39.367665],[22.959575,39.367614],[22.959735,39.367492],[22.959747,39.367482],[22.959747,39.367482],[22.959952,39.367308],[22.960061,39.36721],[22.960373,39.366954],[22.96055,39.366815],[22.960642,39.366736],[22.961023,39.366408],[22.9611,39.366347],[22.9611,39.366347],[22.961581,39.36596],[22.961988,39.365614],[22.962217,39.365434],[22.962217,39.365434],[22.962298,39.36537],[22.962346,39.365324],[22.962515,39.365158],[22.962662,39.365007],[22.962818,39.364851],[22.963178,39.364412],[22.963178,39.364412],[22.963235,39.364342],[22.963364,39.364182],[22.963527,39.363972],[22.96368,39.363761],[22.963819,39.363575],[22.963869,39.363514],[22.963904,39.363473],[22.964125,39.363183],[22.964135,39.363169],[22.964517,39.36265],[22.964617,39.362529],[22.964768,39.362344],[22.964788,39.362317],[22.964788,39.362317],[22.964983,39.362061],[22.965115,39.361892],[22.965256,39.361713],[22.965454,39.361464],[22.965604,39.361275],[22.965641,39.361228],[22.965643,39.361226],[22.965922,39.360908],[22.966423,39.360358],[22.966808,39.359952],[22.966863,39.359892],[22.966863,39.359892],[22.96718,39.359547],[22.967468,39.359234],[22.967847,39.358826],[22.968068,39.35859],[22.968068,39.35859],[22.968145,39.358507],[22.968451,39.358178],[22.968592,39.358023],[22.968691,39.357917],[22.968819,39.357799],[22.968951,39.357684],[22.969165,39.357498],[22.969349,39.357337],[22.969354,39.357333],[22.969415,39.357274],[22.96947,39.357215],[22.969554,39.35712],[22.969602,39.357057],[22.969649,39.35699],[22.969677,39.356937],[22.969712,39.356855],[22.969481,39.356783],[22.969393,39.356761],[22.969287,39.356738],[22.969168,39.35672],[22.969008,39.356703],[22.968935,39.356699],[22.96848,39.35668],[22.968388,39.356671],[22.968319,39.356658],[22.968037,39.356567],[22.967611,39.356434],[22.96734,39.35634],[22.967066,39.356249],[22.967066,39.356249],[22.966553,39.356078],[22.966559,39.35602],[22.96656,39.355971],[22.966561,39.355902],[22.966555,39.355823],[22.966547,39.355768],[22.966536,39.355714],[22.966523,39.355658],[22.966505,39.355601],[22.966483,39.355551],[22.966456,39.355509],[22.966432,39.355477],[22.966397,39.35544],[22.966359,39.355405],[22.966317,39.35537],[22.966277,39.35534],[22.965895,39.355079],[22.965786,39.355001],[22.965764,39.35498],[22.965747,39.354955],[22.965737,39.354935],[22.965729,39.354911],[22.965727,39.3549],[22.965727,39.354884],[22.965729,39.354874],[22.965732,39.354865],[22.965739,39.354849],[22.965773,39.354803],[22.965807,39.354758],[22.965834,39.354724],[22.965934,39.354599],[22.965934,39.354599],[22.965986,39.354534],[22.966373,39.354021],[22.966161,39.353878],[22.966026,39.353776],[22.965925,39.353689],[22.965715,39.353495],[22.965584,39.353322],[22.965526,39.353235],[22.965419,39.353063],[22.965365,39.352964],[22.965347,39.352928],[22.965331,39.352891],[22.965315,39.352847],[22.965305,39.35281],[22.965297,39.352774],[22.965284,39.352658],[22.96528,39.352589],[22.965276,39.352535],[22.965269,39.352449],[22.965264,39.352337],[22.96526,39.352254],[22.965259,39.352194],[22.965261,39.352137],[22.965265,39.352092],[22.965275,39.352028],[22.965291,39.35195],[22.965302,39.351901],[22.965302,39.351901],[22.965315,39.351843],[22.965338,39.351738],[22.965363,39.351616],[22.965353,39.351535],[22.965398,39.351308],[22.965407,39.351277],[22.965459,39.351078],[22.965419,39.351081],[22.965379,39.35108],[22.965269,39.351068],[22.965199,39.351057],[22.964957,39.351018],[22.964837,39.351],[22.964741,39.350996],[22.964667,39.351005],[22.964595,39.351028],[22.964571,39.351037],[22.964541,39.35105],[22.964272,39.351184],[22.964229,39.351206],[22.964198,39.351225],[22.964164,39.35125],[22.9641,39.351309],[22.963905,39.35152],[22.963723,39.351686],[22.963256,39.352159],[22.962759,39.352632],[22.962702,39.352584],[22.962702,39.352584],[22.96253,39.352438],[22.962214,39.352183],[22.962128,39.352112],[22.961923,39.351944],[22.961606,39.351652],[22.961232,39.35134],[22.961078,39.351208]]},"properties":{"line":"15","dir":"Μουσείο Τέρμα","mode":"bus"}},{"type":"Feature","geometry":{"type":"LineString","coordinates":[[22.932609,39.36152],[22.932656,39.361527],[22.932702,39.36153],[22.932754,39.361532],[22.93278,39.36153],[22.9328,39.361528],[22.932828,39.36152],[22.932845,39.361512],[22.932861,39.361499],[22.932874,39.361486],[22.932891,39.361462],[22.93294,39.36137],[22.933206,39.36147],[22.933241,39.361484],[22.933315,39.361522],[22.933469,39.361613],[22.933577,39.361686],[22.933617,39.361679],[22.933658,39.361679],[22.933697,39.361687],[22.933733,39.361701],[22.933764,39.361721],[22.933775,39.361732],[22.93379,39.361749],[22.933849,39.361756],[22.933923,39.361766],[22.933971,39.361775],[22.934033,39.361787],[22.934083,39.361798],[22.934128,39.361811],[22.934148,39.361817],[22.934164,39.361823],[22.934188,39.361834],[22.93421,39.361845],[22.934228,39.361855],[22.934244,39.361866],[22.93428,39.361894],[22.934571,39.361993],[22.935082,39.362161],[22.93513,39.362177],[22.93513,39.362177],[22.935147,39.362183],[22.935365,39.362254],[22.935752,39.362383],[22.936005,39.36247],[22.93603,39.362478],[22.936045,39.362483],[22.936077,39.362492],[22.936112,39.3625],[22.936142,39.362506],[22.936223,39.362518],[22.936289,39.362526],[22.936357,39.362532],[22.936398,39.362535],[22.936447,39.362537],[22.936487,39.362538],[22.936533,39.362538],[22.936608,39.362537],[22.936643,39.362535],[22.936683,39.362531],[22.936719,39.362526],[22.936768,39.362517],[22.937164,39.362438],[22.93729,39.362416],[22.93738,39.362403],[22.937546,39.36237],[22.93761,39.36233],[22.937657,39.362313],[22.937687,39.362306],[22.937756,39.362289],[22.93793,39.362256],[22.937966,39.362249],[22.937998,39.36224],[22.938041,39.362226],[22.93808,39.362211],[22.938087,39.362193],[22.9381,39.362171],[22.938117,39.362151],[22.938137,39.362133],[22.938161,39.362117],[22.93819,39.362104],[22.938214,39.362096],[22.938241,39.36209],[22.938245,39.362089],[22.93828,39.362086],[22.938316,39.362087],[22.938345,39.362092],[22.938374,39.3621],[22.938394,39.362108],[22.938414,39.362119],[22.938435,39.362133],[22.938444,39.36214],[22.938454,39.362149],[22.938467,39.362163],[22.93855,39.362173],[22.938648,39.362179],[22.939801,39.362174],[22.939801,39.362174],[22.940256,39.362172],[22.941279,39.362168],[22.941326,39.362174],[22.941358,39.362177],[22.9414,39.36218],[22.941449,39.362183],[22.941524,39.362185],[22.941663,39.362182],[22.941687,39.36218],[22.941719,39.362176],[22.941751,39.362171],[22.941777,39.362166],[22.941804,39.36216],[22.941824,39.362155],[22.94184,39.36215],[22.941874,39.36214],[22.941889,39.362134],[22.941909,39.362127],[22.941932,39.362117],[22.941957,39.362109],[22.941984,39.362096],[22.942003,39.362083],[22.942018,39.362073],[22.942036,39.362057],[22.942056,39.362037],[22.942083,39.362009],[22.942117,39.361969],[22.94214,39.361939],[22.942159,39.361912],[22.942182,39.361882],[22.942214,39.361843],[22.942231,39.361827],[22.942249,39.361811],[22.942265,39.361798],[22.942288,39.361778],[22.942316,39.361755],[22.942358,39.361723],[22.942411,39.361683],[22.942505,39.361622],[22.942616,39.361588],[22.942747,39.361553],[22.942835,39.361531],[22.943158,39.361451],[22.943267,39.361425],[22.943314,39.361411],[22.943342,39.361402],[22.943342,39.361402],[22.943357,39.361397],[22.943755,39.361215],[22.944049,39.361081],[22.944534,39.360858],[22.944789,39.360741],[22.94499,39.360649],[22.945287,39.360512],[22.945623,39.360358],[22.945886,39.360239],[22.946297,39.360045],[22.946679,39.360449],[22.946717,39.36049],[22.947052,39.360858],[22.947052,39.360858],[22.947317,39.361149],[22.947523,39.36137],[22.947621,39.361477],[22.947674,39.361534],[22.948007,39.361895],[22.948377,39.362284],[22.948676,39.362604],[22.94959,39.363581],[22.94959,39.363581],[22.949863,39.363872],[22.950399,39.364444],[22.950905,39.364998],[22.951121,39.365238],[22.951124,39.365241],[22.951328,39.36546],[22.951757,39.365925],[22.95183,39.365996],[22.952318,39.366527],[22.952483,39.366702],[22.952483,39.366702],[22.952776,39.367012],[22.953302,39.36756],[22.953546,39.367816],[22.953715,39.367977],[22.953715,39.367977],[22.95385,39.368107],[22.954036,39.368308],[22.954102,39.368375],[22.954557,39.368886],[22.954776,39.369091],[22.954823,39.369131],[22.954866,39.369164],[22.954967,39.369229],[22.955277,39.36942],[22.95553,39.369595],[22.955258,39.369667],[22.95503,39.369735],[22.954917,39.369774],[22.954917,39.369774],[22.954861,39.369793],[22.954675,39.369863],[22.954581,39.369905],[22.954485,39.369955],[22.954339,39.370036],[22.954203,39.370117],[22.954087,39.370189],[22.954183,39.370291],[22.954554,39.370693],[22.954686,39.370826],[22.954965,39.371133],[22.95528,39.371469],[22.955421,39.371618],[22.955565,39.371771],[22.955687,39.371902],[22.956059,39.372283],[22.956203,39.372433],[22.956325,39.372567],[22.956488,39.37273],[22.956726,39.372974],[22.956839,39.373089],[22.957091,39.37337],[22.957271,39.373563],[22.957321,39.373619],[22.957321,39.373619],[22.957271,39.373563],[22.957091,39.37337],[22.956839,39.373089],[22.956726,39.372974],[22.956488,39.37273],[22.956325,39.372567],[22.956203,39.372433],[22.956059,39.372283],[22.955687,39.371902],[22.955565,39.371771],[22.955421,39.371618],[22.95528,39.371469],[22.954965,39.371133],[22.954902,39.371064],[22.954902,39.371064],[22.954965,39.371133],[22.95528,39.371469],[22.955421,39.371618],[22.955565,39.371771],[22.955687,39.371902],[22.956059,39.372283],[22.956203,39.372433],[22.956325,39.372567],[22.956488,39.37273],[22.956726,39.372974],[22.956839,39.373089],[22.957091,39.37337],[22.957271,39.373563],[22.957531,39.373855],[22.957723,39.37406],[22.957869,39.374219],[22.957935,39.37429],[22.957982,39.374341],[22.958013,39.374374],[22.958045,39.374409],[22.958122,39.374495],[22.958184,39.374565],[22.958203,39.374586],[22.958214,39.374599],[22.95839,39.374772],[22.958408,39.374791],[22.958651,39.375039],[22.958946,39.375345],[22.959311,39.375745],[22.959418,39.375857],[22.959574,39.376026],[22.959574,39.376026],[22.959641,39.376098],[22.95978,39.376228],[22.95985,39.376289],[22.959929,39.376353],[22.960012,39.376419],[22.96007,39.376459],[22.960125,39.376493],[22.960196,39.376533],[22.960417,39.376651],[22.960577,39.376729],[22.96088,39.376874],[22.961512,39.377153],[22.961795,39.377285],[22.962249,39.3775],[22.962153,39.377536],[22.962052,39.377591],[22.961794,39.377731],[22.961754,39.377754],[22.96169,39.37779],[22.96169,39.37779],[22.961411,39.37795],[22.961147,39.37809],[22.961105,39.378118],[22.96105,39.37816],[22.961005,39.378202],[22.960702,39.378477],[22.960656,39.378514],[22.960599,39.378549],[22.960526,39.378583],[22.960351,39.378662],[22.960242,39.378725],[22.960189,39.378749],[22.960118,39.378795],[22.960079,39.378839],[22.960055,39.378875],[22.960046,39.37889],[22.960043,39.378915],[22.96004,39.378935],[22.960036,39.379108],[22.960036,39.379108],[22.960034,39.379122],[22.960031,39.379132],[22.960028,39.379138],[22.960023,39.379144],[22.960016,39.37915],[22.960007,39.379154],[22.959995,39.379156],[22.959711,39.379199],[22.959679,39.379205],[22.959644,39.379214],[22.959477,39.379272],[22.959191,39.379328],[22.959114,39.379341],[22.959011,39.379359],[22.958951,39.379372],[22.958911,39.379384],[22.958876,39.379398],[22.958851,39.379414],[22.958774,39.379468],[22.958728,39.37952],[22.9587,39.379538],[22.958643,39.379561],[22.958593,39.379575],[22.958551,39.379581],[22.958485,39.379584],[22.958313,39.379611],[22.958233,39.37963],[22.958141,39.379655],[22.958041,39.379692],[22.95794,39.379732],[22.957771,39.379805],[22.957671,39.379859],[22.95752,39.379949],[22.957471,39.379977],[22.957422,39.379999],[22.957331,39.380027],[22.957218,39.380067],[22.956964,39.380149],[22.956806,39.380212],[22.956694,39.380264],[22.956633,39.380315],[22.956572,39.380403],[22.956572,39.380403],[22.956529,39.380465],[22.956398,39.380629],[22.95628,39.380798],[22.955927,39.381371],[22.955758,39.381634],[22.955659,39.381785],[22.955611,39.381875],[22.955601,39.381925],[22.955592,39.381976],[22.955569,39.382121],[22.955555,39.382174],[22.955542,39.382191],[22.955524,39.382216],[22.955481,39.382255],[22.955451,39.382276],[22.95539,39.382315],[22.955298,39.382369],[22.95521,39.382423],[22.955174,39.382448],[22.955141,39.38247],[22.955104,39.382493],[22.955041,39.382543],[22.955041,39.382543],[22.954767,39.38276],[22.954536,39.382934],[22.954349,39.383083],[22.954028,39.383316],[22.953997,39.383342],[22.953964,39.38338],[22.953936,39.383417],[22.953916,39.383454],[22.953905,39.383488],[22.953899,39.383526],[22.953901,39.383561],[22.953911,39.383592],[22.953925,39.383619],[22.954036,39.383782],[22.954115,39.38389],[22.954301,39.38417],[22.95443,39.384351],[22.954445,39.384385],[22.954448,39.384403],[22.954446,39.384422],[22.954442,39.384437],[22.954437,39.38445],[22.954429,39.384463],[22.954416,39.384474],[22.954008,39.384723],[22.954008,39.384723],[22.953882,39.3848],[22.953764,39.384879],[22.954141,39.385025],[22.9542,39.385044],[22.954257,39.385062],[22.954327,39.385078],[22.954375,39.385084],[22.954423,39.385088],[22.954519,39.385087],[22.954777,39.385059],[22.955083,39.385044],[22.955375,39.385032],[22.955568,39.385018],[22.955724,39.385009]]},"properties":{"line":"49","dir":"Αγία Κυριακή 3","mode":"bus"}},{"type":"Feature","geometry":{"type":"LineString","coordinates":[[22.955724,39.385009],[22.955782,39.385006],[22.955995,39.384998],[22.956187,39.384996],[22.956335,39.385003],[22.956491,39.385014],[22.956884,39.38504],[22.956792,39.384802],[22.956737,39.38467],[22.956737,39.38467],[22.956726,39.384645],[22.956681,39.384554],[22.956601,39.3844],[22.956475,39.384196],[22.956338,39.384],[22.956289,39.383936],[22.956229,39.38384],[22.956134,39.383712],[22.956062,39.383605],[22.956,39.383522],[22.955904,39.383409],[22.955553,39.383034],[22.955499,39.382981],[22.955387,39.382852],[22.95525,39.382685],[22.955104,39.382493],[22.955141,39.38247],[22.955174,39.382448],[22.95521,39.382423],[22.955298,39.382369],[22.95539,39.382315],[22.955451,39.382276],[22.955481,39.382255],[22.955524,39.382216],[22.955542,39.382191],[22.955555,39.382174],[22.955569,39.382121],[22.955592,39.381976],[22.955601,39.381925],[22.955611,39.381875],[22.955659,39.381785],[22.955758,39.381634],[22.955927,39.381371],[22.95628,39.380798],[22.956398,39.380629],[22.956529,39.380465],[22.956567,39.38041],[22.956567,39.38041],[22.956633,39.380315],[22.956694,39.380264],[22.956806,39.380212],[22.956964,39.380149],[22.957218,39.380067],[22.957331,39.380027],[22.957422,39.379999],[22.957471,39.379977],[22.95752,39.379949],[22.957671,39.379859],[22.957771,39.379805],[22.95794,39.379732],[22.958041,39.379692],[22.958141,39.379655],[22.958233,39.37963],[22.958313,39.379611],[22.958485,39.379584],[22.958551,39.379581],[22.958593,39.379575],[22.958643,39.379561],[22.9587,39.379538],[22.958728,39.37952],[22.958774,39.379468],[22.958851,39.379414],[22.958876,39.379398],[22.958911,39.379384],[22.958951,39.379372],[22.959011,39.379359],[22.959114,39.379341],[22.959191,39.379328],[22.959477,39.379272],[22.959644,39.379214],[22.959679,39.379205],[22.959711,39.379199],[22.959995,39.379156],[22.960007,39.379154],[22.960016,39.37915],[22.960023,39.379144],[22.960028,39.379138],[22.960031,39.379132],[22.960034,39.379122],[22.960036,39.379108],[22.960038,39.37904],[22.960038,39.37904],[22.96004,39.378935],[22.960043,39.378915],[22.960046,39.37889],[22.960055,39.378875],[22.960079,39.378839],[22.960118,39.378795],[22.960189,39.378749],[22.960242,39.378725],[22.960351,39.378662],[22.960526,39.378583],[22.960599,39.378549],[22.960656,39.378514],[22.960702,39.378477],[22.961005,39.378202],[22.96105,39.37816],[22.961105,39.378118],[22.961147,39.37809],[22.961411,39.37795],[22.961754,39.377754],[22.961794,39.377731],[22.962052,39.377591],[22.962153,39.377536],[22.962249,39.3775],[22.961846,39.377309],[22.961846,39.377309],[22.961795,39.377285],[22.961512,39.377153],[22.96088,39.376874],[22.960577,39.376729],[22.960417,39.376651],[22.960196,39.376533],[22.960125,39.376493],[22.96007,39.376459],[22.960012,39.376419],[22.959929,39.376353],[22.95985,39.376289],[22.95978,39.376228],[22.959641,39.376098],[22.959561,39.376011],[22.959561,39.376011],[22.959418,39.375857],[22.959311,39.375745],[22.958946,39.375345],[22.958651,39.375039],[22.958408,39.374791],[22.95839,39.374772],[22.958214,39.374599],[22.958203,39.374586],[22.958184,39.374565],[22.958122,39.374495],[22.958045,39.374409],[22.958013,39.374374],[22.957982,39.374341],[22.957935,39.37429],[22.957869,39.374219],[22.957723,39.37406],[22.957531,39.373855],[22.957271,39.373563],[22.957091,39.37337],[22.956839,39.373089],[22.956726,39.372974],[22.956488,39.37273],[22.956325,39.372567],[22.956203,39.372433],[22.956059,39.372283],[22.955687,39.371902],[22.955565,39.371771],[22.955421,39.371618],[22.95528,39.371469],[22.954965,39.371133],[22.954902,39.371063],[22.954902,39.371063],[22.954965,39.371133],[22.95528,39.371469],[22.955421,39.371618],[22.955565,39.371771],[22.955687,39.371902],[22.956059,39.372283],[22.956203,39.372433],[22.956325,39.372567],[22.956488,39.37273],[22.956726,39.372974],[22.956839,39.373089],[22.957091,39.37337],[22.957271,39.373563],[22.957316,39.373613],[22.957316,39.373613],[22.957271,39.373563],[22.957091,39.37337],[22.956839,39.373089],[22.956726,39.372974],[22.956488,39.37273],[22.956325,39.372567],[22.956203,39.372433],[22.956059,39.372283],[22.955687,39.371902],[22.955565,39.371771],[22.955421,39.371618],[22.95528,39.371469],[22.954965,39.371133],[22.954686,39.370826],[22.954554,39.370693],[22.954183,39.370291],[22.953774,39.369856],[22.953378,39.369443],[22.953337,39.3694],[22.953337,39.3694],[22.953041,39.36909],[22.952983,39.369029],[22.952563,39.368576],[22.9522,39.368184],[22.951857,39.367822],[22.951857,39.367822],[22.951669,39.367623],[22.951224,39.367143],[22.950724,39.366608],[22.950666,39.366544],[22.950405,39.36627],[22.950405,39.36627],[22.950228,39.366085],[22.949791,39.365627],[22.949269,39.365081],[22.94925,39.365054],[22.949041,39.364836],[22.949041,39.364836],[22.948733,39.364516],[22.948108,39.363896],[22.947799,39.363582],[22.947506,39.363271],[22.947171,39.362864],[22.946566,39.362108],[22.946381,39.361878],[22.946313,39.361793],[22.946313,39.361793],[22.94619,39.361639],[22.945704,39.361032],[22.94544,39.36117],[22.945349,39.361217],[22.945213,39.361285],[22.944998,39.361393],[22.944967,39.361408],[22.944902,39.36144],[22.944845,39.361467],[22.944845,39.361467],[22.944831,39.361474],[22.944727,39.361522],[22.944474,39.361636],[22.94418,39.361768],[22.943968,39.361858],[22.943703,39.361971],[22.943516,39.36205],[22.943507,39.362054],[22.943338,39.362126],[22.943099,39.362222],[22.943042,39.362244],[22.943004,39.362256],[22.942955,39.362269],[22.942902,39.362279],[22.942854,39.362286],[22.942794,39.362293],[22.942714,39.362283],[22.942634,39.36228],[22.94253,39.36228],[22.942488,39.362281],[22.942463,39.362281],[22.942437,39.362282],[22.942408,39.362282],[22.942386,39.362283],[22.942357,39.362286],[22.942333,39.36229],[22.942311,39.362294],[22.942289,39.3623],[22.942274,39.362305],[22.942246,39.362316],[22.942219,39.362329],[22.942193,39.362345],[22.94218,39.362359],[22.942164,39.362372],[22.942147,39.362384],[22.942122,39.362397],[22.942095,39.362407],[22.942067,39.362414],[22.942037,39.362418],[22.942007,39.362418],[22.941977,39.362415],[22.941949,39.362408],[22.941921,39.362398],[22.941896,39.362386],[22.941874,39.36237],[22.941855,39.362353],[22.941799,39.362341],[22.941768,39.362334],[22.941738,39.362329],[22.9417,39.362322],[22.941671,39.362317],[22.94165,39.362314],[22.941613,39.362309],[22.941591,39.362307],[22.941555,39.362305],[22.941472,39.362305],[22.941393,39.362307],[22.941306,39.362308],[22.941114,39.362308],[22.940391,39.362307],[22.940258,39.362306],[22.939962,39.362306],[22.939962,39.362306],[22.938648,39.362303],[22.938618,39.362304],[22.938591,39.362306],[22.938559,39.362311],[22.938529,39.362318],[22.938467,39.362337],[22.938455,39.362351],[22.938443,39.362362],[22.938418,39.36238],[22.938396,39.362391],[22.938375,39.3624],[22.938328,39.362412],[22.938293,39.362415],[22.938257,39.362413],[22.938232,39.362409],[22.938206,39.362403],[22.938177,39.362391],[22.938147,39.362374],[22.938063,39.362358],[22.938014,39.362352],[22.937952,39.362348],[22.93787,39.362348],[22.937783,39.362359],[22.937667,39.362367],[22.937546,39.36237],[22.93738,39.362403],[22.93729,39.362416],[22.937164,39.362438],[22.936768,39.362517],[22.936719,39.362526],[22.936683,39.362531],[22.936643,39.362535],[22.936608,39.362537],[22.936533,39.362538],[22.936487,39.362538],[22.936447,39.362537],[22.936398,39.362535],[22.936357,39.362532],[22.936289,39.362526],[22.936223,39.362518],[22.936142,39.362506],[22.936112,39.3625],[22.936077,39.362492],[22.936045,39.362483],[22.93603,39.362478],[22.936005,39.36247],[22.935752,39.362383],[22.935365,39.362254],[22.935147,39.362183],[22.935082,39.362161],[22.934935,39.362113],[22.934935,39.362113],[22.934571,39.361993],[22.93428,39.361894],[22.934225,39.361881],[22.934181,39.361874],[22.934131,39.361867],[22.93409,39.361862],[22.934051,39.361859],[22.934022,39.361858],[22.934008,39.361857],[22.933988,39.361857],[22.933963,39.361858],[22.933927,39.361861],[22.933886,39.361867],[22.933828,39.361878],[22.933782,39.361888],[22.93377,39.361901],[22.933754,39.361914],[22.933728,39.361929],[22.933698,39.361941],[22.933665,39.361948],[22.933649,39.361949],[22.933626,39.361949],[22.93361,39.361948],[22.933591,39.361945],[22.933572,39.36194],[22.933552,39.361933],[22.933534,39.361925],[22.933518,39.361915],[22.933504,39.361903],[22.933494,39.361894],[22.933483,39.36188],[22.933474,39.361867],[22.933467,39.361853],[22.933462,39.361837],[22.93346,39.361812],[22.933461,39.361794],[22.933469,39.361771],[22.933477,39.361753],[22.933493,39.361734],[22.933531,39.361705],[22.933577,39.361686],[22.933617,39.361679],[22.933658,39.361679],[22.933697,39.361687],[22.933733,39.361701],[22.933764,39.361721],[22.933832,39.361724],[22.933854,39.361722],[22.933889,39.361713],[22.933917,39.3617],[22.933961,39.361676],[22.933973,39.361668],[22.933989,39.361655],[22.934004,39.361637],[22.934338,39.361158],[22.934166,39.361089],[22.933694,39.360886],[22.933627,39.360858],[22.933558,39.36083],[22.933446,39.360785],[22.933446,39.360785],[22.933371,39.360755],[22.933117,39.360652],[22.932809,39.36055],[22.932494,39.361207],[22.932369,39.361461],[22.932457,39.361495],[22.932609,39.36152]]},"properties":{"line":"49","dir":"Κεντρική Αφετηρία","mode":"bus"}}]}