{"type":"FeatureCollection","features":[{"type":"Feature","properties":{"line":"1","mode":"bus","color":"#f57145","oi":0,"n":1},"geometry":{"type":"LineString","coordinates":[[22.933481,39.373821],[22.933678,39.373886],[22.933802,39.373868],[22.93389,39.373828],[22.934276,39.373281],[22.934286,39.373192],[22.934256,39.37312],[22.934159,39.373021],[22.934079,39.37298]]}},{"type":"Feature","properties":{"line":"1","mode":"bus","color":"#f57145","oi":0,"n":1},"geometry":{"type":"LineString","coordinates":[[22.936049,39.370301],[22.934102,39.372949],[22.934085,39.372964],[22.934063,39.372969],[22.934038,39.372963],[22.933555,39.372755],[22.93353,39.372749],[22.933508,39.372754],[22.933491,39.372769],[22.932934,39.373539],[22.932926,39.373558],[22.932931,39.373574],[22.932951,39.373588],[22.933441,39.373803],[22.933461,39.373817],[22.933466,39.373833],[22.933458,39.373852],[22.933102,39.374346]]}},{"type":"Feature","properties":{"line":"1","mode":"bus","color":"#f57145","oi":0,"n":1},"geometry":{"type":"LineString","coordinates":[[22.942175,39.362379],[22.942044,39.362521],[22.941913,39.362746],[22.940761,39.363837],[22.940559,39.364062],[22.936117,39.370277],[22.936085,39.370288]]}},{"type":"Feature","properties":{"line":"1","mode":"bus","color":"#f57145","oi":0,"n":1,"sw":1},"geometry":{"type":"LineString","coordinates":[[22.936088,39.370287],[22.936073,39.370293],[22.936062,39.370295],[22.936055,39.370294],[22.936051,39.370289],[22.936051,39.370284]]}},{"type":"Feature","properties":{"line":"1","mode":"bus","color":"#f57145","oi":0.017,"n":1,"sw":1},"geometry":{"type":"LineString","coordinates":[[22.936051,39.370289],[22.936051,39.370281],[22.936053,39.370251]]}},{"type":"Feature","properties":{"line":"1","mode":"bus","color":"#f57145","oi":0.063,"n":1,"sw":1},"geometry":{"type":"LineString","coordinates":[[22.936053,39.370257],[22.936054,39.37024],[22.936067,39.370222]]}},{"type":"Feature","properties":{"line":"1","mode":"bus","color":"#f57145","oi":0.13,"n":1,"sw":1},"geometry":{"type":"LineString","coordinates":[[22.936064,39.370226],[22.936087,39.370193]]}},{"type":"Feature","properties":{"line":"1","mode":"bus","color":"#f57145","oi":0.209,"n":1,"sw":1},"geometry":{"type":"LineString","coordinates":[[22.936084,39.370198],[22.936107,39.370165]]}},{"type":"Feature","properties":{"line":"1","mode":"bus","color":"#f57145","oi":0.291,"n":1,"sw":1},"geometry":{"type":"LineString","coordinates":[[22.936104,39.370169],[22.936127,39.370136]]}},{"type":"Feature","properties":{"line":"1","mode":"bus","color":"#f57145","oi":0.37,"n":1,"sw":1},"geometry":{"type":"LineString","coordinates":[[22.936124,39.370141],[22.936147,39.370108]]}},{"type":"Feature","properties":{"line":"1","mode":"bus","color":"#f57145","oi":0.437,"n":1,"sw":1},"geometry":{"type":"LineString","coordinates":[[22.936144,39.370113],[22.936168,39.370079]]}},{"type":"Feature","properties":{"line":"1","mode":"bus","color":"#f57145","oi":0.483,"n":1,"sw":1},"geometry":{"type":"LineString","coordinates":[[22.936164,39.370084],[22.936188,39.370051]]}},{"type":"Feature","properties":{"line":"1","mode":"bus","color":"#f57145","oi":0.5,"n":1,"sw":1},"geometry":{"type":"LineString","coordinates":[[22.936184,39.370056],[22.936206,39.370025]]}},{"type":"Feature","properties":{"line":"1","mode":"bus","color":"#f57145","oi":0,"n":1},"geometry":{"type":"LineString","coordinates":[[22.935314,39.375206],[22.935292,39.375314]]}},{"type":"Feature","properties":{"line":"1","mode":"bus","color":"#f57145","oi":0,"n":1,"sw":1},"geometry":{"type":"LineString","coordinates":[[22.935293,39.375311],[22.935289,39.375327]]}},{"type":"Feature","properties":{"line":"1","mode":"bus","color":"#f57145","oi":0.017,"n":1,"sw":1},"geometry":{"type":"LineString","coordinates":[[22.93529,39.375322],[22.935287,39.375338]]}},{"type":"Feature","properties":{"line":"1","mode":"bus","color":"#f57145","oi":0.063,"n":1,"sw":1},"geometry":{"type":"LineString","coordinates":[[22.935288,39.375333],[22.935285,39.375349]]}},{"type":"Feature","properties":{"line":"1","mode":"bus","color":"#f57145","oi":0.13,"n":1,"sw":1},"geometry":{"type":"LineString","coordinates":[[22.935286,39.375344],[22.935283,39.37536]]}},{"type":"Feature","properties":{"line":"1","mode":"bus","color":"#f57145","oi":0.209,"n":1,"sw":1},"geometry":{"type":"LineString","coordinates":[[22.935284,39.375355],[22.93528,39.375371]]}},{"type":"Feature","properties":{"line":"1","mode":"bus","color":"#f57145","oi":0.291,"n":1,"sw":1},"geometry":{"type":"LineString","coordinates":[[22.935282,39.375365],[22.935278,39.375381]]}},{"type":"Feature","properties":{"line":"1","mode":"bus","color":"#f57145","oi":0.37,"n":1,"sw":1},"geometry":{"type":"LineString","coordinates":[[22.935279,39.375376],[22.935276,39.375392]]}},{"type":"Feature","properties":{"line":"1","mode":"bus","color":"#f57145","oi":0.437,"n":1,"sw":1},"geometry":{"type":"LineString","coordinates":[[22.935277,39.375387],[22.935274,39.375403]]}},{"type":"Feature","properties":{"line":"1","mode":"bus","color":"#f57145","oi":0.483,"n":1,"sw":1},"geometry":{"type":"LineString","coordinates":[[22.935275,39.375398],[22.935272,39.375414]]}},{"type":"Feature","properties":{"line":"1","mode":"bus","color":"#f57145","oi":0.5,"n":1,"sw":1},"geometry":{"type":"LineString","coordinates":[[22.935273,39.375409],[22.93527,39.375422]]}},{"type":"Feature","properties":{"line":"1","mode":"bus","color":"#f57145","oi":0,"n":1},"geometry":{"type":"LineString","coordinates":[[22.926879,39.372943],[22.926407,39.372806],[22.925053,39.372451],[22.923538,39.372132],[22.922807,39.371999],[22.922563,39.371974]]}},{"type":"Feature","properties":{"line":"1","mode":"bus","color":"#f57145","oi":0.5,"n":1,"sw":1},"geometry":{"type":"LineString","coordinates":[[22.927271,39.373056],[22.927229,39.373044]]}},{"type":"Feature","properties":{"line":"1","mode":"bus","color":"#f57145","oi":0.483,"n":1,"sw":1},"geometry":{"type":"LineString","coordinates":[[22.927235,39.373046],[22.927189,39.373032]]}},{"type":"Feature","properties":{"line":"1","mode":"bus","color":"#f57145","oi":0.437,"n":1,"sw":1},"geometry":{"type":"LineString","coordinates":[[22.927196,39.373034],[22.92715,39.373021]]}},{"type":"Feature","properties":{"line":"1","mode":"bus","color":"#f57145","oi":0.37,"n":1,"sw":1},"geometry":{"type":"LineString","coordinates":[[22.927157,39.373023],[22.927111,39.37301]]}},{"type":"Feature","properties":{"line":"1","mode":"bus","color":"#f57145","oi":0.291,"n":1,"sw":1},"geometry":{"type":"LineString","coordinates":[[22.927118,39.373012],[22.927072,39.372998]]}},{"type":"Feature","properties":{"line":"1","mode":"bus","color":"#f57145","oi":0.209,"n":1,"sw":1},"geometry":{"type":"LineString","coordinates":[[22.927078,39.373],[22.927033,39.372987]]}},{"type":"Feature","properties":{"line":"1","mode":"bus","color":"#f57145","oi":0.13,"n":1,"sw":1},"geometry":{"type":"LineString","coordinates":[[22.927039,39.372989],[22.926994,39.372976]]}},{"type":"Feature","properties":{"line":"1","mode":"bus","color":"#f57145","oi":0.063,"n":1,"sw":1},"geometry":{"type":"LineString","coordinates":[[22.927,39.372978],[22.926954,39.372964]]}},{"type":"Feature","properties":{"line":"1","mode":"bus","color":"#f57145","oi":0.017,"n":1,"sw":1},"geometry":{"type":"LineString","coordinates":[[22.926961,39.372966],[22.926915,39.372953]]}},{"type":"Feature","properties":{"line":"1","mode":"bus","color":"#f57145","oi":0,"n":1,"sw":1},"geometry":{"type":"LineString","coordinates":[[22.926922,39.372955],[22.926876,39.372942]]}},{"type":"Feature","properties":{"line":"1","mode":"bus","color":"#f57145","oi":0,"n":1},"geometry":{"type":"LineString","coordinates":[[22.921941,39.374779],[22.921317,39.37643],[22.921026,39.377464],[22.921025,39.377485],[22.921035,39.377503],[22.921057,39.377516],[22.921302,39.377622],[22.921323,39.377635],[22.921329,39.377651],[22.921323,39.377671],[22.921254,39.377781],[22.921248,39.377796],[22.92125,39.377809],[22.921259,39.377819],[22.921276,39.377828],[22.924036,39.37878],[22.924962,39.378999],[22.924982,39.379002],[22.924998,39.378999],[22.92501,39.37899],[22.925018,39.378975],[22.926139,39.375857],[22.926226,39.375717],[22.92646,39.375505],[22.926753,39.375141],[22.927464,39.374191],[22.928032,39.373329],[22.928691,39.372417]]}},{"type":"Feature","properties":{"line":"1","mode":"bus","color":"#f57145","oi":0.5,"n":1,"sw":1},"geometry":{"type":"LineString","coordinates":[[22.922058,39.374468],[22.922045,39.374502]]}},{"type":"Feature","properties":{"line":"1","mode":"bus","color":"#f57145","oi":0.483,"n":1,"sw":1},"geometry":{"type":"LineString","coordinates":[[22.922047,39.374496],[22.922034,39.374533]]}},{"type":"Feature","properties":{"line":"1","mode":"bus","color":"#f57145","oi":0.437,"n":1,"sw":1},"geometry":{"type":"LineString","coordinates":[[22.922035,39.374528],[22.922022,39.374564]]}},{"type":"Feature","properties":{"line":"1","mode":"bus","color":"#f57145","oi":0.37,"n":1,"sw":1},"geometry":{"type":"LineString","coordinates":[[22.922024,39.374559],[22.92201,39.374595]]}},{"type":"Feature","properties":{"line":"1","mode":"bus","color":"#f57145","oi":0.291,"n":1,"sw":1},"geometry":{"type":"LineString","coordinates":[[22.922012,39.37459],[22.921998,39.374626]]}},{"type":"Feature","properties":{"line":"1","mode":"bus","color":"#f57145","oi":0.209,"n":1,"sw":1},"geometry":{"type":"LineString","coordinates":[[22.922,39.374621],[22.921987,39.374657]]}},{"type":"Feature","properties":{"line":"1","mode":"bus","color":"#f57145","oi":0.13,"n":1,"sw":1},"geometry":{"type":"LineString","coordinates":[[22.921989,39.374652],[22.921975,39.374688]]}},{"type":"Feature","properties":{"line":"1","mode":"bus","color":"#f57145","oi":0.063,"n":1,"sw":1},"geometry":{"type":"LineString","coordinates":[[22.921977,39.374683],[22.921963,39.374719]]}},{"type":"Feature","properties":{"line":"1","mode":"bus","color":"#f57145","oi":0.017,"n":1,"sw":1},"geometry":{"type":"LineString","coordinates":[[22.921965,39.374714],[22.921951,39.37475]]}},{"type":"Feature","properties":{"line":"1","mode":"bus","color":"#f57145","oi":0,"n":1,"sw":1},"geometry":{"type":"LineString","coordinates":[[22.921953,39.374745],[22.92194,39.374781]]}},{"type":"Feature","properties":{"line":"1","mode":"bus","color":"#f57145","oi":0,"n":1},"geometry":{"type":"LineString","coordinates":[[22.963731,39.351687],[22.963204,39.350936],[22.963176,39.35083],[22.963232,39.350741]]}},{"type":"Feature","properties":{"line":"1","mode":"bus","color":"#f57145","oi":0,"n":2,"sw":1},"geometry":{"type":"LineString","coordinates":[[22.941873,39.362151],[22.941866,39.362165]]}},{"type":"Feature","properties":{"line":"1","mode":"bus","color":"#f57145","oi":0.017,"n":2,"sw":1},"geometry":{"type":"LineString","coordinates":[[22.941869,39.36216],[22.94186,39.362176]]}},{"type":"Feature","properties":{"line":"1","mode":"bus","color":"#f57145","oi":0.063,"n":2,"sw":1},"geometry":{"type":"LineString","coordinates":[[22.941863,39.362171],[22.941855,39.362187]]}},{"type":"Feature","properties":{"line":"1","mode":"bus","color":"#f57145","oi":0.13,"n":2,"sw":1},"geometry":{"type":"LineString","coordinates":[[22.941857,39.362182],[22.941849,39.362198]]}},{"type":"Feature","properties":{"line":"1","mode":"bus","color":"#f57145","oi":0.209,"n":2,"sw":1},"geometry":{"type":"LineString","coordinates":[[22.941852,39.362193],[22.941843,39.362209]]}},{"type":"Feature","properties":{"line":"1","mode":"bus","color":"#f57145","oi":0.291,"n":2,"sw":1},"geometry":{"type":"LineString","coordinates":[[22.941846,39.362204],[22.941838,39.36222]]}},{"type":"Feature","properties":{"line":"1","mode":"bus","color":"#f57145","oi":0.37,"n":2,"sw":1},"geometry":{"type":"LineString","coordinates":[[22.94184,39.362215],[22.941832,39.362231]]}},{"type":"Feature","properties":{"line":"1","mode":"bus","color":"#f57145","oi":0.437,"n":2,"sw":1},"geometry":{"type":"LineString","coordinates":[[22.941835,39.362226],[22.941827,39.362242]]}},{"type":"Feature","properties":{"line":"1","mode":"bus","color":"#f57145","oi":0.483,"n":2,"sw":1},"geometry":{"type":"LineString","coordinates":[[22.941829,39.362237],[22.941821,39.362253]]}},{"type":"Feature","properties":{"line":"1","mode":"bus","color":"#f57145","oi":0.5,"n":2,"sw":1},"geometry":{"type":"LineString","coordinates":[[22.941823,39.362248],[22.941815,39.362265]]}},{"type":"Feature","properties":{"line":"1","mode":"bus","color":"#f57145","oi":0.5,"n":2,"sw":1},"geometry":{"type":"LineString","coordinates":[[22.941818,39.36226],[22.941813,39.362269],[22.941816,39.362276]]}},{"type":"Feature","properties":{"line":"1","mode":"bus","color":"#f57145","oi":0.483,"n":2,"sw":1},"geometry":{"type":"LineString","coordinates":[[22.941814,39.362271],[22.941822,39.362287]]}},{"type":"Feature","properties":{"line":"1","mode":"bus","color":"#f57145","oi":0.437,"n":2,"sw":1},"geometry":{"type":"LineString","coordinates":[[22.941819,39.362282],[22.941828,39.362298]]}},{"type":"Feature","properties":{"line":"1","mode":"bus","color":"#f57145","oi":0.37,"n":2,"sw":1},"geometry":{"type":"LineString","coordinates":[[22.941825,39.362293],[22.941833,39.362309]]}},{"type":"Feature","properties":{"line":"1","mode":"bus","color":"#f57145","oi":0.291,"n":2,"sw":1},"geometry":{"type":"LineString","coordinates":[[22.941831,39.362304],[22.941839,39.36232]]}},{"type":"Feature","properties":{"line":"1","mode":"bus","color":"#f57145","oi":0.209,"n":2,"sw":1},"geometry":{"type":"LineString","coordinates":[[22.941836,39.362315],[22.941845,39.362331]]}},{"type":"Feature","properties":{"line":"1","mode":"bus","color":"#f57145","oi":0.13,"n":2,"sw":1},"geometry":{"type":"LineString","coordinates":[[22.941842,39.362326],[22.94185,39.362342]]}},{"type":"Feature","properties":{"line":"1","mode":"bus","color":"#f57145","oi":0.063,"n":2,"sw":1},"geometry":{"type":"LineString","coordinates":[[22.941848,39.362337],[22.941856,39.362353]]}},{"type":"Feature","properties":{"line":"1","mode":"bus","color":"#f57145","oi":0.017,"n":2,"sw":1},"geometry":{"type":"LineString","coordinates":[[22.941853,39.362348],[22.941862,39.362364]]}},{"type":"Feature","properties":{"line":"1","mode":"bus","color":"#f57145","oi":0,"n":2,"sw":1},"geometry":{"type":"LineString","coordinates":[[22.941859,39.362359],[22.941866,39.362373]]}},{"type":"Feature","properties":{"line":"1","mode":"bus","color":"#f57145","oi":0.5,"n":2},"geometry":{"type":"LineString","coordinates":[[22.936206,39.370025],[22.937685,39.367912],[22.94048,39.364033],[22.940583,39.363907],[22.941863,39.362707],[22.941866,39.3627]]}},{"type":"Feature","properties":{"line":"1","mode":"bus","color":"#f57145","oi":0.5,"n":2,"sw":1},"geometry":{"type":"LineString","coordinates":[[22.941865,39.362703],[22.941878,39.362666]]}},{"type":"Feature","properties":{"line":"1","mode":"bus","color":"#f57145","oi":0.483,"n":2,"sw":1},"geometry":{"type":"LineString","coordinates":[[22.941876,39.362671],[22.941889,39.362635]]}},{"type":"Feature","properties":{"line":"1","mode":"bus","color":"#f57145","oi":0.437,"n":2,"sw":1},"geometry":{"type":"LineString","coordinates":[[22.941887,39.36264],[22.9419,39.362604]]}},{"type":"Feature","properties":{"line":"1","mode":"bus","color":"#f57145","oi":0.37,"n":2,"sw":1},"geometry":{"type":"LineString","coordinates":[[22.941899,39.362609],[22.941912,39.362573]]}},{"type":"Feature","properties":{"line":"1","mode":"bus","color":"#f57145","oi":0.291,"n":2,"sw":1},"geometry":{"type":"LineString","coordinates":[[22.94191,39.362578],[22.941917,39.362558],[22.941913,39.362541]]}},{"type":"Feature","properties":{"line":"1","mode":"bus","color":"#f57145","oi":0.209,"n":2,"sw":1},"geometry":{"type":"LineString","coordinates":[[22.941914,39.362546],[22.941906,39.362509]]}},{"type":"Feature","properties":{"line":"1","mode":"bus","color":"#f57145","oi":0.13,"n":2,"sw":1},"geometry":{"type":"LineString","coordinates":[[22.941907,39.362514],[22.941899,39.362477]]}},{"type":"Feature","properties":{"line":"1","mode":"bus","color":"#f57145","oi":0.063,"n":2,"sw":1},"geometry":{"type":"LineString","coordinates":[[22.941901,39.362482],[22.941892,39.362445]]}},{"type":"Feature","properties":{"line":"1","mode":"bus","color":"#f57145","oi":0.017,"n":2,"sw":1},"geometry":{"type":"LineString","coordinates":[[22.941894,39.362451],[22.941885,39.362413]]}},{"type":"Feature","properties":{"line":"1","mode":"bus","color":"#f57145","oi":0,"n":2,"sw":1},"geometry":{"type":"LineString","coordinates":[[22.941887,39.362419],[22.941879,39.362384]]}},{"type":"Feature","properties":{"line":"1","mode":"bus","color":"#f57145","oi":1,"n":3},"geometry":{"type":"LineString","coordinates":[[22.963232,39.350741],[22.963463,39.350729],[22.963653,39.350797],[22.963962,39.350856],[22.964048,39.35093]]}},{"type":"Feature","properties":{"line":"1","mode":"bus","color":"#f57145","oi":1,"n":3,"sw":1},"geometry":{"type":"LineString","coordinates":[[22.964045,39.350928],[22.964066,39.350945]]}},{"type":"Feature","properties":{"line":"1","mode":"bus","color":"#f57145","oi":0.99,"n":3,"sw":1},"geometry":{"type":"LineString","coordinates":[[22.964061,39.350941],[22.964081,39.350959]]}},{"type":"Feature","properties":{"line":"1","mode":"bus","color":"#f57145","oi":0.962,"n":3,"sw":1},"geometry":{"type":"LineString","coordinates":[[22.964076,39.350955],[22.964086,39.350963],[22.964091,39.350975]]}},{"type":"Feature","properties":{"line":"1","mode":"bus","color":"#f57145","oi":0.918,"n":3,"sw":1},"geometry":{"type":"LineString","coordinates":[[22.964089,39.35097],[22.964098,39.350992]]}},{"type":"Feature","properties":{"line":"1","mode":"bus","color":"#f57145","oi":0.86,"n":3,"sw":1},"geometry":{"type":"LineString","coordinates":[[22.964096,39.350987],[22.964104,39.351009]]}},{"type":"Feature","properties":{"line":"1","mode":"bus","color":"#f57145","oi":0.791,"n":3,"sw":1},"geometry":{"type":"LineString","coordinates":[[22.964102,39.351004],[22.964111,39.351026]]}},{"type":"Feature","properties":{"line":"1","mode":"bus","color":"#f57145","oi":0.714,"n":3,"sw":1},"geometry":{"type":"LineString","coordinates":[[22.964109,39.351021],[22.964118,39.351044]]}},{"type":"Feature","properties":{"line":"1","mode":"bus","color":"#f57145","oi":0.631,"n":3,"sw":1},"geometry":{"type":"LineString","coordinates":[[22.964116,39.351038],[22.964125,39.351061]]}},{"type":"Feature","properties":{"line":"1","mode":"bus","color":"#f57145","oi":0.544,"n":3,"sw":1},"geometry":{"type":"LineString","coordinates":[[22.964123,39.351056],[22.964132,39.351078]]}},{"type":"Feature","properties":{"line":"1","mode":"bus","color":"#f57145","oi":0.456,"n":3,"sw":1},"geometry":{"type":"LineString","coordinates":[[22.96413,39.351073],[22.964139,39.351095]]}},{"type":"Feature","properties":{"line":"1","mode":"bus","color":"#f57145","oi":0.369,"n":3,"sw":1},"geometry":{"type":"LineString","coordinates":[[22.964137,39.35109],[22.964146,39.351112]]}},{"type":"Feature","properties":{"line":"1","mode":"bus","color":"#f57145","oi":0.286,"n":3,"sw":1},"geometry":{"type":"LineString","coordinates":[[22.964144,39.351107],[22.964153,39.351129]]}},{"type":"Feature","properties":{"line":"1","mode":"bus","color":"#f57145","oi":0.209,"n":3,"sw":1},"geometry":{"type":"LineString","coordinates":[[22.964151,39.351124],[22.96416,39.351147]]}},{"type":"Feature","properties":{"line":"1","mode":"bus","color":"#f57145","oi":0.14,"n":3,"sw":1},"geometry":{"type":"LineString","coordinates":[[22.964158,39.351141],[22.964166,39.351164]]}},{"type":"Feature","properties":{"line":"1","mode":"bus","color":"#f57145","oi":0.082,"n":3,"sw":1},"geometry":{"type":"LineString","coordinates":[[22.964164,39.351159],[22.964173,39.351181]]}},{"type":"Feature","properties":{"line":"1","mode":"bus","color":"#f57145","oi":0.038,"n":3,"sw":1},"geometry":{"type":"LineString","coordinates":[[22.964171,39.351176],[22.96418,39.351198]]}},{"type":"Feature","properties":{"line":"1","mode":"bus","color":"#f57145","oi":0.01,"n":3,"sw":1},"geometry":{"type":"LineString","coordinates":[[22.964178,39.351193],[22.964187,39.351215]]}},{"type":"Feature","properties":{"line":"1","mode":"bus","color":"#f57145","oi":0,"n":3,"sw":1},"geometry":{"type":"LineString","coordinates":[[22.964185,39.35121],[22.964193,39.35123]]}},{"type":"Feature","properties":{"line":"1","mode":"bus","color":"#f57145","oi":1,"n":3},"geometry":{"type":"LineString","coordinates":[[22.962477,39.352867],[22.961514,39.353768],[22.959819,39.354778],[22.958001,39.35572],[22.956115,39.356647],[22.952254,39.358597],[22.952235,39.358604],[22.952219,39.358604],[22.952204,39.358599],[22.95219,39.358586],[22.951491,39.357719],[22.951391,39.357678],[22.951236,39.357683],[22.946625,39.359891]]}},{"type":"Feature","properties":{"line":"1","mode":"bus","color":"#f57145","oi":0,"n":3,"sw":1},"geometry":{"type":"LineString","coordinates":[[22.962744,39.352617],[22.962727,39.352633]]}},{"type":"Feature","properties":{"line":"1","mode":"bus","color":"#f57145","oi":0.01,"n":3,"sw":1},"geometry":{"type":"LineString","coordinates":[[22.962731,39.352629],[22.962712,39.352647]]}},{"type":"Feature","properties":{"line":"1","mode":"bus","color":"#f57145","oi":0.038,"n":3,"sw":1},"geometry":{"type":"LineString","coordinates":[[22.962717,39.352643],[22.962697,39.352661]]}},{"type":"Feature","properties":{"line":"1","mode":"bus","color":"#f57145","oi":0.082,"n":3,"sw":1},"geometry":{"type":"LineString","coordinates":[[22.962702,39.352657],[22.962683,39.352675]]}},{"type":"Feature","properties":{"line":"1","mode":"bus","color":"#f57145","oi":0.14,"n":3,"sw":1},"geometry":{"type":"LineString","coordinates":[[22.962687,39.35267],[22.962668,39.352688]]}},{"type":"Feature","properties":{"line":"1","mode":"bus","color":"#f57145","oi":0.209,"n":3,"sw":1},"geometry":{"type":"LineString","coordinates":[[22.962672,39.352684],[22.962653,39.352702]]}},{"type":"Feature","properties":{"line":"1","mode":"bus","color":"#f57145","oi":0.286,"n":3,"sw":1},"geometry":{"type":"LineString","coordinates":[[22.962657,39.352698],[22.962638,39.352716]]}},{"type":"Feature","properties":{"line":"1","mode":"bus","color":"#f57145","oi":0.369,"n":3,"sw":1},"geometry":{"type":"LineString","coordinates":[[22.962643,39.352712],[22.962623,39.35273]]}},{"type":"Feature","properties":{"line":"1","mode":"bus","color":"#f57145","oi":0.456,"n":3,"sw":1},"geometry":{"type":"LineString","coordinates":[[22.962628,39.352726],[22.962608,39.352744]]}},{"type":"Feature","properties":{"line":"1","mode":"bus","color":"#f57145","oi":0.544,"n":3,"sw":1},"geometry":{"type":"LineString","coordinates":[[22.962613,39.35274],[22.962594,39.352758]]}},{"type":"Feature","properties":{"line":"1","mode":"bus","color":"#f57145","oi":0.631,"n":3,"sw":1},"geometry":{"type":"LineString","coordinates":[[22.962598,39.352754],[22.962579,39.352772]]}},{"type":"Feature","properties":{"line":"1","mode":"bus","color":"#f57145","oi":0.714,"n":3,"sw":1},"geometry":{"type":"LineString","coordinates":[[22.962583,39.352767],[22.962564,39.352785]]}},{"type":"Feature","properties":{"line":"1","mode":"bus","color":"#f57145","oi":0.791,"n":3,"sw":1},"geometry":{"type":"LineString","coordinates":[[22.962568,39.352781],[22.962549,39.352799]]}},{"type":"Feature","properties":{"line":"1","mode":"bus","color":"#f57145","oi":0.86,"n":3,"sw":1},"geometry":{"type":"LineString","coordinates":[[22.962554,39.352795],[22.962534,39.352813]]}},{"type":"Feature","properties":{"line":"1","mode":"bus","color":"#f57145","oi":0.918,"n":3,"sw":1},"geometry":{"type":"LineString","coordinates":[[22.962539,39.352809],[22.96252,39.352827]]}},{"type":"Feature","properties":{"line":"1","mode":"bus","color":"#f57145","oi":0.962,"n":3,"sw":1},"geometry":{"type":"LineString","coordinates":[[22.962524,39.352823],[22.962505,39.352841]]}},{"type":"Feature","properties":{"line":"1","mode":"bus","color":"#f57145","oi":0.99,"n":3,"sw":1},"geometry":{"type":"LineString","coordinates":[[22.962509,39.352837],[22.96249,39.352855]]}},{"type":"Feature","properties":{"line":"1","mode":"bus","color":"#f57145","oi":1,"n":3,"sw":1},"geometry":{"type":"LineString","coordinates":[[22.962494,39.352851],[22.962475,39.352869]]}},{"type":"Feature","properties":{"line":"1","mode":"bus","color":"#f57145","oi":1,"n":3,"sw":1},"geometry":{"type":"LineString","coordinates":[[22.946628,39.359889],[22.946602,39.359902]]}},{"type":"Feature","properties":{"line":"1","mode":"bus","color":"#f57145","oi":0.99,"n":3,"sw":1},"geometry":{"type":"LineString","coordinates":[[22.946608,39.359899],[22.946582,39.359911]]}},{"type":"Feature","properties":{"line":"1","mode":"bus","color":"#f57145","oi":0.962,"n":3,"sw":1},"geometry":{"type":"LineString","coordinates":[[22.946588,39.359908],[22.946562,39.35992]]}},{"type":"Feature","properties":{"line":"1","mode":"bus","color":"#f57145","oi":0.918,"n":3,"sw":1},"geometry":{"type":"LineString","coordinates":[[22.946568,39.359918],[22.946543,39.35993]]}},{"type":"Feature","properties":{"line":"1","mode":"bus","color":"#f57145","oi":0.86,"n":3,"sw":1},"geometry":{"type":"LineString","coordinates":[[22.946549,39.359927],[22.946523,39.359939]]}},{"type":"Feature","properties":{"line":"1","mode":"bus","color":"#f57145","oi":0.791,"n":3,"sw":1},"geometry":{"type":"LineString","coordinates":[[22.946529,39.359937],[22.946503,39.359949]]}},{"type":"Feature","properties":{"line":"1","mode":"bus","color":"#f57145","oi":0.714,"n":3,"sw":1},"geometry":{"type":"LineString","coordinates":[[22.946509,39.359946],[22.946483,39.359958]]}},{"type":"Feature","properties":{"line":"1","mode":"bus","color":"#f57145","oi":0.631,"n":3,"sw":1},"geometry":{"type":"LineString","coordinates":[[22.946489,39.359956],[22.946464,39.359968]]}},{"type":"Feature","properties":{"line":"1","mode":"bus","color":"#f57145","oi":0.544,"n":3,"sw":1},"geometry":{"type":"LineString","coordinates":[[22.94647,39.359965],[22.946444,39.359977]]}},{"type":"Feature","properties":{"line":"1","mode":"bus","color":"#f57145","oi":0.456,"n":3,"sw":1},"geometry":{"type":"LineString","coordinates":[[22.94645,39.359974],[22.946424,39.359987]]}},{"type":"Feature","properties":{"line":"1","mode":"bus","color":"#f57145","oi":0.369,"n":3,"sw":1},"geometry":{"type":"LineString","coordinates":[[22.94643,39.359984],[22.946404,39.359996]]}},{"type":"Feature","properties":{"line":"1","mode":"bus","color":"#f57145","oi":0.286,"n":3,"sw":1},"geometry":{"type":"LineString","coordinates":[[22.94641,39.359993],[22.946385,39.360006]]}},{"type":"Feature","properties":{"line":"1","mode":"bus","color":"#f57145","oi":0.209,"n":3,"sw":1},"geometry":{"type":"LineString","coordinates":[[22.946391,39.360003],[22.946365,39.360015]]}},{"type":"Feature","properties":{"line":"1","mode":"bus","color":"#f57145","oi":0.14,"n":3,"sw":1},"geometry":{"type":"LineString","coordinates":[[22.946371,39.360012],[22.946345,39.360025]]}},{"type":"Feature","properties":{"line":"1","mode":"bus","color":"#f57145","oi":0.082,"n":3,"sw":1},"geometry":{"type":"LineString","coordinates":[[22.946351,39.360022],[22.946325,39.360034]]}},{"type":"Feature","properties":{"line":"1","mode":"bus","color":"#f57145","oi":0.038,"n":3,"sw":1},"geometry":{"type":"LineString","coordinates":[[22.946331,39.360031],[22.946306,39.360043]]}},{"type":"Feature","properties":{"line":"1","mode":"bus","color":"#f57145","oi":0.01,"n":3,"sw":1},"geometry":{"type":"LineString","coordinates":[[22.946311,39.360041],[22.946286,39.360053]]}},{"type":"Feature","properties":{"line":"1","mode":"bus","color":"#f57145","oi":0,"n":3,"sw":1},"geometry":{"type":"LineString","coordinates":[[22.946292,39.36005],[22.946269,39.360061]]}},{"type":"Feature","properties":{"line":"1","mode":"bus","color":"#f57145","oi":1,"n":3},"geometry":{"type":"LineString","coordinates":[[22.951702,39.357981],[22.946054,39.360854]]}},{"type":"Feature","properties":{"line":"1","mode":"bus","color":"#f57145","oi":1,"n":3,"sw":1},"geometry":{"type":"LineString","coordinates":[[22.946056,39.360853],[22.946031,39.360866]]}},{"type":"Feature","properties":{"line":"1","mode":"bus","color":"#f57145","oi":0.99,"n":3,"sw":1},"geometry":{"type":"LineString","coordinates":[[22.946037,39.360863],[22.946012,39.360875]]}},{"type":"Feature","properties":{"line":"1","mode":"bus","color":"#f57145","oi":0.962,"n":3,"sw":1},"geometry":{"type":"LineString","coordinates":[[22.946018,39.360872],[22.945992,39.360885]]}},{"type":"Feature","properties":{"line":"1","mode":"bus","color":"#f57145","oi":0.918,"n":3,"sw":1},"geometry":{"type":"LineString","coordinates":[[22.945998,39.360882],[22.945973,39.360895]]}},{"type":"Feature","properties":{"line":"1","mode":"bus","color":"#f57145","oi":0.86,"n":3,"sw":1},"geometry":{"type":"LineString","coordinates":[[22.945979,39.360892],[22.945954,39.360905]]}},{"type":"Feature","properties":{"line":"1","mode":"bus","color":"#f57145","oi":0.791,"n":3,"sw":1},"geometry":{"type":"LineString","coordinates":[[22.945959,39.360902],[22.945934,39.360915]]}},{"type":"Feature","properties":{"line":"1","mode":"bus","color":"#f57145","oi":0.714,"n":3,"sw":1},"geometry":{"type":"LineString","coordinates":[[22.94594,39.360912],[22.945915,39.360925]]}},{"type":"Feature","properties":{"line":"1","mode":"bus","color":"#f57145","oi":0.631,"n":3,"sw":1},"geometry":{"type":"LineString","coordinates":[[22.945921,39.360922],[22.945895,39.360935]]}},{"type":"Feature","properties":{"line":"1","mode":"bus","color":"#f57145","oi":0.544,"n":3,"sw":1},"geometry":{"type":"LineString","coordinates":[[22.945901,39.360932],[22.945876,39.360945]]}},{"type":"Feature","properties":{"line":"1","mode":"bus","color":"#f57145","oi":0.456,"n":3,"sw":1},"geometry":{"type":"LineString","coordinates":[[22.945882,39.360942],[22.945856,39.360954]]}},{"type":"Feature","properties":{"line":"1","mode":"bus","color":"#f57145","oi":0.369,"n":3,"sw":1},"geometry":{"type":"LineString","coordinates":[[22.945862,39.360951],[22.945837,39.360964]]}},{"type":"Feature","properties":{"line":"1","mode":"bus","color":"#f57145","oi":0.286,"n":3,"sw":1},"geometry":{"type":"LineString","coordinates":[[22.945843,39.360961],[22.945818,39.360974]]}},{"type":"Feature","properties":{"line":"1","mode":"bus","color":"#f57145","oi":0.209,"n":3,"sw":1},"geometry":{"type":"LineString","coordinates":[[22.945823,39.360971],[22.945798,39.360984]]}},{"type":"Feature","properties":{"line":"1","mode":"bus","color":"#f57145","oi":0.14,"n":3,"sw":1},"geometry":{"type":"LineString","coordinates":[[22.945804,39.360981],[22.945779,39.360994]]}},{"type":"Feature","properties":{"line":"1","mode":"bus","color":"#f57145","oi":0.082,"n":3,"sw":1},"geometry":{"type":"LineString","coordinates":[[22.945785,39.360991],[22.945759,39.361004]]}},{"type":"Feature","properties":{"line":"1","mode":"bus","color":"#f57145","oi":0.038,"n":3,"sw":1},"geometry":{"type":"LineString","coordinates":[[22.945765,39.361001],[22.94574,39.361014]]}},{"type":"Feature","properties":{"line":"1","mode":"bus","color":"#f57145","oi":0.01,"n":3,"sw":1},"geometry":{"type":"LineString","coordinates":[[22.945746,39.361011],[22.945721,39.361024]]}},{"type":"Feature","properties":{"line":"1","mode":"bus","color":"#f57145","oi":0,"n":3,"sw":1},"geometry":{"type":"LineString","coordinates":[[22.945726,39.361021],[22.945704,39.361032]]}},{"type":"Feature","properties":{"line":"1","mode":"bus","color":"#f57145","oi":0.5,"n":2},"geometry":{"type":"LineString","coordinates":[[22.928691,39.372417],[22.933815,39.37466],[22.935314,39.375206]]}},{"type":"Feature","properties":{"line":"1","mode":"bus","color":"#f57145","oi":0.5,"n":2},"geometry":{"type":"LineString","coordinates":[[22.93527,39.375422],[22.935159,39.375962],[22.934977,39.376263],[22.934966,39.376277],[22.934952,39.376283],[22.934936,39.376284],[22.934917,39.376278],[22.930787,39.374457],[22.930779,39.374454],[22.930772,39.374454],[22.930766,39.374457],[22.930761,39.374463],[22.930752,39.374474],[22.930747,39.37448],[22.930741,39.374483],[22.930734,39.374483],[22.930726,39.37448],[22.928444,39.373488],[22.927271,39.373056]]}},{"type":"Feature","properties":{"line":"1","mode":"bus","color":"#f57145","oi":0.5,"n":2},"geometry":{"type":"LineString","coordinates":[[22.922563,39.371974],[22.922692,39.372669],[22.92269,39.372821],[22.922058,39.374468]]}},{"type":"Feature","properties":{"line":"15","mode":"bus","color":"#126804","oi":0,"n":2,"sw":1},"geometry":{"type":"LineString","coordinates":[[22.941873,39.362151],[22.941866,39.362165]]}},{"type":"Feature","properties":{"line":"15","mode":"bus","color":"#126804","oi":-0.017,"n":2,"sw":1},"geometry":{"type":"LineString","coordinates":[[22.941869,39.36216],[22.94186,39.362176]]}},{"type":"Feature","properties":{"line":"15","mode":"bus","color":"#126804","oi":-0.063,"n":2,"sw":1},"geometry":{"type":"LineString","coordinates":[[22.941863,39.362171],[22.941855,39.362187]]}},{"type":"Feature","properties":{"line":"15","mode":"bus","color":"#126804","oi":-0.13,"n":2,"sw":1},"geometry":{"type":"LineString","coordinates":[[22.941857,39.362182],[22.941849,39.362198]]}},{"type":"Feature","properties":{"line":"15","mode":"bus","color":"#126804","oi":-0.209,"n":2,"sw":1},"geometry":{"type":"LineString","coordinates":[[22.941852,39.362193],[22.941843,39.362209]]}},{"type":"Feature","properties":{"line":"15","mode":"bus","color":"#126804","oi":-0.291,"n":2,"sw":1},"geometry":{"type":"LineString","coordinates":[[22.941846,39.362204],[22.941838,39.36222]]}},{"type":"Feature","properties":{"line":"15","mode":"bus","color":"#126804","oi":-0.37,"n":2,"sw":1},"geometry":{"type":"LineString","coordinates":[[22.94184,39.362215],[22.941832,39.362231]]}},{"type":"Feature","properties":{"line":"15","mode":"bus","color":"#126804","oi":-0.437,"n":2,"sw":1},"geometry":{"type":"LineString","coordinates":[[22.941835,39.362226],[22.941827,39.362242]]}},{"type":"Feature","properties":{"line":"15","mode":"bus","color":"#126804","oi":-0.483,"n":2,"sw":1},"geometry":{"type":"LineString","coordinates":[[22.941829,39.362237],[22.941821,39.362253]]}},{"type":"Feature","properties":{"line":"15","mode":"bus","color":"#126804","oi":-0.5,"n":2,"sw":1},"geometry":{"type":"LineString","coordinates":[[22.941823,39.362248],[22.941815,39.362265]]}},{"type":"Feature","properties":{"line":"15","mode":"bus","color":"#126804","oi":-0.5,"n":2,"sw":1},"geometry":{"type":"LineString","coordinates":[[22.941818,39.36226],[22.941813,39.362269],[22.941816,39.362276]]}},{"type":"Feature","properties":{"line":"15","mode":"bus","color":"#126804","oi":-0.483,"n":2,"sw":1},"geometry":{"type":"LineString","coordinates":[[22.941814,39.362271],[22.941822,39.362287]]}},{"type":"Feature","properties":{"line":"15","mode":"bus","color":"#126804","oi":-0.437,"n":2,"sw":1},"geometry":{"type":"LineString","coordinates":[[22.941819,39.362282],[22.941828,39.362298]]}},{"type":"Feature","properties":{"line":"15","mode":"bus","color":"#126804","oi":-0.37,"n":2,"sw":1},"geometry":{"type":"LineString","coordinates":[[22.941825,39.362293],[22.941833,39.362309]]}},{"type":"Feature","properties":{"line":"15","mode":"bus","color":"#126804","oi":-0.291,"n":2,"sw":1},"geometry":{"type":"LineString","coordinates":[[22.941831,39.362304],[22.941839,39.36232]]}},{"type":"Feature","properties":{"line":"15","mode":"bus","color":"#126804","oi":-0.209,"n":2,"sw":1},"geometry":{"type":"LineString","coordinates":[[22.941836,39.362315],[22.941845,39.362331]]}},{"type":"Feature","properties":{"line":"15","mode":"bus","color":"#126804","oi":-0.13,"n":2,"sw":1},"geometry":{"type":"LineString","coordinates":[[22.941842,39.362326],[22.94185,39.362342]]}},{"type":"Feature","properties":{"line":"15","mode":"bus","color":"#126804","oi":-0.063,"n":2,"sw":1},"geometry":{"type":"LineString","coordinates":[[22.941848,39.362337],[22.941856,39.362353]]}},{"type":"Feature","properties":{"line":"15","mode":"bus","color":"#126804","oi":-0.017,"n":2,"sw":1},"geometry":{"type":"LineString","coordinates":[[22.941853,39.362348],[22.941862,39.362364]]}},{"type":"Feature","properties":{"line":"15","mode":"bus","color":"#126804","oi":0,"n":2,"sw":1},"geometry":{"type":"LineString","coordinates":[[22.941859,39.362359],[22.941866,39.362373]]}},{"type":"Feature","properties":{"line":"15","mode":"bus","color":"#126804","oi":-0.5,"n":2},"geometry":{"type":"LineString","coordinates":[[22.936206,39.370025],[22.937685,39.367912],[22.94048,39.364033],[22.940583,39.363907],[22.941863,39.362707],[22.941866,39.3627]]}},{"type":"Feature","properties":{"line":"15","mode":"bus","color":"#126804","oi":-0.5,"n":2,"sw":1},"geometry":{"type":"LineString","coordinates":[[22.941865,39.362703],[22.941878,39.362666]]}},{"type":"Feature","properties":{"line":"15","mode":"bus","color":"#126804","oi":-0.483,"n":2,"sw":1},"geometry":{"type":"LineString","coordinates":[[22.941876,39.362671],[22.941889,39.362635]]}},{"type":"Feature","properties":{"line":"15","mode":"bus","color":"#126804","oi":-0.437,"n":2,"sw":1},"geometry":{"type":"LineString","coordinates":[[22.941887,39.36264],[22.9419,39.362604]]}},{"type":"Feature","properties":{"line":"15","mode":"bus","color":"#126804","oi":-0.37,"n":2,"sw":1},"geometry":{"type":"LineString","coordinates":[[22.941899,39.362609],[22.941912,39.362573]]}},{"type":"Feature","properties":{"line":"15","mode":"bus","color":"#126804","oi":-0.291,"n":2,"sw":1},"geometry":{"type":"LineString","coordinates":[[22.94191,39.362578],[22.941917,39.362558],[22.941913,39.362541]]}},{"type":"Feature","properties":{"line":"15","mode":"bus","color":"#126804","oi":-0.209,"n":2,"sw":1},"geometry":{"type":"LineString","coordinates":[[22.941914,39.362546],[22.941906,39.362509]]}},{"type":"Feature","properties":{"line":"15","mode":"bus","color":"#126804","oi":-0.13,"n":2,"sw":1},"geometry":{"type":"LineString","coordinates":[[22.941907,39.362514],[22.941899,39.362477]]}},{"type":"Feature","properties":{"line":"15","mode":"bus","color":"#126804","oi":-0.063,"n":2,"sw":1},"geometry":{"type":"LineString","coordinates":[[22.941901,39.362482],[22.941892,39.362445]]}},{"type":"Feature","properties":{"line":"15","mode":"bus","color":"#126804","oi":-0.017,"n":2,"sw":1},"geometry":{"type":"LineString","coordinates":[[22.941894,39.362451],[22.941885,39.362413]]}},{"type":"Feature","properties":{"line":"15","mode":"bus","color":"#126804","oi":0,"n":2,"sw":1},"geometry":{"type":"LineString","coordinates":[[22.941887,39.362419],[22.941879,39.362384]]}},{"type":"Feature","properties":{"line":"15","mode":"bus","color":"#126804","oi":-1.5,"n":4},"geometry":{"type":"LineString","coordinates":[[22.965438,39.351035],[22.965543,39.350989],[22.96561,39.350998],[22.96567,39.351036],[22.965687,39.351136],[22.965648,39.351181],[22.965584,39.351206]]}},{"type":"Feature","properties":{"line":"15","mode":"bus","color":"#126804","oi":-1.5,"n":4},"geometry":{"type":"LineString","coordinates":[[22.965462,39.351183],[22.965416,39.351125],[22.965097,39.35104],[22.964783,39.351008],[22.964592,39.351048],[22.964553,39.351066]]}},{"type":"Feature","properties":{"line":"15","mode":"bus","color":"#126804","oi":-1.5,"n":4,"sw":1},"geometry":{"type":"LineString","coordinates":[[22.964556,39.351064],[22.964536,39.351073]]}},{"type":"Feature","properties":{"line":"15","mode":"bus","color":"#126804","oi":-1.493,"n":4,"sw":1},"geometry":{"type":"LineString","coordinates":[[22.964542,39.351071],[22.964523,39.35108]]}},{"type":"Feature","properties":{"line":"15","mode":"bus","color":"#126804","oi":-1.473,"n":4,"sw":1},"geometry":{"type":"LineString","coordinates":[[22.964529,39.351077],[22.964509,39.351086]]}},{"type":"Feature","properties":{"line":"15","mode":"bus","color":"#126804","oi":-1.44,"n":4,"sw":1},"geometry":{"type":"LineString","coordinates":[[22.964515,39.351083],[22.964495,39.351092]]}},{"type":"Feature","properties":{"line":"15","mode":"bus","color":"#126804","oi":-1.397,"n":4,"sw":1},"geometry":{"type":"LineString","coordinates":[[22.964501,39.35109],[22.964481,39.351099]]}},{"type":"Feature","properties":{"line":"15","mode":"bus","color":"#126804","oi":-1.344,"n":4,"sw":1},"geometry":{"type":"LineString","coordinates":[[22.964487,39.351096],[22.964467,39.351105]]}},{"type":"Feature","properties":{"line":"15","mode":"bus","color":"#126804","oi":-1.282,"n":4,"sw":1},"geometry":{"type":"LineString","coordinates":[[22.964473,39.351102],[22.964453,39.351111]]}},{"type":"Feature","properties":{"line":"15","mode":"bus","color":"#126804","oi":-1.213,"n":4,"sw":1},"geometry":{"type":"LineString","coordinates":[[22.964459,39.351109],[22.964439,39.351118]]}},{"type":"Feature","properties":{"line":"15","mode":"bus","color":"#126804","oi":-1.138,"n":4,"sw":1},"geometry":{"type":"LineString","coordinates":[[22.964445,39.351115],[22.964426,39.351124]]}},{"type":"Feature","properties":{"line":"15","mode":"bus","color":"#126804","oi":-1.057,"n":4,"sw":1},"geometry":{"type":"LineString","coordinates":[[22.964432,39.351121],[22.964412,39.35113]]}},{"type":"Feature","properties":{"line":"15","mode":"bus","color":"#126804","oi":-0.972,"n":4,"sw":1},"geometry":{"type":"LineString","coordinates":[[22.964418,39.351127],[22.964398,39.351137]]}},{"type":"Feature","properties":{"line":"15","mode":"bus","color":"#126804","oi":-0.884,"n":4,"sw":1},"geometry":{"type":"LineString","coordinates":[[22.964404,39.351134],[22.964384,39.351143]]}},{"type":"Feature","properties":{"line":"15","mode":"bus","color":"#126804","oi":-0.795,"n":4,"sw":1},"geometry":{"type":"LineString","coordinates":[[22.96439,39.35114],[22.96437,39.351149]]}},{"type":"Feature","properties":{"line":"15","mode":"bus","color":"#126804","oi":-0.705,"n":4,"sw":1},"geometry":{"type":"LineString","coordinates":[[22.964376,39.351146],[22.964356,39.351156]]}},{"type":"Feature","properties":{"line":"15","mode":"bus","color":"#126804","oi":-0.616,"n":4,"sw":1},"geometry":{"type":"LineString","coordinates":[[22.964362,39.351153],[22.964342,39.351162]]}},{"type":"Feature","properties":{"line":"15","mode":"bus","color":"#126804","oi":-0.528,"n":4,"sw":1},"geometry":{"type":"LineString","coordinates":[[22.964348,39.351159],[22.964329,39.351168]]}},{"type":"Feature","properties":{"line":"15","mode":"bus","color":"#126804","oi":-0.443,"n":4,"sw":1},"geometry":{"type":"LineString","coordinates":[[22.964335,39.351165],[22.964315,39.351174]]}},{"type":"Feature","properties":{"line":"15","mode":"bus","color":"#126804","oi":-0.362,"n":4,"sw":1},"geometry":{"type":"LineString","coordinates":[[22.964321,39.351172],[22.964301,39.351181]]}},{"type":"Feature","properties":{"line":"15","mode":"bus","color":"#126804","oi":-0.287,"n":4,"sw":1},"geometry":{"type":"LineString","coordinates":[[22.964307,39.351178],[22.964287,39.351187]]}},{"type":"Feature","properties":{"line":"15","mode":"bus","color":"#126804","oi":-0.218,"n":4,"sw":1},"geometry":{"type":"LineString","coordinates":[[22.964293,39.351184],[22.964273,39.351193]]}},{"type":"Feature","properties":{"line":"15","mode":"bus","color":"#126804","oi":-0.156,"n":4,"sw":1},"geometry":{"type":"LineString","coordinates":[[22.964279,39.351191],[22.964259,39.3512]]}},{"type":"Feature","properties":{"line":"15","mode":"bus","color":"#126804","oi":-0.103,"n":4,"sw":1},"geometry":{"type":"LineString","coordinates":[[22.964265,39.351197],[22.964245,39.351206]]}},{"type":"Feature","properties":{"line":"15","mode":"bus","color":"#126804","oi":-0.06,"n":4,"sw":1},"geometry":{"type":"LineString","coordinates":[[22.964251,39.351203],[22.964232,39.351212]]}},{"type":"Feature","properties":{"line":"15","mode":"bus","color":"#126804","oi":-0.027,"n":4,"sw":1},"geometry":{"type":"LineString","coordinates":[[22.964238,39.35121],[22.964218,39.351219]]}},{"type":"Feature","properties":{"line":"15","mode":"bus","color":"#126804","oi":-0.007,"n":4,"sw":1},"geometry":{"type":"LineString","coordinates":[[22.964224,39.351216],[22.964204,39.351225]]}},{"type":"Feature","properties":{"line":"15","mode":"bus","color":"#126804","oi":0,"n":4,"sw":1},"geometry":{"type":"LineString","coordinates":[[22.96421,39.351222],[22.964193,39.35123]]}},{"type":"Feature","properties":{"line":"15","mode":"bus","color":"#126804","oi":-1.5,"n":4},"geometry":{"type":"LineString","coordinates":[[22.933333,39.362099],[22.931391,39.362942],[22.931183,39.363107]]}},{"type":"Feature","properties":{"line":"15","mode":"bus","color":"#126804","oi":0,"n":4,"sw":1},"geometry":{"type":"LineString","coordinates":[[22.933698,39.361941],[22.933681,39.361948]]}},{"type":"Feature","properties":{"line":"15","mode":"bus","color":"#126804","oi":-0.007,"n":4,"sw":1},"geometry":{"type":"LineString","coordinates":[[22.933687,39.361946],[22.933667,39.361954]]}},{"type":"Feature","properties":{"line":"15","mode":"bus","color":"#126804","oi":-0.027,"n":4,"sw":1},"geometry":{"type":"LineString","coordinates":[[22.933673,39.361952],[22.933653,39.361961]]}},{"type":"Feature","properties":{"line":"15","mode":"bus","color":"#126804","oi":-0.06,"n":4,"sw":1},"geometry":{"type":"LineString","coordinates":[[22.933659,39.361958],[22.933639,39.361967]]}},{"type":"Feature","properties":{"line":"15","mode":"bus","color":"#126804","oi":-0.103,"n":4,"sw":1},"geometry":{"type":"LineString","coordinates":[[22.933645,39.361964],[22.933625,39.361973]]}},{"type":"Feature","properties":{"line":"15","mode":"bus","color":"#126804","oi":-0.156,"n":4,"sw":1},"geometry":{"type":"LineString","coordinates":[[22.933631,39.36197],[22.933611,39.361979]]}},{"type":"Feature","properties":{"line":"15","mode":"bus","color":"#126804","oi":-0.218,"n":4,"sw":1},"geometry":{"type":"LineString","coordinates":[[22.933617,39.361976],[22.933597,39.361985]]}},{"type":"Feature","properties":{"line":"15","mode":"bus","color":"#126804","oi":-0.287,"n":4,"sw":1},"geometry":{"type":"LineString","coordinates":[[22.933603,39.361982],[22.933583,39.361991]]}},{"type":"Feature","properties":{"line":"15","mode":"bus","color":"#126804","oi":-0.362,"n":4,"sw":1},"geometry":{"type":"LineString","coordinates":[[22.933589,39.361988],[22.933569,39.361997]]}},{"type":"Feature","properties":{"line":"15","mode":"bus","color":"#126804","oi":-0.443,"n":4,"sw":1},"geometry":{"type":"LineString","coordinates":[[22.933575,39.361994],[22.933555,39.362003]]}},{"type":"Feature","properties":{"line":"15","mode":"bus","color":"#126804","oi":-0.528,"n":4,"sw":1},"geometry":{"type":"LineString","coordinates":[[22.933561,39.362001],[22.933541,39.362009]]}},{"type":"Feature","properties":{"line":"15","mode":"bus","color":"#126804","oi":-0.616,"n":4,"sw":1},"geometry":{"type":"LineString","coordinates":[[22.933547,39.362007],[22.933527,39.362015]]}},{"type":"Feature","properties":{"line":"15","mode":"bus","color":"#126804","oi":-0.705,"n":4,"sw":1},"geometry":{"type":"LineString","coordinates":[[22.933533,39.362013],[22.933513,39.362021]]}},{"type":"Feature","properties":{"line":"15","mode":"bus","color":"#126804","oi":-0.795,"n":4,"sw":1},"geometry":{"type":"LineString","coordinates":[[22.933519,39.362019],[22.933499,39.362028]]}},{"type":"Feature","properties":{"line":"15","mode":"bus","color":"#126804","oi":-0.884,"n":4,"sw":1},"geometry":{"type":"LineString","coordinates":[[22.933505,39.362025],[22.933484,39.362034]]}},{"type":"Feature","properties":{"line":"15","mode":"bus","color":"#126804","oi":-0.972,"n":4,"sw":1},"geometry":{"type":"LineString","coordinates":[[22.933491,39.362031],[22.93347,39.36204]]}},{"type":"Feature","properties":{"line":"15","mode":"bus","color":"#126804","oi":-1.057,"n":4,"sw":1},"geometry":{"type":"LineString","coordinates":[[22.933477,39.362037],[22.933456,39.362046]]}},{"type":"Feature","properties":{"line":"15","mode":"bus","color":"#126804","oi":-1.138,"n":4,"sw":1},"geometry":{"type":"LineString","coordinates":[[22.933462,39.362043],[22.933442,39.362052]]}},{"type":"Feature","properties":{"line":"15","mode":"bus","color":"#126804","oi":-1.213,"n":4,"sw":1},"geometry":{"type":"LineString","coordinates":[[22.933448,39.362049],[22.933428,39.362058]]}},{"type":"Feature","properties":{"line":"15","mode":"bus","color":"#126804","oi":-1.282,"n":4,"sw":1},"geometry":{"type":"LineString","coordinates":[[22.933434,39.362055],[22.933414,39.362064]]}},{"type":"Feature","properties":{"line":"15","mode":"bus","color":"#126804","oi":-1.344,"n":4,"sw":1},"geometry":{"type":"LineString","coordinates":[[22.93342,39.362061],[22.9334,39.36207]]}},{"type":"Feature","properties":{"line":"15","mode":"bus","color":"#126804","oi":-1.397,"n":4,"sw":1},"geometry":{"type":"LineString","coordinates":[[22.933406,39.362068],[22.933386,39.362076]]}},{"type":"Feature","properties":{"line":"15","mode":"bus","color":"#126804","oi":-1.44,"n":4,"sw":1},"geometry":{"type":"LineString","coordinates":[[22.933392,39.362074],[22.933372,39.362082]]}},{"type":"Feature","properties":{"line":"15","mode":"bus","color":"#126804","oi":-1.473,"n":4,"sw":1},"geometry":{"type":"LineString","coordinates":[[22.933378,39.36208],[22.933358,39.362088]]}},{"type":"Feature","properties":{"line":"15","mode":"bus","color":"#126804","oi":-1.493,"n":4,"sw":1},"geometry":{"type":"LineString","coordinates":[[22.933364,39.362086],[22.933344,39.362095]]}},{"type":"Feature","properties":{"line":"15","mode":"bus","color":"#126804","oi":-1.5,"n":4,"sw":1},"geometry":{"type":"LineString","coordinates":[[22.93335,39.362092],[22.93333,39.362101]]}},{"type":"Feature","properties":{"line":"15","mode":"bus","color":"#126804","oi":-0.5,"n":2},"geometry":{"type":"LineString","coordinates":[[22.965416,39.351125],[22.965427,39.35108]]}},{"type":"Feature","properties":{"line":"15","mode":"bus","color":"#126804","oi":-0.5,"n":2,"sw":1},"geometry":{"type":"LineString","coordinates":[[22.965426,39.351083],[22.96543,39.351068]]}},{"type":"Feature","properties":{"line":"15","mode":"bus","color":"#126804","oi":-0.422,"n":2,"sw":1},"geometry":{"type":"LineString","coordinates":[[22.965429,39.351074],[22.965432,39.351059]]}},{"type":"Feature","properties":{"line":"15","mode":"bus","color":"#126804","oi":-0.25,"n":2,"sw":1},"geometry":{"type":"LineString","coordinates":[[22.965431,39.351065],[22.965434,39.35105]]}},{"type":"Feature","properties":{"line":"15","mode":"bus","color":"#126804","oi":-0.078,"n":2,"sw":1},"geometry":{"type":"LineString","coordinates":[[22.965433,39.351056],[22.965436,39.351041]]}},{"type":"Feature","properties":{"line":"15","mode":"bus","color":"#126804","oi":0,"n":2,"sw":1},"geometry":{"type":"LineString","coordinates":[[22.965435,39.351047],[22.965438,39.351035]]}},{"type":"Feature","properties":{"line":"15","mode":"bus","color":"#126804","oi":-1,"n":3},"geometry":{"type":"LineString","coordinates":[[22.963232,39.350741],[22.963463,39.350729],[22.963653,39.350797],[22.963962,39.350856],[22.964048,39.35093]]}},{"type":"Feature","properties":{"line":"15","mode":"bus","color":"#126804","oi":-1,"n":3,"sw":1},"geometry":{"type":"LineString","coordinates":[[22.964045,39.350928],[22.964066,39.350945]]}},{"type":"Feature","properties":{"line":"15","mode":"bus","color":"#126804","oi":-0.99,"n":3,"sw":1},"geometry":{"type":"LineString","coordinates":[[22.964061,39.350941],[22.964081,39.350959]]}},{"type":"Feature","properties":{"line":"15","mode":"bus","color":"#126804","oi":-0.962,"n":3,"sw":1},"geometry":{"type":"LineString","coordinates":[[22.964076,39.350955],[22.964086,39.350963],[22.964091,39.350975]]}},{"type":"Feature","properties":{"line":"15","mode":"bus","color":"#126804","oi":-0.918,"n":3,"sw":1},"geometry":{"type":"LineString","coordinates":[[22.964089,39.35097],[22.964098,39.350992]]}},{"type":"Feature","properties":{"line":"15","mode":"bus","color":"#126804","oi":-0.86,"n":3,"sw":1},"geometry":{"type":"LineString","coordinates":[[22.964096,39.350987],[22.964104,39.351009]]}},{"type":"Feature","properties":{"line":"15","mode":"bus","color":"#126804","oi":-0.791,"n":3,"sw":1},"geometry":{"type":"LineString","coordinates":[[22.964102,39.351004],[22.964111,39.351026]]}},{"type":"Feature","properties":{"line":"15","mode":"bus","color":"#126804","oi":-0.714,"n":3,"sw":1},"geometry":{"type":"LineString","coordinates":[[22.964109,39.351021],[22.964118,39.351044]]}},{"type":"Feature","properties":{"line":"15","mode":"bus","color":"#126804","oi":-0.631,"n":3,"sw":1},"geometry":{"type":"LineString","coordinates":[[22.964116,39.351038],[22.964125,39.351061]]}},{"type":"Feature","properties":{"line":"15","mode":"bus","color":"#126804","oi":-0.544,"n":3,"sw":1},"geometry":{"type":"LineString","coordinates":[[22.964123,39.351056],[22.964132,39.351078]]}},{"type":"Feature","properties":{"line":"15","mode":"bus","color":"#126804","oi":-0.456,"n":3,"sw":1},"geometry":{"type":"LineString","coordinates":[[22.96413,39.351073],[22.964139,39.351095]]}},{"type":"Feature","properties":{"line":"15","mode":"bus","color":"#126804","oi":-0.369,"n":3,"sw":1},"geometry":{"type":"LineString","coordinates":[[22.964137,39.35109],[22.964146,39.351112]]}},{"type":"Feature","properties":{"line":"15","mode":"bus","color":"#126804","oi":-0.286,"n":3,"sw":1},"geometry":{"type":"LineString","coordinates":[[22.964144,39.351107],[22.964153,39.351129]]}},{"type":"Feature","properties":{"line":"15","mode":"bus","color":"#126804","oi":-0.209,"n":3,"sw":1},"geometry":{"type":"LineString","coordinates":[[22.964151,39.351124],[22.96416,39.351147]]}},{"type":"Feature","properties":{"line":"15","mode":"bus","color":"#126804","oi":-0.14,"n":3,"sw":1},"geometry":{"type":"LineString","coordinates":[[22.964158,39.351141],[22.964166,39.351164]]}},{"type":"Feature","properties":{"line":"15","mode":"bus","color":"#126804","oi":-0.082,"n":3,"sw":1},"geometry":{"type":"LineString","coordinates":[[22.964164,39.351159],[22.964173,39.351181]]}},{"type":"Feature","properties":{"line":"15","mode":"bus","color":"#126804","oi":-0.038,"n":3,"sw":1},"geometry":{"type":"LineString","coordinates":[[22.964171,39.351176],[22.96418,39.351198]]}},{"type":"Feature","properties":{"line":"15","mode":"bus","color":"#126804","oi":-0.01,"n":3,"sw":1},"geometry":{"type":"LineString","coordinates":[[22.964178,39.351193],[22.964187,39.351215]]}},{"type":"Feature","properties":{"line":"15","mode":"bus","color":"#126804","oi":0,"n":3,"sw":1},"geometry":{"type":"LineString","coordinates":[[22.964185,39.35121],[22.964193,39.35123]]}},{"type":"Feature","properties":{"line":"15","mode":"bus","color":"#126804","oi":-0.5,"n":2},"geometry":{"type":"LineString","coordinates":[[22.96246,39.352379],[22.961006,39.351157],[22.960994,39.351145],[22.960991,39.351132],[22.960997,39.351121],[22.961012,39.35111],[22.961095,39.351065],[22.961344,39.350991],[22.96273,39.350736],[22.962819,39.350723]]}},{"type":"Feature","properties":{"line":"15","mode":"bus","color":"#126804","oi":0,"n":2,"sw":1},"geometry":{"type":"LineString","coordinates":[[22.962744,39.352617],[22.962713,39.352591]]}},{"type":"Feature","properties":{"line":"15","mode":"bus","color":"#126804","oi":-0.017,"n":2,"sw":1},"geometry":{"type":"LineString","coordinates":[[22.962718,39.352595],[22.962685,39.352567]]}},{"type":"Feature","properties":{"line":"15","mode":"bus","color":"#126804","oi":-0.063,"n":2,"sw":1},"geometry":{"type":"LineString","coordinates":[[22.96269,39.352571],[22.962657,39.352544]]}},{"type":"Feature","properties":{"line":"15","mode":"bus","color":"#126804","oi":-0.13,"n":2,"sw":1},"geometry":{"type":"LineString","coordinates":[[22.962661,39.352548],[22.962628,39.35252]]}},{"type":"Feature","properties":{"line":"15","mode":"bus","color":"#126804","oi":-0.209,"n":2,"sw":1},"geometry":{"type":"LineString","coordinates":[[22.962633,39.352524],[22.9626,39.352496]]}},{"type":"Feature","properties":{"line":"15","mode":"bus","color":"#126804","oi":-0.291,"n":2,"sw":1},"geometry":{"type":"LineString","coordinates":[[22.962605,39.3525],[22.962571,39.352472]]}},{"type":"Feature","properties":{"line":"15","mode":"bus","color":"#126804","oi":-0.37,"n":2,"sw":1},"geometry":{"type":"LineString","coordinates":[[22.962576,39.352476],[22.962543,39.352448]]}},{"type":"Feature","properties":{"line":"15","mode":"bus","color":"#126804","oi":-0.437,"n":2,"sw":1},"geometry":{"type":"LineString","coordinates":[[22.962548,39.352452],[22.962515,39.352425]]}},{"type":"Feature","properties":{"line":"15","mode":"bus","color":"#126804","oi":-0.483,"n":2,"sw":1},"geometry":{"type":"LineString","coordinates":[[22.962519,39.352429],[22.962486,39.352401]]}},{"type":"Feature","properties":{"line":"15","mode":"bus","color":"#126804","oi":-0.5,"n":2,"sw":1},"geometry":{"type":"LineString","coordinates":[[22.962491,39.352405],[22.962458,39.352377]]}},{"type":"Feature","properties":{"line":"15","mode":"bus","color":"#126804","oi":-0.5,"n":2,"sw":1},"geometry":{"type":"LineString","coordinates":[[22.962815,39.350723],[22.962863,39.350716]]}},{"type":"Feature","properties":{"line":"15","mode":"bus","color":"#126804","oi":-0.517,"n":2,"sw":1},"geometry":{"type":"LineString","coordinates":[[22.962857,39.350717],[22.962904,39.35071]]}},{"type":"Feature","properties":{"line":"15","mode":"bus","color":"#126804","oi":-0.563,"n":2,"sw":1},"geometry":{"type":"LineString","coordinates":[[22.962898,39.350711],[22.962927,39.350707],[22.962946,39.350709]]}},{"type":"Feature","properties":{"line":"15","mode":"bus","color":"#126804","oi":-0.63,"n":2,"sw":1},"geometry":{"type":"LineString","coordinates":[[22.962939,39.350708],[22.962987,39.350714]]}},{"type":"Feature","properties":{"line":"15","mode":"bus","color":"#126804","oi":-0.709,"n":2,"sw":1},"geometry":{"type":"LineString","coordinates":[[22.96298,39.350713],[22.963028,39.350718]]}},{"type":"Feature","properties":{"line":"15","mode":"bus","color":"#126804","oi":-0.791,"n":2,"sw":1},"geometry":{"type":"LineString","coordinates":[[22.963022,39.350718],[22.96307,39.350723]]}},{"type":"Feature","properties":{"line":"15","mode":"bus","color":"#126804","oi":-0.87,"n":2,"sw":1},"geometry":{"type":"LineString","coordinates":[[22.963063,39.350722],[22.963111,39.350728]]}},{"type":"Feature","properties":{"line":"15","mode":"bus","color":"#126804","oi":-0.937,"n":2,"sw":1},"geometry":{"type":"LineString","coordinates":[[22.963104,39.350727],[22.963153,39.350732]]}},{"type":"Feature","properties":{"line":"15","mode":"bus","color":"#126804","oi":-0.983,"n":2,"sw":1},"geometry":{"type":"LineString","coordinates":[[22.963146,39.350731],[22.963194,39.350737]]}},{"type":"Feature","properties":{"line":"15","mode":"bus","color":"#126804","oi":-1,"n":2,"sw":1},"geometry":{"type":"LineString","coordinates":[[22.963187,39.350736],[22.963232,39.350741]]}},{"type":"Feature","properties":{"line":"15","mode":"bus","color":"#126804","oi":-0.5,"n":2},"geometry":{"type":"LineString","coordinates":[[22.965498,39.351343],[22.965412,39.35148]]}},{"type":"Feature","properties":{"line":"15","mode":"bus","color":"#126804","oi":0,"n":2,"sw":1},"geometry":{"type":"LineString","coordinates":[[22.965584,39.351206],[22.965574,39.351222]]}},{"type":"Feature","properties":{"line":"15","mode":"bus","color":"#126804","oi":-0.017,"n":2,"sw":1},"geometry":{"type":"LineString","coordinates":[[22.965577,39.351217],[22.965565,39.351236]]}},{"type":"Feature","properties":{"line":"15","mode":"bus","color":"#126804","oi":-0.063,"n":2,"sw":1},"geometry":{"type":"LineString","coordinates":[[22.965568,39.351231],[22.965557,39.35125]]}},{"type":"Feature","properties":{"line":"15","mode":"bus","color":"#126804","oi":-0.13,"n":2,"sw":1},"geometry":{"type":"LineString","coordinates":[[22.96556,39.351245],[22.965548,39.351263]]}},{"type":"Feature","properties":{"line":"15","mode":"bus","color":"#126804","oi":-0.209,"n":2,"sw":1},"geometry":{"type":"LineString","coordinates":[[22.965551,39.351258],[22.965539,39.351277]]}},{"type":"Feature","properties":{"line":"15","mode":"bus","color":"#126804","oi":-0.291,"n":2,"sw":1},"geometry":{"type":"LineString","coordinates":[[22.965543,39.351272],[22.965531,39.351291]]}},{"type":"Feature","properties":{"line":"15","mode":"bus","color":"#126804","oi":-0.37,"n":2,"sw":1},"geometry":{"type":"LineString","coordinates":[[22.965534,39.351286],[22.965522,39.351304]]}},{"type":"Feature","properties":{"line":"15","mode":"bus","color":"#126804","oi":-0.437,"n":2,"sw":1},"geometry":{"type":"LineString","coordinates":[[22.965525,39.351299],[22.965514,39.351318]]}},{"type":"Feature","properties":{"line":"15","mode":"bus","color":"#126804","oi":-0.483,"n":2,"sw":1},"geometry":{"type":"LineString","coordinates":[[22.965517,39.351313],[22.965505,39.351332]]}},{"type":"Feature","properties":{"line":"15","mode":"bus","color":"#126804","oi":-0.5,"n":2,"sw":1},"geometry":{"type":"LineString","coordinates":[[22.965508,39.351327],[22.965496,39.351345]]}},{"type":"Feature","properties":{"line":"15","mode":"bus","color":"#126804","oi":-1,"n":3},"geometry":{"type":"LineString","coordinates":[[22.966553,39.356078],[22.966547,39.355768],[22.966456,39.355509],[22.966317,39.35537],[22.965786,39.355001],[22.965729,39.354911],[22.965739,39.354849],[22.966349,39.354052],[22.966359,39.354032],[22.966355,39.354014],[22.966339,39.353997],[22.966026,39.353776],[22.965715,39.353495],[22.965419,39.353063],[22.965315,39.352847],[22.965261,39.352137],[22.965395,39.351503]]}},{"type":"Feature","properties":{"line":"15","mode":"bus","color":"#126804","oi":-1,"n":3,"sw":1},"geometry":{"type":"LineString","coordinates":[[22.965394,39.351505],[22.965399,39.351482]]}},{"type":"Feature","properties":{"line":"15","mode":"bus","color":"#126804","oi":-0.99,"n":3,"sw":1},"geometry":{"type":"LineString","coordinates":[[22.965398,39.351488],[22.965403,39.351465]]}},{"type":"Feature","properties":{"line":"15","mode":"bus","color":"#126804","oi":-0.962,"n":3,"sw":1},"geometry":{"type":"LineString","coordinates":[[22.965402,39.35147],[22.965406,39.351447]]}},{"type":"Feature","properties":{"line":"15","mode":"bus","color":"#126804","oi":-0.918,"n":3,"sw":1},"geometry":{"type":"LineString","coordinates":[[22.965405,39.351452],[22.96541,39.351429]]}},{"type":"Feature","properties":{"line":"15","mode":"bus","color":"#126804","oi":-0.86,"n":3,"sw":1},"geometry":{"type":"LineString","coordinates":[[22.965409,39.351434],[22.965414,39.351411]]}},{"type":"Feature","properties":{"line":"15","mode":"bus","color":"#126804","oi":-0.791,"n":3,"sw":1},"geometry":{"type":"LineString","coordinates":[[22.965413,39.351417],[22.965418,39.351393]]}},{"type":"Feature","properties":{"line":"15","mode":"bus","color":"#126804","oi":-0.714,"n":3,"sw":1},"geometry":{"type":"LineString","coordinates":[[22.965417,39.351399],[22.965421,39.351376]]}},{"type":"Feature","properties":{"line":"15","mode":"bus","color":"#126804","oi":-0.631,"n":3,"sw":1},"geometry":{"type":"LineString","coordinates":[[22.96542,39.351381],[22.965425,39.351358]]}},{"type":"Feature","properties":{"line":"15","mode":"bus","color":"#126804","oi":-0.544,"n":3,"sw":1},"geometry":{"type":"LineString","coordinates":[[22.965424,39.351363],[22.965429,39.35134]]}},{"type":"Feature","properties":{"line":"15","mode":"bus","color":"#126804","oi":-0.456,"n":3,"sw":1},"geometry":{"type":"LineString","coordinates":[[22.965428,39.351346],[22.965433,39.351322]]}},{"type":"Feature","properties":{"line":"15","mode":"bus","color":"#126804","oi":-0.369,"n":3,"sw":1},"geometry":{"type":"LineString","coordinates":[[22.965432,39.351328],[22.965436,39.351305]]}},{"type":"Feature","properties":{"line":"15","mode":"bus","color":"#126804","oi":-0.286,"n":3,"sw":1},"geometry":{"type":"LineString","coordinates":[[22.965435,39.35131],[22.96544,39.351287]]}},{"type":"Feature","properties":{"line":"15","mode":"bus","color":"#126804","oi":-0.209,"n":3,"sw":1},"geometry":{"type":"LineString","coordinates":[[22.965439,39.351292],[22.965444,39.351269]]}},{"type":"Feature","properties":{"line":"15","mode":"bus","color":"#126804","oi":-0.14,"n":3,"sw":1},"geometry":{"type":"LineString","coordinates":[[22.965443,39.351274],[22.965448,39.351251]]}},{"type":"Feature","properties":{"line":"15","mode":"bus","color":"#126804","oi":-0.082,"n":3,"sw":1},"geometry":{"type":"LineString","coordinates":[[22.965446,39.351257],[22.965451,39.351234]]}},{"type":"Feature","properties":{"line":"15","mode":"bus","color":"#126804","oi":-0.038,"n":3,"sw":1},"geometry":{"type":"LineString","coordinates":[[22.96545,39.351239],[22.965455,39.351216]]}},{"type":"Feature","properties":{"line":"15","mode":"bus","color":"#126804","oi":-0.01,"n":3,"sw":1},"geometry":{"type":"LineString","coordinates":[[22.965454,39.351221],[22.965459,39.351198]]}},{"type":"Feature","properties":{"line":"15","mode":"bus","color":"#126804","oi":0,"n":3,"sw":1},"geometry":{"type":"LineString","coordinates":[[22.965458,39.351203],[22.965462,39.351183]]}},{"type":"Feature","properties":{"line":"15","mode":"bus","color":"#126804","oi":-0.5,"n":4},"geometry":{"type":"LineString","coordinates":[[22.95097,39.36687],[22.95406,39.37016],[22.954079,39.370174],[22.954101,39.370176],[22.954125,39.370168],[22.954675,39.369863],[22.955473,39.369598],[22.95549,39.369591],[22.955496,39.369582],[22.955493,39.369572],[22.95548,39.369561],[22.954866,39.369164],[22.954557,39.368886],[22.95385,39.368107],[22.952079,39.366256]]}},{"type":"Feature","properties":{"line":"15","mode":"bus","color":"#126804","oi":0,"n":4,"sw":1},"geometry":{"type":"LineString","coordinates":[[22.950724,39.366608],[22.950751,39.366636]]}},{"type":"Feature","properties":{"line":"15","mode":"bus","color":"#126804","oi":-0.017,"n":4,"sw":1},"geometry":{"type":"LineString","coordinates":[[22.950747,39.366632],[22.950775,39.366663]]}},{"type":"Feature","properties":{"line":"15","mode":"bus","color":"#126804","oi":-0.063,"n":4,"sw":1},"geometry":{"type":"LineString","coordinates":[[22.950771,39.366658],[22.9508,39.366689]]}},{"type":"Feature","properties":{"line":"15","mode":"bus","color":"#126804","oi":-0.13,"n":4,"sw":1},"geometry":{"type":"LineString","coordinates":[[22.950796,39.366684],[22.950824,39.366715]]}},{"type":"Feature","properties":{"line":"15","mode":"bus","color":"#126804","oi":-0.209,"n":4,"sw":1},"geometry":{"type":"LineString","coordinates":[[22.95082,39.366711],[22.950849,39.366741]]}},{"type":"Feature","properties":{"line":"15","mode":"bus","color":"#126804","oi":-0.291,"n":4,"sw":1},"geometry":{"type":"LineString","coordinates":[[22.950845,39.366737],[22.950874,39.366767]]}},{"type":"Feature","properties":{"line":"15","mode":"bus","color":"#126804","oi":-0.37,"n":4,"sw":1},"geometry":{"type":"LineString","coordinates":[[22.95087,39.366763],[22.950898,39.366794]]}},{"type":"Feature","properties":{"line":"15","mode":"bus","color":"#126804","oi":-0.437,"n":4,"sw":1},"geometry":{"type":"LineString","coordinates":[[22.950894,39.366789],[22.950923,39.36682]]}},{"type":"Feature","properties":{"line":"15","mode":"bus","color":"#126804","oi":-0.483,"n":4,"sw":1},"geometry":{"type":"LineString","coordinates":[[22.950919,39.366815],[22.950947,39.366846]]}},{"type":"Feature","properties":{"line":"15","mode":"bus","color":"#126804","oi":-0.5,"n":4,"sw":1},"geometry":{"type":"LineString","coordinates":[[22.950943,39.366842],[22.950972,39.366872]]}},{"type":"Feature","properties":{"line":"15","mode":"bus","color":"#126804","oi":-0.5,"n":4,"sw":1},"geometry":{"type":"LineString","coordinates":[[22.952081,39.366258],[22.952052,39.366228]]}},{"type":"Feature","properties":{"line":"15","mode":"bus","color":"#126804","oi":-0.483,"n":4,"sw":1},"geometry":{"type":"LineString","coordinates":[[22.952056,39.366232],[22.952027,39.366202]]}},{"type":"Feature","properties":{"line":"15","mode":"bus","color":"#126804","oi":-0.437,"n":4,"sw":1},"geometry":{"type":"LineString","coordinates":[[22.952031,39.366206],[22.952002,39.366176]]}},{"type":"Feature","properties":{"line":"15","mode":"bus","color":"#126804","oi":-0.37,"n":4,"sw":1},"geometry":{"type":"LineString","coordinates":[[22.952006,39.36618],[22.951977,39.36615]]}},{"type":"Feature","properties":{"line":"15","mode":"bus","color":"#126804","oi":-0.291,"n":4,"sw":1},"geometry":{"type":"LineString","coordinates":[[22.951981,39.366154],[22.951952,39.366124]]}},{"type":"Feature","properties":{"line":"15","mode":"bus","color":"#126804","oi":-0.209,"n":4,"sw":1},"geometry":{"type":"LineString","coordinates":[[22.951957,39.366128],[22.951928,39.366098]]}},{"type":"Feature","properties":{"line":"15","mode":"bus","color":"#126804","oi":-0.13,"n":4,"sw":1},"geometry":{"type":"LineString","coordinates":[[22.951932,39.366102],[22.951903,39.366072]]}},{"type":"Feature","properties":{"line":"15","mode":"bus","color":"#126804","oi":-0.063,"n":4,"sw":1},"geometry":{"type":"LineString","coordinates":[[22.951907,39.366076],[22.951878,39.366046]]}},{"type":"Feature","properties":{"line":"15","mode":"bus","color":"#126804","oi":-0.017,"n":4,"sw":1},"geometry":{"type":"LineString","coordinates":[[22.951882,39.36605],[22.951853,39.36602]]}},{"type":"Feature","properties":{"line":"15","mode":"bus","color":"#126804","oi":0,"n":4,"sw":1},"geometry":{"type":"LineString","coordinates":[[22.951857,39.366024],[22.95183,39.365996]]}},{"type":"Feature","properties":{"line":"15","mode":"bus","color":"#126804","oi":0,"n":1},"geometry":{"type":"LineString","coordinates":[[22.955516,39.369584],[22.955919,39.369443],[22.956406,39.369224],[22.958713,39.368083],[22.959505,39.367665],[22.962298,39.36537],[22.962818,39.364851],[22.963235,39.364342],[22.964517,39.36265],[22.965643,39.361226],[22.965922,39.360908],[22.968691,39.357917],[22.969354,39.357333],[22.969554,39.35712],[22.969693,39.356888],[22.969698,39.356873],[22.969696,39.35686],[22.969686,39.35685],[22.969669,39.356842],[22.969393,39.356761],[22.969168,39.35672],[22.968358,39.356665],[22.966553,39.356078]]}},{"type":"Feature","properties":{"line":"15","mode":"bus","color":"#126804","oi":0,"n":1},"geometry":{"type":"LineString","coordinates":[[22.930993,39.363388],[22.930865,39.363799],[22.930695,39.364219],[22.930692,39.364238],[22.9307,39.364252],[22.930718,39.364264],[22.930783,39.364292],[22.930995,39.364586],[22.931011,39.365133],[22.931057,39.365355],[22.931174,39.365637],[22.931416,39.366059],[22.931909,39.366668],[22.933562,39.368178]]}},{"type":"Feature","properties":{"line":"15","mode":"bus","color":"#126804","oi":-1.5,"n":1,"sw":1},"geometry":{"type":"LineString","coordinates":[[22.931183,39.363107],[22.931169,39.363118]]}},{"type":"Feature","properties":{"line":"15","mode":"bus","color":"#126804","oi":-1.493,"n":1,"sw":1},"geometry":{"type":"LineString","coordinates":[[22.931174,39.363114],[22.931158,39.363127]]}},{"type":"Feature","properties":{"line":"15","mode":"bus","color":"#126804","oi":-1.473,"n":1,"sw":1},"geometry":{"type":"LineString","coordinates":[[22.931163,39.363123],[22.931147,39.363135]]}},{"type":"Feature","properties":{"line":"15","mode":"bus","color":"#126804","oi":-1.44,"n":1,"sw":1},"geometry":{"type":"LineString","coordinates":[[22.931151,39.363132],[22.931135,39.363144]]}},{"type":"Feature","properties":{"line":"15","mode":"bus","color":"#126804","oi":-1.397,"n":1,"sw":1},"geometry":{"type":"LineString","coordinates":[[22.93114,39.36314],[22.931124,39.363153]]}},{"type":"Feature","properties":{"line":"15","mode":"bus","color":"#126804","oi":-1.344,"n":1,"sw":1},"geometry":{"type":"LineString","coordinates":[[22.931129,39.363149],[22.931112,39.363162]]}},{"type":"Feature","properties":{"line":"15","mode":"bus","color":"#126804","oi":-1.282,"n":1,"sw":1},"geometry":{"type":"LineString","coordinates":[[22.931117,39.363158],[22.931101,39.363171]]}},{"type":"Feature","properties":{"line":"15","mode":"bus","color":"#126804","oi":-1.213,"n":1,"sw":1},"geometry":{"type":"LineString","coordinates":[[22.931106,39.363167],[22.931097,39.363174],[22.931093,39.363181]]}},{"type":"Feature","properties":{"line":"15","mode":"bus","color":"#126804","oi":-1.138,"n":1,"sw":1},"geometry":{"type":"LineString","coordinates":[[22.931096,39.363176],[22.931086,39.363193]]}},{"type":"Feature","properties":{"line":"15","mode":"bus","color":"#126804","oi":-1.057,"n":1,"sw":1},"geometry":{"type":"LineString","coordinates":[[22.931089,39.363188],[22.93108,39.363204]]}},{"type":"Feature","properties":{"line":"15","mode":"bus","color":"#126804","oi":-0.972,"n":1,"sw":1},"geometry":{"type":"LineString","coordinates":[[22.931083,39.363199],[22.931073,39.363215]]}},{"type":"Feature","properties":{"line":"15","mode":"bus","color":"#126804","oi":-0.884,"n":1,"sw":1},"geometry":{"type":"LineString","coordinates":[[22.931076,39.36321],[22.931066,39.363227]]}},{"type":"Feature","properties":{"line":"15","mode":"bus","color":"#126804","oi":-0.795,"n":1,"sw":1},"geometry":{"type":"LineString","coordinates":[[22.931069,39.363222],[22.93106,39.363238]]}},{"type":"Feature","properties":{"line":"15","mode":"bus","color":"#126804","oi":-0.705,"n":1,"sw":1},"geometry":{"type":"LineString","coordinates":[[22.931063,39.363233],[22.931053,39.363249]]}},{"type":"Feature","properties":{"line":"15","mode":"bus","color":"#126804","oi":-0.616,"n":1,"sw":1},"geometry":{"type":"LineString","coordinates":[[22.931056,39.363244],[22.931047,39.363261]]}},{"type":"Feature","properties":{"line":"15","mode":"bus","color":"#126804","oi":-0.528,"n":1,"sw":1},"geometry":{"type":"LineString","coordinates":[[22.93105,39.363256],[22.93104,39.363272]]}},{"type":"Feature","properties":{"line":"15","mode":"bus","color":"#126804","oi":-0.443,"n":1,"sw":1},"geometry":{"type":"LineString","coordinates":[[22.931043,39.363267],[22.931034,39.363283]]}},{"type":"Feature","properties":{"line":"15","mode":"bus","color":"#126804","oi":-0.362,"n":1,"sw":1},"geometry":{"type":"LineString","coordinates":[[22.931036,39.363279],[22.931027,39.363295]]}},{"type":"Feature","properties":{"line":"15","mode":"bus","color":"#126804","oi":-0.287,"n":1,"sw":1},"geometry":{"type":"LineString","coordinates":[[22.93103,39.36329],[22.93102,39.363306]]}},{"type":"Feature","properties":{"line":"15","mode":"bus","color":"#126804","oi":-0.218,"n":1,"sw":1},"geometry":{"type":"LineString","coordinates":[[22.931023,39.363301],[22.931017,39.363312],[22.931015,39.363318]]}},{"type":"Feature","properties":{"line":"15","mode":"bus","color":"#126804","oi":-0.156,"n":1,"sw":1},"geometry":{"type":"LineString","coordinates":[[22.931017,39.363313],[22.931011,39.36333]]}},{"type":"Feature","properties":{"line":"15","mode":"bus","color":"#126804","oi":-0.103,"n":1,"sw":1},"geometry":{"type":"LineString","coordinates":[[22.931013,39.363325],[22.931008,39.363342]]}},{"type":"Feature","properties":{"line":"15","mode":"bus","color":"#126804","oi":-0.06,"n":1,"sw":1},"geometry":{"type":"LineString","coordinates":[[22.931009,39.363337],[22.931004,39.363354]]}},{"type":"Feature","properties":{"line":"15","mode":"bus","color":"#126804","oi":-0.027,"n":1,"sw":1},"geometry":{"type":"LineString","coordinates":[[22.931005,39.363349],[22.931,39.363366]]}},{"type":"Feature","properties":{"line":"15","mode":"bus","color":"#126804","oi":-0.007,"n":1,"sw":1},"geometry":{"type":"LineString","coordinates":[[22.931002,39.363361],[22.930996,39.363379]]}},{"type":"Feature","properties":{"line":"15","mode":"bus","color":"#126804","oi":0,"n":1,"sw":1},"geometry":{"type":"LineString","coordinates":[[22.930998,39.363373],[22.930992,39.363391]]}},{"type":"Feature","properties":{"line":"15","mode":"bus","color":"#126804","oi":0,"n":1},"geometry":{"type":"LineString","coordinates":[[22.933615,39.368226],[22.934242,39.368802],[22.93452,39.368998],[22.934899,39.36925],[22.936206,39.370025]]}},{"type":"Feature","properties":{"line":"3","mode":"bus","color":"#4d4aba","oi":1.5,"n":4},"geometry":{"type":"LineString","coordinates":[[22.965438,39.351035],[22.965543,39.350989],[22.96561,39.350998],[22.96567,39.351036],[22.965687,39.351136],[22.965648,39.351181],[22.965584,39.351206]]}},{"type":"Feature","properties":{"line":"3","mode":"bus","color":"#4d4aba","oi":1.5,"n":4},"geometry":{"type":"LineString","coordinates":[[22.965462,39.351183],[22.965416,39.351125],[22.965097,39.35104],[22.964783,39.351008],[22.964592,39.351048],[22.964553,39.351066]]}},{"type":"Feature","properties":{"line":"3","mode":"bus","color":"#4d4aba","oi":1.5,"n":4,"sw":1},"geometry":{"type":"LineString","coordinates":[[22.964556,39.351064],[22.964536,39.351073]]}},{"type":"Feature","properties":{"line":"3","mode":"bus","color":"#4d4aba","oi":1.493,"n":4,"sw":1},"geometry":{"type":"LineString","coordinates":[[22.964542,39.351071],[22.964523,39.35108]]}},{"type":"Feature","properties":{"line":"3","mode":"bus","color":"#4d4aba","oi":1.473,"n":4,"sw":1},"geometry":{"type":"LineString","coordinates":[[22.964529,39.351077],[22.964509,39.351086]]}},{"type":"Feature","properties":{"line":"3","mode":"bus","color":"#4d4aba","oi":1.44,"n":4,"sw":1},"geometry":{"type":"LineString","coordinates":[[22.964515,39.351083],[22.964495,39.351092]]}},{"type":"Feature","properties":{"line":"3","mode":"bus","color":"#4d4aba","oi":1.397,"n":4,"sw":1},"geometry":{"type":"LineString","coordinates":[[22.964501,39.35109],[22.964481,39.351099]]}},{"type":"Feature","properties":{"line":"3","mode":"bus","color":"#4d4aba","oi":1.344,"n":4,"sw":1},"geometry":{"type":"LineString","coordinates":[[22.964487,39.351096],[22.964467,39.351105]]}},{"type":"Feature","properties":{"line":"3","mode":"bus","color":"#4d4aba","oi":1.282,"n":4,"sw":1},"geometry":{"type":"LineString","coordinates":[[22.964473,39.351102],[22.964453,39.351111]]}},{"type":"Feature","properties":{"line":"3","mode":"bus","color":"#4d4aba","oi":1.213,"n":4,"sw":1},"geometry":{"type":"LineString","coordinates":[[22.964459,39.351109],[22.964439,39.351118]]}},{"type":"Feature","properties":{"line":"3","mode":"bus","color":"#4d4aba","oi":1.138,"n":4,"sw":1},"geometry":{"type":"LineString","coordinates":[[22.964445,39.351115],[22.964426,39.351124]]}},{"type":"Feature","properties":{"line":"3","mode":"bus","color":"#4d4aba","oi":1.057,"n":4,"sw":1},"geometry":{"type":"LineString","coordinates":[[22.964432,39.351121],[22.964412,39.35113]]}},{"type":"Feature","properties":{"line":"3","mode":"bus","color":"#4d4aba","oi":0.972,"n":4,"sw":1},"geometry":{"type":"LineString","coordinates":[[22.964418,39.351127],[22.964398,39.351137]]}},{"type":"Feature","properties":{"line":"3","mode":"bus","color":"#4d4aba","oi":0.884,"n":4,"sw":1},"geometry":{"type":"LineString","coordinates":[[22.964404,39.351134],[22.964384,39.351143]]}},{"type":"Feature","properties":{"line":"3","mode":"bus","color":"#4d4aba","oi":0.795,"n":4,"sw":1},"geometry":{"type":"LineString","coordinates":[[22.96439,39.35114],[22.96437,39.351149]]}},{"type":"Feature","properties":{"line":"3","mode":"bus","color":"#4d4aba","oi":0.705,"n":4,"sw":1},"geometry":{"type":"LineString","coordinates":[[22.964376,39.351146],[22.964356,39.351156]]}},{"type":"Feature","properties":{"line":"3","mode":"bus","color":"#4d4aba","oi":0.616,"n":4,"sw":1},"geometry":{"type":"LineString","coordinates":[[22.964362,39.351153],[22.964342,39.351162]]}},{"type":"Feature","properties":{"line":"3","mode":"bus","color":"#4d4aba","oi":0.528,"n":4,"sw":1},"geometry":{"type":"LineString","coordinates":[[22.964348,39.351159],[22.964329,39.351168]]}},{"type":"Feature","properties":{"line":"3","mode":"bus","color":"#4d4aba","oi":0.443,"n":4,"sw":1},"geometry":{"type":"LineString","coordinates":[[22.964335,39.351165],[22.964315,39.351174]]}},{"type":"Feature","properties":{"line":"3","mode":"bus","color":"#4d4aba","oi":0.362,"n":4,"sw":1},"geometry":{"type":"LineString","coordinates":[[22.964321,39.351172],[22.964301,39.351181]]}},{"type":"Feature","properties":{"line":"3","mode":"bus","color":"#4d4aba","oi":0.287,"n":4,"sw":1},"geometry":{"type":"LineString","coordinates":[[22.964307,39.351178],[22.964287,39.351187]]}},{"type":"Feature","properties":{"line":"3","mode":"bus","color":"#4d4aba","oi":0.218,"n":4,"sw":1},"geometry":{"type":"LineString","coordinates":[[22.964293,39.351184],[22.964273,39.351193]]}},{"type":"Feature","properties":{"line":"3","mode":"bus","color":"#4d4aba","oi":0.156,"n":4,"sw":1},"geometry":{"type":"LineString","coordinates":[[22.964279,39.351191],[22.964259,39.3512]]}},{"type":"Feature","properties":{"line":"3","mode":"bus","color":"#4d4aba","oi":0.103,"n":4,"sw":1},"geometry":{"type":"LineString","coordinates":[[22.964265,39.351197],[22.964245,39.351206]]}},{"type":"Feature","properties":{"line":"3","mode":"bus","color":"#4d4aba","oi":0.06,"n":4,"sw":1},"geometry":{"type":"LineString","coordinates":[[22.964251,39.351203],[22.964232,39.351212]]}},{"type":"Feature","properties":{"line":"3","mode":"bus","color":"#4d4aba","oi":0.027,"n":4,"sw":1},"geometry":{"type":"LineString","coordinates":[[22.964238,39.35121],[22.964218,39.351219]]}},{"type":"Feature","properties":{"line":"3","mode":"bus","color":"#4d4aba","oi":0.007,"n":4,"sw":1},"geometry":{"type":"LineString","coordinates":[[22.964224,39.351216],[22.964204,39.351225]]}},{"type":"Feature","properties":{"line":"3","mode":"bus","color":"#4d4aba","oi":0,"n":4,"sw":1},"geometry":{"type":"LineString","coordinates":[[22.96421,39.351222],[22.964193,39.35123]]}},{"type":"Feature","properties":{"line":"3","mode":"bus","color":"#4d4aba","oi":1.5,"n":4},"geometry":{"type":"LineString","coordinates":[[22.933333,39.362099],[22.931391,39.362942],[22.931183,39.363107]]}},{"type":"Feature","properties":{"line":"3","mode":"bus","color":"#4d4aba","oi":0,"n":4,"sw":1},"geometry":{"type":"LineString","coordinates":[[22.933698,39.361941],[22.933681,39.361948]]}},{"type":"Feature","properties":{"line":"3","mode":"bus","color":"#4d4aba","oi":0.007,"n":4,"sw":1},"geometry":{"type":"LineString","coordinates":[[22.933687,39.361946],[22.933667,39.361954]]}},{"type":"Feature","properties":{"line":"3","mode":"bus","color":"#4d4aba","oi":0.027,"n":4,"sw":1},"geometry":{"type":"LineString","coordinates":[[22.933673,39.361952],[22.933653,39.361961]]}},{"type":"Feature","properties":{"line":"3","mode":"bus","color":"#4d4aba","oi":0.06,"n":4,"sw":1},"geometry":{"type":"LineString","coordinates":[[22.933659,39.361958],[22.933639,39.361967]]}},{"type":"Feature","properties":{"line":"3","mode":"bus","color":"#4d4aba","oi":0.103,"n":4,"sw":1},"geometry":{"type":"LineString","coordinates":[[22.933645,39.361964],[22.933625,39.361973]]}},{"type":"Feature","properties":{"line":"3","mode":"bus","color":"#4d4aba","oi":0.156,"n":4,"sw":1},"geometry":{"type":"LineString","coordinates":[[22.933631,39.36197],[22.933611,39.361979]]}},{"type":"Feature","properties":{"line":"3","mode":"bus","color":"#4d4aba","oi":0.218,"n":4,"sw":1},"geometry":{"type":"LineString","coordinates":[[22.933617,39.361976],[22.933597,39.361985]]}},{"type":"Feature","properties":{"line":"3","mode":"bus","color":"#4d4aba","oi":0.287,"n":4,"sw":1},"geometry":{"type":"LineString","coordinates":[[22.933603,39.361982],[22.933583,39.361991]]}},{"type":"Feature","properties":{"line":"3","mode":"bus","color":"#4d4aba","oi":0.362,"n":4,"sw":1},"geometry":{"type":"LineString","coordinates":[[22.933589,39.361988],[22.933569,39.361997]]}},{"type":"Feature","properties":{"line":"3","mode":"bus","color":"#4d4aba","oi":0.443,"n":4,"sw":1},"geometry":{"type":"LineString","coordinates":[[22.933575,39.361994],[22.933555,39.362003]]}},{"type":"Feature","properties":{"line":"3","mode":"bus","color":"#4d4aba","oi":0.528,"n":4,"sw":1},"geometry":{"type":"LineString","coordinates":[[22.933561,39.362001],[22.933541,39.362009]]}},{"type":"Feature","properties":{"line":"3","mode":"bus","color":"#4d4aba","oi":0.616,"n":4,"sw":1},"geometry":{"type":"LineString","coordinates":[[22.933547,39.362007],[22.933527,39.362015]]}},{"type":"Feature","properties":{"line":"3","mode":"bus","color":"#4d4aba","oi":0.705,"n":4,"sw":1},"geometry":{"type":"LineString","coordinates":[[22.933533,39.362013],[22.933513,39.362021]]}},{"type":"Feature","properties":{"line":"3","mode":"bus","color":"#4d4aba","oi":0.795,"n":4,"sw":1},"geometry":{"type":"LineString","coordinates":[[22.933519,39.362019],[22.933499,39.362028]]}},{"type":"Feature","properties":{"line":"3","mode":"bus","color":"#4d4aba","oi":0.884,"n":4,"sw":1},"geometry":{"type":"LineString","coordinates":[[22.933505,39.362025],[22.933484,39.362034]]}},{"type":"Feature","properties":{"line":"3","mode":"bus","color":"#4d4aba","oi":0.972,"n":4,"sw":1},"geometry":{"type":"LineString","coordinates":[[22.933491,39.362031],[22.93347,39.36204]]}},{"type":"Feature","properties":{"line":"3","mode":"bus","color":"#4d4aba","oi":1.057,"n":4,"sw":1},"geometry":{"type":"LineString","coordinates":[[22.933477,39.362037],[22.933456,39.362046]]}},{"type":"Feature","properties":{"line":"3","mode":"bus","color":"#4d4aba","oi":1.138,"n":4,"sw":1},"geometry":{"type":"LineString","coordinates":[[22.933462,39.362043],[22.933442,39.362052]]}},{"type":"Feature","properties":{"line":"3","mode":"bus","color":"#4d4aba","oi":1.213,"n":4,"sw":1},"geometry":{"type":"LineString","coordinates":[[22.933448,39.362049],[22.933428,39.362058]]}},{"type":"Feature","properties":{"line":"3","mode":"bus","color":"#4d4aba","oi":1.282,"n":4,"sw":1},"geometry":{"type":"LineString","coordinates":[[22.933434,39.362055],[22.933414,39.362064]]}},{"type":"Feature","properties":{"line":"3","mode":"bus","color":"#4d4aba","oi":1.344,"n":4,"sw":1},"geometry":{"type":"LineString","coordinates":[[22.93342,39.362061],[22.9334,39.36207]]}},{"type":"Feature","properties":{"line":"3","mode":"bus","color":"#4d4aba","oi":1.397,"n":4,"sw":1},"geometry":{"type":"LineString","coordinates":[[22.933406,39.362068],[22.933386,39.362076]]}},{"type":"Feature","properties":{"line":"3","mode":"bus","color":"#4d4aba","oi":1.44,"n":4,"sw":1},"geometry":{"type":"LineString","coordinates":[[22.933392,39.362074],[22.933372,39.362082]]}},{"type":"Feature","properties":{"line":"3","mode":"bus","color":"#4d4aba","oi":1.473,"n":4,"sw":1},"geometry":{"type":"LineString","coordinates":[[22.933378,39.36208],[22.933358,39.362088]]}},{"type":"Feature","properties":{"line":"3","mode":"bus","color":"#4d4aba","oi":1.493,"n":4,"sw":1},"geometry":{"type":"LineString","coordinates":[[22.933364,39.362086],[22.933344,39.362095]]}},{"type":"Feature","properties":{"line":"3","mode":"bus","color":"#4d4aba","oi":1.5,"n":4,"sw":1},"geometry":{"type":"LineString","coordinates":[[22.93335,39.362092],[22.93333,39.362101]]}},{"type":"Feature","properties":{"line":"3","mode":"bus","color":"#4d4aba","oi":1,"n":3},"geometry":{"type":"LineString","coordinates":[[22.931129,39.363109],[22.931075,39.363111]]}},{"type":"Feature","properties":{"line":"3","mode":"bus","color":"#4d4aba","oi":0,"n":3,"sw":1},"geometry":{"type":"LineString","coordinates":[[22.931183,39.363107],[22.931169,39.363108]]}},{"type":"Feature","properties":{"line":"3","mode":"bus","color":"#4d4aba","oi":0.156,"n":3,"sw":1},"geometry":{"type":"LineString","coordinates":[[22.931176,39.363107],[22.931158,39.363108]]}},{"type":"Feature","properties":{"line":"3","mode":"bus","color":"#4d4aba","oi":0.5,"n":3,"sw":1},"geometry":{"type":"LineString","coordinates":[[22.931165,39.363108],[22.931147,39.363108]]}},{"type":"Feature","properties":{"line":"3","mode":"bus","color":"#4d4aba","oi":0.844,"n":3,"sw":1},"geometry":{"type":"LineString","coordinates":[[22.931154,39.363108],[22.931136,39.363109]]}},{"type":"Feature","properties":{"line":"3","mode":"bus","color":"#4d4aba","oi":1,"n":3,"sw":1},"geometry":{"type":"LineString","coordinates":[[22.931143,39.363108],[22.931126,39.363109]]}},{"type":"Feature","properties":{"line":"3","mode":"bus","color":"#4d4aba","oi":1,"n":3},"geometry":{"type":"LineString","coordinates":[[22.929921,39.363481],[22.93091,39.363038],[22.93094,39.363019],[22.930952,39.363007],[22.930958,39.362992],[22.930962,39.362944],[22.93103,39.362878],[22.931135,39.362857],[22.931236,39.362892],[22.931342,39.362869],[22.931865,39.362644]]}},{"type":"Feature","properties":{"line":"3","mode":"bus","color":"#4d4aba","oi":0.5,"n":2},"geometry":{"type":"LineString","coordinates":[[22.930712,39.363272],[22.925771,39.365465],[22.924693,39.365975],[22.923537,39.366595],[22.923415,39.366682],[22.923351,39.366765],[22.923352,39.366832],[22.92344,39.366989],[22.923536,39.367066],[22.923544,39.367074],[22.923549,39.367079],[22.923549,39.367082],[22.923545,39.367084],[22.923537,39.367083],[22.923524,39.36708],[22.923092,39.36696]]}},{"type":"Feature","properties":{"line":"3","mode":"bus","color":"#4d4aba","oi":0,"n":2,"sw":1},"geometry":{"type":"LineString","coordinates":[[22.931075,39.363111],[22.931036,39.363128]]}},{"type":"Feature","properties":{"line":"3","mode":"bus","color":"#4d4aba","oi":0.017,"n":2,"sw":1},"geometry":{"type":"LineString","coordinates":[[22.931042,39.363126],[22.930999,39.363145]]}},{"type":"Feature","properties":{"line":"3","mode":"bus","color":"#4d4aba","oi":0.063,"n":2,"sw":1},"geometry":{"type":"LineString","coordinates":[[22.931005,39.363142],[22.930963,39.363161]]}},{"type":"Feature","properties":{"line":"3","mode":"bus","color":"#4d4aba","oi":0.13,"n":2,"sw":1},"geometry":{"type":"LineString","coordinates":[[22.930969,39.363158],[22.930927,39.363177]]}},{"type":"Feature","properties":{"line":"3","mode":"bus","color":"#4d4aba","oi":0.209,"n":2,"sw":1},"geometry":{"type":"LineString","coordinates":[[22.930933,39.363174],[22.930891,39.363193]]}},{"type":"Feature","properties":{"line":"3","mode":"bus","color":"#4d4aba","oi":0.291,"n":2,"sw":1},"geometry":{"type":"LineString","coordinates":[[22.930897,39.36319],[22.930854,39.363209]]}},{"type":"Feature","properties":{"line":"3","mode":"bus","color":"#4d4aba","oi":0.37,"n":2,"sw":1},"geometry":{"type":"LineString","coordinates":[[22.93086,39.363206],[22.930818,39.363225]]}},{"type":"Feature","properties":{"line":"3","mode":"bus","color":"#4d4aba","oi":0.437,"n":2,"sw":1},"geometry":{"type":"LineString","coordinates":[[22.930824,39.363222],[22.930782,39.363241]]}},{"type":"Feature","properties":{"line":"3","mode":"bus","color":"#4d4aba","oi":0.483,"n":2,"sw":1},"geometry":{"type":"LineString","coordinates":[[22.930788,39.363238],[22.930745,39.363257]]}},{"type":"Feature","properties":{"line":"3","mode":"bus","color":"#4d4aba","oi":0.5,"n":2,"sw":1},"geometry":{"type":"LineString","coordinates":[[22.930751,39.363255],[22.930709,39.363273]]}},{"type":"Feature","properties":{"line":"3","mode":"bus","color":"#4d4aba","oi":0.5,"n":2},"geometry":{"type":"LineString","coordinates":[[22.922965,39.366719],[22.92305,39.366657],[22.923178,39.366642],[22.923313,39.366591],[22.925451,39.365498],[22.92956,39.363644]]}},{"type":"Feature","properties":{"line":"3","mode":"bus","color":"#4d4aba","oi":0.5,"n":2,"sw":1},"geometry":{"type":"LineString","coordinates":[[22.929557,39.363645],[22.929599,39.363626]]}},{"type":"Feature","properties":{"line":"3","mode":"bus","color":"#4d4aba","oi":0.517,"n":2,"sw":1},"geometry":{"type":"LineString","coordinates":[[22.929593,39.363629],[22.929635,39.36361]]}},{"type":"Feature","properties":{"line":"3","mode":"bus","color":"#4d4aba","oi":0.563,"n":2,"sw":1},"geometry":{"type":"LineString","coordinates":[[22.929629,39.363613],[22.929671,39.363594]]}},{"type":"Feature","properties":{"line":"3","mode":"bus","color":"#4d4aba","oi":0.63,"n":2,"sw":1},"geometry":{"type":"LineString","coordinates":[[22.929665,39.363596],[22.929707,39.363577]]}},{"type":"Feature","properties":{"line":"3","mode":"bus","color":"#4d4aba","oi":0.709,"n":2,"sw":1},"geometry":{"type":"LineString","coordinates":[[22.929701,39.36358],[22.929743,39.363561]]}},{"type":"Feature","properties":{"line":"3","mode":"bus","color":"#4d4aba","oi":0.791,"n":2,"sw":1},"geometry":{"type":"LineString","coordinates":[[22.929737,39.363564],[22.929779,39.363545]]}},{"type":"Feature","properties":{"line":"3","mode":"bus","color":"#4d4aba","oi":0.87,"n":2,"sw":1},"geometry":{"type":"LineString","coordinates":[[22.929773,39.363548],[22.929816,39.363529]]}},{"type":"Feature","properties":{"line":"3","mode":"bus","color":"#4d4aba","oi":0.937,"n":2,"sw":1},"geometry":{"type":"LineString","coordinates":[[22.92981,39.363531],[22.929852,39.363512]]}},{"type":"Feature","properties":{"line":"3","mode":"bus","color":"#4d4aba","oi":0.983,"n":2,"sw":1},"geometry":{"type":"LineString","coordinates":[[22.929846,39.363515],[22.929888,39.363496]]}},{"type":"Feature","properties":{"line":"3","mode":"bus","color":"#4d4aba","oi":1,"n":2,"sw":1},"geometry":{"type":"LineString","coordinates":[[22.929882,39.363499],[22.929921,39.363481]]}},{"type":"Feature","properties":{"line":"3","mode":"bus","color":"#4d4aba","oi":0.5,"n":2},"geometry":{"type":"LineString","coordinates":[[22.962483,39.360271],[22.963011,39.360246],[22.963147,39.360187],[22.965003,39.357997],[22.966412,39.356382]]}},{"type":"Feature","properties":{"line":"3","mode":"bus","color":"#4d4aba","oi":0.5,"n":2,"sw":1},"geometry":{"type":"LineString","coordinates":[[22.96641,39.356384],[22.96643,39.356361],[22.966434,39.356352]]}},{"type":"Feature","properties":{"line":"3","mode":"bus","color":"#4d4aba","oi":0.517,"n":2,"sw":1},"geometry":{"type":"LineString","coordinates":[[22.966432,39.356357],[22.966447,39.356321]]}},{"type":"Feature","properties":{"line":"3","mode":"bus","color":"#4d4aba","oi":0.563,"n":2,"sw":1},"geometry":{"type":"LineString","coordinates":[[22.966445,39.356326],[22.966461,39.35629]]}},{"type":"Feature","properties":{"line":"3","mode":"bus","color":"#4d4aba","oi":0.63,"n":2,"sw":1},"geometry":{"type":"LineString","coordinates":[[22.966458,39.356295],[22.966474,39.35626]]}},{"type":"Feature","properties":{"line":"3","mode":"bus","color":"#4d4aba","oi":0.709,"n":2,"sw":1},"geometry":{"type":"LineString","coordinates":[[22.966472,39.356265],[22.966487,39.356229]]}},{"type":"Feature","properties":{"line":"3","mode":"bus","color":"#4d4aba","oi":0.791,"n":2,"sw":1},"geometry":{"type":"LineString","coordinates":[[22.966485,39.356234],[22.966501,39.356198]]}},{"type":"Feature","properties":{"line":"3","mode":"bus","color":"#4d4aba","oi":0.87,"n":2,"sw":1},"geometry":{"type":"LineString","coordinates":[[22.966499,39.356203],[22.966514,39.356168]]}},{"type":"Feature","properties":{"line":"3","mode":"bus","color":"#4d4aba","oi":0.937,"n":2,"sw":1},"geometry":{"type":"LineString","coordinates":[[22.966512,39.356173],[22.966527,39.356137]]}},{"type":"Feature","properties":{"line":"3","mode":"bus","color":"#4d4aba","oi":0.983,"n":2,"sw":1},"geometry":{"type":"LineString","coordinates":[[22.966525,39.356142],[22.966541,39.356106]]}},{"type":"Feature","properties":{"line":"3","mode":"bus","color":"#4d4aba","oi":1,"n":2,"sw":1},"geometry":{"type":"LineString","coordinates":[[22.966539,39.356111],[22.966553,39.356078]]}},{"type":"Feature","properties":{"line":"3","mode":"bus","color":"#4d4aba","oi":0.5,"n":2},"geometry":{"type":"LineString","coordinates":[[22.95304,39.365318],[22.954867,39.364301],[22.956682,39.36318],[22.957434,39.362747],[22.962444,39.36029],[22.962454,39.360284],[22.96246,39.36028],[22.962462,39.360277],[22.962458,39.360275],[22.96245,39.360274],[22.962437,39.360275],[22.962205,39.360293],[22.95739,39.362695],[22.954814,39.364241],[22.95323,39.365116]]}},{"type":"Feature","properties":{"line":"3","mode":"bus","color":"#4d4aba","oi":-1,"n":2,"sw":1},"geometry":{"type":"LineString","coordinates":[[22.9527,39.365507],[22.952716,39.365498]]}},{"type":"Feature","properties":{"line":"3","mode":"bus","color":"#4d4aba","oi":-0.993,"n":2,"sw":1},"geometry":{"type":"LineString","coordinates":[[22.95271,39.365501],[22.952729,39.365491]]}},{"type":"Feature","properties":{"line":"3","mode":"bus","color":"#4d4aba","oi":-0.973,"n":2,"sw":1},"geometry":{"type":"LineString","coordinates":[[22.952723,39.365494],[22.952742,39.365484]]}},{"type":"Feature","properties":{"line":"3","mode":"bus","color":"#4d4aba","oi":-0.94,"n":2,"sw":1},"geometry":{"type":"LineString","coordinates":[[22.952736,39.365487],[22.952755,39.365476]]}},{"type":"Feature","properties":{"line":"3","mode":"bus","color":"#4d4aba","oi":-0.897,"n":2,"sw":1},"geometry":{"type":"LineString","coordinates":[[22.952749,39.365479],[22.952768,39.365469]]}},{"type":"Feature","properties":{"line":"3","mode":"bus","color":"#4d4aba","oi":-0.844,"n":2,"sw":1},"geometry":{"type":"LineString","coordinates":[[22.952762,39.365472],[22.952781,39.365462]]}},{"type":"Feature","properties":{"line":"3","mode":"bus","color":"#4d4aba","oi":-0.782,"n":2,"sw":1},"geometry":{"type":"LineString","coordinates":[[22.952776,39.365465],[22.952794,39.365455]]}},{"type":"Feature","properties":{"line":"3","mode":"bus","color":"#4d4aba","oi":-0.713,"n":2,"sw":1},"geometry":{"type":"LineString","coordinates":[[22.952789,39.365458],[22.952807,39.365447]]}},{"type":"Feature","properties":{"line":"3","mode":"bus","color":"#4d4aba","oi":-0.638,"n":2,"sw":1},"geometry":{"type":"LineString","coordinates":[[22.952802,39.36545],[22.95282,39.36544]]}},{"type":"Feature","properties":{"line":"3","mode":"bus","color":"#4d4aba","oi":-0.557,"n":2,"sw":1},"geometry":{"type":"LineString","coordinates":[[22.952815,39.365443],[22.952833,39.365433]]}},{"type":"Feature","properties":{"line":"3","mode":"bus","color":"#4d4aba","oi":-0.472,"n":2,"sw":1},"geometry":{"type":"LineString","coordinates":[[22.952828,39.365436],[22.952847,39.365425]]}},{"type":"Feature","properties":{"line":"3","mode":"bus","color":"#4d4aba","oi":-0.384,"n":2,"sw":1},"geometry":{"type":"LineString","coordinates":[[22.952841,39.365429],[22.95286,39.365418]]}},{"type":"Feature","properties":{"line":"3","mode":"bus","color":"#4d4aba","oi":-0.295,"n":2,"sw":1},"geometry":{"type":"LineString","coordinates":[[22.952854,39.365421],[22.952873,39.365411]]}},{"type":"Feature","properties":{"line":"3","mode":"bus","color":"#4d4aba","oi":-0.205,"n":2,"sw":1},"geometry":{"type":"LineString","coordinates":[[22.952867,39.365414],[22.952886,39.365404]]}},{"type":"Feature","properties":{"line":"3","mode":"bus","color":"#4d4aba","oi":-0.116,"n":2,"sw":1},"geometry":{"type":"LineString","coordinates":[[22.95288,39.365407],[22.952899,39.365396]]}},{"type":"Feature","properties":{"line":"3","mode":"bus","color":"#4d4aba","oi":-0.028,"n":2,"sw":1},"geometry":{"type":"LineString","coordinates":[[22.952893,39.3654],[22.952912,39.365389]]}},{"type":"Feature","properties":{"line":"3","mode":"bus","color":"#4d4aba","oi":0.057,"n":2,"sw":1},"geometry":{"type":"LineString","coordinates":[[22.952906,39.365392],[22.952925,39.365382]]}},{"type":"Feature","properties":{"line":"3","mode":"bus","color":"#4d4aba","oi":0.138,"n":2,"sw":1},"geometry":{"type":"LineString","coordinates":[[22.952919,39.365385],[22.952938,39.365375]]}},{"type":"Feature","properties":{"line":"3","mode":"bus","color":"#4d4aba","oi":0.213,"n":2,"sw":1},"geometry":{"type":"LineString","coordinates":[[22.952932,39.365378],[22.952951,39.365367]]}},{"type":"Feature","properties":{"line":"3","mode":"bus","color":"#4d4aba","oi":0.282,"n":2,"sw":1},"geometry":{"type":"LineString","coordinates":[[22.952945,39.36537],[22.952964,39.36536]]}},{"type":"Feature","properties":{"line":"3","mode":"bus","color":"#4d4aba","oi":0.344,"n":2,"sw":1},"geometry":{"type":"LineString","coordinates":[[22.952958,39.365363],[22.952977,39.365353]]}},{"type":"Feature","properties":{"line":"3","mode":"bus","color":"#4d4aba","oi":0.397,"n":2,"sw":1},"geometry":{"type":"LineString","coordinates":[[22.952971,39.365356],[22.95299,39.365345]]}},{"type":"Feature","properties":{"line":"3","mode":"bus","color":"#4d4aba","oi":0.44,"n":2,"sw":1},"geometry":{"type":"LineString","coordinates":[[22.952985,39.365349],[22.953003,39.365338]]}},{"type":"Feature","properties":{"line":"3","mode":"bus","color":"#4d4aba","oi":0.473,"n":2,"sw":1},"geometry":{"type":"LineString","coordinates":[[22.952998,39.365341],[22.953016,39.365331]]}},{"type":"Feature","properties":{"line":"3","mode":"bus","color":"#4d4aba","oi":0.493,"n":2,"sw":1},"geometry":{"type":"LineString","coordinates":[[22.953011,39.365334],[22.953029,39.365324]]}},{"type":"Feature","properties":{"line":"3","mode":"bus","color":"#4d4aba","oi":0.5,"n":2,"sw":1},"geometry":{"type":"LineString","coordinates":[[22.953024,39.365327],[22.953042,39.365316]]}},{"type":"Feature","properties":{"line":"3","mode":"bus","color":"#4d4aba","oi":0.5,"n":2,"sw":1},"geometry":{"type":"LineString","coordinates":[[22.953232,39.365114],[22.953193,39.365136]]}},{"type":"Feature","properties":{"line":"3","mode":"bus","color":"#4d4aba","oi":0.517,"n":2,"sw":1},"geometry":{"type":"LineString","coordinates":[[22.953198,39.365133],[22.953159,39.365155]]}},{"type":"Feature","properties":{"line":"3","mode":"bus","color":"#4d4aba","oi":0.563,"n":2,"sw":1},"geometry":{"type":"LineString","coordinates":[[22.953164,39.365152],[22.953125,39.365174]]}},{"type":"Feature","properties":{"line":"3","mode":"bus","color":"#4d4aba","oi":0.63,"n":2,"sw":1},"geometry":{"type":"LineString","coordinates":[[22.95313,39.365171],[22.95309,39.365193]]}},{"type":"Feature","properties":{"line":"3","mode":"bus","color":"#4d4aba","oi":0.709,"n":2,"sw":1},"geometry":{"type":"LineString","coordinates":[[22.953096,39.36519],[22.953056,39.365212]]}},{"type":"Feature","properties":{"line":"3","mode":"bus","color":"#4d4aba","oi":0.791,"n":2,"sw":1},"geometry":{"type":"LineString","coordinates":[[22.953062,39.365208],[22.953022,39.36523]]}},{"type":"Feature","properties":{"line":"3","mode":"bus","color":"#4d4aba","oi":0.87,"n":2,"sw":1},"geometry":{"type":"LineString","coordinates":[[22.953028,39.365227],[22.952988,39.365249]]}},{"type":"Feature","properties":{"line":"3","mode":"bus","color":"#4d4aba","oi":0.937,"n":2,"sw":1},"geometry":{"type":"LineString","coordinates":[[22.952994,39.365246],[22.952954,39.365268]]}},{"type":"Feature","properties":{"line":"3","mode":"bus","color":"#4d4aba","oi":0.983,"n":2,"sw":1},"geometry":{"type":"LineString","coordinates":[[22.95296,39.365265],[22.95292,39.365287]]}},{"type":"Feature","properties":{"line":"3","mode":"bus","color":"#4d4aba","oi":1,"n":2,"sw":1},"geometry":{"type":"LineString","coordinates":[[22.952926,39.365284],[22.952889,39.365304]]}},{"type":"Feature","properties":{"line":"3","mode":"bus","color":"#4d4aba","oi":0.5,"n":2},"geometry":{"type":"LineString","coordinates":[[22.923568,39.367092],[22.924904,39.367444],[22.92526,39.367588],[22.925501,39.367764],[22.925764,39.368055],[22.926258,39.368866],[22.926571,39.369454],[22.926684,39.369567],[22.927149,39.369874],[22.927315,39.370121]]}},{"type":"Feature","properties":{"line":"3","mode":"bus","color":"#4d4aba","oi":0,"n":1},"geometry":{"type":"LineString","coordinates":[[22.922953,39.366862],[22.922945,39.366853],[22.922936,39.366784],[22.922965,39.366719]]}},{"type":"Feature","properties":{"line":"3","mode":"bus","color":"#4d4aba","oi":0.5,"n":1,"sw":1},"geometry":{"type":"LineString","coordinates":[[22.923092,39.36696],[22.923072,39.366952]]}},{"type":"Feature","properties":{"line":"3","mode":"bus","color":"#4d4aba","oi":0.483,"n":1,"sw":1},"geometry":{"type":"LineString","coordinates":[[22.923078,39.366954],[22.923055,39.366945]]}},{"type":"Feature","properties":{"line":"3","mode":"bus","color":"#4d4aba","oi":0.437,"n":1,"sw":1},"geometry":{"type":"LineString","coordinates":[[22.923061,39.366948],[22.923037,39.366938]]}},{"type":"Feature","properties":{"line":"3","mode":"bus","color":"#4d4aba","oi":0.37,"n":1,"sw":1},"geometry":{"type":"LineString","coordinates":[[22.923044,39.366941],[22.92302,39.366931]]}},{"type":"Feature","properties":{"line":"3","mode":"bus","color":"#4d4aba","oi":0.291,"n":1,"sw":1},"geometry":{"type":"LineString","coordinates":[[22.923026,39.366934],[22.923012,39.366928],[22.923006,39.366922]]}},{"type":"Feature","properties":{"line":"3","mode":"bus","color":"#4d4aba","oi":0.209,"n":1,"sw":1},"geometry":{"type":"LineString","coordinates":[[22.92301,39.366926],[22.922995,39.366909]]}},{"type":"Feature","properties":{"line":"3","mode":"bus","color":"#4d4aba","oi":0.13,"n":1,"sw":1},"geometry":{"type":"LineString","coordinates":[[22.922999,39.366914],[22.922984,39.366897]]}},{"type":"Feature","properties":{"line":"3","mode":"bus","color":"#4d4aba","oi":0.063,"n":1,"sw":1},"geometry":{"type":"LineString","coordinates":[[22.922988,39.366901],[22.922973,39.366885]]}},{"type":"Feature","properties":{"line":"3","mode":"bus","color":"#4d4aba","oi":0.017,"n":1,"sw":1},"geometry":{"type":"LineString","coordinates":[[22.922977,39.366889],[22.922962,39.366872]]}},{"type":"Feature","properties":{"line":"3","mode":"bus","color":"#4d4aba","oi":0,"n":1,"sw":1},"geometry":{"type":"LineString","coordinates":[[22.922966,39.366877],[22.922951,39.36686]]}},{"type":"Feature","properties":{"line":"3","mode":"bus","color":"#4d4aba","oi":0,"n":1},"geometry":{"type":"LineString","coordinates":[[22.927315,39.370121],[22.922426,39.370946],[22.922402,39.370955],[22.922389,39.370969],[22.922387,39.37099],[22.922506,39.371653]]}},{"type":"Feature","properties":{"line":"3","mode":"bus","color":"#4d4aba","oi":0,"n":1,"sw":1},"geometry":{"type":"LineString","coordinates":[[22.922505,39.37165],[22.922512,39.371688]]}},{"type":"Feature","properties":{"line":"3","mode":"bus","color":"#4d4aba","oi":-0.017,"n":1,"sw":1},"geometry":{"type":"LineString","coordinates":[[22.922511,39.371683],[22.922518,39.37172]]}},{"type":"Feature","properties":{"line":"3","mode":"bus","color":"#4d4aba","oi":-0.063,"n":1,"sw":1},"geometry":{"type":"LineString","coordinates":[[22.922517,39.371715],[22.922523,39.371752]]}},{"type":"Feature","properties":{"line":"3","mode":"bus","color":"#4d4aba","oi":-0.13,"n":1,"sw":1},"geometry":{"type":"LineString","coordinates":[[22.922522,39.371747],[22.922529,39.371784]]}},{"type":"Feature","properties":{"line":"3","mode":"bus","color":"#4d4aba","oi":-0.209,"n":1,"sw":1},"geometry":{"type":"LineString","coordinates":[[22.922528,39.371779],[22.922535,39.371816]]}},{"type":"Feature","properties":{"line":"3","mode":"bus","color":"#4d4aba","oi":-0.291,"n":1,"sw":1},"geometry":{"type":"LineString","coordinates":[[22.922534,39.371811],[22.922541,39.371848]]}},{"type":"Feature","properties":{"line":"3","mode":"bus","color":"#4d4aba","oi":-0.37,"n":1,"sw":1},"geometry":{"type":"LineString","coordinates":[[22.92254,39.371843],[22.922546,39.37188]]}},{"type":"Feature","properties":{"line":"3","mode":"bus","color":"#4d4aba","oi":-0.437,"n":1,"sw":1},"geometry":{"type":"LineString","coordinates":[[22.922545,39.371875],[22.922552,39.371912]]}},{"type":"Feature","properties":{"line":"3","mode":"bus","color":"#4d4aba","oi":-0.483,"n":1,"sw":1},"geometry":{"type":"LineString","coordinates":[[22.922551,39.371907],[22.922558,39.371945]]}},{"type":"Feature","properties":{"line":"3","mode":"bus","color":"#4d4aba","oi":-0.5,"n":1,"sw":1},"geometry":{"type":"LineString","coordinates":[[22.922557,39.371939],[22.922563,39.371974]]}},{"type":"Feature","properties":{"line":"3","mode":"bus","color":"#4d4aba","oi":0,"n":1},"geometry":{"type":"LineString","coordinates":[[22.922058,39.374468],[22.921803,39.374386],[22.920268,39.374013],[22.91985,39.373889],[22.919076,39.373576],[22.91834,39.373243],[22.918106,39.373114]]}},{"type":"Feature","properties":{"line":"3","mode":"bus","color":"#4d4aba","oi":0,"n":3},"geometry":{"type":"LineString","coordinates":[[22.963232,39.350741],[22.963463,39.350729],[22.963653,39.350797],[22.963962,39.350856],[22.964086,39.350963],[22.964193,39.35123]]}},{"type":"Feature","properties":{"line":"3","mode":"bus","color":"#4d4aba","oi":-0.5,"n":2},"geometry":{"type":"LineString","coordinates":[[22.922563,39.371974],[22.922692,39.372669],[22.92269,39.372821],[22.922058,39.374468]]}},{"type":"Feature","properties":{"line":"3","mode":"bus","color":"#4d4aba","oi":0.5,"n":2},"geometry":{"type":"LineString","coordinates":[[22.96246,39.352379],[22.961006,39.351157],[22.960994,39.351145],[22.960991,39.351132],[22.960997,39.351121],[22.961012,39.35111],[22.961095,39.351065],[22.961344,39.350991],[22.96273,39.350736],[22.962819,39.350723]]}},{"type":"Feature","properties":{"line":"3","mode":"bus","color":"#4d4aba","oi":0,"n":2,"sw":1},"geometry":{"type":"LineString","coordinates":[[22.962744,39.352617],[22.962713,39.352591]]}},{"type":"Feature","properties":{"line":"3","mode":"bus","color":"#4d4aba","oi":0.017,"n":2,"sw":1},"geometry":{"type":"LineString","coordinates":[[22.962718,39.352595],[22.962685,39.352567]]}},{"type":"Feature","properties":{"line":"3","mode":"bus","color":"#4d4aba","oi":0.063,"n":2,"sw":1},"geometry":{"type":"LineString","coordinates":[[22.96269,39.352571],[22.962657,39.352544]]}},{"type":"Feature","properties":{"line":"3","mode":"bus","color":"#4d4aba","oi":0.13,"n":2,"sw":1},"geometry":{"type":"LineString","coordinates":[[22.962661,39.352548],[22.962628,39.35252]]}},{"type":"Feature","properties":{"line":"3","mode":"bus","color":"#4d4aba","oi":0.209,"n":2,"sw":1},"geometry":{"type":"LineString","coordinates":[[22.962633,39.352524],[22.9626,39.352496]]}},{"type":"Feature","properties":{"line":"3","mode":"bus","color":"#4d4aba","oi":0.291,"n":2,"sw":1},"geometry":{"type":"LineString","coordinates":[[22.962605,39.3525],[22.962571,39.352472]]}},{"type":"Feature","properties":{"line":"3","mode":"bus","color":"#4d4aba","oi":0.37,"n":2,"sw":1},"geometry":{"type":"LineString","coordinates":[[22.962576,39.352476],[22.962543,39.352448]]}},{"type":"Feature","properties":{"line":"3","mode":"bus","color":"#4d4aba","oi":0.437,"n":2,"sw":1},"geometry":{"type":"LineString","coordinates":[[22.962548,39.352452],[22.962515,39.352425]]}},{"type":"Feature","properties":{"line":"3","mode":"bus","color":"#4d4aba","oi":0.483,"n":2,"sw":1},"geometry":{"type":"LineString","coordinates":[[22.962519,39.352429],[22.962486,39.352401]]}},{"type":"Feature","properties":{"line":"3","mode":"bus","color":"#4d4aba","oi":0.5,"n":2,"sw":1},"geometry":{"type":"LineString","coordinates":[[22.962491,39.352405],[22.962458,39.352377]]}},{"type":"Feature","properties":{"line":"3","mode":"bus","color":"#4d4aba","oi":0.5,"n":2,"sw":1},"geometry":{"type":"LineString","coordinates":[[22.962815,39.350723],[22.962863,39.350716]]}},{"type":"Feature","properties":{"line":"3","mode":"bus","color":"#4d4aba","oi":0.483,"n":2,"sw":1},"geometry":{"type":"LineString","coordinates":[[22.962857,39.350717],[22.962904,39.35071]]}},{"type":"Feature","properties":{"line":"3","mode":"bus","color":"#4d4aba","oi":0.437,"n":2,"sw":1},"geometry":{"type":"LineString","coordinates":[[22.962898,39.350711],[22.962927,39.350707],[22.962946,39.350709]]}},{"type":"Feature","properties":{"line":"3","mode":"bus","color":"#4d4aba","oi":0.37,"n":2,"sw":1},"geometry":{"type":"LineString","coordinates":[[22.962939,39.350708],[22.962987,39.350714]]}},{"type":"Feature","properties":{"line":"3","mode":"bus","color":"#4d4aba","oi":0.291,"n":2,"sw":1},"geometry":{"type":"LineString","coordinates":[[22.96298,39.350713],[22.963028,39.350718]]}},{"type":"Feature","properties":{"line":"3","mode":"bus","color":"#4d4aba","oi":0.209,"n":2,"sw":1},"geometry":{"type":"LineString","coordinates":[[22.963022,39.350718],[22.96307,39.350723]]}},{"type":"Feature","properties":{"line":"3","mode":"bus","color":"#4d4aba","oi":0.13,"n":2,"sw":1},"geometry":{"type":"LineString","coordinates":[[22.963063,39.350722],[22.963111,39.350728]]}},{"type":"Feature","properties":{"line":"3","mode":"bus","color":"#4d4aba","oi":0.063,"n":2,"sw":1},"geometry":{"type":"LineString","coordinates":[[22.963104,39.350727],[22.963153,39.350732]]}},{"type":"Feature","properties":{"line":"3","mode":"bus","color":"#4d4aba","oi":0.017,"n":2,"sw":1},"geometry":{"type":"LineString","coordinates":[[22.963146,39.350731],[22.963194,39.350737]]}},{"type":"Feature","properties":{"line":"3","mode":"bus","color":"#4d4aba","oi":0,"n":2,"sw":1},"geometry":{"type":"LineString","coordinates":[[22.963187,39.350736],[22.963232,39.350741]]}},{"type":"Feature","properties":{"line":"3","mode":"bus","color":"#4d4aba","oi":0.5,"n":2},"geometry":{"type":"LineString","coordinates":[[22.965498,39.351343],[22.965412,39.35148]]}},{"type":"Feature","properties":{"line":"3","mode":"bus","color":"#4d4aba","oi":0,"n":2,"sw":1},"geometry":{"type":"LineString","coordinates":[[22.965584,39.351206],[22.965574,39.351222]]}},{"type":"Feature","properties":{"line":"3","mode":"bus","color":"#4d4aba","oi":0.017,"n":2,"sw":1},"geometry":{"type":"LineString","coordinates":[[22.965577,39.351217],[22.965565,39.351236]]}},{"type":"Feature","properties":{"line":"3","mode":"bus","color":"#4d4aba","oi":0.063,"n":2,"sw":1},"geometry":{"type":"LineString","coordinates":[[22.965568,39.351231],[22.965557,39.35125]]}},{"type":"Feature","properties":{"line":"3","mode":"bus","color":"#4d4aba","oi":0.13,"n":2,"sw":1},"geometry":{"type":"LineString","coordinates":[[22.96556,39.351245],[22.965548,39.351263]]}},{"type":"Feature","properties":{"line":"3","mode":"bus","color":"#4d4aba","oi":0.209,"n":2,"sw":1},"geometry":{"type":"LineString","coordinates":[[22.965551,39.351258],[22.965539,39.351277]]}},{"type":"Feature","properties":{"line":"3","mode":"bus","color":"#4d4aba","oi":0.291,"n":2,"sw":1},"geometry":{"type":"LineString","coordinates":[[22.965543,39.351272],[22.965531,39.351291]]}},{"type":"Feature","properties":{"line":"3","mode":"bus","color":"#4d4aba","oi":0.37,"n":2,"sw":1},"geometry":{"type":"LineString","coordinates":[[22.965534,39.351286],[22.965522,39.351304]]}},{"type":"Feature","properties":{"line":"3","mode":"bus","color":"#4d4aba","oi":0.437,"n":2,"sw":1},"geometry":{"type":"LineString","coordinates":[[22.965525,39.351299],[22.965514,39.351318]]}},{"type":"Feature","properties":{"line":"3","mode":"bus","color":"#4d4aba","oi":0.483,"n":2,"sw":1},"geometry":{"type":"LineString","coordinates":[[22.965517,39.351313],[22.965505,39.351332]]}},{"type":"Feature","properties":{"line":"3","mode":"bus","color":"#4d4aba","oi":0.5,"n":2,"sw":1},"geometry":{"type":"LineString","coordinates":[[22.965508,39.351327],[22.965496,39.351345]]}},{"type":"Feature","properties":{"line":"3","mode":"bus","color":"#4d4aba","oi":1,"n":3},"geometry":{"type":"LineString","coordinates":[[22.965097,39.35104],[22.965268,39.351038]]}},{"type":"Feature","properties":{"line":"3","mode":"bus","color":"#4d4aba","oi":1,"n":3,"sw":1},"geometry":{"type":"LineString","coordinates":[[22.965264,39.351038],[22.965282,39.351037]]}},{"type":"Feature","properties":{"line":"3","mode":"bus","color":"#4d4aba","oi":0.987,"n":3,"sw":1},"geometry":{"type":"LineString","coordinates":[[22.965275,39.351037],[22.965292,39.351037]]}},{"type":"Feature","properties":{"line":"3","mode":"bus","color":"#4d4aba","oi":0.951,"n":3,"sw":1},"geometry":{"type":"LineString","coordinates":[[22.965285,39.351037],[22.965303,39.351037]]}},{"type":"Feature","properties":{"line":"3","mode":"bus","color":"#4d4aba","oi":0.896,"n":3,"sw":1},"geometry":{"type":"LineString","coordinates":[[22.965296,39.351037],[22.965314,39.351037]]}},{"type":"Feature","properties":{"line":"3","mode":"bus","color":"#4d4aba","oi":0.825,"n":3,"sw":1},"geometry":{"type":"LineString","coordinates":[[22.965307,39.351037],[22.965324,39.351037]]}},{"type":"Feature","properties":{"line":"3","mode":"bus","color":"#4d4aba","oi":0.741,"n":3,"sw":1},"geometry":{"type":"LineString","coordinates":[[22.965317,39.351037],[22.965335,39.351037]]}},{"type":"Feature","properties":{"line":"3","mode":"bus","color":"#4d4aba","oi":0.648,"n":3,"sw":1},"geometry":{"type":"LineString","coordinates":[[22.965328,39.351037],[22.965346,39.351036]]}},{"type":"Feature","properties":{"line":"3","mode":"bus","color":"#4d4aba","oi":0.55,"n":3,"sw":1},"geometry":{"type":"LineString","coordinates":[[22.965339,39.351036],[22.965356,39.351036]]}},{"type":"Feature","properties":{"line":"3","mode":"bus","color":"#4d4aba","oi":0.45,"n":3,"sw":1},"geometry":{"type":"LineString","coordinates":[[22.965349,39.351036],[22.965367,39.351036]]}},{"type":"Feature","properties":{"line":"3","mode":"bus","color":"#4d4aba","oi":0.352,"n":3,"sw":1},"geometry":{"type":"LineString","coordinates":[[22.96536,39.351036],[22.965378,39.351036]]}},{"type":"Feature","properties":{"line":"3","mode":"bus","color":"#4d4aba","oi":0.259,"n":3,"sw":1},"geometry":{"type":"LineString","coordinates":[[22.965371,39.351036],[22.965388,39.351036]]}},{"type":"Feature","properties":{"line":"3","mode":"bus","color":"#4d4aba","oi":0.175,"n":3,"sw":1},"geometry":{"type":"LineString","coordinates":[[22.965381,39.351036],[22.965399,39.351036]]}},{"type":"Feature","properties":{"line":"3","mode":"bus","color":"#4d4aba","oi":0.104,"n":3,"sw":1},"geometry":{"type":"LineString","coordinates":[[22.965392,39.351036],[22.96541,39.351035]]}},{"type":"Feature","properties":{"line":"3","mode":"bus","color":"#4d4aba","oi":0.049,"n":3,"sw":1},"geometry":{"type":"LineString","coordinates":[[22.965403,39.351036],[22.96542,39.351035]]}},{"type":"Feature","properties":{"line":"3","mode":"bus","color":"#4d4aba","oi":0.013,"n":3,"sw":1},"geometry":{"type":"LineString","coordinates":[[22.965413,39.351035],[22.965431,39.351035]]}},{"type":"Feature","properties":{"line":"3","mode":"bus","color":"#4d4aba","oi":0,"n":3,"sw":1},"geometry":{"type":"LineString","coordinates":[[22.965424,39.351035],[22.965438,39.351035]]}},{"type":"Feature","properties":{"line":"3","mode":"bus","color":"#4d4aba","oi":1,"n":3},"geometry":{"type":"LineString","coordinates":[[22.966553,39.356078],[22.966547,39.355768],[22.966456,39.355509],[22.966317,39.35537],[22.965786,39.355001],[22.965729,39.354911],[22.965739,39.354849],[22.966349,39.354052],[22.966359,39.354032],[22.966355,39.354014],[22.966339,39.353997],[22.966026,39.353776],[22.965715,39.353495],[22.965419,39.353063],[22.965315,39.352847],[22.965261,39.352137],[22.965395,39.351503]]}},{"type":"Feature","properties":{"line":"3","mode":"bus","color":"#4d4aba","oi":1,"n":3,"sw":1},"geometry":{"type":"LineString","coordinates":[[22.965394,39.351505],[22.965399,39.351482]]}},{"type":"Feature","properties":{"line":"3","mode":"bus","color":"#4d4aba","oi":0.99,"n":3,"sw":1},"geometry":{"type":"LineString","coordinates":[[22.965398,39.351488],[22.965403,39.351465]]}},{"type":"Feature","properties":{"line":"3","mode":"bus","color":"#4d4aba","oi":0.962,"n":3,"sw":1},"geometry":{"type":"LineString","coordinates":[[22.965402,39.35147],[22.965406,39.351447]]}},{"type":"Feature","properties":{"line":"3","mode":"bus","color":"#4d4aba","oi":0.918,"n":3,"sw":1},"geometry":{"type":"LineString","coordinates":[[22.965405,39.351452],[22.96541,39.351429]]}},{"type":"Feature","properties":{"line":"3","mode":"bus","color":"#4d4aba","oi":0.86,"n":3,"sw":1},"geometry":{"type":"LineString","coordinates":[[22.965409,39.351434],[22.965414,39.351411]]}},{"type":"Feature","properties":{"line":"3","mode":"bus","color":"#4d4aba","oi":0.791,"n":3,"sw":1},"geometry":{"type":"LineString","coordinates":[[22.965413,39.351417],[22.965418,39.351393]]}},{"type":"Feature","properties":{"line":"3","mode":"bus","color":"#4d4aba","oi":0.714,"n":3,"sw":1},"geometry":{"type":"LineString","coordinates":[[22.965417,39.351399],[22.965421,39.351376]]}},{"type":"Feature","properties":{"line":"3","mode":"bus","color":"#4d4aba","oi":0.631,"n":3,"sw":1},"geometry":{"type":"LineString","coordinates":[[22.96542,39.351381],[22.965425,39.351358]]}},{"type":"Feature","properties":{"line":"3","mode":"bus","color":"#4d4aba","oi":0.544,"n":3,"sw":1},"geometry":{"type":"LineString","coordinates":[[22.965424,39.351363],[22.965429,39.35134]]}},{"type":"Feature","properties":{"line":"3","mode":"bus","color":"#4d4aba","oi":0.456,"n":3,"sw":1},"geometry":{"type":"LineString","coordinates":[[22.965428,39.351346],[22.965433,39.351322]]}},{"type":"Feature","properties":{"line":"3","mode":"bus","color":"#4d4aba","oi":0.369,"n":3,"sw":1},"geometry":{"type":"LineString","coordinates":[[22.965432,39.351328],[22.965436,39.351305]]}},{"type":"Feature","properties":{"line":"3","mode":"bus","color":"#4d4aba","oi":0.286,"n":3,"sw":1},"geometry":{"type":"LineString","coordinates":[[22.965435,39.35131],[22.96544,39.351287]]}},{"type":"Feature","properties":{"line":"3","mode":"bus","color":"#4d4aba","oi":0.209,"n":3,"sw":1},"geometry":{"type":"LineString","coordinates":[[22.965439,39.351292],[22.965444,39.351269]]}},{"type":"Feature","properties":{"line":"3","mode":"bus","color":"#4d4aba","oi":0.14,"n":3,"sw":1},"geometry":{"type":"LineString","coordinates":[[22.965443,39.351274],[22.965448,39.351251]]}},{"type":"Feature","properties":{"line":"3","mode":"bus","color":"#4d4aba","oi":0.082,"n":3,"sw":1},"geometry":{"type":"LineString","coordinates":[[22.965446,39.351257],[22.965451,39.351234]]}},{"type":"Feature","properties":{"line":"3","mode":"bus","color":"#4d4aba","oi":0.038,"n":3,"sw":1},"geometry":{"type":"LineString","coordinates":[[22.96545,39.351239],[22.965455,39.351216]]}},{"type":"Feature","properties":{"line":"3","mode":"bus","color":"#4d4aba","oi":0.01,"n":3,"sw":1},"geometry":{"type":"LineString","coordinates":[[22.965454,39.351221],[22.965459,39.351198]]}},{"type":"Feature","properties":{"line":"3","mode":"bus","color":"#4d4aba","oi":0,"n":3,"sw":1},"geometry":{"type":"LineString","coordinates":[[22.965458,39.351203],[22.965462,39.351183]]}},{"type":"Feature","properties":{"line":"3","mode":"bus","color":"#4d4aba","oi":1,"n":3},"geometry":{"type":"LineString","coordinates":[[22.9527,39.365507],[22.952168,39.365806]]}},{"type":"Feature","properties":{"line":"3","mode":"bus","color":"#4d4aba","oi":1,"n":3,"sw":1},"geometry":{"type":"LineString","coordinates":[[22.952171,39.365804],[22.952147,39.365818]]}},{"type":"Feature","properties":{"line":"3","mode":"bus","color":"#4d4aba","oi":0.99,"n":3,"sw":1},"geometry":{"type":"LineString","coordinates":[[22.952152,39.365815],[22.952128,39.365828]]}},{"type":"Feature","properties":{"line":"3","mode":"bus","color":"#4d4aba","oi":0.962,"n":3,"sw":1},"geometry":{"type":"LineString","coordinates":[[22.952134,39.365825],[22.952109,39.365839]]}},{"type":"Feature","properties":{"line":"3","mode":"bus","color":"#4d4aba","oi":0.918,"n":3,"sw":1},"geometry":{"type":"LineString","coordinates":[[22.952115,39.365836],[22.95209,39.36585]]}},{"type":"Feature","properties":{"line":"3","mode":"bus","color":"#4d4aba","oi":0.86,"n":3,"sw":1},"geometry":{"type":"LineString","coordinates":[[22.952096,39.365846],[22.952072,39.36586]]}},{"type":"Feature","properties":{"line":"3","mode":"bus","color":"#4d4aba","oi":0.791,"n":3,"sw":1},"geometry":{"type":"LineString","coordinates":[[22.952077,39.365857],[22.952053,39.365871]]}},{"type":"Feature","properties":{"line":"3","mode":"bus","color":"#4d4aba","oi":0.714,"n":3,"sw":1},"geometry":{"type":"LineString","coordinates":[[22.952058,39.365868],[22.952034,39.365881]]}},{"type":"Feature","properties":{"line":"3","mode":"bus","color":"#4d4aba","oi":0.631,"n":3,"sw":1},"geometry":{"type":"LineString","coordinates":[[22.95204,39.365878],[22.952015,39.365892]]}},{"type":"Feature","properties":{"line":"3","mode":"bus","color":"#4d4aba","oi":0.544,"n":3,"sw":1},"geometry":{"type":"LineString","coordinates":[[22.952021,39.365889],[22.951996,39.365902]]}},{"type":"Feature","properties":{"line":"3","mode":"bus","color":"#4d4aba","oi":0.456,"n":3,"sw":1},"geometry":{"type":"LineString","coordinates":[[22.952002,39.365899],[22.951978,39.365913]]}},{"type":"Feature","properties":{"line":"3","mode":"bus","color":"#4d4aba","oi":0.369,"n":3,"sw":1},"geometry":{"type":"LineString","coordinates":[[22.951983,39.36591],[22.951959,39.365924]]}},{"type":"Feature","properties":{"line":"3","mode":"bus","color":"#4d4aba","oi":0.286,"n":3,"sw":1},"geometry":{"type":"LineString","coordinates":[[22.951964,39.36592],[22.95194,39.365934]]}},{"type":"Feature","properties":{"line":"3","mode":"bus","color":"#4d4aba","oi":0.209,"n":3,"sw":1},"geometry":{"type":"LineString","coordinates":[[22.951946,39.365931],[22.951921,39.365945]]}},{"type":"Feature","properties":{"line":"3","mode":"bus","color":"#4d4aba","oi":0.14,"n":3,"sw":1},"geometry":{"type":"LineString","coordinates":[[22.951927,39.365942],[22.951902,39.365955]]}},{"type":"Feature","properties":{"line":"3","mode":"bus","color":"#4d4aba","oi":0.082,"n":3,"sw":1},"geometry":{"type":"LineString","coordinates":[[22.951908,39.365952],[22.951884,39.365966]]}},{"type":"Feature","properties":{"line":"3","mode":"bus","color":"#4d4aba","oi":0.038,"n":3,"sw":1},"geometry":{"type":"LineString","coordinates":[[22.951889,39.365963],[22.951865,39.365976]]}},{"type":"Feature","properties":{"line":"3","mode":"bus","color":"#4d4aba","oi":0.01,"n":3,"sw":1},"geometry":{"type":"LineString","coordinates":[[22.95187,39.365973],[22.951846,39.365987]]}},{"type":"Feature","properties":{"line":"3","mode":"bus","color":"#4d4aba","oi":0,"n":3,"sw":1},"geometry":{"type":"LineString","coordinates":[[22.951852,39.365984],[22.95183,39.365996]]}},{"type":"Feature","properties":{"line":"3","mode":"bus","color":"#4d4aba","oi":1,"n":3},"geometry":{"type":"LineString","coordinates":[[22.952889,39.365304],[22.952106,39.365739]]}},{"type":"Feature","properties":{"line":"3","mode":"bus","color":"#4d4aba","oi":1,"n":3,"sw":1},"geometry":{"type":"LineString","coordinates":[[22.952109,39.365738],[22.952084,39.365751]]}},{"type":"Feature","properties":{"line":"3","mode":"bus","color":"#4d4aba","oi":0.99,"n":3,"sw":1},"geometry":{"type":"LineString","coordinates":[[22.95209,39.365748],[22.952065,39.365762]]}},{"type":"Feature","properties":{"line":"3","mode":"bus","color":"#4d4aba","oi":0.962,"n":3,"sw":1},"geometry":{"type":"LineString","coordinates":[[22.952071,39.365759],[22.952046,39.365772]]}},{"type":"Feature","properties":{"line":"3","mode":"bus","color":"#4d4aba","oi":0.918,"n":3,"sw":1},"geometry":{"type":"LineString","coordinates":[[22.952052,39.365769],[22.952027,39.365783]]}},{"type":"Feature","properties":{"line":"3","mode":"bus","color":"#4d4aba","oi":0.86,"n":3,"sw":1},"geometry":{"type":"LineString","coordinates":[[22.952033,39.36578],[22.952009,39.365793]]}},{"type":"Feature","properties":{"line":"3","mode":"bus","color":"#4d4aba","oi":0.791,"n":3,"sw":1},"geometry":{"type":"LineString","coordinates":[[22.952014,39.36579],[22.95199,39.365804]]}},{"type":"Feature","properties":{"line":"3","mode":"bus","color":"#4d4aba","oi":0.714,"n":3,"sw":1},"geometry":{"type":"LineString","coordinates":[[22.951995,39.365801],[22.951971,39.365814]]}},{"type":"Feature","properties":{"line":"3","mode":"bus","color":"#4d4aba","oi":0.631,"n":3,"sw":1},"geometry":{"type":"LineString","coordinates":[[22.951976,39.365811],[22.951952,39.365825]]}},{"type":"Feature","properties":{"line":"3","mode":"bus","color":"#4d4aba","oi":0.544,"n":3,"sw":1},"geometry":{"type":"LineString","coordinates":[[22.951958,39.365822],[22.951933,39.365835]]}},{"type":"Feature","properties":{"line":"3","mode":"bus","color":"#4d4aba","oi":0.456,"n":3,"sw":1},"geometry":{"type":"LineString","coordinates":[[22.951939,39.365832],[22.951914,39.365846]]}},{"type":"Feature","properties":{"line":"3","mode":"bus","color":"#4d4aba","oi":0.369,"n":3,"sw":1},"geometry":{"type":"LineString","coordinates":[[22.95192,39.365843],[22.951895,39.365856]]}},{"type":"Feature","properties":{"line":"3","mode":"bus","color":"#4d4aba","oi":0.286,"n":3,"sw":1},"geometry":{"type":"LineString","coordinates":[[22.951901,39.365853],[22.951876,39.365867]]}},{"type":"Feature","properties":{"line":"3","mode":"bus","color":"#4d4aba","oi":0.209,"n":3,"sw":1},"geometry":{"type":"LineString","coordinates":[[22.951882,39.365863],[22.951858,39.365877]]}},{"type":"Feature","properties":{"line":"3","mode":"bus","color":"#4d4aba","oi":0.14,"n":3,"sw":1},"geometry":{"type":"LineString","coordinates":[[22.951863,39.365874],[22.951839,39.365888]]}},{"type":"Feature","properties":{"line":"3","mode":"bus","color":"#4d4aba","oi":0.082,"n":3,"sw":1},"geometry":{"type":"LineString","coordinates":[[22.951844,39.365884],[22.95182,39.365898]]}},{"type":"Feature","properties":{"line":"3","mode":"bus","color":"#4d4aba","oi":0.038,"n":3,"sw":1},"geometry":{"type":"LineString","coordinates":[[22.951825,39.365895],[22.951801,39.365909]]}},{"type":"Feature","properties":{"line":"3","mode":"bus","color":"#4d4aba","oi":0.01,"n":3,"sw":1},"geometry":{"type":"LineString","coordinates":[[22.951807,39.365905],[22.951782,39.365919]]}},{"type":"Feature","properties":{"line":"3","mode":"bus","color":"#4d4aba","oi":0,"n":3,"sw":1},"geometry":{"type":"LineString","coordinates":[[22.951788,39.365916],[22.951766,39.365928]]}},{"type":"Feature","properties":{"line":"3","mode":"bus","color":"#4d4aba","oi":0.5,"n":2},"geometry":{"type":"LineString","coordinates":[[22.932231,39.362487],[22.933225,39.36206]]}},{"type":"Feature","properties":{"line":"3","mode":"bus","color":"#4d4aba","oi":1,"n":2,"sw":1},"geometry":{"type":"LineString","coordinates":[[22.931865,39.362644],[22.931905,39.362627]]}},{"type":"Feature","properties":{"line":"3","mode":"bus","color":"#4d4aba","oi":0.983,"n":2,"sw":1},"geometry":{"type":"LineString","coordinates":[[22.931899,39.36263],[22.931941,39.362611]]}},{"type":"Feature","properties":{"line":"3","mode":"bus","color":"#4d4aba","oi":0.937,"n":2,"sw":1},"geometry":{"type":"LineString","coordinates":[[22.931935,39.362614],[22.931978,39.362596]]}},{"type":"Feature","properties":{"line":"3","mode":"bus","color":"#4d4aba","oi":0.87,"n":2,"sw":1},"geometry":{"type":"LineString","coordinates":[[22.931972,39.362598],[22.932014,39.36258]]}},{"type":"Feature","properties":{"line":"3","mode":"bus","color":"#4d4aba","oi":0.791,"n":2,"sw":1},"geometry":{"type":"LineString","coordinates":[[22.932008,39.362582],[22.932051,39.362564]]}},{"type":"Feature","properties":{"line":"3","mode":"bus","color":"#4d4aba","oi":0.709,"n":2,"sw":1},"geometry":{"type":"LineString","coordinates":[[22.932045,39.362567],[22.932087,39.362548]]}},{"type":"Feature","properties":{"line":"3","mode":"bus","color":"#4d4aba","oi":0.63,"n":2,"sw":1},"geometry":{"type":"LineString","coordinates":[[22.932081,39.362551],[22.932124,39.362533]]}},{"type":"Feature","properties":{"line":"3","mode":"bus","color":"#4d4aba","oi":0.563,"n":2,"sw":1},"geometry":{"type":"LineString","coordinates":[[22.932118,39.362535],[22.932161,39.362517]]}},{"type":"Feature","properties":{"line":"3","mode":"bus","color":"#4d4aba","oi":0.517,"n":2,"sw":1},"geometry":{"type":"LineString","coordinates":[[22.932155,39.36252],[22.932197,39.362501]]}},{"type":"Feature","properties":{"line":"3","mode":"bus","color":"#4d4aba","oi":0.5,"n":2,"sw":1},"geometry":{"type":"LineString","coordinates":[[22.932191,39.362504],[22.932234,39.362486]]}},{"type":"Feature","properties":{"line":"3","mode":"bus","color":"#4d4aba","oi":0.5,"n":2,"sw":1},"geometry":{"type":"LineString","coordinates":[[22.933222,39.362061],[22.933264,39.362043]]}},{"type":"Feature","properties":{"line":"3","mode":"bus","color":"#4d4aba","oi":0.483,"n":2,"sw":1},"geometry":{"type":"LineString","coordinates":[[22.933258,39.362046],[22.933301,39.362027]]}},{"type":"Feature","properties":{"line":"3","mode":"bus","color":"#4d4aba","oi":0.437,"n":2,"sw":1},"geometry":{"type":"LineString","coordinates":[[22.933295,39.36203],[22.933304,39.362026],[22.933331,39.362005]]}},{"type":"Feature","properties":{"line":"3","mode":"bus","color":"#4d4aba","oi":0.37,"n":2,"sw":1},"geometry":{"type":"LineString","coordinates":[[22.933326,39.362009],[22.933361,39.361982]]}},{"type":"Feature","properties":{"line":"3","mode":"bus","color":"#4d4aba","oi":0.291,"n":2,"sw":1},"geometry":{"type":"LineString","coordinates":[[22.933356,39.361986],[22.93339,39.361959]]}},{"type":"Feature","properties":{"line":"3","mode":"bus","color":"#4d4aba","oi":0.209,"n":2,"sw":1},"geometry":{"type":"LineString","coordinates":[[22.933385,39.361963],[22.933411,39.361943],[22.933414,39.361934]]}},{"type":"Feature","properties":{"line":"3","mode":"bus","color":"#4d4aba","oi":0.13,"n":2,"sw":1},"geometry":{"type":"LineString","coordinates":[[22.933412,39.361939],[22.933426,39.361903]]}},{"type":"Feature","properties":{"line":"3","mode":"bus","color":"#4d4aba","oi":0.063,"n":2,"sw":1},"geometry":{"type":"LineString","coordinates":[[22.933424,39.361908],[22.933438,39.361872]]}},{"type":"Feature","properties":{"line":"3","mode":"bus","color":"#4d4aba","oi":0.017,"n":2,"sw":1},"geometry":{"type":"LineString","coordinates":[[22.933436,39.361877],[22.933449,39.361841]]}},{"type":"Feature","properties":{"line":"3","mode":"bus","color":"#4d4aba","oi":0,"n":2,"sw":1},"geometry":{"type":"LineString","coordinates":[[22.933447,39.361846],[22.93346,39.361812]]}},{"type":"Feature","properties":{"line":"5","mode":"bus","color":"#1cab97","oi":0.5,"n":4},"geometry":{"type":"LineString","coordinates":[[22.965675,39.35115],[22.965648,39.351181],[22.965584,39.351206],[22.965462,39.351183],[22.965416,39.351125],[22.965097,39.35104],[22.964783,39.351008],[22.964592,39.351048],[22.964553,39.351066]]}},{"type":"Feature","properties":{"line":"5","mode":"bus","color":"#1cab97","oi":0,"n":4,"sw":1},"geometry":{"type":"LineString","coordinates":[[22.965438,39.351035],[22.965477,39.351018]]}},{"type":"Feature","properties":{"line":"5","mode":"bus","color":"#1cab97","oi":0.017,"n":4,"sw":1},"geometry":{"type":"LineString","coordinates":[[22.965471,39.35102],[22.965514,39.351002]]}},{"type":"Feature","properties":{"line":"5","mode":"bus","color":"#1cab97","oi":0.063,"n":4,"sw":1},"geometry":{"type":"LineString","coordinates":[[22.965508,39.351004],[22.965543,39.350989],[22.965551,39.35099]]}},{"type":"Feature","properties":{"line":"5","mode":"bus","color":"#1cab97","oi":0.13,"n":4,"sw":1},"geometry":{"type":"LineString","coordinates":[[22.965544,39.350989],[22.965592,39.350996]]}},{"type":"Feature","properties":{"line":"5","mode":"bus","color":"#1cab97","oi":0.209,"n":4,"sw":1},"geometry":{"type":"LineString","coordinates":[[22.965586,39.350995],[22.96561,39.350998],[22.965629,39.35101]]}},{"type":"Feature","properties":{"line":"5","mode":"bus","color":"#1cab97","oi":0.291,"n":4,"sw":1},"geometry":{"type":"LineString","coordinates":[[22.965623,39.351006],[22.965661,39.35103]]}},{"type":"Feature","properties":{"line":"5","mode":"bus","color":"#1cab97","oi":0.37,"n":4,"sw":1},"geometry":{"type":"LineString","coordinates":[[22.965656,39.351027],[22.96567,39.351036],[22.965674,39.351059]]}},{"type":"Feature","properties":{"line":"5","mode":"bus","color":"#1cab97","oi":0.437,"n":4,"sw":1},"geometry":{"type":"LineString","coordinates":[[22.965673,39.351054],[22.965679,39.351091]]}},{"type":"Feature","properties":{"line":"5","mode":"bus","color":"#1cab97","oi":0.483,"n":4,"sw":1},"geometry":{"type":"LineString","coordinates":[[22.965678,39.351086],[22.965685,39.351123]]}},{"type":"Feature","properties":{"line":"5","mode":"bus","color":"#1cab97","oi":0.5,"n":4,"sw":1},"geometry":{"type":"LineString","coordinates":[[22.965684,39.351118],[22.965687,39.351136],[22.965673,39.351152]]}},{"type":"Feature","properties":{"line":"5","mode":"bus","color":"#1cab97","oi":0.5,"n":4,"sw":1},"geometry":{"type":"LineString","coordinates":[[22.964556,39.351064],[22.964514,39.351083]]}},{"type":"Feature","properties":{"line":"5","mode":"bus","color":"#1cab97","oi":0.483,"n":4,"sw":1},"geometry":{"type":"LineString","coordinates":[[22.96452,39.351081],[22.964478,39.3511]]}},{"type":"Feature","properties":{"line":"5","mode":"bus","color":"#1cab97","oi":0.437,"n":4,"sw":1},"geometry":{"type":"LineString","coordinates":[[22.964484,39.351097],[22.964442,39.351116]]}},{"type":"Feature","properties":{"line":"5","mode":"bus","color":"#1cab97","oi":0.37,"n":4,"sw":1},"geometry":{"type":"LineString","coordinates":[[22.964448,39.351114],[22.964406,39.351133]]}},{"type":"Feature","properties":{"line":"5","mode":"bus","color":"#1cab97","oi":0.291,"n":4,"sw":1},"geometry":{"type":"LineString","coordinates":[[22.964412,39.35113],[22.96437,39.351149]]}},{"type":"Feature","properties":{"line":"5","mode":"bus","color":"#1cab97","oi":0.209,"n":4,"sw":1},"geometry":{"type":"LineString","coordinates":[[22.964376,39.351146],[22.964334,39.351166]]}},{"type":"Feature","properties":{"line":"5","mode":"bus","color":"#1cab97","oi":0.13,"n":4,"sw":1},"geometry":{"type":"LineString","coordinates":[[22.96434,39.351163],[22.964298,39.351182]]}},{"type":"Feature","properties":{"line":"5","mode":"bus","color":"#1cab97","oi":0.063,"n":4,"sw":1},"geometry":{"type":"LineString","coordinates":[[22.964304,39.351179],[22.964262,39.351198]]}},{"type":"Feature","properties":{"line":"5","mode":"bus","color":"#1cab97","oi":0.017,"n":4,"sw":1},"geometry":{"type":"LineString","coordinates":[[22.964268,39.351196],[22.964226,39.351215]]}},{"type":"Feature","properties":{"line":"5","mode":"bus","color":"#1cab97","oi":0,"n":4,"sw":1},"geometry":{"type":"LineString","coordinates":[[22.964232,39.351212],[22.964193,39.35123]]}},{"type":"Feature","properties":{"line":"5","mode":"bus","color":"#1cab97","oi":0,"n":1},"geometry":{"type":"LineString","coordinates":[[22.990992,39.351532],[22.991529,39.351581],[22.991625,39.351629],[22.991706,39.351736],[22.991806,39.351774],[22.991862,39.351773],[22.99196,39.351734],[22.992011,39.351614],[22.992142,39.351508],[22.992607,39.351323],[22.992618,39.351319],[22.992625,39.351316],[22.992627,39.351314],[22.992624,39.351314],[22.992616,39.351315],[22.992604,39.351318],[22.992052,39.35146],[22.991528,39.351522],[22.990864,39.351529],[22.989475,39.35147],[22.988712,39.351414],[22.988372,39.351418],[22.987422,39.351629],[22.987164,39.351663],[22.984108,39.351297],[22.983661,39.351223],[22.980233,39.350423],[22.980021,39.35033],[22.97906,39.349786],[22.978906,39.34967],[22.978599,39.349281],[22.978455,39.349178],[22.978276,39.349097],[22.978058,39.349044],[22.977866,39.349026],[22.977701,39.349038],[22.977195,39.349131],[22.97703,39.349128],[22.976908,39.349094],[22.976755,39.349011],[22.976659,39.348895],[22.976553,39.348448],[22.976485,39.348311],[22.976291,39.348128],[22.976116,39.348036],[22.97592,39.347988],[22.975642,39.34796],[22.974393,39.347998],[22.973526,39.347802],[22.973023,39.347768],[22.972393,39.347772],[22.972178,39.3478],[22.971797,39.347929],[22.971395,39.34812],[22.971228,39.348164],[22.971049,39.348162],[22.970584,39.348091],[22.970376,39.348106],[22.970264,39.348145],[22.969741,39.348462],[22.969001,39.348765],[22.968477,39.349138],[22.967969,39.349289],[22.967578,39.349455],[22.967254,39.34969],[22.965926,39.350874]]}},{"type":"Feature","properties":{"line":"5","mode":"bus","color":"#1cab97","oi":0,"n":1},"geometry":{"type":"LineString","coordinates":[[23.054316,39.328457],[23.054356,39.328739],[23.05507,39.329754],[23.055089,39.329861],[23.05505,39.33009],[23.054685,39.330783],[23.054671,39.330893],[23.054707,39.330989],[23.054779,39.331057],[23.054921,39.331122],[23.055095,39.331123],[23.055388,39.330958],[23.056112,39.330327],[23.056445,39.329948],[23.056862,39.329537],[23.057226,39.32926],[23.05743,39.329155],[23.058123,39.328718],[23.05814,39.328702],[23.058145,39.328684],[23.058136,39.328664],[23.058087,39.328598],[23.057771,39.327931],[23.057567,39.32768],[23.057432,39.327583],[23.057314,39.327562],[23.056905,39.327567],[23.056163,39.327606],[23.055437,39.327794],[23.055172,39.32798],[23.054585,39.328511],[23.054468,39.328522],[23.054379,39.328502],[23.054338,39.328473],[23.054321,39.328455],[23.054315,39.328434],[23.054296,39.327802],[23.054114,39.327163],[23.054065,39.32668],[23.054019,39.326548],[23.05392,39.326448],[23.053242,39.325979],[23.052899,39.325696]]}},{"type":"Feature","properties":{"line":"5","mode":"bus","color":"#1cab97","oi":0,"n":1},"geometry":{"type":"LineString","coordinates":[[23.036883,39.330928],[23.03538,39.331243],[23.035217,39.331334],[23.034895,39.331629],[23.034741,39.331738],[23.033701,39.332268],[23.033086,39.332726],[23.032895,39.33279],[23.032717,39.332785],[23.03237,39.3327],[23.032183,39.332684],[23.030996,39.332679],[23.030557,39.332547],[23.029705,39.332132],[23.029399,39.332047],[23.029077,39.332018],[23.028754,39.332047],[23.028448,39.332131],[23.028261,39.332216],[23.027947,39.332404],[23.027721,39.332491],[23.027597,39.332509],[23.026499,39.332483],[23.025715,39.3325],[23.025253,39.332571],[23.024197,39.332852],[23.023757,39.333022],[23.023218,39.333272],[23.020838,39.33448],[23.020235,39.334734],[23.019264,39.335088],[23.019044,39.335227],[23.017649,39.336296],[23.017228,39.336692],[23.016923,39.336909],[23.015359,39.337677],[23.014394,39.338215],[23.013776,39.338526],[23.013344,39.338654],[23.012424,39.338813],[23.012194,39.338878],[23.012097,39.338932],[23.011352,39.339577],[23.011144,39.339717],[23.010898,39.33981],[23.00979,39.340002],[23.009239,39.34005],[23.008623,39.340039],[23.007171,39.33993],[23.005194,39.339917],[23.004263,39.340042],[23.003747,39.340136],[23.003554,39.340192],[23.003291,39.34035],[23.003097,39.340572],[23.003013,39.340719],[23.002889,39.34105],[23.00271,39.341296],[23.001766,39.342017],[23.00163,39.342093],[23.001485,39.342137],[23.000627,39.34225],[23.00033,39.342317],[23.000043,39.342446],[22.999847,39.342612],[22.999656,39.34289],[22.99943,39.343299],[22.999328,39.343591],[22.999025,39.34519],[22.998889,39.346364],[22.998765,39.346665],[22.998627,39.346883],[22.998489,39.347044],[22.998277,39.347228],[22.997614,39.347687],[22.997043,39.348396],[22.996839,39.348582],[22.996238,39.348953],[22.995305,39.349341],[22.995024,39.34948],[22.994767,39.349718],[22.994233,39.350395],[22.993999,39.350605],[22.993184,39.35108],[22.992921,39.351207],[22.992648,39.351307]]}},{"type":"Feature","properties":{"line":"5","mode":"bus","color":"#1cab97","oi":0,"n":1},"geometry":{"type":"LineString","coordinates":[[23.040807,39.330738],[23.041276,39.330751],[23.041615,39.330706],[23.041777,39.330648],[23.041966,39.330536],[23.042461,39.330126],[23.042849,39.329893],[23.044358,39.329239],[23.045131,39.328949],[23.04537,39.328896],[23.046153,39.328788],[23.046862,39.328607],[23.047341,39.328439],[23.048225,39.327996],[23.048576,39.32789],[23.049543,39.327668],[23.050764,39.327503],[23.051327,39.327407],[23.051525,39.327337],[23.051668,39.327216],[23.052254,39.326511],[23.052511,39.325981],[23.052899,39.325696],[23.053279,39.324875],[23.053603,39.324518],[23.054275,39.323512],[23.054285,39.32348],[23.054271,39.323449],[23.053775,39.322833],[23.053379,39.322212],[23.053131,39.321627],[23.052805,39.321011],[23.052299,39.320197],[23.051789,39.319548],[23.050863,39.318596],[23.050692,39.318218],[23.049704,39.316705],[23.048862,39.315265],[23.048644,39.314838]]}},{"type":"Feature","properties":{"line":"5","mode":"bus","color":"#1cab97","oi":0,"n":1},"geometry":{"type":"LineString","coordinates":[[23.040807,39.330738],[23.040487,39.330666],[23.039996,39.330481],[23.03981,39.330456],[23.037727,39.330627],[23.037525,39.33068],[23.037131,39.330862],[23.036927,39.330916],[23.036915,39.33092],[23.036908,39.330923],[23.036906,39.330924],[23.036908,39.330926],[23.036916,39.330926],[23.036929,39.330925],[23.040353,39.330732],[23.040807,39.330738]]}},{"type":"Feature","properties":{"line":"5","mode":"bus","color":"#1cab97","oi":0,"n":1},"geometry":{"type":"LineString","coordinates":[[23.043583,39.329573],[23.043603,39.329607],[23.043607,39.329613],[23.043611,39.329616],[23.043615,39.329616],[23.04362,39.329613],[23.043624,39.329607],[23.043668,39.329534]]}},{"type":"Feature","properties":{"line":"5","mode":"bus","color":"#1cab97","oi":0,"n":1},"geometry":{"type":"LineString","coordinates":[[22.999242,39.343989],[23.001687,39.344216],[23.001707,39.344215],[23.001722,39.34421],[23.00173,39.344199],[23.001734,39.344184],[23.001752,39.343194],[23.0018,39.343073],[23.003284,39.341915],[23.003508,39.34181],[23.012599,39.341811],[23.012627,39.341807],[23.012649,39.341797],[23.012666,39.341779],[23.015359,39.337677]]}},{"type":"Feature","properties":{"line":"5","mode":"bus","color":"#1cab97","oi":0,"n":1},"geometry":{"type":"LineString","coordinates":[[23.017383,39.336469],[23.017429,39.336497]]}},{"type":"Feature","properties":{"line":"5","mode":"bus","color":"#1cab97","oi":0,"n":1},"geometry":{"type":"LineString","coordinates":[[22.965622,39.351003],[22.965885,39.350891],[22.965897,39.350887],[22.965905,39.350885],[22.965909,39.350885],[22.965909,39.350888],[22.965905,39.350894],[22.965897,39.350902],[22.965696,39.351098]]}},{"type":"Feature","properties":{"line":"5","mode":"bus","color":"#1cab97","oi":0.5,"n":2},"geometry":{"type":"LineString","coordinates":[[22.965416,39.351125],[22.965427,39.35108]]}},{"type":"Feature","properties":{"line":"5","mode":"bus","color":"#1cab97","oi":0.5,"n":2,"sw":1},"geometry":{"type":"LineString","coordinates":[[22.965426,39.351083],[22.96543,39.351068]]}},{"type":"Feature","properties":{"line":"5","mode":"bus","color":"#1cab97","oi":0.422,"n":2,"sw":1},"geometry":{"type":"LineString","coordinates":[[22.965429,39.351074],[22.965432,39.351059]]}},{"type":"Feature","properties":{"line":"5","mode":"bus","color":"#1cab97","oi":0.25,"n":2,"sw":1},"geometry":{"type":"LineString","coordinates":[[22.965431,39.351065],[22.965434,39.35105]]}},{"type":"Feature","properties":{"line":"5","mode":"bus","color":"#1cab97","oi":0.078,"n":2,"sw":1},"geometry":{"type":"LineString","coordinates":[[22.965433,39.351056],[22.965436,39.351041]]}},{"type":"Feature","properties":{"line":"5","mode":"bus","color":"#1cab97","oi":0,"n":2,"sw":1},"geometry":{"type":"LineString","coordinates":[[22.965435,39.351047],[22.965438,39.351035]]}},{"type":"Feature","properties":{"line":"5","mode":"bus","color":"#1cab97","oi":0,"n":3},"geometry":{"type":"LineString","coordinates":[[22.962744,39.352617],[22.961514,39.353768],[22.959819,39.354778],[22.958001,39.35572],[22.956115,39.356647],[22.952254,39.358597],[22.952235,39.358604],[22.952219,39.358604],[22.952204,39.358599],[22.95219,39.358586],[22.951491,39.357719],[22.951391,39.357678],[22.951236,39.357683],[22.946269,39.360061]]}},{"type":"Feature","properties":{"line":"5","mode":"bus","color":"#1cab97","oi":0,"n":3},"geometry":{"type":"LineString","coordinates":[[22.951702,39.357981],[22.945704,39.361032]]}},{"type":"Feature","properties":{"line":"5","mode":"bus","color":"#1cab97","oi":0,"n":3},"geometry":{"type":"LineString","coordinates":[[22.965097,39.35104],[22.965438,39.351035]]}},{"type":"Feature","properties":{"line":"11","mode":"bus","color":"#b0045c","oi":-0.5,"n":4},"geometry":{"type":"LineString","coordinates":[[22.965438,39.351035],[22.965543,39.350989],[22.96561,39.350998],[22.96567,39.351036],[22.965679,39.351086]]}},{"type":"Feature","properties":{"line":"11","mode":"bus","color":"#b0045c","oi":-0.5,"n":4,"sw":1},"geometry":{"type":"LineString","coordinates":[[22.965678,39.351084],[22.965683,39.351115]]}},{"type":"Feature","properties":{"line":"11","mode":"bus","color":"#b0045c","oi":-0.483,"n":4,"sw":1},"geometry":{"type":"LineString","coordinates":[[22.965682,39.351109],[22.965687,39.351136],[22.965684,39.351139]]}},{"type":"Feature","properties":{"line":"11","mode":"bus","color":"#b0045c","oi":-0.437,"n":4,"sw":1},"geometry":{"type":"LineString","coordinates":[[22.965687,39.351135],[22.965687,39.351136],[22.965666,39.351161]]}},{"type":"Feature","properties":{"line":"11","mode":"bus","color":"#b0045c","oi":-0.37,"n":4,"sw":1},"geometry":{"type":"LineString","coordinates":[[22.965669,39.351156],[22.965648,39.351181],[22.965647,39.351182]]}},{"type":"Feature","properties":{"line":"11","mode":"bus","color":"#b0045c","oi":-0.291,"n":4,"sw":1},"geometry":{"type":"LineString","coordinates":[[22.965651,39.351178],[22.965648,39.351181],[22.965617,39.351193]]}},{"type":"Feature","properties":{"line":"11","mode":"bus","color":"#b0045c","oi":-0.209,"n":4,"sw":1},"geometry":{"type":"LineString","coordinates":[[22.965623,39.351191],[22.965587,39.351205]]}},{"type":"Feature","properties":{"line":"11","mode":"bus","color":"#b0045c","oi":-0.13,"n":4,"sw":1},"geometry":{"type":"LineString","coordinates":[[22.965593,39.351202],[22.965584,39.351206],[22.965555,39.351201]]}},{"type":"Feature","properties":{"line":"11","mode":"bus","color":"#b0045c","oi":-0.063,"n":4,"sw":1},"geometry":{"type":"LineString","coordinates":[[22.965562,39.351202],[22.965523,39.351195]]}},{"type":"Feature","properties":{"line":"11","mode":"bus","color":"#b0045c","oi":-0.017,"n":4,"sw":1},"geometry":{"type":"LineString","coordinates":[[22.96553,39.351196],[22.965491,39.351188]]}},{"type":"Feature","properties":{"line":"11","mode":"bus","color":"#b0045c","oi":0,"n":4,"sw":1},"geometry":{"type":"LineString","coordinates":[[22.965498,39.35119],[22.965462,39.351183]]}},{"type":"Feature","properties":{"line":"11","mode":"bus","color":"#b0045c","oi":-0.5,"n":4},"geometry":{"type":"LineString","coordinates":[[22.965104,39.351042],[22.965097,39.35104],[22.964783,39.351008],[22.964592,39.351048],[22.964553,39.351066]]}},{"type":"Feature","properties":{"line":"11","mode":"bus","color":"#b0045c","oi":0,"n":4,"sw":1},"geometry":{"type":"LineString","coordinates":[[22.965462,39.351183],[22.965438,39.351153]]}},{"type":"Feature","properties":{"line":"11","mode":"bus","color":"#b0045c","oi":-0.017,"n":4,"sw":1},"geometry":{"type":"LineString","coordinates":[[22.965442,39.351158],[22.965416,39.351125]]}},{"type":"Feature","properties":{"line":"11","mode":"bus","color":"#b0045c","oi":-0.063,"n":4,"sw":1},"geometry":{"type":"LineString","coordinates":[[22.96542,39.35113],[22.965416,39.351125],[22.965377,39.351115]]}},{"type":"Feature","properties":{"line":"11","mode":"bus","color":"#b0045c","oi":-0.13,"n":4,"sw":1},"geometry":{"type":"LineString","coordinates":[[22.965384,39.351116],[22.965338,39.351104]]}},{"type":"Feature","properties":{"line":"11","mode":"bus","color":"#b0045c","oi":-0.209,"n":4,"sw":1},"geometry":{"type":"LineString","coordinates":[[22.965344,39.351106],[22.965298,39.351094]]}},{"type":"Feature","properties":{"line":"11","mode":"bus","color":"#b0045c","oi":-0.291,"n":4,"sw":1},"geometry":{"type":"LineString","coordinates":[[22.965305,39.351095],[22.965259,39.351083]]}},{"type":"Feature","properties":{"line":"11","mode":"bus","color":"#b0045c","oi":-0.37,"n":4,"sw":1},"geometry":{"type":"LineString","coordinates":[[22.965265,39.351085],[22.965219,39.351073]]}},{"type":"Feature","properties":{"line":"11","mode":"bus","color":"#b0045c","oi":-0.437,"n":4,"sw":1},"geometry":{"type":"LineString","coordinates":[[22.965226,39.351074],[22.965179,39.351062]]}},{"type":"Feature","properties":{"line":"11","mode":"bus","color":"#b0045c","oi":-0.483,"n":4,"sw":1},"geometry":{"type":"LineString","coordinates":[[22.965186,39.351064],[22.96514,39.351051]]}},{"type":"Feature","properties":{"line":"11","mode":"bus","color":"#b0045c","oi":-0.5,"n":4,"sw":1},"geometry":{"type":"LineString","coordinates":[[22.965146,39.351053],[22.9651,39.351041]]}},{"type":"Feature","properties":{"line":"11","mode":"bus","color":"#b0045c","oi":-0.5,"n":4,"sw":1},"geometry":{"type":"LineString","coordinates":[[22.964556,39.351064],[22.964514,39.351083]]}},{"type":"Feature","properties":{"line":"11","mode":"bus","color":"#b0045c","oi":-0.483,"n":4,"sw":1},"geometry":{"type":"LineString","coordinates":[[22.96452,39.351081],[22.964478,39.3511]]}},{"type":"Feature","properties":{"line":"11","mode":"bus","color":"#b0045c","oi":-0.437,"n":4,"sw":1},"geometry":{"type":"LineString","coordinates":[[22.964484,39.351097],[22.964442,39.351116]]}},{"type":"Feature","properties":{"line":"11","mode":"bus","color":"#b0045c","oi":-0.37,"n":4,"sw":1},"geometry":{"type":"LineString","coordinates":[[22.964448,39.351114],[22.964406,39.351133]]}},{"type":"Feature","properties":{"line":"11","mode":"bus","color":"#b0045c","oi":-0.291,"n":4,"sw":1},"geometry":{"type":"LineString","coordinates":[[22.964412,39.35113],[22.96437,39.351149]]}},{"type":"Feature","properties":{"line":"11","mode":"bus","color":"#b0045c","oi":-0.209,"n":4,"sw":1},"geometry":{"type":"LineString","coordinates":[[22.964376,39.351146],[22.964334,39.351166]]}},{"type":"Feature","properties":{"line":"11","mode":"bus","color":"#b0045c","oi":-0.13,"n":4,"sw":1},"geometry":{"type":"LineString","coordinates":[[22.96434,39.351163],[22.964298,39.351182]]}},{"type":"Feature","properties":{"line":"11","mode":"bus","color":"#b0045c","oi":-0.063,"n":4,"sw":1},"geometry":{"type":"LineString","coordinates":[[22.964304,39.351179],[22.964262,39.351198]]}},{"type":"Feature","properties":{"line":"11","mode":"bus","color":"#b0045c","oi":-0.017,"n":4,"sw":1},"geometry":{"type":"LineString","coordinates":[[22.964268,39.351196],[22.964226,39.351215]]}},{"type":"Feature","properties":{"line":"11","mode":"bus","color":"#b0045c","oi":0,"n":4,"sw":1},"geometry":{"type":"LineString","coordinates":[[22.964232,39.351212],[22.964193,39.35123]]}},{"type":"Feature","properties":{"line":"11","mode":"bus","color":"#b0045c","oi":-0.5,"n":4},"geometry":{"type":"LineString","coordinates":[[22.933333,39.362099],[22.931391,39.362942],[22.931183,39.363107]]}},{"type":"Feature","properties":{"line":"11","mode":"bus","color":"#b0045c","oi":0,"n":4,"sw":1},"geometry":{"type":"LineString","coordinates":[[22.933698,39.361941],[22.933658,39.361958]]}},{"type":"Feature","properties":{"line":"11","mode":"bus","color":"#b0045c","oi":-0.017,"n":4,"sw":1},"geometry":{"type":"LineString","coordinates":[[22.933665,39.361956],[22.933622,39.361974]]}},{"type":"Feature","properties":{"line":"11","mode":"bus","color":"#b0045c","oi":-0.063,"n":4,"sw":1},"geometry":{"type":"LineString","coordinates":[[22.933628,39.361971],[22.933586,39.36199]]}},{"type":"Feature","properties":{"line":"11","mode":"bus","color":"#b0045c","oi":-0.13,"n":4,"sw":1},"geometry":{"type":"LineString","coordinates":[[22.933592,39.361987],[22.933549,39.362006]]}},{"type":"Feature","properties":{"line":"11","mode":"bus","color":"#b0045c","oi":-0.209,"n":4,"sw":1},"geometry":{"type":"LineString","coordinates":[[22.933555,39.362003],[22.933513,39.362021]]}},{"type":"Feature","properties":{"line":"11","mode":"bus","color":"#b0045c","oi":-0.291,"n":4,"sw":1},"geometry":{"type":"LineString","coordinates":[[22.933519,39.362019],[22.933476,39.362037]]}},{"type":"Feature","properties":{"line":"11","mode":"bus","color":"#b0045c","oi":-0.37,"n":4,"sw":1},"geometry":{"type":"LineString","coordinates":[[22.933482,39.362035],[22.93344,39.362053]]}},{"type":"Feature","properties":{"line":"11","mode":"bus","color":"#b0045c","oi":-0.437,"n":4,"sw":1},"geometry":{"type":"LineString","coordinates":[[22.933446,39.36205],[22.933403,39.362069]]}},{"type":"Feature","properties":{"line":"11","mode":"bus","color":"#b0045c","oi":-0.483,"n":4,"sw":1},"geometry":{"type":"LineString","coordinates":[[22.933409,39.362066],[22.933367,39.362085]]}},{"type":"Feature","properties":{"line":"11","mode":"bus","color":"#b0045c","oi":-0.5,"n":4,"sw":1},"geometry":{"type":"LineString","coordinates":[[22.933373,39.362082],[22.93333,39.362101]]}},{"type":"Feature","properties":{"line":"11","mode":"bus","color":"#b0045c","oi":-1,"n":3},"geometry":{"type":"LineString","coordinates":[[22.931129,39.363109],[22.931075,39.363111]]}},{"type":"Feature","properties":{"line":"11","mode":"bus","color":"#b0045c","oi":0,"n":3,"sw":1},"geometry":{"type":"LineString","coordinates":[[22.931183,39.363107],[22.931169,39.363108]]}},{"type":"Feature","properties":{"line":"11","mode":"bus","color":"#b0045c","oi":-0.156,"n":3,"sw":1},"geometry":{"type":"LineString","coordinates":[[22.931176,39.363107],[22.931158,39.363108]]}},{"type":"Feature","properties":{"line":"11","mode":"bus","color":"#b0045c","oi":-0.5,"n":3,"sw":1},"geometry":{"type":"LineString","coordinates":[[22.931165,39.363108],[22.931147,39.363108]]}},{"type":"Feature","properties":{"line":"11","mode":"bus","color":"#b0045c","oi":-0.844,"n":3,"sw":1},"geometry":{"type":"LineString","coordinates":[[22.931154,39.363108],[22.931136,39.363109]]}},{"type":"Feature","properties":{"line":"11","mode":"bus","color":"#b0045c","oi":-1,"n":3,"sw":1},"geometry":{"type":"LineString","coordinates":[[22.931143,39.363108],[22.931126,39.363109]]}},{"type":"Feature","properties":{"line":"11","mode":"bus","color":"#b0045c","oi":-1,"n":3},"geometry":{"type":"LineString","coordinates":[[22.929921,39.363481],[22.93091,39.363038],[22.93094,39.363019],[22.930952,39.363007],[22.930958,39.362992],[22.930962,39.362944],[22.93103,39.362878],[22.931135,39.362857],[22.931236,39.362892],[22.931342,39.362869],[22.931865,39.362644]]}},{"type":"Feature","properties":{"line":"11","mode":"bus","color":"#b0045c","oi":-0.5,"n":2},"geometry":{"type":"LineString","coordinates":[[22.930712,39.363272],[22.925771,39.365465],[22.924693,39.365975],[22.923537,39.366595],[22.923415,39.366682],[22.923351,39.366765],[22.923352,39.366832],[22.92344,39.366989],[22.923536,39.367066],[22.923544,39.367074],[22.923549,39.367079],[22.923549,39.367082],[22.923545,39.367084],[22.923537,39.367083],[22.923524,39.36708],[22.923092,39.36696]]}},{"type":"Feature","properties":{"line":"11","mode":"bus","color":"#b0045c","oi":0,"n":2,"sw":1},"geometry":{"type":"LineString","coordinates":[[22.931075,39.363111],[22.931036,39.363128]]}},{"type":"Feature","properties":{"line":"11","mode":"bus","color":"#b0045c","oi":-0.017,"n":2,"sw":1},"geometry":{"type":"LineString","coordinates":[[22.931042,39.363126],[22.930999,39.363145]]}},{"type":"Feature","properties":{"line":"11","mode":"bus","color":"#b0045c","oi":-0.063,"n":2,"sw":1},"geometry":{"type":"LineString","coordinates":[[22.931005,39.363142],[22.930963,39.363161]]}},{"type":"Feature","properties":{"line":"11","mode":"bus","color":"#b0045c","oi":-0.13,"n":2,"sw":1},"geometry":{"type":"LineString","coordinates":[[22.930969,39.363158],[22.930927,39.363177]]}},{"type":"Feature","properties":{"line":"11","mode":"bus","color":"#b0045c","oi":-0.209,"n":2,"sw":1},"geometry":{"type":"LineString","coordinates":[[22.930933,39.363174],[22.930891,39.363193]]}},{"type":"Feature","properties":{"line":"11","mode":"bus","color":"#b0045c","oi":-0.291,"n":2,"sw":1},"geometry":{"type":"LineString","coordinates":[[22.930897,39.36319],[22.930854,39.363209]]}},{"type":"Feature","properties":{"line":"11","mode":"bus","color":"#b0045c","oi":-0.37,"n":2,"sw":1},"geometry":{"type":"LineString","coordinates":[[22.93086,39.363206],[22.930818,39.363225]]}},{"type":"Feature","properties":{"line":"11","mode":"bus","color":"#b0045c","oi":-0.437,"n":2,"sw":1},"geometry":{"type":"LineString","coordinates":[[22.930824,39.363222],[22.930782,39.363241]]}},{"type":"Feature","properties":{"line":"11","mode":"bus","color":"#b0045c","oi":-0.483,"n":2,"sw":1},"geometry":{"type":"LineString","coordinates":[[22.930788,39.363238],[22.930745,39.363257]]}},{"type":"Feature","properties":{"line":"11","mode":"bus","color":"#b0045c","oi":-0.5,"n":2,"sw":1},"geometry":{"type":"LineString","coordinates":[[22.930751,39.363255],[22.930709,39.363273]]}},{"type":"Feature","properties":{"line":"11","mode":"bus","color":"#b0045c","oi":-0.5,"n":2},"geometry":{"type":"LineString","coordinates":[[22.922965,39.366719],[22.92305,39.366657],[22.923178,39.366642],[22.923313,39.366591],[22.925451,39.365498],[22.92956,39.363644]]}},{"type":"Feature","properties":{"line":"11","mode":"bus","color":"#b0045c","oi":-0.5,"n":2,"sw":1},"geometry":{"type":"LineString","coordinates":[[22.929557,39.363645],[22.929599,39.363626]]}},{"type":"Feature","properties":{"line":"11","mode":"bus","color":"#b0045c","oi":-0.517,"n":2,"sw":1},"geometry":{"type":"LineString","coordinates":[[22.929593,39.363629],[22.929635,39.36361]]}},{"type":"Feature","properties":{"line":"11","mode":"bus","color":"#b0045c","oi":-0.563,"n":2,"sw":1},"geometry":{"type":"LineString","coordinates":[[22.929629,39.363613],[22.929671,39.363594]]}},{"type":"Feature","properties":{"line":"11","mode":"bus","color":"#b0045c","oi":-0.63,"n":2,"sw":1},"geometry":{"type":"LineString","coordinates":[[22.929665,39.363596],[22.929707,39.363577]]}},{"type":"Feature","properties":{"line":"11","mode":"bus","color":"#b0045c","oi":-0.709,"n":2,"sw":1},"geometry":{"type":"LineString","coordinates":[[22.929701,39.36358],[22.929743,39.363561]]}},{"type":"Feature","properties":{"line":"11","mode":"bus","color":"#b0045c","oi":-0.791,"n":2,"sw":1},"geometry":{"type":"LineString","coordinates":[[22.929737,39.363564],[22.929779,39.363545]]}},{"type":"Feature","properties":{"line":"11","mode":"bus","color":"#b0045c","oi":-0.87,"n":2,"sw":1},"geometry":{"type":"LineString","coordinates":[[22.929773,39.363548],[22.929816,39.363529]]}},{"type":"Feature","properties":{"line":"11","mode":"bus","color":"#b0045c","oi":-0.937,"n":2,"sw":1},"geometry":{"type":"LineString","coordinates":[[22.92981,39.363531],[22.929852,39.363512]]}},{"type":"Feature","properties":{"line":"11","mode":"bus","color":"#b0045c","oi":-0.983,"n":2,"sw":1},"geometry":{"type":"LineString","coordinates":[[22.929846,39.363515],[22.929888,39.363496]]}},{"type":"Feature","properties":{"line":"11","mode":"bus","color":"#b0045c","oi":-1,"n":2,"sw":1},"geometry":{"type":"LineString","coordinates":[[22.929882,39.363499],[22.929921,39.363481]]}},{"type":"Feature","properties":{"line":"11","mode":"bus","color":"#b0045c","oi":-0.5,"n":2},"geometry":{"type":"LineString","coordinates":[[22.962483,39.360271],[22.963011,39.360246],[22.963147,39.360187],[22.965003,39.357997],[22.966412,39.356382]]}},{"type":"Feature","properties":{"line":"11","mode":"bus","color":"#b0045c","oi":-0.5,"n":2,"sw":1},"geometry":{"type":"LineString","coordinates":[[22.96641,39.356384],[22.96643,39.356361],[22.966434,39.356352]]}},{"type":"Feature","properties":{"line":"11","mode":"bus","color":"#b0045c","oi":-0.483,"n":2,"sw":1},"geometry":{"type":"LineString","coordinates":[[22.966432,39.356357],[22.966447,39.356321]]}},{"type":"Feature","properties":{"line":"11","mode":"bus","color":"#b0045c","oi":-0.437,"n":2,"sw":1},"geometry":{"type":"LineString","coordinates":[[22.966445,39.356326],[22.966461,39.35629]]}},{"type":"Feature","properties":{"line":"11","mode":"bus","color":"#b0045c","oi":-0.37,"n":2,"sw":1},"geometry":{"type":"LineString","coordinates":[[22.966458,39.356295],[22.966474,39.35626]]}},{"type":"Feature","properties":{"line":"11","mode":"bus","color":"#b0045c","oi":-0.291,"n":2,"sw":1},"geometry":{"type":"LineString","coordinates":[[22.966472,39.356265],[22.966487,39.356229]]}},{"type":"Feature","properties":{"line":"11","mode":"bus","color":"#b0045c","oi":-0.209,"n":2,"sw":1},"geometry":{"type":"LineString","coordinates":[[22.966485,39.356234],[22.966501,39.356198]]}},{"type":"Feature","properties":{"line":"11","mode":"bus","color":"#b0045c","oi":-0.13,"n":2,"sw":1},"geometry":{"type":"LineString","coordinates":[[22.966499,39.356203],[22.966514,39.356168]]}},{"type":"Feature","properties":{"line":"11","mode":"bus","color":"#b0045c","oi":-0.063,"n":2,"sw":1},"geometry":{"type":"LineString","coordinates":[[22.966512,39.356173],[22.966527,39.356137]]}},{"type":"Feature","properties":{"line":"11","mode":"bus","color":"#b0045c","oi":-0.017,"n":2,"sw":1},"geometry":{"type":"LineString","coordinates":[[22.966525,39.356142],[22.966541,39.356106]]}},{"type":"Feature","properties":{"line":"11","mode":"bus","color":"#b0045c","oi":0,"n":2,"sw":1},"geometry":{"type":"LineString","coordinates":[[22.966539,39.356111],[22.966553,39.356078]]}},{"type":"Feature","properties":{"line":"11","mode":"bus","color":"#b0045c","oi":-0.5,"n":2},"geometry":{"type":"LineString","coordinates":[[22.95304,39.365318],[22.954867,39.364301],[22.956682,39.36318],[22.957434,39.362747],[22.962444,39.36029],[22.962454,39.360284],[22.96246,39.36028],[22.962462,39.360277],[22.962458,39.360275],[22.96245,39.360274],[22.962437,39.360275],[22.962205,39.360293],[22.95739,39.362695],[22.954814,39.364241],[22.95323,39.365116]]}},{"type":"Feature","properties":{"line":"11","mode":"bus","color":"#b0045c","oi":1,"n":2,"sw":1},"geometry":{"type":"LineString","coordinates":[[22.9527,39.365507],[22.952716,39.365498]]}},{"type":"Feature","properties":{"line":"11","mode":"bus","color":"#b0045c","oi":0.993,"n":2,"sw":1},"geometry":{"type":"LineString","coordinates":[[22.95271,39.365501],[22.952729,39.365491]]}},{"type":"Feature","properties":{"line":"11","mode":"bus","color":"#b0045c","oi":0.973,"n":2,"sw":1},"geometry":{"type":"LineString","coordinates":[[22.952723,39.365494],[22.952742,39.365484]]}},{"type":"Feature","properties":{"line":"11","mode":"bus","color":"#b0045c","oi":0.94,"n":2,"sw":1},"geometry":{"type":"LineString","coordinates":[[22.952736,39.365487],[22.952755,39.365476]]}},{"type":"Feature","properties":{"line":"11","mode":"bus","color":"#b0045c","oi":0.897,"n":2,"sw":1},"geometry":{"type":"LineString","coordinates":[[22.952749,39.365479],[22.952768,39.365469]]}},{"type":"Feature","properties":{"line":"11","mode":"bus","color":"#b0045c","oi":0.844,"n":2,"sw":1},"geometry":{"type":"LineString","coordinates":[[22.952762,39.365472],[22.952781,39.365462]]}},{"type":"Feature","properties":{"line":"11","mode":"bus","color":"#b0045c","oi":0.782,"n":2,"sw":1},"geometry":{"type":"LineString","coordinates":[[22.952776,39.365465],[22.952794,39.365455]]}},{"type":"Feature","properties":{"line":"11","mode":"bus","color":"#b0045c","oi":0.713,"n":2,"sw":1},"geometry":{"type":"LineString","coordinates":[[22.952789,39.365458],[22.952807,39.365447]]}},{"type":"Feature","properties":{"line":"11","mode":"bus","color":"#b0045c","oi":0.638,"n":2,"sw":1},"geometry":{"type":"LineString","coordinates":[[22.952802,39.36545],[22.95282,39.36544]]}},{"type":"Feature","properties":{"line":"11","mode":"bus","color":"#b0045c","oi":0.557,"n":2,"sw":1},"geometry":{"type":"LineString","coordinates":[[22.952815,39.365443],[22.952833,39.365433]]}},{"type":"Feature","properties":{"line":"11","mode":"bus","color":"#b0045c","oi":0.472,"n":2,"sw":1},"geometry":{"type":"LineString","coordinates":[[22.952828,39.365436],[22.952847,39.365425]]}},{"type":"Feature","properties":{"line":"11","mode":"bus","color":"#b0045c","oi":0.384,"n":2,"sw":1},"geometry":{"type":"LineString","coordinates":[[22.952841,39.365429],[22.95286,39.365418]]}},{"type":"Feature","properties":{"line":"11","mode":"bus","color":"#b0045c","oi":0.295,"n":2,"sw":1},"geometry":{"type":"LineString","coordinates":[[22.952854,39.365421],[22.952873,39.365411]]}},{"type":"Feature","properties":{"line":"11","mode":"bus","color":"#b0045c","oi":0.205,"n":2,"sw":1},"geometry":{"type":"LineString","coordinates":[[22.952867,39.365414],[22.952886,39.365404]]}},{"type":"Feature","properties":{"line":"11","mode":"bus","color":"#b0045c","oi":0.116,"n":2,"sw":1},"geometry":{"type":"LineString","coordinates":[[22.95288,39.365407],[22.952899,39.365396]]}},{"type":"Feature","properties":{"line":"11","mode":"bus","color":"#b0045c","oi":0.028,"n":2,"sw":1},"geometry":{"type":"LineString","coordinates":[[22.952893,39.3654],[22.952912,39.365389]]}},{"type":"Feature","properties":{"line":"11","mode":"bus","color":"#b0045c","oi":-0.057,"n":2,"sw":1},"geometry":{"type":"LineString","coordinates":[[22.952906,39.365392],[22.952925,39.365382]]}},{"type":"Feature","properties":{"line":"11","mode":"bus","color":"#b0045c","oi":-0.138,"n":2,"sw":1},"geometry":{"type":"LineString","coordinates":[[22.952919,39.365385],[22.952938,39.365375]]}},{"type":"Feature","properties":{"line":"11","mode":"bus","color":"#b0045c","oi":-0.213,"n":2,"sw":1},"geometry":{"type":"LineString","coordinates":[[22.952932,39.365378],[22.952951,39.365367]]}},{"type":"Feature","properties":{"line":"11","mode":"bus","color":"#b0045c","oi":-0.282,"n":2,"sw":1},"geometry":{"type":"LineString","coordinates":[[22.952945,39.36537],[22.952964,39.36536]]}},{"type":"Feature","properties":{"line":"11","mode":"bus","color":"#b0045c","oi":-0.344,"n":2,"sw":1},"geometry":{"type":"LineString","coordinates":[[22.952958,39.365363],[22.952977,39.365353]]}},{"type":"Feature","properties":{"line":"11","mode":"bus","color":"#b0045c","oi":-0.397,"n":2,"sw":1},"geometry":{"type":"LineString","coordinates":[[22.952971,39.365356],[22.95299,39.365345]]}},{"type":"Feature","properties":{"line":"11","mode":"bus","color":"#b0045c","oi":-0.44,"n":2,"sw":1},"geometry":{"type":"LineString","coordinates":[[22.952985,39.365349],[22.953003,39.365338]]}},{"type":"Feature","properties":{"line":"11","mode":"bus","color":"#b0045c","oi":-0.473,"n":2,"sw":1},"geometry":{"type":"LineString","coordinates":[[22.952998,39.365341],[22.953016,39.365331]]}},{"type":"Feature","properties":{"line":"11","mode":"bus","color":"#b0045c","oi":-0.493,"n":2,"sw":1},"geometry":{"type":"LineString","coordinates":[[22.953011,39.365334],[22.953029,39.365324]]}},{"type":"Feature","properties":{"line":"11","mode":"bus","color":"#b0045c","oi":-0.5,"n":2,"sw":1},"geometry":{"type":"LineString","coordinates":[[22.953024,39.365327],[22.953042,39.365316]]}},{"type":"Feature","properties":{"line":"11","mode":"bus","color":"#b0045c","oi":-0.5,"n":2,"sw":1},"geometry":{"type":"LineString","coordinates":[[22.953232,39.365114],[22.953193,39.365136]]}},{"type":"Feature","properties":{"line":"11","mode":"bus","color":"#b0045c","oi":-0.517,"n":2,"sw":1},"geometry":{"type":"LineString","coordinates":[[22.953198,39.365133],[22.953159,39.365155]]}},{"type":"Feature","properties":{"line":"11","mode":"bus","color":"#b0045c","oi":-0.563,"n":2,"sw":1},"geometry":{"type":"LineString","coordinates":[[22.953164,39.365152],[22.953125,39.365174]]}},{"type":"Feature","properties":{"line":"11","mode":"bus","color":"#b0045c","oi":-0.63,"n":2,"sw":1},"geometry":{"type":"LineString","coordinates":[[22.95313,39.365171],[22.95309,39.365193]]}},{"type":"Feature","properties":{"line":"11","mode":"bus","color":"#b0045c","oi":-0.709,"n":2,"sw":1},"geometry":{"type":"LineString","coordinates":[[22.953096,39.36519],[22.953056,39.365212]]}},{"type":"Feature","properties":{"line":"11","mode":"bus","color":"#b0045c","oi":-0.791,"n":2,"sw":1},"geometry":{"type":"LineString","coordinates":[[22.953062,39.365208],[22.953022,39.36523]]}},{"type":"Feature","properties":{"line":"11","mode":"bus","color":"#b0045c","oi":-0.87,"n":2,"sw":1},"geometry":{"type":"LineString","coordinates":[[22.953028,39.365227],[22.952988,39.365249]]}},{"type":"Feature","properties":{"line":"11","mode":"bus","color":"#b0045c","oi":-0.937,"n":2,"sw":1},"geometry":{"type":"LineString","coordinates":[[22.952994,39.365246],[22.952954,39.365268]]}},{"type":"Feature","properties":{"line":"11","mode":"bus","color":"#b0045c","oi":-0.983,"n":2,"sw":1},"geometry":{"type":"LineString","coordinates":[[22.95296,39.365265],[22.95292,39.365287]]}},{"type":"Feature","properties":{"line":"11","mode":"bus","color":"#b0045c","oi":-1,"n":2,"sw":1},"geometry":{"type":"LineString","coordinates":[[22.952926,39.365284],[22.952889,39.365304]]}},{"type":"Feature","properties":{"line":"11","mode":"bus","color":"#b0045c","oi":-0.5,"n":2},"geometry":{"type":"LineString","coordinates":[[22.923568,39.367092],[22.924904,39.367444],[22.92526,39.367588],[22.925501,39.367764],[22.925764,39.368055],[22.926258,39.368866],[22.926571,39.369454],[22.926684,39.369567],[22.927149,39.369874],[22.927315,39.370121]]}},{"type":"Feature","properties":{"line":"11","mode":"bus","color":"#b0045c","oi":0,"n":1},"geometry":{"type":"LineString","coordinates":[[22.933782,39.361888],[22.93381,39.361828],[22.93379,39.361749]]}},{"type":"Feature","properties":{"line":"11","mode":"bus","color":"#b0045c","oi":0,"n":1},"geometry":{"type":"LineString","coordinates":[[22.923122,39.366964],[22.923265,39.366937],[22.923352,39.366832]]}},{"type":"Feature","properties":{"line":"11","mode":"bus","color":"#b0045c","oi":0,"n":1},"geometry":{"type":"LineString","coordinates":[[22.923351,39.366765],[22.923292,39.366685],[22.923178,39.366642]]}},{"type":"Feature","properties":{"line":"11","mode":"bus","color":"#b0045c","oi":0,"n":1},"geometry":{"type":"LineString","coordinates":[[22.883209,39.37835],[22.883533,39.378453],[22.883699,39.378463],[22.883796,39.37844],[22.886249,39.377581],[22.886527,39.377468],[22.887025,39.3772],[22.88733,39.377118],[22.888919,39.37687],[22.889187,39.376886],[22.889317,39.376955],[22.889454,39.377101],[22.890064,39.377939],[22.890203,39.378067],[22.89028,39.378099],[22.89048,39.378127],[22.890945,39.378066],[22.891071,39.37802],[22.891116,39.377927],[22.890833,39.377336],[22.890863,39.377035],[22.890967,39.376826],[22.891105,39.376695],[22.891293,39.376614],[22.891679,39.376594],[22.891931,39.376641]]}},{"type":"Feature","properties":{"line":"11","mode":"bus","color":"#b0045c","oi":0,"n":1},"geometry":{"type":"LineString","coordinates":[[22.87984,39.376862],[22.87982,39.37687]]}},{"type":"Feature","properties":{"line":"11","mode":"bus","color":"#b0045c","oi":0,"n":1},"geometry":{"type":"LineString","coordinates":[[22.9227,39.367046],[22.919373,39.368856],[22.918246,39.369399],[22.913185,39.371488],[22.910123,39.372696],[22.908938,39.37309],[22.907843,39.373379],[22.907053,39.373538],[22.903792,39.374168],[22.895463,39.375725],[22.881863,39.3779],[22.8817,39.377955],[22.880876,39.378108],[22.880728,39.378183],[22.880597,39.378329],[22.880538,39.378452],[22.880516,39.378643],[22.880561,39.378832],[22.880749,39.37904],[22.880966,39.37916],[22.881227,39.379189],[22.881453,39.379175],[22.882788,39.378646],[22.883117,39.378385],[22.883177,39.378362],[22.883187,39.378357],[22.883192,39.378352],[22.883192,39.378347],[22.883187,39.378342],[22.883177,39.378337],[22.881577,39.377707],[22.880332,39.377259],[22.880087,39.377104],[22.879869,39.37689],[22.879859,39.376877],[22.879858,39.376866],[22.879866,39.376856],[22.879883,39.376848],[22.880255,39.37673],[22.880843,39.376627],[22.88141,39.376617],[22.881957,39.3767],[22.883704,39.3772],[22.884006,39.377264],[22.884467,39.377303],[22.885291,39.37723],[22.890076,39.376478],[22.896312,39.375448],[22.898405,39.375029],[22.903651,39.374035],[22.90701,39.373425],[22.907795,39.373261],[22.908606,39.373053],[22.909521,39.372757],[22.910486,39.372397],[22.914035,39.371004],[22.918011,39.369384],[22.918913,39.368954],[22.922665,39.36694]]}},{"type":"Feature","properties":{"line":"11","mode":"bus","color":"#b0045c","oi":-0.5,"n":1,"sw":1},"geometry":{"type":"LineString","coordinates":[[22.923092,39.36696],[22.923047,39.366962]]}},{"type":"Feature","properties":{"line":"11","mode":"bus","color":"#b0045c","oi":-0.483,"n":1,"sw":1},"geometry":{"type":"LineString","coordinates":[[22.923054,39.366962],[22.923005,39.366963]]}},{"type":"Feature","properties":{"line":"11","mode":"bus","color":"#b0045c","oi":-0.437,"n":1,"sw":1},"geometry":{"type":"LineString","coordinates":[[22.923012,39.366963],[22.922963,39.366965]]}},{"type":"Feature","properties":{"line":"11","mode":"bus","color":"#b0045c","oi":-0.37,"n":1,"sw":1},"geometry":{"type":"LineString","coordinates":[[22.92297,39.366965],[22.922921,39.366967]]}},{"type":"Feature","properties":{"line":"11","mode":"bus","color":"#b0045c","oi":-0.291,"n":1,"sw":1},"geometry":{"type":"LineString","coordinates":[[22.922928,39.366967],[22.922891,39.366968],[22.922881,39.366972]]}},{"type":"Feature","properties":{"line":"11","mode":"bus","color":"#b0045c","oi":-0.209,"n":1,"sw":1},"geometry":{"type":"LineString","coordinates":[[22.922887,39.366969],[22.922843,39.366985]]}},{"type":"Feature","properties":{"line":"11","mode":"bus","color":"#b0045c","oi":-0.13,"n":1,"sw":1},"geometry":{"type":"LineString","coordinates":[[22.922849,39.366983],[22.922805,39.366999]]}},{"type":"Feature","properties":{"line":"11","mode":"bus","color":"#b0045c","oi":-0.063,"n":1,"sw":1},"geometry":{"type":"LineString","coordinates":[[22.922811,39.366996],[22.922767,39.367012]]}},{"type":"Feature","properties":{"line":"11","mode":"bus","color":"#b0045c","oi":-0.017,"n":1,"sw":1},"geometry":{"type":"LineString","coordinates":[[22.922773,39.36701],[22.922756,39.367016],[22.922731,39.367029]]}},{"type":"Feature","properties":{"line":"11","mode":"bus","color":"#b0045c","oi":0,"n":1,"sw":1},"geometry":{"type":"LineString","coordinates":[[22.922737,39.367026],[22.922697,39.367048]]}},{"type":"Feature","properties":{"line":"11","mode":"bus","color":"#b0045c","oi":0,"n":1,"sw":1},"geometry":{"type":"LineString","coordinates":[[22.922662,39.366941],[22.922702,39.36692],[22.922702,39.36692]]}},{"type":"Feature","properties":{"line":"11","mode":"bus","color":"#b0045c","oi":-0.017,"n":1,"sw":1},"geometry":{"type":"LineString","coordinates":[[22.922696,39.366923],[22.922702,39.36692],[22.922735,39.3669]]}},{"type":"Feature","properties":{"line":"11","mode":"bus","color":"#b0045c","oi":-0.063,"n":1,"sw":1},"geometry":{"type":"LineString","coordinates":[[22.92273,39.366903],[22.922768,39.36688]]}},{"type":"Feature","properties":{"line":"11","mode":"bus","color":"#b0045c","oi":-0.13,"n":1,"sw":1},"geometry":{"type":"LineString","coordinates":[[22.922763,39.366883],[22.922801,39.36686]]}},{"type":"Feature","properties":{"line":"11","mode":"bus","color":"#b0045c","oi":-0.209,"n":1,"sw":1},"geometry":{"type":"LineString","coordinates":[[22.922796,39.366863],[22.922834,39.36684]]}},{"type":"Feature","properties":{"line":"11","mode":"bus","color":"#b0045c","oi":-0.291,"n":1,"sw":1},"geometry":{"type":"LineString","coordinates":[[22.922829,39.366844],[22.922867,39.36682]]}},{"type":"Feature","properties":{"line":"11","mode":"bus","color":"#b0045c","oi":-0.37,"n":1,"sw":1},"geometry":{"type":"LineString","coordinates":[[22.922862,39.366824],[22.922876,39.366815],[22.922894,39.366796]]}},{"type":"Feature","properties":{"line":"11","mode":"bus","color":"#b0045c","oi":-0.437,"n":1,"sw":1},"geometry":{"type":"LineString","coordinates":[[22.92289,39.3668],[22.922918,39.366769]]}},{"type":"Feature","properties":{"line":"11","mode":"bus","color":"#b0045c","oi":-0.483,"n":1,"sw":1},"geometry":{"type":"LineString","coordinates":[[22.922914,39.366774],[22.922943,39.366743]]}},{"type":"Feature","properties":{"line":"11","mode":"bus","color":"#b0045c","oi":-0.5,"n":1,"sw":1},"geometry":{"type":"LineString","coordinates":[[22.922939,39.366748],[22.922965,39.366719]]}},{"type":"Feature","properties":{"line":"11","mode":"bus","color":"#b0045c","oi":0,"n":1},"geometry":{"type":"LineString","coordinates":[[22.935574,39.375284],[22.935403,39.375308],[22.935388,39.375312]]}},{"type":"Feature","properties":{"line":"11","mode":"bus","color":"#b0045c","oi":0,"n":1,"sw":1},"geometry":{"type":"LineString","coordinates":[[22.935392,39.375311],[22.935368,39.375318]]}},{"type":"Feature","properties":{"line":"11","mode":"bus","color":"#b0045c","oi":-0.017,"n":1,"sw":1},"geometry":{"type":"LineString","coordinates":[[22.935374,39.375316],[22.935362,39.37532],[22.935353,39.375328]]}},{"type":"Feature","properties":{"line":"11","mode":"bus","color":"#b0045c","oi":-0.063,"n":1,"sw":1},"geometry":{"type":"LineString","coordinates":[[22.935358,39.375324],[22.93534,39.375338]]}},{"type":"Feature","properties":{"line":"11","mode":"bus","color":"#b0045c","oi":-0.13,"n":1,"sw":1},"geometry":{"type":"LineString","coordinates":[[22.935345,39.375334],[22.935332,39.375345],[22.935328,39.37535]]}},{"type":"Feature","properties":{"line":"11","mode":"bus","color":"#b0045c","oi":-0.209,"n":1,"sw":1},"geometry":{"type":"LineString","coordinates":[[22.935332,39.375345],[22.935318,39.375362]]}},{"type":"Feature","properties":{"line":"11","mode":"bus","color":"#b0045c","oi":-0.291,"n":1,"sw":1},"geometry":{"type":"LineString","coordinates":[[22.935322,39.375357],[22.935308,39.375374]]}},{"type":"Feature","properties":{"line":"11","mode":"bus","color":"#b0045c","oi":-0.37,"n":1,"sw":1},"geometry":{"type":"LineString","coordinates":[[22.935312,39.37537],[22.935298,39.375387]]}},{"type":"Feature","properties":{"line":"11","mode":"bus","color":"#b0045c","oi":-0.437,"n":1,"sw":1},"geometry":{"type":"LineString","coordinates":[[22.935302,39.375382],[22.935288,39.375399]]}},{"type":"Feature","properties":{"line":"11","mode":"bus","color":"#b0045c","oi":-0.483,"n":1,"sw":1},"geometry":{"type":"LineString","coordinates":[[22.935292,39.375395],[22.935278,39.375412]]}},{"type":"Feature","properties":{"line":"11","mode":"bus","color":"#b0045c","oi":-0.5,"n":1,"sw":1},"geometry":{"type":"LineString","coordinates":[[22.935282,39.375407],[22.93527,39.375422]]}},{"type":"Feature","properties":{"line":"11","mode":"bus","color":"#b0045c","oi":0,"n":1},"geometry":{"type":"LineString","coordinates":[[22.935708,39.375315],[22.938039,39.375957],[22.938281,39.37601],[22.938633,39.376053]]}},{"type":"Feature","properties":{"line":"11","mode":"bus","color":"#b0045c","oi":-0.5,"n":1,"sw":1},"geometry":{"type":"LineString","coordinates":[[22.935314,39.375206],[22.935357,39.375218]]}},{"type":"Feature","properties":{"line":"11","mode":"bus","color":"#b0045c","oi":-0.483,"n":1,"sw":1},"geometry":{"type":"LineString","coordinates":[[22.93535,39.375216],[22.935396,39.375229]]}},{"type":"Feature","properties":{"line":"11","mode":"bus","color":"#b0045c","oi":-0.437,"n":1,"sw":1},"geometry":{"type":"LineString","coordinates":[[22.93539,39.375227],[22.935435,39.375239]]}},{"type":"Feature","properties":{"line":"11","mode":"bus","color":"#b0045c","oi":-0.37,"n":1,"sw":1},"geometry":{"type":"LineString","coordinates":[[22.935429,39.375238],[22.935475,39.37525]]}},{"type":"Feature","properties":{"line":"11","mode":"bus","color":"#b0045c","oi":-0.291,"n":1,"sw":1},"geometry":{"type":"LineString","coordinates":[[22.935468,39.375249],[22.935514,39.375261]]}},{"type":"Feature","properties":{"line":"11","mode":"bus","color":"#b0045c","oi":-0.209,"n":1,"sw":1},"geometry":{"type":"LineString","coordinates":[[22.935508,39.375259],[22.935554,39.375272]]}},{"type":"Feature","properties":{"line":"11","mode":"bus","color":"#b0045c","oi":-0.13,"n":1,"sw":1},"geometry":{"type":"LineString","coordinates":[[22.935547,39.37527],[22.935593,39.375283]]}},{"type":"Feature","properties":{"line":"11","mode":"bus","color":"#b0045c","oi":-0.063,"n":1,"sw":1},"geometry":{"type":"LineString","coordinates":[[22.935587,39.375281],[22.935632,39.375294]]}},{"type":"Feature","properties":{"line":"11","mode":"bus","color":"#b0045c","oi":-0.017,"n":1,"sw":1},"geometry":{"type":"LineString","coordinates":[[22.935626,39.375292],[22.935672,39.375305]]}},{"type":"Feature","properties":{"line":"11","mode":"bus","color":"#b0045c","oi":0,"n":1,"sw":1},"geometry":{"type":"LineString","coordinates":[[22.935665,39.375303],[22.935711,39.375315]]}},{"type":"Feature","properties":{"line":"11","mode":"bus","color":"#b0045c","oi":0,"n":1},"geometry":{"type":"LineString","coordinates":[[22.927463,39.370424],[22.928212,39.371956],[22.928268,39.3722],[22.928284,39.372231],[22.928316,39.372253],[22.928327,39.372257]]}},{"type":"Feature","properties":{"line":"11","mode":"bus","color":"#b0045c","oi":-0.5,"n":1,"sw":1},"geometry":{"type":"LineString","coordinates":[[22.927315,39.370121],[22.927331,39.370154]]}},{"type":"Feature","properties":{"line":"11","mode":"bus","color":"#b0045c","oi":-0.483,"n":1,"sw":1},"geometry":{"type":"LineString","coordinates":[[22.927329,39.370149],[22.927346,39.370184]]}},{"type":"Feature","properties":{"line":"11","mode":"bus","color":"#b0045c","oi":-0.437,"n":1,"sw":1},"geometry":{"type":"LineString","coordinates":[[22.927343,39.370179],[22.927361,39.370214]]}},{"type":"Feature","properties":{"line":"11","mode":"bus","color":"#b0045c","oi":-0.37,"n":1,"sw":1},"geometry":{"type":"LineString","coordinates":[[22.927358,39.370209],[22.927375,39.370245]]}},{"type":"Feature","properties":{"line":"11","mode":"bus","color":"#b0045c","oi":-0.291,"n":1,"sw":1},"geometry":{"type":"LineString","coordinates":[[22.927373,39.37024],[22.92739,39.370275]]}},{"type":"Feature","properties":{"line":"11","mode":"bus","color":"#b0045c","oi":-0.209,"n":1,"sw":1},"geometry":{"type":"LineString","coordinates":[[22.927388,39.37027],[22.927405,39.370305]]}},{"type":"Feature","properties":{"line":"11","mode":"bus","color":"#b0045c","oi":-0.13,"n":1,"sw":1},"geometry":{"type":"LineString","coordinates":[[22.927403,39.3703],[22.92742,39.370336]]}},{"type":"Feature","properties":{"line":"11","mode":"bus","color":"#b0045c","oi":-0.063,"n":1,"sw":1},"geometry":{"type":"LineString","coordinates":[[22.927417,39.370331],[22.927435,39.370366]]}},{"type":"Feature","properties":{"line":"11","mode":"bus","color":"#b0045c","oi":-0.017,"n":1,"sw":1},"geometry":{"type":"LineString","coordinates":[[22.927432,39.370361],[22.92745,39.370396]]}},{"type":"Feature","properties":{"line":"11","mode":"bus","color":"#b0045c","oi":0,"n":1,"sw":1},"geometry":{"type":"LineString","coordinates":[[22.927447,39.370391],[22.927464,39.370426]]}},{"type":"Feature","properties":{"line":"11","mode":"bus","color":"#b0045c","oi":0,"n":1,"sw":1},"geometry":{"type":"LineString","coordinates":[[22.928324,39.372256],[22.928367,39.372275]]}},{"type":"Feature","properties":{"line":"11","mode":"bus","color":"#b0045c","oi":-0.017,"n":1,"sw":1},"geometry":{"type":"LineString","coordinates":[[22.92836,39.372272],[22.928403,39.372291]]}},{"type":"Feature","properties":{"line":"11","mode":"bus","color":"#b0045c","oi":-0.063,"n":1,"sw":1},"geometry":{"type":"LineString","coordinates":[[22.928397,39.372288],[22.928439,39.372307]]}},{"type":"Feature","properties":{"line":"11","mode":"bus","color":"#b0045c","oi":-0.13,"n":1,"sw":1},"geometry":{"type":"LineString","coordinates":[[22.928433,39.372304],[22.928476,39.372323]]}},{"type":"Feature","properties":{"line":"11","mode":"bus","color":"#b0045c","oi":-0.209,"n":1,"sw":1},"geometry":{"type":"LineString","coordinates":[[22.92847,39.37232],[22.928512,39.372339]]}},{"type":"Feature","properties":{"line":"11","mode":"bus","color":"#b0045c","oi":-0.291,"n":1,"sw":1},"geometry":{"type":"LineString","coordinates":[[22.928506,39.372336],[22.928548,39.372354]]}},{"type":"Feature","properties":{"line":"11","mode":"bus","color":"#b0045c","oi":-0.37,"n":1,"sw":1},"geometry":{"type":"LineString","coordinates":[[22.928542,39.372352],[22.928585,39.37237]]}},{"type":"Feature","properties":{"line":"11","mode":"bus","color":"#b0045c","oi":-0.437,"n":1,"sw":1},"geometry":{"type":"LineString","coordinates":[[22.928579,39.372368],[22.928621,39.372386]]}},{"type":"Feature","properties":{"line":"11","mode":"bus","color":"#b0045c","oi":-0.483,"n":1,"sw":1},"geometry":{"type":"LineString","coordinates":[[22.928615,39.372384],[22.928658,39.372402]]}},{"type":"Feature","properties":{"line":"11","mode":"bus","color":"#b0045c","oi":-0.5,"n":1,"sw":1},"geometry":{"type":"LineString","coordinates":[[22.928652,39.3724],[22.928691,39.372417]]}},{"type":"Feature","properties":{"line":"11","mode":"bus","color":"#b0045c","oi":0,"n":1},"geometry":{"type":"LineString","coordinates":[[22.927271,39.373056],[22.928134,39.371796]]}},{"type":"Feature","properties":{"line":"11","mode":"bus","color":"#b0045c","oi":0,"n":1},"geometry":{"type":"LineString","coordinates":[[22.951427,39.366118],[22.951005,39.366355]]}},{"type":"Feature","properties":{"line":"11","mode":"bus","color":"#b0045c","oi":-1,"n":1,"sw":1},"geometry":{"type":"LineString","coordinates":[[22.951766,39.365928],[22.951744,39.36594]]}},{"type":"Feature","properties":{"line":"11","mode":"bus","color":"#b0045c","oi":-0.99,"n":1,"sw":1},"geometry":{"type":"LineString","coordinates":[[22.95175,39.365937],[22.951726,39.365951]]}},{"type":"Feature","properties":{"line":"11","mode":"bus","color":"#b0045c","oi":-0.962,"n":1,"sw":1},"geometry":{"type":"LineString","coordinates":[[22.951731,39.365948],[22.951707,39.365961]]}},{"type":"Feature","properties":{"line":"11","mode":"bus","color":"#b0045c","oi":-0.918,"n":1,"sw":1},"geometry":{"type":"LineString","coordinates":[[22.951712,39.365958],[22.951688,39.365972]]}},{"type":"Feature","properties":{"line":"11","mode":"bus","color":"#b0045c","oi":-0.86,"n":1,"sw":1},"geometry":{"type":"LineString","coordinates":[[22.951694,39.365969],[22.951669,39.365982]]}},{"type":"Feature","properties":{"line":"11","mode":"bus","color":"#b0045c","oi":-0.791,"n":1,"sw":1},"geometry":{"type":"LineString","coordinates":[[22.951675,39.365979],[22.95165,39.365993]]}},{"type":"Feature","properties":{"line":"11","mode":"bus","color":"#b0045c","oi":-0.714,"n":1,"sw":1},"geometry":{"type":"LineString","coordinates":[[22.951656,39.36599],[22.951631,39.366003]]}},{"type":"Feature","properties":{"line":"11","mode":"bus","color":"#b0045c","oi":-0.631,"n":1,"sw":1},"geometry":{"type":"LineString","coordinates":[[22.951637,39.366],[22.951613,39.366014]]}},{"type":"Feature","properties":{"line":"11","mode":"bus","color":"#b0045c","oi":-0.544,"n":1,"sw":1},"geometry":{"type":"LineString","coordinates":[[22.951618,39.366011],[22.951594,39.366025]]}},{"type":"Feature","properties":{"line":"11","mode":"bus","color":"#b0045c","oi":-0.456,"n":1,"sw":1},"geometry":{"type":"LineString","coordinates":[[22.951599,39.366021],[22.951575,39.366035]]}},{"type":"Feature","properties":{"line":"11","mode":"bus","color":"#b0045c","oi":-0.369,"n":1,"sw":1},"geometry":{"type":"LineString","coordinates":[[22.951581,39.366032],[22.951556,39.366046]]}},{"type":"Feature","properties":{"line":"11","mode":"bus","color":"#b0045c","oi":-0.286,"n":1,"sw":1},"geometry":{"type":"LineString","coordinates":[[22.951562,39.366043],[22.951537,39.366056]]}},{"type":"Feature","properties":{"line":"11","mode":"bus","color":"#b0045c","oi":-0.209,"n":1,"sw":1},"geometry":{"type":"LineString","coordinates":[[22.951543,39.366053],[22.951519,39.366067]]}},{"type":"Feature","properties":{"line":"11","mode":"bus","color":"#b0045c","oi":-0.14,"n":1,"sw":1},"geometry":{"type":"LineString","coordinates":[[22.951524,39.366064],[22.9515,39.366077]]}},{"type":"Feature","properties":{"line":"11","mode":"bus","color":"#b0045c","oi":-0.082,"n":1,"sw":1},"geometry":{"type":"LineString","coordinates":[[22.951505,39.366074],[22.951481,39.366088]]}},{"type":"Feature","properties":{"line":"11","mode":"bus","color":"#b0045c","oi":-0.038,"n":1,"sw":1},"geometry":{"type":"LineString","coordinates":[[22.951487,39.366085],[22.951462,39.366098]]}},{"type":"Feature","properties":{"line":"11","mode":"bus","color":"#b0045c","oi":-0.01,"n":1,"sw":1},"geometry":{"type":"LineString","coordinates":[[22.951468,39.366095],[22.951443,39.366109]]}},{"type":"Feature","properties":{"line":"11","mode":"bus","color":"#b0045c","oi":0,"n":1,"sw":1},"geometry":{"type":"LineString","coordinates":[[22.951449,39.366106],[22.951424,39.36612]]}},{"type":"Feature","properties":{"line":"11","mode":"bus","color":"#b0045c","oi":0,"n":1,"sw":1},"geometry":{"type":"LineString","coordinates":[[22.951008,39.366353],[22.950983,39.366367]]}},{"type":"Feature","properties":{"line":"11","mode":"bus","color":"#b0045c","oi":0.01,"n":1,"sw":1},"geometry":{"type":"LineString","coordinates":[[22.950989,39.366364],[22.950964,39.366378]]}},{"type":"Feature","properties":{"line":"11","mode":"bus","color":"#b0045c","oi":0.038,"n":1,"sw":1},"geometry":{"type":"LineString","coordinates":[[22.95097,39.366375],[22.950945,39.366388]]}},{"type":"Feature","properties":{"line":"11","mode":"bus","color":"#b0045c","oi":0.082,"n":1,"sw":1},"geometry":{"type":"LineString","coordinates":[[22.950951,39.366385],[22.950927,39.366399]]}},{"type":"Feature","properties":{"line":"11","mode":"bus","color":"#b0045c","oi":0.14,"n":1,"sw":1},"geometry":{"type":"LineString","coordinates":[[22.950932,39.366396],[22.950908,39.366409]]}},{"type":"Feature","properties":{"line":"11","mode":"bus","color":"#b0045c","oi":0.209,"n":1,"sw":1},"geometry":{"type":"LineString","coordinates":[[22.950913,39.366406],[22.950889,39.36642]]}},{"type":"Feature","properties":{"line":"11","mode":"bus","color":"#b0045c","oi":0.286,"n":1,"sw":1},"geometry":{"type":"LineString","coordinates":[[22.950895,39.366417],[22.95087,39.36643]]}},{"type":"Feature","properties":{"line":"11","mode":"bus","color":"#b0045c","oi":0.369,"n":1,"sw":1},"geometry":{"type":"LineString","coordinates":[[22.950876,39.366427],[22.950851,39.366441]]}},{"type":"Feature","properties":{"line":"11","mode":"bus","color":"#b0045c","oi":0.456,"n":1,"sw":1},"geometry":{"type":"LineString","coordinates":[[22.950857,39.366438],[22.950833,39.366452]]}},{"type":"Feature","properties":{"line":"11","mode":"bus","color":"#b0045c","oi":0.544,"n":1,"sw":1},"geometry":{"type":"LineString","coordinates":[[22.950838,39.366448],[22.950814,39.366462]]}},{"type":"Feature","properties":{"line":"11","mode":"bus","color":"#b0045c","oi":0.631,"n":1,"sw":1},"geometry":{"type":"LineString","coordinates":[[22.950819,39.366459],[22.950795,39.366473]]}},{"type":"Feature","properties":{"line":"11","mode":"bus","color":"#b0045c","oi":0.714,"n":1,"sw":1},"geometry":{"type":"LineString","coordinates":[[22.950801,39.36647],[22.950776,39.366483]]}},{"type":"Feature","properties":{"line":"11","mode":"bus","color":"#b0045c","oi":0.791,"n":1,"sw":1},"geometry":{"type":"LineString","coordinates":[[22.950782,39.36648],[22.950757,39.366494]]}},{"type":"Feature","properties":{"line":"11","mode":"bus","color":"#b0045c","oi":0.86,"n":1,"sw":1},"geometry":{"type":"LineString","coordinates":[[22.950763,39.366491],[22.950738,39.366504]]}},{"type":"Feature","properties":{"line":"11","mode":"bus","color":"#b0045c","oi":0.918,"n":1,"sw":1},"geometry":{"type":"LineString","coordinates":[[22.950744,39.366501],[22.95072,39.366515]]}},{"type":"Feature","properties":{"line":"11","mode":"bus","color":"#b0045c","oi":0.962,"n":1,"sw":1},"geometry":{"type":"LineString","coordinates":[[22.950725,39.366512],[22.950701,39.366525]]}},{"type":"Feature","properties":{"line":"11","mode":"bus","color":"#b0045c","oi":0.99,"n":1,"sw":1},"geometry":{"type":"LineString","coordinates":[[22.950706,39.366522],[22.950682,39.366536]]}},{"type":"Feature","properties":{"line":"11","mode":"bus","color":"#b0045c","oi":1,"n":1,"sw":1},"geometry":{"type":"LineString","coordinates":[[22.950688,39.366533],[22.950666,39.366545]]}},{"type":"Feature","properties":{"line":"11","mode":"bus","color":"#b0045c","oi":-1,"n":3},"geometry":{"type":"LineString","coordinates":[[22.962477,39.352867],[22.961514,39.353768],[22.959819,39.354778],[22.958001,39.35572],[22.956115,39.356647],[22.952254,39.358597],[22.952235,39.358604],[22.952219,39.358604],[22.952204,39.358599],[22.95219,39.358586],[22.951491,39.357719],[22.951391,39.357678],[22.951236,39.357683],[22.946625,39.359891]]}},{"type":"Feature","properties":{"line":"11","mode":"bus","color":"#b0045c","oi":0,"n":3,"sw":1},"geometry":{"type":"LineString","coordinates":[[22.962744,39.352617],[22.962727,39.352633]]}},{"type":"Feature","properties":{"line":"11","mode":"bus","color":"#b0045c","oi":-0.01,"n":3,"sw":1},"geometry":{"type":"LineString","coordinates":[[22.962731,39.352629],[22.962712,39.352647]]}},{"type":"Feature","properties":{"line":"11","mode":"bus","color":"#b0045c","oi":-0.038,"n":3,"sw":1},"geometry":{"type":"LineString","coordinates":[[22.962717,39.352643],[22.962697,39.352661]]}},{"type":"Feature","properties":{"line":"11","mode":"bus","color":"#b0045c","oi":-0.082,"n":3,"sw":1},"geometry":{"type":"LineString","coordinates":[[22.962702,39.352657],[22.962683,39.352675]]}},{"type":"Feature","properties":{"line":"11","mode":"bus","color":"#b0045c","oi":-0.14,"n":3,"sw":1},"geometry":{"type":"LineString","coordinates":[[22.962687,39.35267],[22.962668,39.352688]]}},{"type":"Feature","properties":{"line":"11","mode":"bus","color":"#b0045c","oi":-0.209,"n":3,"sw":1},"geometry":{"type":"LineString","coordinates":[[22.962672,39.352684],[22.962653,39.352702]]}},{"type":"Feature","properties":{"line":"11","mode":"bus","color":"#b0045c","oi":-0.286,"n":3,"sw":1},"geometry":{"type":"LineString","coordinates":[[22.962657,39.352698],[22.962638,39.352716]]}},{"type":"Feature","properties":{"line":"11","mode":"bus","color":"#b0045c","oi":-0.369,"n":3,"sw":1},"geometry":{"type":"LineString","coordinates":[[22.962643,39.352712],[22.962623,39.35273]]}},{"type":"Feature","properties":{"line":"11","mode":"bus","color":"#b0045c","oi":-0.456,"n":3,"sw":1},"geometry":{"type":"LineString","coordinates":[[22.962628,39.352726],[22.962608,39.352744]]}},{"type":"Feature","properties":{"line":"11","mode":"bus","color":"#b0045c","oi":-0.544,"n":3,"sw":1},"geometry":{"type":"LineString","coordinates":[[22.962613,39.35274],[22.962594,39.352758]]}},{"type":"Feature","properties":{"line":"11","mode":"bus","color":"#b0045c","oi":-0.631,"n":3,"sw":1},"geometry":{"type":"LineString","coordinates":[[22.962598,39.352754],[22.962579,39.352772]]}},{"type":"Feature","properties":{"line":"11","mode":"bus","color":"#b0045c","oi":-0.714,"n":3,"sw":1},"geometry":{"type":"LineString","coordinates":[[22.962583,39.352767],[22.962564,39.352785]]}},{"type":"Feature","properties":{"line":"11","mode":"bus","color":"#b0045c","oi":-0.791,"n":3,"sw":1},"geometry":{"type":"LineString","coordinates":[[22.962568,39.352781],[22.962549,39.352799]]}},{"type":"Feature","properties":{"line":"11","mode":"bus","color":"#b0045c","oi":-0.86,"n":3,"sw":1},"geometry":{"type":"LineString","coordinates":[[22.962554,39.352795],[22.962534,39.352813]]}},{"type":"Feature","properties":{"line":"11","mode":"bus","color":"#b0045c","oi":-0.918,"n":3,"sw":1},"geometry":{"type":"LineString","coordinates":[[22.962539,39.352809],[22.96252,39.352827]]}},{"type":"Feature","properties":{"line":"11","mode":"bus","color":"#b0045c","oi":-0.962,"n":3,"sw":1},"geometry":{"type":"LineString","coordinates":[[22.962524,39.352823],[22.962505,39.352841]]}},{"type":"Feature","properties":{"line":"11","mode":"bus","color":"#b0045c","oi":-0.99,"n":3,"sw":1},"geometry":{"type":"LineString","coordinates":[[22.962509,39.352837],[22.96249,39.352855]]}},{"type":"Feature","properties":{"line":"11","mode":"bus","color":"#b0045c","oi":-1,"n":3,"sw":1},"geometry":{"type":"LineString","coordinates":[[22.962494,39.352851],[22.962475,39.352869]]}},{"type":"Feature","properties":{"line":"11","mode":"bus","color":"#b0045c","oi":-1,"n":3,"sw":1},"geometry":{"type":"LineString","coordinates":[[22.946628,39.359889],[22.946602,39.359902]]}},{"type":"Feature","properties":{"line":"11","mode":"bus","color":"#b0045c","oi":-0.99,"n":3,"sw":1},"geometry":{"type":"LineString","coordinates":[[22.946608,39.359899],[22.946582,39.359911]]}},{"type":"Feature","properties":{"line":"11","mode":"bus","color":"#b0045c","oi":-0.962,"n":3,"sw":1},"geometry":{"type":"LineString","coordinates":[[22.946588,39.359908],[22.946562,39.35992]]}},{"type":"Feature","properties":{"line":"11","mode":"bus","color":"#b0045c","oi":-0.918,"n":3,"sw":1},"geometry":{"type":"LineString","coordinates":[[22.946568,39.359918],[22.946543,39.35993]]}},{"type":"Feature","properties":{"line":"11","mode":"bus","color":"#b0045c","oi":-0.86,"n":3,"sw":1},"geometry":{"type":"LineString","coordinates":[[22.946549,39.359927],[22.946523,39.359939]]}},{"type":"Feature","properties":{"line":"11","mode":"bus","color":"#b0045c","oi":-0.791,"n":3,"sw":1},"geometry":{"type":"LineString","coordinates":[[22.946529,39.359937],[22.946503,39.359949]]}},{"type":"Feature","properties":{"line":"11","mode":"bus","color":"#b0045c","oi":-0.714,"n":3,"sw":1},"geometry":{"type":"LineString","coordinates":[[22.946509,39.359946],[22.946483,39.359958]]}},{"type":"Feature","properties":{"line":"11","mode":"bus","color":"#b0045c","oi":-0.631,"n":3,"sw":1},"geometry":{"type":"LineString","coordinates":[[22.946489,39.359956],[22.946464,39.359968]]}},{"type":"Feature","properties":{"line":"11","mode":"bus","color":"#b0045c","oi":-0.544,"n":3,"sw":1},"geometry":{"type":"LineString","coordinates":[[22.94647,39.359965],[22.946444,39.359977]]}},{"type":"Feature","properties":{"line":"11","mode":"bus","color":"#b0045c","oi":-0.456,"n":3,"sw":1},"geometry":{"type":"LineString","coordinates":[[22.94645,39.359974],[22.946424,39.359987]]}},{"type":"Feature","properties":{"line":"11","mode":"bus","color":"#b0045c","oi":-0.369,"n":3,"sw":1},"geometry":{"type":"LineString","coordinates":[[22.94643,39.359984],[22.946404,39.359996]]}},{"type":"Feature","properties":{"line":"11","mode":"bus","color":"#b0045c","oi":-0.286,"n":3,"sw":1},"geometry":{"type":"LineString","coordinates":[[22.94641,39.359993],[22.946385,39.360006]]}},{"type":"Feature","properties":{"line":"11","mode":"bus","color":"#b0045c","oi":-0.209,"n":3,"sw":1},"geometry":{"type":"LineString","coordinates":[[22.946391,39.360003],[22.946365,39.360015]]}},{"type":"Feature","properties":{"line":"11","mode":"bus","color":"#b0045c","oi":-0.14,"n":3,"sw":1},"geometry":{"type":"LineString","coordinates":[[22.946371,39.360012],[22.946345,39.360025]]}},{"type":"Feature","properties":{"line":"11","mode":"bus","color":"#b0045c","oi":-0.082,"n":3,"sw":1},"geometry":{"type":"LineString","coordinates":[[22.946351,39.360022],[22.946325,39.360034]]}},{"type":"Feature","properties":{"line":"11","mode":"bus","color":"#b0045c","oi":-0.038,"n":3,"sw":1},"geometry":{"type":"LineString","coordinates":[[22.946331,39.360031],[22.946306,39.360043]]}},{"type":"Feature","properties":{"line":"11","mode":"bus","color":"#b0045c","oi":-0.01,"n":3,"sw":1},"geometry":{"type":"LineString","coordinates":[[22.946311,39.360041],[22.946286,39.360053]]}},{"type":"Feature","properties":{"line":"11","mode":"bus","color":"#b0045c","oi":0,"n":3,"sw":1},"geometry":{"type":"LineString","coordinates":[[22.946292,39.36005],[22.946269,39.360061]]}},{"type":"Feature","properties":{"line":"11","mode":"bus","color":"#b0045c","oi":-1,"n":3},"geometry":{"type":"LineString","coordinates":[[22.951702,39.357981],[22.946054,39.360854]]}},{"type":"Feature","properties":{"line":"11","mode":"bus","color":"#b0045c","oi":-1,"n":3,"sw":1},"geometry":{"type":"LineString","coordinates":[[22.946056,39.360853],[22.946031,39.360866]]}},{"type":"Feature","properties":{"line":"11","mode":"bus","color":"#b0045c","oi":-0.99,"n":3,"sw":1},"geometry":{"type":"LineString","coordinates":[[22.946037,39.360863],[22.946012,39.360875]]}},{"type":"Feature","properties":{"line":"11","mode":"bus","color":"#b0045c","oi":-0.962,"n":3,"sw":1},"geometry":{"type":"LineString","coordinates":[[22.946018,39.360872],[22.945992,39.360885]]}},{"type":"Feature","properties":{"line":"11","mode":"bus","color":"#b0045c","oi":-0.918,"n":3,"sw":1},"geometry":{"type":"LineString","coordinates":[[22.945998,39.360882],[22.945973,39.360895]]}},{"type":"Feature","properties":{"line":"11","mode":"bus","color":"#b0045c","oi":-0.86,"n":3,"sw":1},"geometry":{"type":"LineString","coordinates":[[22.945979,39.360892],[22.945954,39.360905]]}},{"type":"Feature","properties":{"line":"11","mode":"bus","color":"#b0045c","oi":-0.791,"n":3,"sw":1},"geometry":{"type":"LineString","coordinates":[[22.945959,39.360902],[22.945934,39.360915]]}},{"type":"Feature","properties":{"line":"11","mode":"bus","color":"#b0045c","oi":-0.714,"n":3,"sw":1},"geometry":{"type":"LineString","coordinates":[[22.94594,39.360912],[22.945915,39.360925]]}},{"type":"Feature","properties":{"line":"11","mode":"bus","color":"#b0045c","oi":-0.631,"n":3,"sw":1},"geometry":{"type":"LineString","coordinates":[[22.945921,39.360922],[22.945895,39.360935]]}},{"type":"Feature","properties":{"line":"11","mode":"bus","color":"#b0045c","oi":-0.544,"n":3,"sw":1},"geometry":{"type":"LineString","coordinates":[[22.945901,39.360932],[22.945876,39.360945]]}},{"type":"Feature","properties":{"line":"11","mode":"bus","color":"#b0045c","oi":-0.456,"n":3,"sw":1},"geometry":{"type":"LineString","coordinates":[[22.945882,39.360942],[22.945856,39.360954]]}},{"type":"Feature","properties":{"line":"11","mode":"bus","color":"#b0045c","oi":-0.369,"n":3,"sw":1},"geometry":{"type":"LineString","coordinates":[[22.945862,39.360951],[22.945837,39.360964]]}},{"type":"Feature","properties":{"line":"11","mode":"bus","color":"#b0045c","oi":-0.286,"n":3,"sw":1},"geometry":{"type":"LineString","coordinates":[[22.945843,39.360961],[22.945818,39.360974]]}},{"type":"Feature","properties":{"line":"11","mode":"bus","color":"#b0045c","oi":-0.209,"n":3,"sw":1},"geometry":{"type":"LineString","coordinates":[[22.945823,39.360971],[22.945798,39.360984]]}},{"type":"Feature","properties":{"line":"11","mode":"bus","color":"#b0045c","oi":-0.14,"n":3,"sw":1},"geometry":{"type":"LineString","coordinates":[[22.945804,39.360981],[22.945779,39.360994]]}},{"type":"Feature","properties":{"line":"11","mode":"bus","color":"#b0045c","oi":-0.082,"n":3,"sw":1},"geometry":{"type":"LineString","coordinates":[[22.945785,39.360991],[22.945759,39.361004]]}},{"type":"Feature","properties":{"line":"11","mode":"bus","color":"#b0045c","oi":-0.038,"n":3,"sw":1},"geometry":{"type":"LineString","coordinates":[[22.945765,39.361001],[22.94574,39.361014]]}},{"type":"Feature","properties":{"line":"11","mode":"bus","color":"#b0045c","oi":-0.01,"n":3,"sw":1},"geometry":{"type":"LineString","coordinates":[[22.945746,39.361011],[22.945721,39.361024]]}},{"type":"Feature","properties":{"line":"11","mode":"bus","color":"#b0045c","oi":0,"n":3,"sw":1},"geometry":{"type":"LineString","coordinates":[[22.945726,39.361021],[22.945704,39.361032]]}},{"type":"Feature","properties":{"line":"11","mode":"bus","color":"#b0045c","oi":-0.5,"n":2},"geometry":{"type":"LineString","coordinates":[[22.928691,39.372417],[22.933815,39.37466],[22.935314,39.375206]]}},{"type":"Feature","properties":{"line":"11","mode":"bus","color":"#b0045c","oi":-0.5,"n":2},"geometry":{"type":"LineString","coordinates":[[22.93527,39.375422],[22.935159,39.375962],[22.934977,39.376263],[22.934966,39.376277],[22.934952,39.376283],[22.934936,39.376284],[22.934917,39.376278],[22.930787,39.374457],[22.930779,39.374454],[22.930772,39.374454],[22.930766,39.374457],[22.930761,39.374463],[22.930752,39.374474],[22.930747,39.37448],[22.930741,39.374483],[22.930734,39.374483],[22.930726,39.37448],[22.928444,39.373488],[22.927271,39.373056]]}},{"type":"Feature","properties":{"line":"11","mode":"bus","color":"#b0045c","oi":0,"n":4,"sw":1},"geometry":{"type":"LineString","coordinates":[[22.932553,39.36151],[22.93257,39.361513]]}},{"type":"Feature","properties":{"line":"11","mode":"bus","color":"#b0045c","oi":-0.5,"n":4,"sw":1},"geometry":{"type":"LineString","coordinates":[[22.932564,39.361512],[22.932584,39.361516]]}},{"type":"Feature","properties":{"line":"11","mode":"bus","color":"#b0045c","oi":-0.5,"n":4,"sw":1},"geometry":{"type":"LineString","coordinates":[[22.932578,39.361514],[22.932598,39.361518]]}},{"type":"Feature","properties":{"line":"11","mode":"bus","color":"#b0045c","oi":0,"n":4,"sw":1},"geometry":{"type":"LineString","coordinates":[[22.932592,39.361517],[22.932609,39.36152]]}},{"type":"Feature","properties":{"line":"11","mode":"bus","color":"#b0045c","oi":-1,"n":3},"geometry":{"type":"LineString","coordinates":[[22.947294,39.368524],[22.950385,39.366797]]}},{"type":"Feature","properties":{"line":"11","mode":"bus","color":"#b0045c","oi":-1,"n":3,"sw":1},"geometry":{"type":"LineString","coordinates":[[22.950382,39.366799],[22.950406,39.366785]]}},{"type":"Feature","properties":{"line":"11","mode":"bus","color":"#b0045c","oi":-0.99,"n":3,"sw":1},"geometry":{"type":"LineString","coordinates":[[22.950401,39.366789],[22.950425,39.366775]]}},{"type":"Feature","properties":{"line":"11","mode":"bus","color":"#b0045c","oi":-0.962,"n":3,"sw":1},"geometry":{"type":"LineString","coordinates":[[22.95042,39.366778],[22.950444,39.366764]]}},{"type":"Feature","properties":{"line":"11","mode":"bus","color":"#b0045c","oi":-0.918,"n":3,"sw":1},"geometry":{"type":"LineString","coordinates":[[22.950439,39.366767],[22.950463,39.366754]]}},{"type":"Feature","properties":{"line":"11","mode":"bus","color":"#b0045c","oi":-0.86,"n":3,"sw":1},"geometry":{"type":"LineString","coordinates":[[22.950457,39.366757],[22.950482,39.366743]]}},{"type":"Feature","properties":{"line":"11","mode":"bus","color":"#b0045c","oi":-0.791,"n":3,"sw":1},"geometry":{"type":"LineString","coordinates":[[22.950476,39.366746],[22.950501,39.366733]]}},{"type":"Feature","properties":{"line":"11","mode":"bus","color":"#b0045c","oi":-0.714,"n":3,"sw":1},"geometry":{"type":"LineString","coordinates":[[22.950495,39.366736],[22.95052,39.366722]]}},{"type":"Feature","properties":{"line":"11","mode":"bus","color":"#b0045c","oi":-0.631,"n":3,"sw":1},"geometry":{"type":"LineString","coordinates":[[22.950514,39.366725],[22.950538,39.366712]]}},{"type":"Feature","properties":{"line":"11","mode":"bus","color":"#b0045c","oi":-0.544,"n":3,"sw":1},"geometry":{"type":"LineString","coordinates":[[22.950533,39.366715],[22.950557,39.366701]]}},{"type":"Feature","properties":{"line":"11","mode":"bus","color":"#b0045c","oi":-0.456,"n":3,"sw":1},"geometry":{"type":"LineString","coordinates":[[22.950552,39.366704],[22.950576,39.366691]]}},{"type":"Feature","properties":{"line":"11","mode":"bus","color":"#b0045c","oi":-0.369,"n":3,"sw":1},"geometry":{"type":"LineString","coordinates":[[22.95057,39.366694],[22.950595,39.36668]]}},{"type":"Feature","properties":{"line":"11","mode":"bus","color":"#b0045c","oi":-0.286,"n":3,"sw":1},"geometry":{"type":"LineString","coordinates":[[22.950589,39.366683],[22.950614,39.36667]]}},{"type":"Feature","properties":{"line":"11","mode":"bus","color":"#b0045c","oi":-0.209,"n":3,"sw":1},"geometry":{"type":"LineString","coordinates":[[22.950608,39.366673],[22.950633,39.366659]]}},{"type":"Feature","properties":{"line":"11","mode":"bus","color":"#b0045c","oi":-0.14,"n":3,"sw":1},"geometry":{"type":"LineString","coordinates":[[22.950627,39.366662],[22.950651,39.366649]]}},{"type":"Feature","properties":{"line":"11","mode":"bus","color":"#b0045c","oi":-0.082,"n":3,"sw":1},"geometry":{"type":"LineString","coordinates":[[22.950646,39.366652],[22.95067,39.366638]]}},{"type":"Feature","properties":{"line":"11","mode":"bus","color":"#b0045c","oi":-0.038,"n":3,"sw":1},"geometry":{"type":"LineString","coordinates":[[22.950665,39.366641],[22.950689,39.366627]]}},{"type":"Feature","properties":{"line":"11","mode":"bus","color":"#b0045c","oi":-0.01,"n":3,"sw":1},"geometry":{"type":"LineString","coordinates":[[22.950683,39.366631],[22.950708,39.366617]]}},{"type":"Feature","properties":{"line":"11","mode":"bus","color":"#b0045c","oi":0,"n":3,"sw":1},"geometry":{"type":"LineString","coordinates":[[22.950702,39.36662],[22.950724,39.366608]]}},{"type":"Feature","properties":{"line":"11","mode":"bus","color":"#b0045c","oi":-1,"n":3},"geometry":{"type":"LineString","coordinates":[[22.947242,39.368463],[22.950666,39.366545]]}},{"type":"Feature","properties":{"line":"11","mode":"bus","color":"#b0045c","oi":-0.5,"n":2},"geometry":{"type":"LineString","coordinates":[[22.940021,39.369006],[22.943717,39.370441],[22.943745,39.370448],[22.943771,39.370446],[22.943797,39.370436],[22.946952,39.368711]]}},{"type":"Feature","properties":{"line":"11","mode":"bus","color":"#b0045c","oi":-0.5,"n":2,"sw":1},"geometry":{"type":"LineString","coordinates":[[22.94695,39.368712],[22.946989,39.368691]]}},{"type":"Feature","properties":{"line":"11","mode":"bus","color":"#b0045c","oi":-0.517,"n":2,"sw":1},"geometry":{"type":"LineString","coordinates":[[22.946984,39.368694],[22.947024,39.368672]]}},{"type":"Feature","properties":{"line":"11","mode":"bus","color":"#b0045c","oi":-0.563,"n":2,"sw":1},"geometry":{"type":"LineString","coordinates":[[22.947018,39.368675],[22.947058,39.368653]]}},{"type":"Feature","properties":{"line":"11","mode":"bus","color":"#b0045c","oi":-0.63,"n":2,"sw":1},"geometry":{"type":"LineString","coordinates":[[22.947052,39.368656],[22.947092,39.368635]]}},{"type":"Feature","properties":{"line":"11","mode":"bus","color":"#b0045c","oi":-0.709,"n":2,"sw":1},"geometry":{"type":"LineString","coordinates":[[22.947086,39.368638],[22.947126,39.368616]]}},{"type":"Feature","properties":{"line":"11","mode":"bus","color":"#b0045c","oi":-0.791,"n":2,"sw":1},"geometry":{"type":"LineString","coordinates":[[22.94712,39.368619],[22.94716,39.368597]]}},{"type":"Feature","properties":{"line":"11","mode":"bus","color":"#b0045c","oi":-0.87,"n":2,"sw":1},"geometry":{"type":"LineString","coordinates":[[22.947154,39.3686],[22.947194,39.368578]]}},{"type":"Feature","properties":{"line":"11","mode":"bus","color":"#b0045c","oi":-0.937,"n":2,"sw":1},"geometry":{"type":"LineString","coordinates":[[22.947189,39.368582],[22.947229,39.36856]]}},{"type":"Feature","properties":{"line":"11","mode":"bus","color":"#b0045c","oi":-0.983,"n":2,"sw":1},"geometry":{"type":"LineString","coordinates":[[22.947223,39.368563],[22.947263,39.368541]]}},{"type":"Feature","properties":{"line":"11","mode":"bus","color":"#b0045c","oi":-1,"n":2,"sw":1},"geometry":{"type":"LineString","coordinates":[[22.947257,39.368544],[22.947294,39.368524]]}},{"type":"Feature","properties":{"line":"11","mode":"bus","color":"#b0045c","oi":-0.5,"n":2},"geometry":{"type":"LineString","coordinates":[[22.938633,39.376053],[22.939747,39.37033],[22.939988,39.369131],[22.940046,39.368965],[22.940054,39.368951],[22.940065,39.368943],[22.94008,39.368942],[22.940099,39.368947],[22.941221,39.369405],[22.943696,39.370347],[22.943738,39.370355],[22.94378,39.370348],[22.943889,39.370308],[22.946901,39.368651]]}},{"type":"Feature","properties":{"line":"11","mode":"bus","color":"#b0045c","oi":-0.5,"n":2,"sw":1},"geometry":{"type":"LineString","coordinates":[[22.946898,39.368652],[22.946938,39.36863]]}},{"type":"Feature","properties":{"line":"11","mode":"bus","color":"#b0045c","oi":-0.517,"n":2,"sw":1},"geometry":{"type":"LineString","coordinates":[[22.946932,39.368633],[22.946972,39.368612]]}},{"type":"Feature","properties":{"line":"11","mode":"bus","color":"#b0045c","oi":-0.563,"n":2,"sw":1},"geometry":{"type":"LineString","coordinates":[[22.946966,39.368615],[22.947006,39.368593]]}},{"type":"Feature","properties":{"line":"11","mode":"bus","color":"#b0045c","oi":-0.63,"n":2,"sw":1},"geometry":{"type":"LineString","coordinates":[[22.947001,39.368596],[22.94704,39.368574]]}},{"type":"Feature","properties":{"line":"11","mode":"bus","color":"#b0045c","oi":-0.709,"n":2,"sw":1},"geometry":{"type":"LineString","coordinates":[[22.947035,39.368577],[22.947074,39.368555]]}},{"type":"Feature","properties":{"line":"11","mode":"bus","color":"#b0045c","oi":-0.791,"n":2,"sw":1},"geometry":{"type":"LineString","coordinates":[[22.947069,39.368558],[22.947108,39.368536]]}},{"type":"Feature","properties":{"line":"11","mode":"bus","color":"#b0045c","oi":-0.87,"n":2,"sw":1},"geometry":{"type":"LineString","coordinates":[[22.947103,39.36854],[22.947143,39.368518]]}},{"type":"Feature","properties":{"line":"11","mode":"bus","color":"#b0045c","oi":-0.937,"n":2,"sw":1},"geometry":{"type":"LineString","coordinates":[[22.947137,39.368521],[22.947177,39.368499]]}},{"type":"Feature","properties":{"line":"11","mode":"bus","color":"#b0045c","oi":-0.983,"n":2,"sw":1},"geometry":{"type":"LineString","coordinates":[[22.947171,39.368502],[22.947211,39.36848]]}},{"type":"Feature","properties":{"line":"11","mode":"bus","color":"#b0045c","oi":-1,"n":2,"sw":1},"geometry":{"type":"LineString","coordinates":[[22.947205,39.368483],[22.947242,39.368463]]}},{"type":"Feature","properties":{"line":"11","mode":"bus","color":"#b0045c","oi":-1,"n":3},"geometry":{"type":"LineString","coordinates":[[22.965097,39.35104],[22.965268,39.351038]]}},{"type":"Feature","properties":{"line":"11","mode":"bus","color":"#b0045c","oi":-1,"n":3,"sw":1},"geometry":{"type":"LineString","coordinates":[[22.965264,39.351038],[22.965282,39.351037]]}},{"type":"Feature","properties":{"line":"11","mode":"bus","color":"#b0045c","oi":-0.987,"n":3,"sw":1},"geometry":{"type":"LineString","coordinates":[[22.965275,39.351037],[22.965292,39.351037]]}},{"type":"Feature","properties":{"line":"11","mode":"bus","color":"#b0045c","oi":-0.951,"n":3,"sw":1},"geometry":{"type":"LineString","coordinates":[[22.965285,39.351037],[22.965303,39.351037]]}},{"type":"Feature","properties":{"line":"11","mode":"bus","color":"#b0045c","oi":-0.896,"n":3,"sw":1},"geometry":{"type":"LineString","coordinates":[[22.965296,39.351037],[22.965314,39.351037]]}},{"type":"Feature","properties":{"line":"11","mode":"bus","color":"#b0045c","oi":-0.825,"n":3,"sw":1},"geometry":{"type":"LineString","coordinates":[[22.965307,39.351037],[22.965324,39.351037]]}},{"type":"Feature","properties":{"line":"11","mode":"bus","color":"#b0045c","oi":-0.741,"n":3,"sw":1},"geometry":{"type":"LineString","coordinates":[[22.965317,39.351037],[22.965335,39.351037]]}},{"type":"Feature","properties":{"line":"11","mode":"bus","color":"#b0045c","oi":-0.648,"n":3,"sw":1},"geometry":{"type":"LineString","coordinates":[[22.965328,39.351037],[22.965346,39.351036]]}},{"type":"Feature","properties":{"line":"11","mode":"bus","color":"#b0045c","oi":-0.55,"n":3,"sw":1},"geometry":{"type":"LineString","coordinates":[[22.965339,39.351036],[22.965356,39.351036]]}},{"type":"Feature","properties":{"line":"11","mode":"bus","color":"#b0045c","oi":-0.45,"n":3,"sw":1},"geometry":{"type":"LineString","coordinates":[[22.965349,39.351036],[22.965367,39.351036]]}},{"type":"Feature","properties":{"line":"11","mode":"bus","color":"#b0045c","oi":-0.352,"n":3,"sw":1},"geometry":{"type":"LineString","coordinates":[[22.96536,39.351036],[22.965378,39.351036]]}},{"type":"Feature","properties":{"line":"11","mode":"bus","color":"#b0045c","oi":-0.259,"n":3,"sw":1},"geometry":{"type":"LineString","coordinates":[[22.965371,39.351036],[22.965388,39.351036]]}},{"type":"Feature","properties":{"line":"11","mode":"bus","color":"#b0045c","oi":-0.175,"n":3,"sw":1},"geometry":{"type":"LineString","coordinates":[[22.965381,39.351036],[22.965399,39.351036]]}},{"type":"Feature","properties":{"line":"11","mode":"bus","color":"#b0045c","oi":-0.104,"n":3,"sw":1},"geometry":{"type":"LineString","coordinates":[[22.965392,39.351036],[22.96541,39.351035]]}},{"type":"Feature","properties":{"line":"11","mode":"bus","color":"#b0045c","oi":-0.049,"n":3,"sw":1},"geometry":{"type":"LineString","coordinates":[[22.965403,39.351036],[22.96542,39.351035]]}},{"type":"Feature","properties":{"line":"11","mode":"bus","color":"#b0045c","oi":-0.013,"n":3,"sw":1},"geometry":{"type":"LineString","coordinates":[[22.965413,39.351035],[22.965431,39.351035]]}},{"type":"Feature","properties":{"line":"11","mode":"bus","color":"#b0045c","oi":0,"n":3,"sw":1},"geometry":{"type":"LineString","coordinates":[[22.965424,39.351035],[22.965438,39.351035]]}},{"type":"Feature","properties":{"line":"11","mode":"bus","color":"#b0045c","oi":0,"n":3},"geometry":{"type":"LineString","coordinates":[[22.966553,39.356078],[22.966547,39.355768],[22.966456,39.355509],[22.966317,39.35537],[22.965786,39.355001],[22.965729,39.354911],[22.965739,39.354849],[22.966349,39.354052],[22.966359,39.354032],[22.966355,39.354014],[22.966339,39.353997],[22.966026,39.353776],[22.965715,39.353495],[22.965419,39.353063],[22.965315,39.352847],[22.965261,39.352137],[22.965462,39.351183]]}},{"type":"Feature","properties":{"line":"11","mode":"bus","color":"#b0045c","oi":-1,"n":3},"geometry":{"type":"LineString","coordinates":[[22.9527,39.365507],[22.952168,39.365806]]}},{"type":"Feature","properties":{"line":"11","mode":"bus","color":"#b0045c","oi":-1,"n":3,"sw":1},"geometry":{"type":"LineString","coordinates":[[22.952171,39.365804],[22.952147,39.365818]]}},{"type":"Feature","properties":{"line":"11","mode":"bus","color":"#b0045c","oi":-0.99,"n":3,"sw":1},"geometry":{"type":"LineString","coordinates":[[22.952152,39.365815],[22.952128,39.365828]]}},{"type":"Feature","properties":{"line":"11","mode":"bus","color":"#b0045c","oi":-0.962,"n":3,"sw":1},"geometry":{"type":"LineString","coordinates":[[22.952134,39.365825],[22.952109,39.365839]]}},{"type":"Feature","properties":{"line":"11","mode":"bus","color":"#b0045c","oi":-0.918,"n":3,"sw":1},"geometry":{"type":"LineString","coordinates":[[22.952115,39.365836],[22.95209,39.36585]]}},{"type":"Feature","properties":{"line":"11","mode":"bus","color":"#b0045c","oi":-0.86,"n":3,"sw":1},"geometry":{"type":"LineString","coordinates":[[22.952096,39.365846],[22.952072,39.36586]]}},{"type":"Feature","properties":{"line":"11","mode":"bus","color":"#b0045c","oi":-0.791,"n":3,"sw":1},"geometry":{"type":"LineString","coordinates":[[22.952077,39.365857],[22.952053,39.365871]]}},{"type":"Feature","properties":{"line":"11","mode":"bus","color":"#b0045c","oi":-0.714,"n":3,"sw":1},"geometry":{"type":"LineString","coordinates":[[22.952058,39.365868],[22.952034,39.365881]]}},{"type":"Feature","properties":{"line":"11","mode":"bus","color":"#b0045c","oi":-0.631,"n":3,"sw":1},"geometry":{"type":"LineString","coordinates":[[22.95204,39.365878],[22.952015,39.365892]]}},{"type":"Feature","properties":{"line":"11","mode":"bus","color":"#b0045c","oi":-0.544,"n":3,"sw":1},"geometry":{"type":"LineString","coordinates":[[22.952021,39.365889],[22.951996,39.365902]]}},{"type":"Feature","properties":{"line":"11","mode":"bus","color":"#b0045c","oi":-0.456,"n":3,"sw":1},"geometry":{"type":"LineString","coordinates":[[22.952002,39.365899],[22.951978,39.365913]]}},{"type":"Feature","properties":{"line":"11","mode":"bus","color":"#b0045c","oi":-0.369,"n":3,"sw":1},"geometry":{"type":"LineString","coordinates":[[22.951983,39.36591],[22.951959,39.365924]]}},{"type":"Feature","properties":{"line":"11","mode":"bus","color":"#b0045c","oi":-0.286,"n":3,"sw":1},"geometry":{"type":"LineString","coordinates":[[22.951964,39.36592],[22.95194,39.365934]]}},{"type":"Feature","properties":{"line":"11","mode":"bus","color":"#b0045c","oi":-0.209,"n":3,"sw":1},"geometry":{"type":"LineString","coordinates":[[22.951946,39.365931],[22.951921,39.365945]]}},{"type":"Feature","properties":{"line":"11","mode":"bus","color":"#b0045c","oi":-0.14,"n":3,"sw":1},"geometry":{"type":"LineString","coordinates":[[22.951927,39.365942],[22.951902,39.365955]]}},{"type":"Feature","properties":{"line":"11","mode":"bus","color":"#b0045c","oi":-0.082,"n":3,"sw":1},"geometry":{"type":"LineString","coordinates":[[22.951908,39.365952],[22.951884,39.365966]]}},{"type":"Feature","properties":{"line":"11","mode":"bus","color":"#b0045c","oi":-0.038,"n":3,"sw":1},"geometry":{"type":"LineString","coordinates":[[22.951889,39.365963],[22.951865,39.365976]]}},{"type":"Feature","properties":{"line":"11","mode":"bus","color":"#b0045c","oi":-0.01,"n":3,"sw":1},"geometry":{"type":"LineString","coordinates":[[22.95187,39.365973],[22.951846,39.365987]]}},{"type":"Feature","properties":{"line":"11","mode":"bus","color":"#b0045c","oi":0,"n":3,"sw":1},"geometry":{"type":"LineString","coordinates":[[22.951852,39.365984],[22.95183,39.365996]]}},{"type":"Feature","properties":{"line":"11","mode":"bus","color":"#b0045c","oi":-1,"n":3},"geometry":{"type":"LineString","coordinates":[[22.952889,39.365304],[22.951766,39.365928]]}},{"type":"Feature","properties":{"line":"11","mode":"bus","color":"#b0045c","oi":-0.5,"n":2},"geometry":{"type":"LineString","coordinates":[[22.931937,39.362327],[22.932217,39.361762]]}},{"type":"Feature","properties":{"line":"11","mode":"bus","color":"#b0045c","oi":0,"n":2,"sw":1},"geometry":{"type":"LineString","coordinates":[[22.931865,39.362644],[22.93187,39.362609]]}},{"type":"Feature","properties":{"line":"11","mode":"bus","color":"#b0045c","oi":-0.017,"n":2,"sw":1},"geometry":{"type":"LineString","coordinates":[[22.93187,39.362615],[22.931875,39.362577]]}},{"type":"Feature","properties":{"line":"11","mode":"bus","color":"#b0045c","oi":-0.063,"n":2,"sw":1},"geometry":{"type":"LineString","coordinates":[[22.931875,39.362582],[22.93188,39.362545]]}},{"type":"Feature","properties":{"line":"11","mode":"bus","color":"#b0045c","oi":-0.13,"n":2,"sw":1},"geometry":{"type":"LineString","coordinates":[[22.93188,39.36255],[22.931885,39.362513]]}},{"type":"Feature","properties":{"line":"11","mode":"bus","color":"#b0045c","oi":-0.209,"n":2,"sw":1},"geometry":{"type":"LineString","coordinates":[[22.931884,39.362518],[22.93189,39.362481]]}},{"type":"Feature","properties":{"line":"11","mode":"bus","color":"#b0045c","oi":-0.291,"n":2,"sw":1},"geometry":{"type":"LineString","coordinates":[[22.931889,39.362486],[22.931895,39.362448]]}},{"type":"Feature","properties":{"line":"11","mode":"bus","color":"#b0045c","oi":-0.37,"n":2,"sw":1},"geometry":{"type":"LineString","coordinates":[[22.931894,39.362454],[22.9319,39.362416]]}},{"type":"Feature","properties":{"line":"11","mode":"bus","color":"#b0045c","oi":-0.437,"n":2,"sw":1},"geometry":{"type":"LineString","coordinates":[[22.931899,39.362422],[22.931904,39.362392],[22.931908,39.362384]]}},{"type":"Feature","properties":{"line":"11","mode":"bus","color":"#b0045c","oi":-0.483,"n":2,"sw":1},"geometry":{"type":"LineString","coordinates":[[22.931905,39.36239],[22.931923,39.362354]]}},{"type":"Feature","properties":{"line":"11","mode":"bus","color":"#b0045c","oi":-0.5,"n":2,"sw":1},"geometry":{"type":"LineString","coordinates":[[22.93192,39.362359],[22.931938,39.362324]]}},{"type":"Feature","properties":{"line":"11","mode":"bus","color":"#b0045c","oi":-0.5,"n":2,"sw":1},"geometry":{"type":"LineString","coordinates":[[22.932216,39.361765],[22.932233,39.36173]]}},{"type":"Feature","properties":{"line":"11","mode":"bus","color":"#b0045c","oi":-0.483,"n":2,"sw":1},"geometry":{"type":"LineString","coordinates":[[22.932231,39.361735],[22.932248,39.361699]]}},{"type":"Feature","properties":{"line":"11","mode":"bus","color":"#b0045c","oi":-0.437,"n":2,"sw":1},"geometry":{"type":"LineString","coordinates":[[22.932246,39.361704],[22.932263,39.361669]]}},{"type":"Feature","properties":{"line":"11","mode":"bus","color":"#b0045c","oi":-0.37,"n":2,"sw":1},"geometry":{"type":"LineString","coordinates":[[22.932261,39.361674],[22.932278,39.361639]]}},{"type":"Feature","properties":{"line":"11","mode":"bus","color":"#b0045c","oi":-0.291,"n":2,"sw":1},"geometry":{"type":"LineString","coordinates":[[22.932276,39.361644],[22.932293,39.361609]]}},{"type":"Feature","properties":{"line":"11","mode":"bus","color":"#b0045c","oi":-0.209,"n":2,"sw":1},"geometry":{"type":"LineString","coordinates":[[22.932291,39.361614],[22.932308,39.361578]]}},{"type":"Feature","properties":{"line":"11","mode":"bus","color":"#b0045c","oi":-0.13,"n":2,"sw":1},"geometry":{"type":"LineString","coordinates":[[22.932306,39.361583],[22.932323,39.361548]]}},{"type":"Feature","properties":{"line":"11","mode":"bus","color":"#b0045c","oi":-0.063,"n":2,"sw":1},"geometry":{"type":"LineString","coordinates":[[22.932321,39.361553],[22.932338,39.361518]]}},{"type":"Feature","properties":{"line":"11","mode":"bus","color":"#b0045c","oi":-0.017,"n":2,"sw":1},"geometry":{"type":"LineString","coordinates":[[22.932336,39.361523],[22.932353,39.361488]]}},{"type":"Feature","properties":{"line":"11","mode":"bus","color":"#b0045c","oi":0,"n":2,"sw":1},"geometry":{"type":"LineString","coordinates":[[22.932351,39.361493],[22.932367,39.36146]]}},{"type":"Feature","properties":{"line":"4","mode":"bus","color":"#8e4604","oi":0.5,"n":4},"geometry":{"type":"LineString","coordinates":[[22.933333,39.362099],[22.931391,39.362942],[22.931183,39.363107]]}},{"type":"Feature","properties":{"line":"4","mode":"bus","color":"#8e4604","oi":0,"n":4,"sw":1},"geometry":{"type":"LineString","coordinates":[[22.933698,39.361941],[22.933658,39.361958]]}},{"type":"Feature","properties":{"line":"4","mode":"bus","color":"#8e4604","oi":0.017,"n":4,"sw":1},"geometry":{"type":"LineString","coordinates":[[22.933665,39.361956],[22.933622,39.361974]]}},{"type":"Feature","properties":{"line":"4","mode":"bus","color":"#8e4604","oi":0.063,"n":4,"sw":1},"geometry":{"type":"LineString","coordinates":[[22.933628,39.361971],[22.933586,39.36199]]}},{"type":"Feature","properties":{"line":"4","mode":"bus","color":"#8e4604","oi":0.13,"n":4,"sw":1},"geometry":{"type":"LineString","coordinates":[[22.933592,39.361987],[22.933549,39.362006]]}},{"type":"Feature","properties":{"line":"4","mode":"bus","color":"#8e4604","oi":0.209,"n":4,"sw":1},"geometry":{"type":"LineString","coordinates":[[22.933555,39.362003],[22.933513,39.362021]]}},{"type":"Feature","properties":{"line":"4","mode":"bus","color":"#8e4604","oi":0.291,"n":4,"sw":1},"geometry":{"type":"LineString","coordinates":[[22.933519,39.362019],[22.933476,39.362037]]}},{"type":"Feature","properties":{"line":"4","mode":"bus","color":"#8e4604","oi":0.37,"n":4,"sw":1},"geometry":{"type":"LineString","coordinates":[[22.933482,39.362035],[22.93344,39.362053]]}},{"type":"Feature","properties":{"line":"4","mode":"bus","color":"#8e4604","oi":0.437,"n":4,"sw":1},"geometry":{"type":"LineString","coordinates":[[22.933446,39.36205],[22.933403,39.362069]]}},{"type":"Feature","properties":{"line":"4","mode":"bus","color":"#8e4604","oi":0.483,"n":4,"sw":1},"geometry":{"type":"LineString","coordinates":[[22.933409,39.362066],[22.933367,39.362085]]}},{"type":"Feature","properties":{"line":"4","mode":"bus","color":"#8e4604","oi":0.5,"n":4,"sw":1},"geometry":{"type":"LineString","coordinates":[[22.933373,39.362082],[22.93333,39.362101]]}},{"type":"Feature","properties":{"line":"4","mode":"bus","color":"#8e4604","oi":0,"n":3},"geometry":{"type":"LineString","coordinates":[[22.931183,39.363107],[22.931075,39.363111],[22.931005,39.363081],[22.930956,39.363008]]}},{"type":"Feature","properties":{"line":"4","mode":"bus","color":"#8e4604","oi":0,"n":3},"geometry":{"type":"LineString","coordinates":[[22.925518,39.357838],[22.923991,39.359079],[22.923979,39.359092],[22.923976,39.359104],[22.923982,39.359115],[22.923997,39.359126],[22.925797,39.360119],[22.926744,39.360582],[22.927013,39.360756],[22.928546,39.361955],[22.928752,39.362145],[22.929314,39.362707],[22.929897,39.36345],[22.929915,39.363465],[22.929936,39.36347],[22.929961,39.363463],[22.93091,39.363038],[22.93094,39.363019],[22.930952,39.363007],[22.930958,39.362992],[22.930962,39.362944],[22.93103,39.362878],[22.931135,39.362857],[22.931236,39.362892],[22.931342,39.362869],[22.931865,39.362644]]}},{"type":"Feature","properties":{"line":"4","mode":"bus","color":"#8e4604","oi":0.5,"n":3,"sw":1},"geometry":{"type":"LineString","coordinates":[[22.925806,39.357603],[22.925775,39.357628]]}},{"type":"Feature","properties":{"line":"4","mode":"bus","color":"#8e4604","oi":0.483,"n":3,"sw":1},"geometry":{"type":"LineString","coordinates":[[22.92578,39.357625],[22.925746,39.357652]]}},{"type":"Feature","properties":{"line":"4","mode":"bus","color":"#8e4604","oi":0.437,"n":3,"sw":1},"geometry":{"type":"LineString","coordinates":[[22.925751,39.357648],[22.925717,39.357675]]}},{"type":"Feature","properties":{"line":"4","mode":"bus","color":"#8e4604","oi":0.37,"n":3,"sw":1},"geometry":{"type":"LineString","coordinates":[[22.925722,39.357671],[22.925688,39.357699]]}},{"type":"Feature","properties":{"line":"4","mode":"bus","color":"#8e4604","oi":0.291,"n":3,"sw":1},"geometry":{"type":"LineString","coordinates":[[22.925693,39.357695],[22.925659,39.357722]]}},{"type":"Feature","properties":{"line":"4","mode":"bus","color":"#8e4604","oi":0.209,"n":3,"sw":1},"geometry":{"type":"LineString","coordinates":[[22.925664,39.357718],[22.925631,39.357746]]}},{"type":"Feature","properties":{"line":"4","mode":"bus","color":"#8e4604","oi":0.13,"n":3,"sw":1},"geometry":{"type":"LineString","coordinates":[[22.925635,39.357742],[22.925602,39.357769]]}},{"type":"Feature","properties":{"line":"4","mode":"bus","color":"#8e4604","oi":0.063,"n":3,"sw":1},"geometry":{"type":"LineString","coordinates":[[22.925607,39.357765],[22.925573,39.357793]]}},{"type":"Feature","properties":{"line":"4","mode":"bus","color":"#8e4604","oi":0.017,"n":3,"sw":1},"geometry":{"type":"LineString","coordinates":[[22.925578,39.357789],[22.925544,39.357816]]}},{"type":"Feature","properties":{"line":"4","mode":"bus","color":"#8e4604","oi":0,"n":3,"sw":1},"geometry":{"type":"LineString","coordinates":[[22.925549,39.357812],[22.925515,39.35784]]}},{"type":"Feature","properties":{"line":"4","mode":"bus","color":"#8e4604","oi":0,"n":1},"geometry":{"type":"LineString","coordinates":[[22.97385,39.384681],[22.973056,39.384645],[22.972777,39.38459],[22.972224,39.384427],[22.971936,39.384416],[22.971675,39.384463],[22.971451,39.384544],[22.971231,39.384669],[22.971011,39.38485],[22.970957,39.384863],[22.970915,39.384851],[22.970896,39.384842],[22.970884,39.384828],[22.970862,39.384789],[22.970877,39.384705],[22.97136,39.383779],[22.971398,39.383549],[22.971351,39.383383],[22.971102,39.383035],[22.970972,39.382912],[22.970085,39.38219],[22.969735,39.38195],[22.969075,39.381598],[22.969021,39.381532],[22.969019,39.381466],[22.969168,39.381265],[22.969178,39.381245],[22.969176,39.381225],[22.969163,39.381205],[22.969087,39.381129]]}},{"type":"Feature","properties":{"line":"4","mode":"bus","color":"#8e4604","oi":0,"n":1},"geometry":{"type":"LineString","coordinates":[[22.982898,39.37625],[22.982957,39.376265],[22.982981,39.376275],[22.982998,39.376293],[22.983023,39.376331],[22.983035,39.376619],[22.983099,39.376877],[22.983479,39.377402],[22.983487,39.377453],[22.983484,39.377478],[22.983468,39.377501],[22.98341,39.377555],[22.983272,39.377586],[22.983052,39.377554],[22.982404,39.377377],[22.982235,39.377391],[22.98216,39.377442],[22.982133,39.377469],[22.982123,39.377502],[22.982116,39.37761],[22.982377,39.378036],[22.982441,39.378235],[22.982387,39.378391],[22.982112,39.37872],[22.982064,39.378866],[22.982209,39.379301],[22.982242,39.379504],[22.982159,39.379998],[22.982196,39.380321],[22.982179,39.380472],[22.982113,39.380577],[22.981958,39.380654],[22.981274,39.380741],[22.981068,39.380811],[22.980973,39.380928],[22.980767,39.381395],[22.980744,39.381501],[22.980766,39.381629],[22.98086,39.381758],[22.981093,39.381925],[22.981334,39.382054],[22.982084,39.382382],[22.982472,39.382478],[22.982939,39.382539],[22.983104,39.38262],[22.98313,39.382673],[22.983111,39.382759],[22.982912,39.38303],[22.982601,39.383561],[22.982589,39.383649],[22.982593,39.383683],[22.982613,39.383713],[22.982676,39.383773],[22.982797,39.383791],[22.982828,39.383791],[22.982857,39.38378],[22.982906,39.383749],[22.983063,39.383233],[22.983168,39.38304],[22.983391,39.382749],[22.983504,39.382693],[22.984092,39.382574],[22.984244,39.382511],[22.984288,39.382432],[22.984265,39.382365],[22.984215,39.382333],[22.983696,39.382269],[22.982712,39.381989],[22.982619,39.381941],[22.982535,39.38186],[22.982523,39.381778],[22.982565,39.381688],[22.982677,39.381583],[22.982898,39.381433],[22.98442,39.38054],[22.984647,39.380462],[22.985153,39.380354],[22.985322,39.380277],[22.985423,39.38003],[22.985521,39.379606],[22.985601,39.379439],[22.986114,39.379056],[22.986251,39.378925],[22.986327,39.378811],[22.986485,39.3784],[22.986563,39.378305],[22.986698,39.378204],[22.98706,39.378005],[22.98732,39.37773],[22.987398,39.377701],[22.987495,39.377718],[22.987562,39.377764],[22.987593,39.377854],[22.987576,39.377917],[22.98711,39.378247],[22.986917,39.378413],[22.98681,39.378585],[22.986616,39.379019],[22.986203,39.379696],[22.986173,39.379842],[22.986245,39.380294],[22.986223,39.380462],[22.986136,39.380612],[22.985648,39.381189],[22.985642,39.381323],[22.985687,39.381374],[22.985716,39.381395],[22.985754,39.381404],[22.985865,39.381411],[22.985949,39.381368],[22.986285,39.380779],[22.986445,39.380664],[22.986798,39.380473],[22.986958,39.380352],[22.987038,39.380253],[22.987257,39.379697],[22.987367,39.379626],[22.987492,39.379628],[22.987571,39.379655],[22.98766,39.379739],[22.987675,39.379826],[22.987647,39.379926],[22.986723,39.380925],[22.986675,39.381007],[22.986657,39.381108],[22.986731,39.381269],[22.986831,39.381338],[22.986942,39.381374],[22.987589,39.381387],[22.98807,39.381518],[22.98826,39.381642],[22.988731,39.382082],[22.988982,39.382237],[22.989464,39.382439],[22.990036,39.38253],[22.990211,39.382577],[22.990302,39.382624],[22.990416,39.382731],[22.990615,39.383022],[22.99079,39.383144],[22.99097,39.383198],[22.991171,39.383205],[22.9912,39.383202],[22.991225,39.38319],[22.991245,39.383175],[22.991262,39.383157],[22.991267,39.383135],[22.991265,39.383075],[22.991256,39.383042],[22.99123,39.383014],[22.991158,39.382962],[22.990821,39.382793],[22.990359,39.382267],[22.989676,39.381987],[22.989644,39.381965],[22.989629,39.381934],[22.989615,39.381848],[22.989657,39.381794],[22.989678,39.381777],[22.989707,39.381769],[22.989768,39.381764],[22.989881,39.381788],[22.990236,39.381923],[22.990821,39.382078],[22.991004,39.382156],[22.992335,39.382876],[22.992557,39.382927],[22.992888,39.382931],[22.992931,39.382925],[22.992967,39.382907],[22.993091,39.38281],[22.993638,39.382521],[22.994223,39.382128],[22.995264,39.381623],[22.995711,39.38146],[22.995963,39.381395],[22.996544,39.381406],[22.996767,39.381442],[22.996991,39.381517],[22.997606,39.381937],[22.997646,39.381989],[22.997658,39.382018],[22.997652,39.382047],[22.997633,39.382084],[22.997625,39.382094],[22.997614,39.382101],[22.997598,39.382103],[22.997551,39.382106],[22.997223,39.381934],[22.997093,39.381895],[22.996956,39.381931],[22.9969,39.382005],[22.996895,39.38208],[22.99696,39.38227],[22.99698,39.382544],[22.996816,39.382948],[22.996799,39.383058],[22.996846,39.383497],[22.996918,39.383631],[22.997373,39.384015],[22.997457,39.384054],[22.997557,39.384039],[22.997858,39.383834],[22.998258,39.383759]]}},{"type":"Feature","properties":{"line":"4","mode":"bus","color":"#8e4604","oi":0,"n":1},"geometry":{"type":"LineString","coordinates":[[22.983483,39.389361],[22.983561,39.389061],[22.983539,39.388826],[22.98365,39.388608],[22.983734,39.388569],[22.983805,39.388565],[22.984194,39.388609],[22.984295,39.38859],[22.984467,39.388516],[22.98471,39.38837],[22.984886,39.388223],[22.985284,39.3878],[22.985442,39.387715],[22.985701,39.387716],[22.985907,39.387789],[22.986316,39.388203],[22.986459,39.388242],[22.986586,39.388231],[22.986733,39.388162],[22.987093,39.387823],[22.98718,39.387799],[22.987329,39.387818],[22.987427,39.387875],[22.98748,39.387994],[22.987301,39.388308],[22.987292,39.3886],[22.987355,39.388694],[22.987548,39.38877],[22.987666,39.388758],[22.987733,39.388714],[22.988013,39.388429],[22.988497,39.388112],[22.988558,39.388004],[22.988537,39.387805],[22.988346,39.387496],[22.988215,39.387226],[22.988112,39.387101],[22.986948,39.386573],[22.986711,39.386367],[22.986562,39.386124],[22.986486,39.386045],[22.986135,39.385893],[22.985214,39.385287],[22.985039,39.385129],[22.984876,39.384891],[22.984871,39.384754],[22.98494,39.384666],[22.985374,39.384445],[22.985465,39.38436],[22.985682,39.383608],[22.985673,39.383438],[22.985627,39.383295],[22.98553,39.383145],[22.985138,39.382732],[22.9851,39.382647],[22.985121,39.382554],[22.985221,39.382494],[22.985917,39.382416],[22.986001,39.382383],[22.986068,39.382287],[22.986032,39.382132],[22.985967,39.382065],[22.985583,39.381969],[22.985425,39.381903],[22.984825,39.381489],[22.984564,39.38139],[22.984476,39.381311],[22.984451,39.381156],[22.984544,39.380938],[22.984842,39.380585],[22.985062,39.380435],[22.98507,39.380376]]}},{"type":"Feature","properties":{"line":"4","mode":"bus","color":"#8e4604","oi":0,"n":1},"geometry":{"type":"LineString","coordinates":[[22.92904,39.360003],[22.930514,39.362125],[22.930976,39.362821],[22.930989,39.362907]]}},{"type":"Feature","properties":{"line":"4","mode":"bus","color":"#8e4604","oi":0.5,"n":1,"sw":1},"geometry":{"type":"LineString","coordinates":[[22.928842,39.359718],[22.928863,39.359749]]}},{"type":"Feature","properties":{"line":"4","mode":"bus","color":"#8e4604","oi":0.483,"n":1,"sw":1},"geometry":{"type":"LineString","coordinates":[[22.92886,39.359744],[22.928883,39.359777]]}},{"type":"Feature","properties":{"line":"4","mode":"bus","color":"#8e4604","oi":0.437,"n":1,"sw":1},"geometry":{"type":"LineString","coordinates":[[22.92888,39.359773],[22.928903,39.359806]]}},{"type":"Feature","properties":{"line":"4","mode":"bus","color":"#8e4604","oi":0.37,"n":1,"sw":1},"geometry":{"type":"LineString","coordinates":[[22.9289,39.359801],[22.928923,39.359834]]}},{"type":"Feature","properties":{"line":"4","mode":"bus","color":"#8e4604","oi":0.291,"n":1,"sw":1},"geometry":{"type":"LineString","coordinates":[[22.92892,39.35983],[22.928943,39.359863]]}},{"type":"Feature","properties":{"line":"4","mode":"bus","color":"#8e4604","oi":0.209,"n":1,"sw":1},"geometry":{"type":"LineString","coordinates":[[22.928939,39.359858],[22.928963,39.359892]]}},{"type":"Feature","properties":{"line":"4","mode":"bus","color":"#8e4604","oi":0.13,"n":1,"sw":1},"geometry":{"type":"LineString","coordinates":[[22.928959,39.359887],[22.928982,39.35992]]}},{"type":"Feature","properties":{"line":"4","mode":"bus","color":"#8e4604","oi":0.063,"n":1,"sw":1},"geometry":{"type":"LineString","coordinates":[[22.928979,39.359915],[22.929002,39.359949]]}},{"type":"Feature","properties":{"line":"4","mode":"bus","color":"#8e4604","oi":0.017,"n":1,"sw":1},"geometry":{"type":"LineString","coordinates":[[22.928999,39.359944],[22.929022,39.359977]]}},{"type":"Feature","properties":{"line":"4","mode":"bus","color":"#8e4604","oi":0,"n":1,"sw":1},"geometry":{"type":"LineString","coordinates":[[22.929019,39.359972],[22.929042,39.360006]]}},{"type":"Feature","properties":{"line":"4","mode":"bus","color":"#8e4604","oi":0,"n":4,"sw":1},"geometry":{"type":"LineString","coordinates":[[22.932553,39.36151],[22.93257,39.361513]]}},{"type":"Feature","properties":{"line":"4","mode":"bus","color":"#8e4604","oi":1.5,"n":4,"sw":1},"geometry":{"type":"LineString","coordinates":[[22.932564,39.361512],[22.932584,39.361516]]}},{"type":"Feature","properties":{"line":"4","mode":"bus","color":"#8e4604","oi":1.5,"n":4,"sw":1},"geometry":{"type":"LineString","coordinates":[[22.932578,39.361514],[22.932598,39.361518]]}},{"type":"Feature","properties":{"line":"4","mode":"bus","color":"#8e4604","oi":0,"n":4,"sw":1},"geometry":{"type":"LineString","coordinates":[[22.932592,39.361517],[22.932609,39.36152]]}},{"type":"Feature","properties":{"line":"4","mode":"bus","color":"#8e4604","oi":-0.5,"n":2},"geometry":{"type":"LineString","coordinates":[[22.932231,39.362487],[22.933225,39.36206]]}},{"type":"Feature","properties":{"line":"4","mode":"bus","color":"#8e4604","oi":0,"n":2,"sw":1},"geometry":{"type":"LineString","coordinates":[[22.931865,39.362644],[22.931905,39.362627]]}},{"type":"Feature","properties":{"line":"4","mode":"bus","color":"#8e4604","oi":-0.017,"n":2,"sw":1},"geometry":{"type":"LineString","coordinates":[[22.931899,39.36263],[22.931941,39.362611]]}},{"type":"Feature","properties":{"line":"4","mode":"bus","color":"#8e4604","oi":-0.063,"n":2,"sw":1},"geometry":{"type":"LineString","coordinates":[[22.931935,39.362614],[22.931978,39.362596]]}},{"type":"Feature","properties":{"line":"4","mode":"bus","color":"#8e4604","oi":-0.13,"n":2,"sw":1},"geometry":{"type":"LineString","coordinates":[[22.931972,39.362598],[22.932014,39.36258]]}},{"type":"Feature","properties":{"line":"4","mode":"bus","color":"#8e4604","oi":-0.209,"n":2,"sw":1},"geometry":{"type":"LineString","coordinates":[[22.932008,39.362582],[22.932051,39.362564]]}},{"type":"Feature","properties":{"line":"4","mode":"bus","color":"#8e4604","oi":-0.291,"n":2,"sw":1},"geometry":{"type":"LineString","coordinates":[[22.932045,39.362567],[22.932087,39.362548]]}},{"type":"Feature","properties":{"line":"4","mode":"bus","color":"#8e4604","oi":-0.37,"n":2,"sw":1},"geometry":{"type":"LineString","coordinates":[[22.932081,39.362551],[22.932124,39.362533]]}},{"type":"Feature","properties":{"line":"4","mode":"bus","color":"#8e4604","oi":-0.437,"n":2,"sw":1},"geometry":{"type":"LineString","coordinates":[[22.932118,39.362535],[22.932161,39.362517]]}},{"type":"Feature","properties":{"line":"4","mode":"bus","color":"#8e4604","oi":-0.483,"n":2,"sw":1},"geometry":{"type":"LineString","coordinates":[[22.932155,39.36252],[22.932197,39.362501]]}},{"type":"Feature","properties":{"line":"4","mode":"bus","color":"#8e4604","oi":-0.5,"n":2,"sw":1},"geometry":{"type":"LineString","coordinates":[[22.932191,39.362504],[22.932234,39.362486]]}},{"type":"Feature","properties":{"line":"4","mode":"bus","color":"#8e4604","oi":-0.5,"n":2,"sw":1},"geometry":{"type":"LineString","coordinates":[[22.933222,39.362061],[22.933264,39.362043]]}},{"type":"Feature","properties":{"line":"4","mode":"bus","color":"#8e4604","oi":-0.483,"n":2,"sw":1},"geometry":{"type":"LineString","coordinates":[[22.933258,39.362046],[22.933301,39.362027]]}},{"type":"Feature","properties":{"line":"4","mode":"bus","color":"#8e4604","oi":-0.437,"n":2,"sw":1},"geometry":{"type":"LineString","coordinates":[[22.933295,39.36203],[22.933304,39.362026],[22.933331,39.362005]]}},{"type":"Feature","properties":{"line":"4","mode":"bus","color":"#8e4604","oi":-0.37,"n":2,"sw":1},"geometry":{"type":"LineString","coordinates":[[22.933326,39.362009],[22.933361,39.361982]]}},{"type":"Feature","properties":{"line":"4","mode":"bus","color":"#8e4604","oi":-0.291,"n":2,"sw":1},"geometry":{"type":"LineString","coordinates":[[22.933356,39.361986],[22.93339,39.361959]]}},{"type":"Feature","properties":{"line":"4","mode":"bus","color":"#8e4604","oi":-0.209,"n":2,"sw":1},"geometry":{"type":"LineString","coordinates":[[22.933385,39.361963],[22.933411,39.361943],[22.933414,39.361934]]}},{"type":"Feature","properties":{"line":"4","mode":"bus","color":"#8e4604","oi":-0.13,"n":2,"sw":1},"geometry":{"type":"LineString","coordinates":[[22.933412,39.361939],[22.933426,39.361903]]}},{"type":"Feature","properties":{"line":"4","mode":"bus","color":"#8e4604","oi":-0.063,"n":2,"sw":1},"geometry":{"type":"LineString","coordinates":[[22.933424,39.361908],[22.933438,39.361872]]}},{"type":"Feature","properties":{"line":"4","mode":"bus","color":"#8e4604","oi":-0.017,"n":2,"sw":1},"geometry":{"type":"LineString","coordinates":[[22.933436,39.361877],[22.933449,39.361841]]}},{"type":"Feature","properties":{"line":"4","mode":"bus","color":"#8e4604","oi":0,"n":2,"sw":1},"geometry":{"type":"LineString","coordinates":[[22.933447,39.361846],[22.93346,39.361812]]}},{"type":"Feature","properties":{"line":"4","mode":"bus","color":"#8e4604","oi":0.5,"n":2},"geometry":{"type":"LineString","coordinates":[[22.926347,39.357176],[22.925806,39.357603]]}},{"type":"Feature","properties":{"line":"4","mode":"bus","color":"#8e4604","oi":0.5,"n":2},"geometry":{"type":"LineString","coordinates":[[22.927038,39.357067],[22.928842,39.359718]]}},{"type":"Feature","properties":{"line":"4","mode":"bus","color":"#8e4604","oi":1,"n":2,"sw":1},"geometry":{"type":"LineString","coordinates":[[22.926843,39.35678],[22.926864,39.356811]]}},{"type":"Feature","properties":{"line":"4","mode":"bus","color":"#8e4604","oi":0.983,"n":2,"sw":1},"geometry":{"type":"LineString","coordinates":[[22.926861,39.356806],[22.926884,39.35684]]}},{"type":"Feature","properties":{"line":"4","mode":"bus","color":"#8e4604","oi":0.937,"n":2,"sw":1},"geometry":{"type":"LineString","coordinates":[[22.92688,39.356835],[22.926903,39.356868]]}},{"type":"Feature","properties":{"line":"4","mode":"bus","color":"#8e4604","oi":0.87,"n":2,"sw":1},"geometry":{"type":"LineString","coordinates":[[22.9269,39.356864],[22.926923,39.356897]]}},{"type":"Feature","properties":{"line":"4","mode":"bus","color":"#8e4604","oi":0.791,"n":2,"sw":1},"geometry":{"type":"LineString","coordinates":[[22.926919,39.356892],[22.926942,39.356926]]}},{"type":"Feature","properties":{"line":"4","mode":"bus","color":"#8e4604","oi":0.709,"n":2,"sw":1},"geometry":{"type":"LineString","coordinates":[[22.926939,39.356921],[22.926962,39.356954]]}},{"type":"Feature","properties":{"line":"4","mode":"bus","color":"#8e4604","oi":0.63,"n":2,"sw":1},"geometry":{"type":"LineString","coordinates":[[22.926958,39.35695],[22.926981,39.356983]]}},{"type":"Feature","properties":{"line":"4","mode":"bus","color":"#8e4604","oi":0.563,"n":2,"sw":1},"geometry":{"type":"LineString","coordinates":[[22.926978,39.356978],[22.927001,39.357012]]}},{"type":"Feature","properties":{"line":"4","mode":"bus","color":"#8e4604","oi":0.517,"n":2,"sw":1},"geometry":{"type":"LineString","coordinates":[[22.926997,39.357007],[22.92702,39.35704]]}},{"type":"Feature","properties":{"line":"4","mode":"bus","color":"#8e4604","oi":0.5,"n":2,"sw":1},"geometry":{"type":"LineString","coordinates":[[22.927017,39.357036],[22.92704,39.357069]]}},{"type":"Feature","properties":{"line":"4","mode":"bus","color":"#8e4604","oi":0.5,"n":2},"geometry":{"type":"LineString","coordinates":[[22.931937,39.362327],[22.932217,39.361762]]}},{"type":"Feature","properties":{"line":"4","mode":"bus","color":"#8e4604","oi":0,"n":2,"sw":1},"geometry":{"type":"LineString","coordinates":[[22.931865,39.362644],[22.93187,39.362609]]}},{"type":"Feature","properties":{"line":"4","mode":"bus","color":"#8e4604","oi":0.017,"n":2,"sw":1},"geometry":{"type":"LineString","coordinates":[[22.93187,39.362615],[22.931875,39.362577]]}},{"type":"Feature","properties":{"line":"4","mode":"bus","color":"#8e4604","oi":0.063,"n":2,"sw":1},"geometry":{"type":"LineString","coordinates":[[22.931875,39.362582],[22.93188,39.362545]]}},{"type":"Feature","properties":{"line":"4","mode":"bus","color":"#8e4604","oi":0.13,"n":2,"sw":1},"geometry":{"type":"LineString","coordinates":[[22.93188,39.36255],[22.931885,39.362513]]}},{"type":"Feature","properties":{"line":"4","mode":"bus","color":"#8e4604","oi":0.209,"n":2,"sw":1},"geometry":{"type":"LineString","coordinates":[[22.931884,39.362518],[22.93189,39.362481]]}},{"type":"Feature","properties":{"line":"4","mode":"bus","color":"#8e4604","oi":0.291,"n":2,"sw":1},"geometry":{"type":"LineString","coordinates":[[22.931889,39.362486],[22.931895,39.362448]]}},{"type":"Feature","properties":{"line":"4","mode":"bus","color":"#8e4604","oi":0.37,"n":2,"sw":1},"geometry":{"type":"LineString","coordinates":[[22.931894,39.362454],[22.9319,39.362416]]}},{"type":"Feature","properties":{"line":"4","mode":"bus","color":"#8e4604","oi":0.437,"n":2,"sw":1},"geometry":{"type":"LineString","coordinates":[[22.931899,39.362422],[22.931904,39.362392],[22.931908,39.362384]]}},{"type":"Feature","properties":{"line":"4","mode":"bus","color":"#8e4604","oi":0.483,"n":2,"sw":1},"geometry":{"type":"LineString","coordinates":[[22.931905,39.36239],[22.931923,39.362354]]}},{"type":"Feature","properties":{"line":"4","mode":"bus","color":"#8e4604","oi":0.5,"n":2,"sw":1},"geometry":{"type":"LineString","coordinates":[[22.93192,39.362359],[22.931938,39.362324]]}},{"type":"Feature","properties":{"line":"4","mode":"bus","color":"#8e4604","oi":0.5,"n":2,"sw":1},"geometry":{"type":"LineString","coordinates":[[22.932216,39.361765],[22.932233,39.36173]]}},{"type":"Feature","properties":{"line":"4","mode":"bus","color":"#8e4604","oi":0.483,"n":2,"sw":1},"geometry":{"type":"LineString","coordinates":[[22.932231,39.361735],[22.932248,39.361699]]}},{"type":"Feature","properties":{"line":"4","mode":"bus","color":"#8e4604","oi":0.437,"n":2,"sw":1},"geometry":{"type":"LineString","coordinates":[[22.932246,39.361704],[22.932263,39.361669]]}},{"type":"Feature","properties":{"line":"4","mode":"bus","color":"#8e4604","oi":0.37,"n":2,"sw":1},"geometry":{"type":"LineString","coordinates":[[22.932261,39.361674],[22.932278,39.361639]]}},{"type":"Feature","properties":{"line":"4","mode":"bus","color":"#8e4604","oi":0.291,"n":2,"sw":1},"geometry":{"type":"LineString","coordinates":[[22.932276,39.361644],[22.932293,39.361609]]}},{"type":"Feature","properties":{"line":"4","mode":"bus","color":"#8e4604","oi":0.209,"n":2,"sw":1},"geometry":{"type":"LineString","coordinates":[[22.932291,39.361614],[22.932308,39.361578]]}},{"type":"Feature","properties":{"line":"4","mode":"bus","color":"#8e4604","oi":0.13,"n":2,"sw":1},"geometry":{"type":"LineString","coordinates":[[22.932306,39.361583],[22.932323,39.361548]]}},{"type":"Feature","properties":{"line":"4","mode":"bus","color":"#8e4604","oi":0.063,"n":2,"sw":1},"geometry":{"type":"LineString","coordinates":[[22.932321,39.361553],[22.932338,39.361518]]}},{"type":"Feature","properties":{"line":"4","mode":"bus","color":"#8e4604","oi":0.017,"n":2,"sw":1},"geometry":{"type":"LineString","coordinates":[[22.932336,39.361523],[22.932353,39.361488]]}},{"type":"Feature","properties":{"line":"4","mode":"bus","color":"#8e4604","oi":0,"n":2,"sw":1},"geometry":{"type":"LineString","coordinates":[[22.932351,39.361493],[22.932367,39.36146]]}},{"type":"Feature","properties":{"line":"4","mode":"bus","color":"#8e4604","oi":1.5,"n":4},"geometry":{"type":"LineString","coordinates":[[22.95097,39.36687],[22.95406,39.37016],[22.954079,39.370174],[22.954101,39.370176],[22.954125,39.370168],[22.954675,39.369863],[22.955473,39.369598],[22.95549,39.369591],[22.955496,39.369582],[22.955493,39.369572],[22.95548,39.369561],[22.954866,39.369164],[22.954557,39.368886],[22.95385,39.368107],[22.952079,39.366256]]}},{"type":"Feature","properties":{"line":"4","mode":"bus","color":"#8e4604","oi":0,"n":4,"sw":1},"geometry":{"type":"LineString","coordinates":[[22.950724,39.366608],[22.950736,39.36662]]}},{"type":"Feature","properties":{"line":"4","mode":"bus","color":"#8e4604","oi":0.007,"n":4,"sw":1},"geometry":{"type":"LineString","coordinates":[[22.950731,39.366616],[22.950745,39.36663]]}},{"type":"Feature","properties":{"line":"4","mode":"bus","color":"#8e4604","oi":0.027,"n":4,"sw":1},"geometry":{"type":"LineString","coordinates":[[22.950741,39.366626],[22.950754,39.36664]]}},{"type":"Feature","properties":{"line":"4","mode":"bus","color":"#8e4604","oi":0.06,"n":4,"sw":1},"geometry":{"type":"LineString","coordinates":[[22.95075,39.366636],[22.950764,39.36665]]}},{"type":"Feature","properties":{"line":"4","mode":"bus","color":"#8e4604","oi":0.103,"n":4,"sw":1},"geometry":{"type":"LineString","coordinates":[[22.95076,39.366646],[22.950773,39.366661]]}},{"type":"Feature","properties":{"line":"4","mode":"bus","color":"#8e4604","oi":0.156,"n":4,"sw":1},"geometry":{"type":"LineString","coordinates":[[22.950769,39.366656],[22.950783,39.366671]]}},{"type":"Feature","properties":{"line":"4","mode":"bus","color":"#8e4604","oi":0.218,"n":4,"sw":1},"geometry":{"type":"LineString","coordinates":[[22.950779,39.366666],[22.950792,39.366681]]}},{"type":"Feature","properties":{"line":"4","mode":"bus","color":"#8e4604","oi":0.287,"n":4,"sw":1},"geometry":{"type":"LineString","coordinates":[[22.950788,39.366676],[22.950802,39.366691]]}},{"type":"Feature","properties":{"line":"4","mode":"bus","color":"#8e4604","oi":0.362,"n":4,"sw":1},"geometry":{"type":"LineString","coordinates":[[22.950798,39.366686],[22.950811,39.366701]]}},{"type":"Feature","properties":{"line":"4","mode":"bus","color":"#8e4604","oi":0.443,"n":4,"sw":1},"geometry":{"type":"LineString","coordinates":[[22.950807,39.366696],[22.950821,39.366711]]}},{"type":"Feature","properties":{"line":"4","mode":"bus","color":"#8e4604","oi":0.528,"n":4,"sw":1},"geometry":{"type":"LineString","coordinates":[[22.950817,39.366707],[22.95083,39.366721]]}},{"type":"Feature","properties":{"line":"4","mode":"bus","color":"#8e4604","oi":0.616,"n":4,"sw":1},"geometry":{"type":"LineString","coordinates":[[22.950826,39.366717],[22.95084,39.366731]]}},{"type":"Feature","properties":{"line":"4","mode":"bus","color":"#8e4604","oi":0.705,"n":4,"sw":1},"geometry":{"type":"LineString","coordinates":[[22.950835,39.366727],[22.950849,39.366741]]}},{"type":"Feature","properties":{"line":"4","mode":"bus","color":"#8e4604","oi":0.795,"n":4,"sw":1},"geometry":{"type":"LineString","coordinates":[[22.950845,39.366737],[22.950859,39.366751]]}},{"type":"Feature","properties":{"line":"4","mode":"bus","color":"#8e4604","oi":0.884,"n":4,"sw":1},"geometry":{"type":"LineString","coordinates":[[22.950854,39.366747],[22.950868,39.366761]]}},{"type":"Feature","properties":{"line":"4","mode":"bus","color":"#8e4604","oi":0.972,"n":4,"sw":1},"geometry":{"type":"LineString","coordinates":[[22.950864,39.366757],[22.950877,39.366771]]}},{"type":"Feature","properties":{"line":"4","mode":"bus","color":"#8e4604","oi":1.057,"n":4,"sw":1},"geometry":{"type":"LineString","coordinates":[[22.950873,39.366767],[22.950887,39.366781]]}},{"type":"Feature","properties":{"line":"4","mode":"bus","color":"#8e4604","oi":1.138,"n":4,"sw":1},"geometry":{"type":"LineString","coordinates":[[22.950883,39.366777],[22.950896,39.366792]]}},{"type":"Feature","properties":{"line":"4","mode":"bus","color":"#8e4604","oi":1.213,"n":4,"sw":1},"geometry":{"type":"LineString","coordinates":[[22.950892,39.366787],[22.950906,39.366802]]}},{"type":"Feature","properties":{"line":"4","mode":"bus","color":"#8e4604","oi":1.282,"n":4,"sw":1},"geometry":{"type":"LineString","coordinates":[[22.950902,39.366797],[22.950915,39.366812]]}},{"type":"Feature","properties":{"line":"4","mode":"bus","color":"#8e4604","oi":1.344,"n":4,"sw":1},"geometry":{"type":"LineString","coordinates":[[22.950911,39.366807],[22.950925,39.366822]]}},{"type":"Feature","properties":{"line":"4","mode":"bus","color":"#8e4604","oi":1.397,"n":4,"sw":1},"geometry":{"type":"LineString","coordinates":[[22.950921,39.366817],[22.950934,39.366832]]}},{"type":"Feature","properties":{"line":"4","mode":"bus","color":"#8e4604","oi":1.44,"n":4,"sw":1},"geometry":{"type":"LineString","coordinates":[[22.95093,39.366827],[22.950944,39.366842]]}},{"type":"Feature","properties":{"line":"4","mode":"bus","color":"#8e4604","oi":1.473,"n":4,"sw":1},"geometry":{"type":"LineString","coordinates":[[22.95094,39.366838],[22.950953,39.366852]]}},{"type":"Feature","properties":{"line":"4","mode":"bus","color":"#8e4604","oi":1.493,"n":4,"sw":1},"geometry":{"type":"LineString","coordinates":[[22.950949,39.366848],[22.950963,39.366862]]}},{"type":"Feature","properties":{"line":"4","mode":"bus","color":"#8e4604","oi":1.5,"n":4,"sw":1},"geometry":{"type":"LineString","coordinates":[[22.950958,39.366858],[22.950972,39.366872]]}},{"type":"Feature","properties":{"line":"4","mode":"bus","color":"#8e4604","oi":1.5,"n":4,"sw":1},"geometry":{"type":"LineString","coordinates":[[22.952081,39.366258],[22.952067,39.366244]]}},{"type":"Feature","properties":{"line":"4","mode":"bus","color":"#8e4604","oi":1.493,"n":4,"sw":1},"geometry":{"type":"LineString","coordinates":[[22.952072,39.366248],[22.952058,39.366234]]}},{"type":"Feature","properties":{"line":"4","mode":"bus","color":"#8e4604","oi":1.473,"n":4,"sw":1},"geometry":{"type":"LineString","coordinates":[[22.952062,39.366238],[22.952048,39.366224]]}},{"type":"Feature","properties":{"line":"4","mode":"bus","color":"#8e4604","oi":1.44,"n":4,"sw":1},"geometry":{"type":"LineString","coordinates":[[22.952052,39.366228],[22.952039,39.366214]]}},{"type":"Feature","properties":{"line":"4","mode":"bus","color":"#8e4604","oi":1.397,"n":4,"sw":1},"geometry":{"type":"LineString","coordinates":[[22.952043,39.366218],[22.952029,39.366204]]}},{"type":"Feature","properties":{"line":"4","mode":"bus","color":"#8e4604","oi":1.344,"n":4,"sw":1},"geometry":{"type":"LineString","coordinates":[[22.952033,39.366208],[22.952019,39.366194]]}},{"type":"Feature","properties":{"line":"4","mode":"bus","color":"#8e4604","oi":1.282,"n":4,"sw":1},"geometry":{"type":"LineString","coordinates":[[22.952024,39.366198],[22.95201,39.366184]]}},{"type":"Feature","properties":{"line":"4","mode":"bus","color":"#8e4604","oi":1.213,"n":4,"sw":1},"geometry":{"type":"LineString","coordinates":[[22.952014,39.366188],[22.952,39.366174]]}},{"type":"Feature","properties":{"line":"4","mode":"bus","color":"#8e4604","oi":1.138,"n":4,"sw":1},"geometry":{"type":"LineString","coordinates":[[22.952004,39.366178],[22.951991,39.366164]]}},{"type":"Feature","properties":{"line":"4","mode":"bus","color":"#8e4604","oi":1.057,"n":4,"sw":1},"geometry":{"type":"LineString","coordinates":[[22.951995,39.366168],[22.951981,39.366154]]}},{"type":"Feature","properties":{"line":"4","mode":"bus","color":"#8e4604","oi":0.972,"n":4,"sw":1},"geometry":{"type":"LineString","coordinates":[[22.951985,39.366158],[22.951972,39.366144]]}},{"type":"Feature","properties":{"line":"4","mode":"bus","color":"#8e4604","oi":0.884,"n":4,"sw":1},"geometry":{"type":"LineString","coordinates":[[22.951976,39.366148],[22.951962,39.366134]]}},{"type":"Feature","properties":{"line":"4","mode":"bus","color":"#8e4604","oi":0.795,"n":4,"sw":1},"geometry":{"type":"LineString","coordinates":[[22.951966,39.366138],[22.951952,39.366124]]}},{"type":"Feature","properties":{"line":"4","mode":"bus","color":"#8e4604","oi":0.705,"n":4,"sw":1},"geometry":{"type":"LineString","coordinates":[[22.951957,39.366128],[22.951943,39.366114]]}},{"type":"Feature","properties":{"line":"4","mode":"bus","color":"#8e4604","oi":0.616,"n":4,"sw":1},"geometry":{"type":"LineString","coordinates":[[22.951947,39.366118],[22.951933,39.366104]]}},{"type":"Feature","properties":{"line":"4","mode":"bus","color":"#8e4604","oi":0.528,"n":4,"sw":1},"geometry":{"type":"LineString","coordinates":[[22.951937,39.366108],[22.951924,39.366094]]}},{"type":"Feature","properties":{"line":"4","mode":"bus","color":"#8e4604","oi":0.443,"n":4,"sw":1},"geometry":{"type":"LineString","coordinates":[[22.951928,39.366098],[22.951914,39.366084]]}},{"type":"Feature","properties":{"line":"4","mode":"bus","color":"#8e4604","oi":0.362,"n":4,"sw":1},"geometry":{"type":"LineString","coordinates":[[22.951918,39.366088],[22.951905,39.366074]]}},{"type":"Feature","properties":{"line":"4","mode":"bus","color":"#8e4604","oi":0.287,"n":4,"sw":1},"geometry":{"type":"LineString","coordinates":[[22.951909,39.366078],[22.951895,39.366064]]}},{"type":"Feature","properties":{"line":"4","mode":"bus","color":"#8e4604","oi":0.218,"n":4,"sw":1},"geometry":{"type":"LineString","coordinates":[[22.951899,39.366068],[22.951885,39.366054]]}},{"type":"Feature","properties":{"line":"4","mode":"bus","color":"#8e4604","oi":0.156,"n":4,"sw":1},"geometry":{"type":"LineString","coordinates":[[22.95189,39.366058],[22.951876,39.366044]]}},{"type":"Feature","properties":{"line":"4","mode":"bus","color":"#8e4604","oi":0.103,"n":4,"sw":1},"geometry":{"type":"LineString","coordinates":[[22.95188,39.366048],[22.951866,39.366034]]}},{"type":"Feature","properties":{"line":"4","mode":"bus","color":"#8e4604","oi":0.06,"n":4,"sw":1},"geometry":{"type":"LineString","coordinates":[[22.95187,39.366038],[22.951857,39.366024]]}},{"type":"Feature","properties":{"line":"4","mode":"bus","color":"#8e4604","oi":0.027,"n":4,"sw":1},"geometry":{"type":"LineString","coordinates":[[22.951861,39.366028],[22.951847,39.366014]]}},{"type":"Feature","properties":{"line":"4","mode":"bus","color":"#8e4604","oi":0.007,"n":4,"sw":1},"geometry":{"type":"LineString","coordinates":[[22.951851,39.366018],[22.951838,39.366004]]}},{"type":"Feature","properties":{"line":"4","mode":"bus","color":"#8e4604","oi":0,"n":4,"sw":1},"geometry":{"type":"LineString","coordinates":[[22.951842,39.366008],[22.95183,39.365996]]}},{"type":"Feature","properties":{"line":"4","mode":"bus","color":"#8e4604","oi":1,"n":3},"geometry":{"type":"LineString","coordinates":[[22.954087,39.370189],[22.95978,39.376228],[22.96007,39.376459],[22.960417,39.376651],[22.962266,39.377513]]}},{"type":"Feature","properties":{"line":"4","mode":"bus","color":"#8e4604","oi":0.5,"n":2},"geometry":{"type":"LineString","coordinates":[[22.962599,39.377709],[22.963071,39.378046],[22.964772,39.379542],[22.965697,39.38031],[22.965803,39.380376],[22.966045,39.380442],[22.966359,39.380431],[22.966607,39.380469],[22.969031,39.381135],[22.969098,39.381125],[22.969365,39.380937],[22.969722,39.380742],[22.969913,39.380661],[22.970029,39.380649],[22.970112,39.380683],[22.970258,39.380846],[22.970331,39.380881],[22.970759,39.380899],[22.970895,39.380942],[22.971011,39.381013],[22.971239,39.381242],[22.971378,39.381347],[22.971537,39.38141],[22.97168,39.381408],[22.971766,39.381344],[22.97208,39.380924],[22.972399,39.380432],[22.972557,39.380129],[22.972715,39.379477],[22.972754,39.379393],[22.972854,39.379283],[22.973059,39.379154],[22.973289,39.3791],[22.974195,39.379321],[22.974332,39.379411],[22.974354,39.379433],[22.974363,39.37946],[22.974368,39.379515],[22.974326,39.379555],[22.97431,39.379567],[22.974291,39.379572],[22.974269,39.379572],[22.974154,39.379557],[22.973965,39.379401],[22.973847,39.379342],[22.973536,39.379316],[22.973268,39.379328],[22.973164,39.379363],[22.973048,39.379476],[22.973025,39.379566],[22.973142,39.380281],[22.97303,39.380982],[22.973047,39.381199],[22.973077,39.381254],[22.973178,39.381325],[22.973545,39.381457],[22.973857,39.381647],[22.973959,39.381667],[22.974036,39.381649],[22.974081,39.381599],[22.974089,39.381549],[22.974056,39.38148],[22.973965,39.381419],[22.97374,39.38138],[22.973619,39.381332],[22.973483,39.381235],[22.973374,39.381081],[22.973367,39.380952],[22.9734,39.380795],[22.973514,39.380438],[22.973592,39.380324],[22.973698,39.380275],[22.973827,39.380278],[22.974205,39.380434],[22.974815,39.380586],[22.974899,39.38065],[22.975073,39.38093],[22.975227,39.380987],[22.975392,39.380987],[22.975492,39.380949],[22.975712,39.380788],[22.976102,39.380585],[22.976328,39.380263],[22.976458,39.380162],[22.977058,39.379916],[22.977401,39.379742],[22.977523,39.379711],[22.977639,39.379712],[22.97796,39.379887],[22.978059,39.379903],[22.978138,39.379881],[22.978189,39.379804],[22.978179,39.379686],[22.977945,39.379152],[22.977986,39.379034],[22.978078,39.378981],[22.978684,39.378836],[22.979056,39.378818],[22.980286,39.379054],[22.980421,39.379059],[22.980558,39.379026],[22.980631,39.378984],[22.980656,39.378936],[22.980662,39.37891],[22.980654,39.378885],[22.980497,39.378627],[22.98052,39.378492],[22.980688,39.378337],[22.981173,39.378134],[22.981241,39.378036],[22.9812,39.377913],[22.981051,39.377798],[22.980725,39.377607],[22.980636,39.377484],[22.980621,39.377404],[22.98069,39.37707],[22.980776,39.376883],[22.98096,39.376741],[22.981184,39.376635],[22.981322,39.376611],[22.981466,39.376634],[22.981788,39.376748],[22.982224,39.376943],[22.982871,39.377332],[22.982985,39.377346],[22.983016,39.377344],[22.983042,39.377332],[22.983086,39.377298],[22.983104,39.377207],[22.982974,39.376981],[22.982898,39.376723],[22.982746,39.376379],[22.982767,39.376318],[22.982786,39.37629],[22.98282,39.376273],[22.98287,39.376258],[22.982885,39.376251],[22.982895,39.376241],[22.982898,39.376227],[22.982898,39.376183]]}},{"type":"Feature","properties":{"line":"4","mode":"bus","color":"#8e4604","oi":1,"n":2,"sw":1},"geometry":{"type":"LineString","coordinates":[[22.962266,39.377513],[22.962303,39.377534]]}},{"type":"Feature","properties":{"line":"4","mode":"bus","color":"#8e4604","oi":0.983,"n":2,"sw":1},"geometry":{"type":"LineString","coordinates":[[22.962297,39.377531],[22.962336,39.377553]]}},{"type":"Feature","properties":{"line":"4","mode":"bus","color":"#8e4604","oi":0.937,"n":2,"sw":1},"geometry":{"type":"LineString","coordinates":[[22.962331,39.37755],[22.96237,39.377572]]}},{"type":"Feature","properties":{"line":"4","mode":"bus","color":"#8e4604","oi":0.87,"n":2,"sw":1},"geometry":{"type":"LineString","coordinates":[[22.962364,39.377569],[22.962404,39.377591]]}},{"type":"Feature","properties":{"line":"4","mode":"bus","color":"#8e4604","oi":0.791,"n":2,"sw":1},"geometry":{"type":"LineString","coordinates":[[22.962398,39.377588],[22.962438,39.37761]]}},{"type":"Feature","properties":{"line":"4","mode":"bus","color":"#8e4604","oi":0.709,"n":2,"sw":1},"geometry":{"type":"LineString","coordinates":[[22.962432,39.377607],[22.962471,39.377629]]}},{"type":"Feature","properties":{"line":"4","mode":"bus","color":"#8e4604","oi":0.63,"n":2,"sw":1},"geometry":{"type":"LineString","coordinates":[[22.962466,39.377626],[22.962505,39.377649]]}},{"type":"Feature","properties":{"line":"4","mode":"bus","color":"#8e4604","oi":0.563,"n":2,"sw":1},"geometry":{"type":"LineString","coordinates":[[22.962499,39.377645],[22.962539,39.377668]]}},{"type":"Feature","properties":{"line":"4","mode":"bus","color":"#8e4604","oi":0.517,"n":2,"sw":1},"geometry":{"type":"LineString","coordinates":[[22.962533,39.377664],[22.96255,39.377674],[22.962571,39.377689]]}},{"type":"Feature","properties":{"line":"4","mode":"bus","color":"#8e4604","oi":0.5,"n":2,"sw":1},"geometry":{"type":"LineString","coordinates":[[22.962565,39.377685],[22.962601,39.377711]]}},{"type":"Feature","properties":{"line":"4","mode":"bus","color":"#8e4604","oi":1,"n":3},"geometry":{"type":"LineString","coordinates":[[22.926774,39.356672],[22.926843,39.35678]]}},{"type":"Feature","properties":{"line":"9","mode":"bus","color":"#999f01","oi":0,"n":1},"geometry":{"type":"LineString","coordinates":[[22.926237,39.380404],[22.926204,39.380514],[22.926106,39.380674],[22.926101,39.380684],[22.926099,39.38069],[22.9261,39.380694],[22.926105,39.380694],[22.926113,39.380691],[22.926124,39.380686],[22.926449,39.380502],[22.926489,39.380488],[22.926533,39.380488],[22.926779,39.380524],[22.926792,39.380526],[22.9268,39.380526],[22.926804,39.380524],[22.926803,39.380521],[22.926797,39.380517],[22.926786,39.380511],[22.926694,39.380463],[22.926517,39.380301],[22.926459,39.380274],[22.926427,39.380265],[22.926393,39.380267],[22.926317,39.380283],[22.926287,39.380295],[22.926266,39.380316],[22.926235,39.380363],[22.926237,39.380404]]}},{"type":"Feature","properties":{"line":"9","mode":"bus","color":"#999f01","oi":0,"n":1},"geometry":{"type":"LineString","coordinates":[[22.908359,39.391687],[22.908436,39.391721],[22.908456,39.391727],[22.908477,39.391726],[22.908496,39.391719],[22.908551,39.391688],[22.908776,39.391656],[22.908895,39.391607],[22.90895,39.391531],[22.908968,39.391345],[22.908846,39.391032],[22.908802,39.390836],[22.908801,39.390502],[22.908845,39.390358],[22.908938,39.39026],[22.909162,39.390101],[22.909833,39.389725],[22.909925,39.389634],[22.909976,39.389524],[22.9101,39.389045],[22.910098,39.388951],[22.91004,39.388818],[22.909913,39.388718],[22.909436,39.388648],[22.909362,39.388591],[22.909339,39.388532],[22.909367,39.388413],[22.909459,39.388281],[22.909745,39.38799],[22.909932,39.387884],[22.910099,39.387829],[22.912021,39.387314],[22.912581,39.387196],[22.913148,39.387154],[22.913607,39.386955],[22.914619,39.386639],[22.914857,39.386589]]}},{"type":"Feature","properties":{"line":"9","mode":"bus","color":"#999f01","oi":0,"n":1},"geometry":{"type":"LineString","coordinates":[[22.926086,39.380707],[22.925449,39.381076],[22.921943,39.382913],[22.916892,39.385514],[22.916554,39.385728],[22.915891,39.386076],[22.915146,39.386534],[22.914891,39.386583],[22.914881,39.386584],[22.914875,39.386584],[22.914872,39.386583],[22.914872,39.38658],[22.914876,39.386576],[22.914883,39.38657],[22.91493,39.386536],[22.915086,39.386471],[22.916199,39.385806],[22.916492,39.385661],[22.916892,39.385514]]}},{"type":"Feature","properties":{"line":"9","mode":"bus","color":"#999f01","oi":0,"n":1},"geometry":{"type":"LineString","coordinates":[[22.941589,39.377558],[22.942187,39.376824],[22.942278,39.376739],[22.942457,39.376627],[22.946971,39.374691],[22.949303,39.373318],[22.951432,39.372019],[22.951444,39.372011],[22.95144,39.37199],[22.951425,39.371984],[22.950442,39.371702],[22.950103,39.371537],[22.949873,39.371383],[22.949109,39.37058],[22.947268,39.368493],[22.947258,39.368474],[22.947262,39.368457],[22.94728,39.368442],[22.950666,39.366545]]}},{"type":"Feature","properties":{"line":"9","mode":"bus","color":"#999f01","oi":-0.5,"n":1,"sw":1},"geometry":{"type":"LineString","coordinates":[[22.941366,39.377832],[22.94139,39.377802]]}},{"type":"Feature","properties":{"line":"9","mode":"bus","color":"#999f01","oi":-0.483,"n":1,"sw":1},"geometry":{"type":"LineString","coordinates":[[22.941386,39.377807],[22.941412,39.377775]]}},{"type":"Feature","properties":{"line":"9","mode":"bus","color":"#999f01","oi":-0.437,"n":1,"sw":1},"geometry":{"type":"LineString","coordinates":[[22.941409,39.377779],[22.941435,39.377748]]}},{"type":"Feature","properties":{"line":"9","mode":"bus","color":"#999f01","oi":-0.37,"n":1,"sw":1},"geometry":{"type":"LineString","coordinates":[[22.941431,39.377752],[22.941457,39.37772]]}},{"type":"Feature","properties":{"line":"9","mode":"bus","color":"#999f01","oi":-0.291,"n":1,"sw":1},"geometry":{"type":"LineString","coordinates":[[22.941453,39.377725],[22.941479,39.377693]]}},{"type":"Feature","properties":{"line":"9","mode":"bus","color":"#999f01","oi":-0.209,"n":1,"sw":1},"geometry":{"type":"LineString","coordinates":[[22.941476,39.377697],[22.941502,39.377665]]}},{"type":"Feature","properties":{"line":"9","mode":"bus","color":"#999f01","oi":-0.13,"n":1,"sw":1},"geometry":{"type":"LineString","coordinates":[[22.941498,39.37767],[22.941524,39.377638]]}},{"type":"Feature","properties":{"line":"9","mode":"bus","color":"#999f01","oi":-0.063,"n":1,"sw":1},"geometry":{"type":"LineString","coordinates":[[22.94152,39.377643],[22.941546,39.377611]]}},{"type":"Feature","properties":{"line":"9","mode":"bus","color":"#999f01","oi":-0.017,"n":1,"sw":1},"geometry":{"type":"LineString","coordinates":[[22.941543,39.377615],[22.941569,39.377583]]}},{"type":"Feature","properties":{"line":"9","mode":"bus","color":"#999f01","oi":0,"n":1,"sw":1},"geometry":{"type":"LineString","coordinates":[[22.941565,39.377588],[22.941591,39.377556]]}},{"type":"Feature","properties":{"line":"9","mode":"bus","color":"#999f01","oi":0,"n":1},"geometry":{"type":"LineString","coordinates":[[22.926825,39.380531],[22.927391,39.380732],[22.928693,39.381097],[22.929165,39.381251],[22.930023,39.381552],[22.930794,39.381886],[22.931908,39.382574],[22.933253,39.383448]]}},{"type":"Feature","properties":{"line":"9","mode":"bus","color":"#999f01","oi":0,"n":4,"sw":1},"geometry":{"type":"LineString","coordinates":[[22.932553,39.36151],[22.93257,39.361513]]}},{"type":"Feature","properties":{"line":"9","mode":"bus","color":"#999f01","oi":0.5,"n":4,"sw":1},"geometry":{"type":"LineString","coordinates":[[22.932564,39.361512],[22.932584,39.361516]]}},{"type":"Feature","properties":{"line":"9","mode":"bus","color":"#999f01","oi":0.5,"n":4,"sw":1},"geometry":{"type":"LineString","coordinates":[[22.932578,39.361514],[22.932598,39.361518]]}},{"type":"Feature","properties":{"line":"9","mode":"bus","color":"#999f01","oi":0,"n":4,"sw":1},"geometry":{"type":"LineString","coordinates":[[22.932592,39.361517],[22.932609,39.36152]]}},{"type":"Feature","properties":{"line":"9","mode":"bus","color":"#999f01","oi":0,"n":3},"geometry":{"type":"LineString","coordinates":[[22.947294,39.368524],[22.950724,39.366608]]}},{"type":"Feature","properties":{"line":"9","mode":"bus","color":"#999f01","oi":-0.5,"n":2},"geometry":{"type":"LineString","coordinates":[[22.939865,39.380521],[22.940257,39.37959],[22.940553,39.379019],[22.941366,39.377832]]}},{"type":"Feature","properties":{"line":"9","mode":"bus","color":"#999f01","oi":-0.5,"n":2},"geometry":{"type":"LineString","coordinates":[[22.933253,39.383448],[22.934129,39.382184],[22.934403,39.381718],[22.934413,39.381705],[22.934426,39.381699],[22.934442,39.381699],[22.934459,39.381707],[22.935431,39.382286],[22.936903,39.383122],[22.937337,39.383345],[22.93853,39.383826],[22.939463,39.384231],[22.939482,39.384237],[22.939497,39.384236],[22.939509,39.384228],[22.939517,39.384214],[22.939926,39.383096],[22.939998,39.382697],[22.939997,39.382463],[22.939894,39.381973],[22.939732,39.381365],[22.939581,39.380975],[22.939845,39.380553],[22.939851,39.380544],[22.939855,39.380539],[22.939857,39.380538],[22.939857,39.38054],[22.939856,39.380546],[22.939852,39.380556],[22.939723,39.380906],[22.93971,39.381134],[22.939732,39.381365]]}},{"type":"Feature","properties":{"line":"49","mode":"bus","color":"#119efc","oi":0,"n":4,"sw":1},"geometry":{"type":"LineString","coordinates":[[22.932553,39.36151],[22.93257,39.361513]]}},{"type":"Feature","properties":{"line":"49","mode":"bus","color":"#119efc","oi":-1.5,"n":4,"sw":1},"geometry":{"type":"LineString","coordinates":[[22.932564,39.361512],[22.932584,39.361516]]}},{"type":"Feature","properties":{"line":"49","mode":"bus","color":"#119efc","oi":-1.5,"n":4,"sw":1},"geometry":{"type":"LineString","coordinates":[[22.932578,39.361514],[22.932598,39.361518]]}},{"type":"Feature","properties":{"line":"49","mode":"bus","color":"#119efc","oi":0,"n":4,"sw":1},"geometry":{"type":"LineString","coordinates":[[22.932592,39.361517],[22.932609,39.36152]]}},{"type":"Feature","properties":{"line":"49","mode":"bus","color":"#119efc","oi":-1.5,"n":4},"geometry":{"type":"LineString","coordinates":[[22.95097,39.36687],[22.95406,39.37016],[22.954079,39.370174],[22.954101,39.370176],[22.954125,39.370168],[22.954675,39.369863],[22.955473,39.369598],[22.95549,39.369591],[22.955496,39.369582],[22.955493,39.369572],[22.95548,39.369561],[22.954866,39.369164],[22.954557,39.368886],[22.95385,39.368107],[22.952079,39.366256]]}},{"type":"Feature","properties":{"line":"49","mode":"bus","color":"#119efc","oi":0,"n":4,"sw":1},"geometry":{"type":"LineString","coordinates":[[22.950724,39.366608],[22.950736,39.36662]]}},{"type":"Feature","properties":{"line":"49","mode":"bus","color":"#119efc","oi":-0.007,"n":4,"sw":1},"geometry":{"type":"LineString","coordinates":[[22.950731,39.366616],[22.950745,39.36663]]}},{"type":"Feature","properties":{"line":"49","mode":"bus","color":"#119efc","oi":-0.027,"n":4,"sw":1},"geometry":{"type":"LineString","coordinates":[[22.950741,39.366626],[22.950754,39.36664]]}},{"type":"Feature","properties":{"line":"49","mode":"bus","color":"#119efc","oi":-0.06,"n":4,"sw":1},"geometry":{"type":"LineString","coordinates":[[22.95075,39.366636],[22.950764,39.36665]]}},{"type":"Feature","properties":{"line":"49","mode":"bus","color":"#119efc","oi":-0.103,"n":4,"sw":1},"geometry":{"type":"LineString","coordinates":[[22.95076,39.366646],[22.950773,39.366661]]}},{"type":"Feature","properties":{"line":"49","mode":"bus","color":"#119efc","oi":-0.156,"n":4,"sw":1},"geometry":{"type":"LineString","coordinates":[[22.950769,39.366656],[22.950783,39.366671]]}},{"type":"Feature","properties":{"line":"49","mode":"bus","color":"#119efc","oi":-0.218,"n":4,"sw":1},"geometry":{"type":"LineString","coordinates":[[22.950779,39.366666],[22.950792,39.366681]]}},{"type":"Feature","properties":{"line":"49","mode":"bus","color":"#119efc","oi":-0.287,"n":4,"sw":1},"geometry":{"type":"LineString","coordinates":[[22.950788,39.366676],[22.950802,39.366691]]}},{"type":"Feature","properties":{"line":"49","mode":"bus","color":"#119efc","oi":-0.362,"n":4,"sw":1},"geometry":{"type":"LineString","coordinates":[[22.950798,39.366686],[22.950811,39.366701]]}},{"type":"Feature","properties":{"line":"49","mode":"bus","color":"#119efc","oi":-0.443,"n":4,"sw":1},"geometry":{"type":"LineString","coordinates":[[22.950807,39.366696],[22.950821,39.366711]]}},{"type":"Feature","properties":{"line":"49","mode":"bus","color":"#119efc","oi":-0.528,"n":4,"sw":1},"geometry":{"type":"LineString","coordinates":[[22.950817,39.366707],[22.95083,39.366721]]}},{"type":"Feature","properties":{"line":"49","mode":"bus","color":"#119efc","oi":-0.616,"n":4,"sw":1},"geometry":{"type":"LineString","coordinates":[[22.950826,39.366717],[22.95084,39.366731]]}},{"type":"Feature","properties":{"line":"49","mode":"bus","color":"#119efc","oi":-0.705,"n":4,"sw":1},"geometry":{"type":"LineString","coordinates":[[22.950835,39.366727],[22.950849,39.366741]]}},{"type":"Feature","properties":{"line":"49","mode":"bus","color":"#119efc","oi":-0.795,"n":4,"sw":1},"geometry":{"type":"LineString","coordinates":[[22.950845,39.366737],[22.950859,39.366751]]}},{"type":"Feature","properties":{"line":"49","mode":"bus","color":"#119efc","oi":-0.884,"n":4,"sw":1},"geometry":{"type":"LineString","coordinates":[[22.950854,39.366747],[22.950868,39.366761]]}},{"type":"Feature","properties":{"line":"49","mode":"bus","color":"#119efc","oi":-0.972,"n":4,"sw":1},"geometry":{"type":"LineString","coordinates":[[22.950864,39.366757],[22.950877,39.366771]]}},{"type":"Feature","properties":{"line":"49","mode":"bus","color":"#119efc","oi":-1.057,"n":4,"sw":1},"geometry":{"type":"LineString","coordinates":[[22.950873,39.366767],[22.950887,39.366781]]}},{"type":"Feature","properties":{"line":"49","mode":"bus","color":"#119efc","oi":-1.138,"n":4,"sw":1},"geometry":{"type":"LineString","coordinates":[[22.950883,39.366777],[22.950896,39.366792]]}},{"type":"Feature","properties":{"line":"49","mode":"bus","color":"#119efc","oi":-1.213,"n":4,"sw":1},"geometry":{"type":"LineString","coordinates":[[22.950892,39.366787],[22.950906,39.366802]]}},{"type":"Feature","properties":{"line":"49","mode":"bus","color":"#119efc","oi":-1.282,"n":4,"sw":1},"geometry":{"type":"LineString","coordinates":[[22.950902,39.366797],[22.950915,39.366812]]}},{"type":"Feature","properties":{"line":"49","mode":"bus","color":"#119efc","oi":-1.344,"n":4,"sw":1},"geometry":{"type":"LineString","coordinates":[[22.950911,39.366807],[22.950925,39.366822]]}},{"type":"Feature","properties":{"line":"49","mode":"bus","color":"#119efc","oi":-1.397,"n":4,"sw":1},"geometry":{"type":"LineString","coordinates":[[22.950921,39.366817],[22.950934,39.366832]]}},{"type":"Feature","properties":{"line":"49","mode":"bus","color":"#119efc","oi":-1.44,"n":4,"sw":1},"geometry":{"type":"LineString","coordinates":[[22.95093,39.366827],[22.950944,39.366842]]}},{"type":"Feature","properties":{"line":"49","mode":"bus","color":"#119efc","oi":-1.473,"n":4,"sw":1},"geometry":{"type":"LineString","coordinates":[[22.95094,39.366838],[22.950953,39.366852]]}},{"type":"Feature","properties":{"line":"49","mode":"bus","color":"#119efc","oi":-1.493,"n":4,"sw":1},"geometry":{"type":"LineString","coordinates":[[22.950949,39.366848],[22.950963,39.366862]]}},{"type":"Feature","properties":{"line":"49","mode":"bus","color":"#119efc","oi":-1.5,"n":4,"sw":1},"geometry":{"type":"LineString","coordinates":[[22.950958,39.366858],[22.950972,39.366872]]}},{"type":"Feature","properties":{"line":"49","mode":"bus","color":"#119efc","oi":-1.5,"n":4,"sw":1},"geometry":{"type":"LineString","coordinates":[[22.952081,39.366258],[22.952067,39.366244]]}},{"type":"Feature","properties":{"line":"49","mode":"bus","color":"#119efc","oi":-1.493,"n":4,"sw":1},"geometry":{"type":"LineString","coordinates":[[22.952072,39.366248],[22.952058,39.366234]]}},{"type":"Feature","properties":{"line":"49","mode":"bus","color":"#119efc","oi":-1.473,"n":4,"sw":1},"geometry":{"type":"LineString","coordinates":[[22.952062,39.366238],[22.952048,39.366224]]}},{"type":"Feature","properties":{"line":"49","mode":"bus","color":"#119efc","oi":-1.44,"n":4,"sw":1},"geometry":{"type":"LineString","coordinates":[[22.952052,39.366228],[22.952039,39.366214]]}},{"type":"Feature","properties":{"line":"49","mode":"bus","color":"#119efc","oi":-1.397,"n":4,"sw":1},"geometry":{"type":"LineString","coordinates":[[22.952043,39.366218],[22.952029,39.366204]]}},{"type":"Feature","properties":{"line":"49","mode":"bus","color":"#119efc","oi":-1.344,"n":4,"sw":1},"geometry":{"type":"LineString","coordinates":[[22.952033,39.366208],[22.952019,39.366194]]}},{"type":"Feature","properties":{"line":"49","mode":"bus","color":"#119efc","oi":-1.282,"n":4,"sw":1},"geometry":{"type":"LineString","coordinates":[[22.952024,39.366198],[22.95201,39.366184]]}},{"type":"Feature","properties":{"line":"49","mode":"bus","color":"#119efc","oi":-1.213,"n":4,"sw":1},"geometry":{"type":"LineString","coordinates":[[22.952014,39.366188],[22.952,39.366174]]}},{"type":"Feature","properties":{"line":"49","mode":"bus","color":"#119efc","oi":-1.138,"n":4,"sw":1},"geometry":{"type":"LineString","coordinates":[[22.952004,39.366178],[22.951991,39.366164]]}},{"type":"Feature","properties":{"line":"49","mode":"bus","color":"#119efc","oi":-1.057,"n":4,"sw":1},"geometry":{"type":"LineString","coordinates":[[22.951995,39.366168],[22.951981,39.366154]]}},{"type":"Feature","properties":{"line":"49","mode":"bus","color":"#119efc","oi":-0.972,"n":4,"sw":1},"geometry":{"type":"LineString","coordinates":[[22.951985,39.366158],[22.951972,39.366144]]}},{"type":"Feature","properties":{"line":"49","mode":"bus","color":"#119efc","oi":-0.884,"n":4,"sw":1},"geometry":{"type":"LineString","coordinates":[[22.951976,39.366148],[22.951962,39.366134]]}},{"type":"Feature","properties":{"line":"49","mode":"bus","color":"#119efc","oi":-0.795,"n":4,"sw":1},"geometry":{"type":"LineString","coordinates":[[22.951966,39.366138],[22.951952,39.366124]]}},{"type":"Feature","properties":{"line":"49","mode":"bus","color":"#119efc","oi":-0.705,"n":4,"sw":1},"geometry":{"type":"LineString","coordinates":[[22.951957,39.366128],[22.951943,39.366114]]}},{"type":"Feature","properties":{"line":"49","mode":"bus","color":"#119efc","oi":-0.616,"n":4,"sw":1},"geometry":{"type":"LineString","coordinates":[[22.951947,39.366118],[22.951933,39.366104]]}},{"type":"Feature","properties":{"line":"49","mode":"bus","color":"#119efc","oi":-0.528,"n":4,"sw":1},"geometry":{"type":"LineString","coordinates":[[22.951937,39.366108],[22.951924,39.366094]]}},{"type":"Feature","properties":{"line":"49","mode":"bus","color":"#119efc","oi":-0.443,"n":4,"sw":1},"geometry":{"type":"LineString","coordinates":[[22.951928,39.366098],[22.951914,39.366084]]}},{"type":"Feature","properties":{"line":"49","mode":"bus","color":"#119efc","oi":-0.362,"n":4,"sw":1},"geometry":{"type":"LineString","coordinates":[[22.951918,39.366088],[22.951905,39.366074]]}},{"type":"Feature","properties":{"line":"49","mode":"bus","color":"#119efc","oi":-0.287,"n":4,"sw":1},"geometry":{"type":"LineString","coordinates":[[22.951909,39.366078],[22.951895,39.366064]]}},{"type":"Feature","properties":{"line":"49","mode":"bus","color":"#119efc","oi":-0.218,"n":4,"sw":1},"geometry":{"type":"LineString","coordinates":[[22.951899,39.366068],[22.951885,39.366054]]}},{"type":"Feature","properties":{"line":"49","mode":"bus","color":"#119efc","oi":-0.156,"n":4,"sw":1},"geometry":{"type":"LineString","coordinates":[[22.95189,39.366058],[22.951876,39.366044]]}},{"type":"Feature","properties":{"line":"49","mode":"bus","color":"#119efc","oi":-0.103,"n":4,"sw":1},"geometry":{"type":"LineString","coordinates":[[22.95188,39.366048],[22.951866,39.366034]]}},{"type":"Feature","properties":{"line":"49","mode":"bus","color":"#119efc","oi":-0.06,"n":4,"sw":1},"geometry":{"type":"LineString","coordinates":[[22.95187,39.366038],[22.951857,39.366024]]}},{"type":"Feature","properties":{"line":"49","mode":"bus","color":"#119efc","oi":-0.027,"n":4,"sw":1},"geometry":{"type":"LineString","coordinates":[[22.951861,39.366028],[22.951847,39.366014]]}},{"type":"Feature","properties":{"line":"49","mode":"bus","color":"#119efc","oi":-0.007,"n":4,"sw":1},"geometry":{"type":"LineString","coordinates":[[22.951851,39.366018],[22.951838,39.366004]]}},{"type":"Feature","properties":{"line":"49","mode":"bus","color":"#119efc","oi":0,"n":4,"sw":1},"geometry":{"type":"LineString","coordinates":[[22.951842,39.366008],[22.95183,39.365996]]}},{"type":"Feature","properties":{"line":"49","mode":"bus","color":"#119efc","oi":-1,"n":3},"geometry":{"type":"LineString","coordinates":[[22.954087,39.370189],[22.95978,39.376228],[22.96007,39.376459],[22.960417,39.376651],[22.962266,39.377513]]}},{"type":"Feature","properties":{"line":"49","mode":"bus","color":"#119efc","oi":0,"n":1},"geometry":{"type":"LineString","coordinates":[[22.962266,39.377513],[22.961801,39.377736],[22.961147,39.37809],[22.960665,39.378515],[22.960118,39.378795],[22.960054,39.378884],[22.960021,39.379114],[22.960013,39.379135],[22.959996,39.379149],[22.959971,39.379157],[22.959679,39.379205],[22.959477,39.379272],[22.958911,39.379384],[22.958643,39.379561],[22.958141,39.379655],[22.957771,39.379805],[22.957422,39.379999],[22.956964,39.380149],[22.956685,39.380277],[22.95628,39.380798],[22.955691,39.381773],[22.955612,39.381929],[22.955551,39.382201],[22.955104,39.382493],[22.953997,39.383342],[22.953916,39.383454],[22.953911,39.383592],[22.95443,39.384351],[22.954446,39.384422],[22.954416,39.384474],[22.953831,39.384836],[22.953793,39.38489],[22.953786,39.384903],[22.953787,39.384915],[22.953796,39.384924],[22.953812,39.384931],[22.954257,39.385062],[22.954423,39.385088],[22.955724,39.38502]]}},{"type":"Feature","properties":{"line":"49","mode":"bus","color":"#119efc","oi":0,"n":1},"geometry":{"type":"LineString","coordinates":[[22.955104,39.382493],[22.955499,39.382981],[22.956,39.383522],[22.956229,39.38384],[22.956601,39.3844],[22.956869,39.385006],[22.956873,39.385021],[22.956869,39.385031],[22.956857,39.385037],[22.956838,39.385038],[22.956216,39.385009],[22.955878,39.385014]]}},{"type":"Feature","properties":{"line":"2","mode":"bus","color":"#e16cd6","oi":1,"n":3},"geometry":{"type":"LineString","coordinates":[[22.947294,39.368524],[22.950385,39.366797]]}},{"type":"Feature","properties":{"line":"2","mode":"bus","color":"#e16cd6","oi":1,"n":3,"sw":1},"geometry":{"type":"LineString","coordinates":[[22.950382,39.366799],[22.950406,39.366785]]}},{"type":"Feature","properties":{"line":"2","mode":"bus","color":"#e16cd6","oi":0.99,"n":3,"sw":1},"geometry":{"type":"LineString","coordinates":[[22.950401,39.366789],[22.950425,39.366775]]}},{"type":"Feature","properties":{"line":"2","mode":"bus","color":"#e16cd6","oi":0.962,"n":3,"sw":1},"geometry":{"type":"LineString","coordinates":[[22.95042,39.366778],[22.950444,39.366764]]}},{"type":"Feature","properties":{"line":"2","mode":"bus","color":"#e16cd6","oi":0.918,"n":3,"sw":1},"geometry":{"type":"LineString","coordinates":[[22.950439,39.366767],[22.950463,39.366754]]}},{"type":"Feature","properties":{"line":"2","mode":"bus","color":"#e16cd6","oi":0.86,"n":3,"sw":1},"geometry":{"type":"LineString","coordinates":[[22.950457,39.366757],[22.950482,39.366743]]}},{"type":"Feature","properties":{"line":"2","mode":"bus","color":"#e16cd6","oi":0.791,"n":3,"sw":1},"geometry":{"type":"LineString","coordinates":[[22.950476,39.366746],[22.950501,39.366733]]}},{"type":"Feature","properties":{"line":"2","mode":"bus","color":"#e16cd6","oi":0.714,"n":3,"sw":1},"geometry":{"type":"LineString","coordinates":[[22.950495,39.366736],[22.95052,39.366722]]}},{"type":"Feature","properties":{"line":"2","mode":"bus","color":"#e16cd6","oi":0.631,"n":3,"sw":1},"geometry":{"type":"LineString","coordinates":[[22.950514,39.366725],[22.950538,39.366712]]}},{"type":"Feature","properties":{"line":"2","mode":"bus","color":"#e16cd6","oi":0.544,"n":3,"sw":1},"geometry":{"type":"LineString","coordinates":[[22.950533,39.366715],[22.950557,39.366701]]}},{"type":"Feature","properties":{"line":"2","mode":"bus","color":"#e16cd6","oi":0.456,"n":3,"sw":1},"geometry":{"type":"LineString","coordinates":[[22.950552,39.366704],[22.950576,39.366691]]}},{"type":"Feature","properties":{"line":"2","mode":"bus","color":"#e16cd6","oi":0.369,"n":3,"sw":1},"geometry":{"type":"LineString","coordinates":[[22.95057,39.366694],[22.950595,39.36668]]}},{"type":"Feature","properties":{"line":"2","mode":"bus","color":"#e16cd6","oi":0.286,"n":3,"sw":1},"geometry":{"type":"LineString","coordinates":[[22.950589,39.366683],[22.950614,39.36667]]}},{"type":"Feature","properties":{"line":"2","mode":"bus","color":"#e16cd6","oi":0.209,"n":3,"sw":1},"geometry":{"type":"LineString","coordinates":[[22.950608,39.366673],[22.950633,39.366659]]}},{"type":"Feature","properties":{"line":"2","mode":"bus","color":"#e16cd6","oi":0.14,"n":3,"sw":1},"geometry":{"type":"LineString","coordinates":[[22.950627,39.366662],[22.950651,39.366649]]}},{"type":"Feature","properties":{"line":"2","mode":"bus","color":"#e16cd6","oi":0.082,"n":3,"sw":1},"geometry":{"type":"LineString","coordinates":[[22.950646,39.366652],[22.95067,39.366638]]}},{"type":"Feature","properties":{"line":"2","mode":"bus","color":"#e16cd6","oi":0.038,"n":3,"sw":1},"geometry":{"type":"LineString","coordinates":[[22.950665,39.366641],[22.950689,39.366627]]}},{"type":"Feature","properties":{"line":"2","mode":"bus","color":"#e16cd6","oi":0.01,"n":3,"sw":1},"geometry":{"type":"LineString","coordinates":[[22.950683,39.366631],[22.950708,39.366617]]}},{"type":"Feature","properties":{"line":"2","mode":"bus","color":"#e16cd6","oi":0,"n":3,"sw":1},"geometry":{"type":"LineString","coordinates":[[22.950702,39.36662],[22.950724,39.366608]]}},{"type":"Feature","properties":{"line":"2","mode":"bus","color":"#e16cd6","oi":1,"n":3},"geometry":{"type":"LineString","coordinates":[[22.947242,39.368463],[22.950327,39.366735]]}},{"type":"Feature","properties":{"line":"2","mode":"bus","color":"#e16cd6","oi":1,"n":3,"sw":1},"geometry":{"type":"LineString","coordinates":[[22.950324,39.366736],[22.950349,39.366723]]}},{"type":"Feature","properties":{"line":"2","mode":"bus","color":"#e16cd6","oi":0.99,"n":3,"sw":1},"geometry":{"type":"LineString","coordinates":[[22.950343,39.366726],[22.950368,39.366712]]}},{"type":"Feature","properties":{"line":"2","mode":"bus","color":"#e16cd6","oi":0.962,"n":3,"sw":1},"geometry":{"type":"LineString","coordinates":[[22.950362,39.366715],[22.950386,39.366702]]}},{"type":"Feature","properties":{"line":"2","mode":"bus","color":"#e16cd6","oi":0.918,"n":3,"sw":1},"geometry":{"type":"LineString","coordinates":[[22.950381,39.366705],[22.950405,39.366691]]}},{"type":"Feature","properties":{"line":"2","mode":"bus","color":"#e16cd6","oi":0.86,"n":3,"sw":1},"geometry":{"type":"LineString","coordinates":[[22.9504,39.366694],[22.950424,39.366681]]}},{"type":"Feature","properties":{"line":"2","mode":"bus","color":"#e16cd6","oi":0.791,"n":3,"sw":1},"geometry":{"type":"LineString","coordinates":[[22.950418,39.366684],[22.950443,39.36667]]}},{"type":"Feature","properties":{"line":"2","mode":"bus","color":"#e16cd6","oi":0.714,"n":3,"sw":1},"geometry":{"type":"LineString","coordinates":[[22.950437,39.366673],[22.950462,39.366659]]}},{"type":"Feature","properties":{"line":"2","mode":"bus","color":"#e16cd6","oi":0.631,"n":3,"sw":1},"geometry":{"type":"LineString","coordinates":[[22.950456,39.366663],[22.950481,39.366649]]}},{"type":"Feature","properties":{"line":"2","mode":"bus","color":"#e16cd6","oi":0.544,"n":3,"sw":1},"geometry":{"type":"LineString","coordinates":[[22.950475,39.366652],[22.950499,39.366638]]}},{"type":"Feature","properties":{"line":"2","mode":"bus","color":"#e16cd6","oi":0.456,"n":3,"sw":1},"geometry":{"type":"LineString","coordinates":[[22.950494,39.366641],[22.950518,39.366628]]}},{"type":"Feature","properties":{"line":"2","mode":"bus","color":"#e16cd6","oi":0.369,"n":3,"sw":1},"geometry":{"type":"LineString","coordinates":[[22.950513,39.366631],[22.950537,39.366617]]}},{"type":"Feature","properties":{"line":"2","mode":"bus","color":"#e16cd6","oi":0.286,"n":3,"sw":1},"geometry":{"type":"LineString","coordinates":[[22.950531,39.36662],[22.950556,39.366607]]}},{"type":"Feature","properties":{"line":"2","mode":"bus","color":"#e16cd6","oi":0.209,"n":3,"sw":1},"geometry":{"type":"LineString","coordinates":[[22.95055,39.36661],[22.950575,39.366596]]}},{"type":"Feature","properties":{"line":"2","mode":"bus","color":"#e16cd6","oi":0.14,"n":3,"sw":1},"geometry":{"type":"LineString","coordinates":[[22.950569,39.366599],[22.950594,39.366586]]}},{"type":"Feature","properties":{"line":"2","mode":"bus","color":"#e16cd6","oi":0.082,"n":3,"sw":1},"geometry":{"type":"LineString","coordinates":[[22.950588,39.366589],[22.950612,39.366575]]}},{"type":"Feature","properties":{"line":"2","mode":"bus","color":"#e16cd6","oi":0.038,"n":3,"sw":1},"geometry":{"type":"LineString","coordinates":[[22.950607,39.366578],[22.950631,39.366565]]}},{"type":"Feature","properties":{"line":"2","mode":"bus","color":"#e16cd6","oi":0.01,"n":3,"sw":1},"geometry":{"type":"LineString","coordinates":[[22.950626,39.366568],[22.95065,39.366554]]}},{"type":"Feature","properties":{"line":"2","mode":"bus","color":"#e16cd6","oi":0,"n":3,"sw":1},"geometry":{"type":"LineString","coordinates":[[22.950644,39.366557],[22.950666,39.366545]]}},{"type":"Feature","properties":{"line":"2","mode":"bus","color":"#e16cd6","oi":0.5,"n":2},"geometry":{"type":"LineString","coordinates":[[22.940021,39.369006],[22.943717,39.370441],[22.943745,39.370448],[22.943771,39.370446],[22.943797,39.370436],[22.946952,39.368711]]}},{"type":"Feature","properties":{"line":"2","mode":"bus","color":"#e16cd6","oi":0.5,"n":2,"sw":1},"geometry":{"type":"LineString","coordinates":[[22.94695,39.368712],[22.946989,39.368691]]}},{"type":"Feature","properties":{"line":"2","mode":"bus","color":"#e16cd6","oi":0.517,"n":2,"sw":1},"geometry":{"type":"LineString","coordinates":[[22.946984,39.368694],[22.947024,39.368672]]}},{"type":"Feature","properties":{"line":"2","mode":"bus","color":"#e16cd6","oi":0.563,"n":2,"sw":1},"geometry":{"type":"LineString","coordinates":[[22.947018,39.368675],[22.947058,39.368653]]}},{"type":"Feature","properties":{"line":"2","mode":"bus","color":"#e16cd6","oi":0.63,"n":2,"sw":1},"geometry":{"type":"LineString","coordinates":[[22.947052,39.368656],[22.947092,39.368635]]}},{"type":"Feature","properties":{"line":"2","mode":"bus","color":"#e16cd6","oi":0.709,"n":2,"sw":1},"geometry":{"type":"LineString","coordinates":[[22.947086,39.368638],[22.947126,39.368616]]}},{"type":"Feature","properties":{"line":"2","mode":"bus","color":"#e16cd6","oi":0.791,"n":2,"sw":1},"geometry":{"type":"LineString","coordinates":[[22.94712,39.368619],[22.94716,39.368597]]}},{"type":"Feature","properties":{"line":"2","mode":"bus","color":"#e16cd6","oi":0.87,"n":2,"sw":1},"geometry":{"type":"LineString","coordinates":[[22.947154,39.3686],[22.947194,39.368578]]}},{"type":"Feature","properties":{"line":"2","mode":"bus","color":"#e16cd6","oi":0.937,"n":2,"sw":1},"geometry":{"type":"LineString","coordinates":[[22.947189,39.368582],[22.947229,39.36856]]}},{"type":"Feature","properties":{"line":"2","mode":"bus","color":"#e16cd6","oi":0.983,"n":2,"sw":1},"geometry":{"type":"LineString","coordinates":[[22.947223,39.368563],[22.947263,39.368541]]}},{"type":"Feature","properties":{"line":"2","mode":"bus","color":"#e16cd6","oi":1,"n":2,"sw":1},"geometry":{"type":"LineString","coordinates":[[22.947257,39.368544],[22.947294,39.368524]]}},{"type":"Feature","properties":{"line":"2","mode":"bus","color":"#e16cd6","oi":0.5,"n":2},"geometry":{"type":"LineString","coordinates":[[22.938633,39.376053],[22.939747,39.37033],[22.939988,39.369131],[22.940046,39.368965],[22.940054,39.368951],[22.940065,39.368943],[22.94008,39.368942],[22.940099,39.368947],[22.941221,39.369405],[22.943696,39.370347],[22.943738,39.370355],[22.94378,39.370348],[22.943889,39.370308],[22.946901,39.368651]]}},{"type":"Feature","properties":{"line":"2","mode":"bus","color":"#e16cd6","oi":0.5,"n":2,"sw":1},"geometry":{"type":"LineString","coordinates":[[22.946898,39.368652],[22.946938,39.36863]]}},{"type":"Feature","properties":{"line":"2","mode":"bus","color":"#e16cd6","oi":0.517,"n":2,"sw":1},"geometry":{"type":"LineString","coordinates":[[22.946932,39.368633],[22.946972,39.368612]]}},{"type":"Feature","properties":{"line":"2","mode":"bus","color":"#e16cd6","oi":0.563,"n":2,"sw":1},"geometry":{"type":"LineString","coordinates":[[22.946966,39.368615],[22.947006,39.368593]]}},{"type":"Feature","properties":{"line":"2","mode":"bus","color":"#e16cd6","oi":0.63,"n":2,"sw":1},"geometry":{"type":"LineString","coordinates":[[22.947001,39.368596],[22.94704,39.368574]]}},{"type":"Feature","properties":{"line":"2","mode":"bus","color":"#e16cd6","oi":0.709,"n":2,"sw":1},"geometry":{"type":"LineString","coordinates":[[22.947035,39.368577],[22.947074,39.368555]]}},{"type":"Feature","properties":{"line":"2","mode":"bus","color":"#e16cd6","oi":0.791,"n":2,"sw":1},"geometry":{"type":"LineString","coordinates":[[22.947069,39.368558],[22.947108,39.368536]]}},{"type":"Feature","properties":{"line":"2","mode":"bus","color":"#e16cd6","oi":0.87,"n":2,"sw":1},"geometry":{"type":"LineString","coordinates":[[22.947103,39.36854],[22.947143,39.368518]]}},{"type":"Feature","properties":{"line":"2","mode":"bus","color":"#e16cd6","oi":0.937,"n":2,"sw":1},"geometry":{"type":"LineString","coordinates":[[22.947137,39.368521],[22.947177,39.368499]]}},{"type":"Feature","properties":{"line":"2","mode":"bus","color":"#e16cd6","oi":0.983,"n":2,"sw":1},"geometry":{"type":"LineString","coordinates":[[22.947171,39.368502],[22.947211,39.36848]]}},{"type":"Feature","properties":{"line":"2","mode":"bus","color":"#e16cd6","oi":1,"n":2,"sw":1},"geometry":{"type":"LineString","coordinates":[[22.947205,39.368483],[22.947242,39.368463]]}},{"type":"Feature","properties":{"line":"2","mode":"bus","color":"#e16cd6","oi":0,"n":1},"geometry":{"type":"LineString","coordinates":[[22.941366,39.377832],[22.939402,39.376531],[22.938633,39.376053]]}},{"type":"Feature","properties":{"line":"2","mode":"bus","color":"#e16cd6","oi":0,"n":1},"geometry":{"type":"LineString","coordinates":[[22.938861,39.386174],[22.937626,39.385891],[22.937133,39.385694],[22.935205,39.384555],[22.933253,39.383448]]}},{"type":"Feature","properties":{"line":"2","mode":"bus","color":"#e16cd6","oi":0,"n":1},"geometry":{"type":"LineString","coordinates":[[22.941872,39.386643],[22.942726,39.386557],[22.942746,39.386552],[22.942758,39.386544],[22.942764,39.386532],[22.942764,39.386517],[22.942637,39.385983],[22.942631,39.385969],[22.94262,39.38596],[22.942605,39.385958],[22.942586,39.385962],[22.939355,39.386991],[22.939223,39.387047],[22.939101,39.387179],[22.939008,39.387504],[22.939043,39.38758],[22.939016,39.387634],[22.938897,39.387721],[22.938698,39.387743],[22.938514,39.387697],[22.938415,39.387628],[22.938397,39.387611],[22.938389,39.387591],[22.938391,39.387569],[22.938799,39.386242],[22.938839,39.386198],[22.938847,39.38619],[22.938854,39.386187],[22.93886,39.386188],[22.938865,39.386193],[22.938868,39.386203],[22.938894,39.3863],[22.938483,39.387569],[22.938482,39.38759],[22.938492,39.387607],[22.938514,39.38762],[22.938656,39.387674],[22.938802,39.387674],[22.938935,39.387609],[22.939008,39.387504]]}},{"type":"Feature","properties":{"line":"2","mode":"bus","color":"#e16cd6","oi":0,"n":1},"geometry":{"type":"LineString","coordinates":[[22.941282,39.386387],[22.941458,39.386652],[22.941475,39.386669],[22.941497,39.386678],[22.941525,39.386679],[22.941724,39.386658]]}},{"type":"Feature","properties":{"line":"2","mode":"bus","color":"#e16cd6","oi":0.5,"n":2},"geometry":{"type":"LineString","coordinates":[[22.939865,39.380521],[22.940257,39.37959],[22.940553,39.379019],[22.941366,39.377832]]}},{"type":"Feature","properties":{"line":"2","mode":"bus","color":"#e16cd6","oi":0.5,"n":2},"geometry":{"type":"LineString","coordinates":[[22.933253,39.383448],[22.934129,39.382184],[22.934403,39.381718],[22.934413,39.381705],[22.934426,39.381699],[22.934442,39.381699],[22.934459,39.381707],[22.935431,39.382286],[22.936903,39.383122],[22.937337,39.383345],[22.93853,39.383826],[22.939463,39.384231],[22.939482,39.384237],[22.939497,39.384236],[22.939509,39.384228],[22.939517,39.384214],[22.939926,39.383096],[22.939998,39.382697],[22.939997,39.382463],[22.939894,39.381973],[22.939732,39.381365],[22.939581,39.380975],[22.939845,39.380553],[22.939851,39.380544],[22.939855,39.380539],[22.939857,39.380538],[22.939857,39.38054],[22.939856,39.380546],[22.939852,39.380556],[22.939723,39.380906],[22.93971,39.381134],[22.939732,39.381365]]}},{"type":"Feature","properties":{"line":"7","mode":"bus","color":"#05617d","oi":0,"n":3},"geometry":{"type":"LineString","coordinates":[[22.983032,39.375879],[22.983051,39.375849],[22.983154,39.375772],[22.98329,39.375734],[22.983394,39.375738],[22.983539,39.37578],[22.984091,39.376141],[22.984212,39.376165],[22.984264,39.376153],[22.984288,39.376144],[22.984305,39.376127],[22.984362,39.376039],[22.984404,39.375819],[22.984629,39.375199],[22.984595,39.3744],[22.984649,39.374234],[22.984758,39.374099],[22.984874,39.374019],[22.985021,39.374001],[22.985858,39.374103],[22.98607,39.374094],[22.986184,39.374061],[22.986278,39.37398],[22.986329,39.373839],[22.986258,39.373301],[22.986281,39.373147],[22.986357,39.372992],[22.987495,39.37207],[22.987579,39.372042],[22.9877,39.372041],[22.987788,39.37207],[22.987975,39.37219],[22.988057,39.372202],[22.98811,39.37218],[22.988125,39.372171],[22.988134,39.372158],[22.988136,39.372143],[22.988133,39.372091],[22.988049,39.372023],[22.987167,39.371538],[22.986872,39.371401],[22.98607,39.371109],[22.984477,39.370648],[22.98429,39.370651],[22.984092,39.370743],[22.98397,39.370757],[22.982967,39.370506],[22.982881,39.370463],[22.982498,39.37017],[22.982183,39.369983],[22.981987,39.369886],[22.981666,39.369793],[22.981513,39.369536],[22.981371,39.369474],[22.981005,39.369457],[22.980842,39.369469],[22.980695,39.369523],[22.980441,39.369692],[22.980039,39.369743],[22.979955,39.369799],[22.979869,39.37002],[22.979758,39.370122],[22.979156,39.37026],[22.978978,39.370259],[22.978813,39.370206],[22.978498,39.369828],[22.978416,39.369772],[22.978221,39.369734],[22.978011,39.369803],[22.977925,39.369897],[22.977903,39.370004],[22.977911,39.370328],[22.977844,39.370394],[22.977778,39.37042],[22.975839,39.370408],[22.974587,39.370232],[22.97366,39.370193],[22.973047,39.370111],[22.971461,39.370051],[22.971239,39.370021],[22.970865,39.369918],[22.970529,39.369774],[22.969967,39.369618],[22.968291,39.369235],[22.967573,39.369111],[22.967339,39.369091],[22.967142,39.369039],[22.966751,39.368848],[22.966309,39.368519],[22.966284,39.368469],[22.966276,39.368458],[22.966265,39.368451],[22.966251,39.36845],[22.966235,39.368453],[22.966003,39.368525],[22.965977,39.368562],[22.966028,39.369322],[22.966024,39.369343],[22.96601,39.369358],[22.965985,39.369366],[22.965865,39.369389],[22.965602,39.369477],[22.96506,39.369724],[22.964707,39.369726],[22.963831,39.369626],[22.962355,39.369655],[22.96206,39.369631],[22.961322,39.369495],[22.960466,39.369191],[22.960234,39.369072],[22.959238,39.3684],[22.958656,39.368048],[22.957306,39.367328],[22.955308,39.366648],[22.953501,39.365808],[22.952742,39.365523],[22.952714,39.365516],[22.952688,39.365518],[22.952662,39.365528],[22.95183,39.365996]]}},{"type":"Feature","properties":{"line":"7","mode":"bus","color":"#05617d","oi":-0.5,"n":3,"sw":1},"geometry":{"type":"LineString","coordinates":[[22.982898,39.376183],[22.982907,39.376149]]}},{"type":"Feature","properties":{"line":"7","mode":"bus","color":"#05617d","oi":-0.483,"n":3,"sw":1},"geometry":{"type":"LineString","coordinates":[[22.982905,39.376154],[22.982915,39.376117]]}},{"type":"Feature","properties":{"line":"7","mode":"bus","color":"#05617d","oi":-0.437,"n":3,"sw":1},"geometry":{"type":"LineString","coordinates":[[22.982913,39.376122],[22.982923,39.376085]]}},{"type":"Feature","properties":{"line":"7","mode":"bus","color":"#05617d","oi":-0.37,"n":3,"sw":1},"geometry":{"type":"LineString","coordinates":[[22.982921,39.37609],[22.982931,39.376053]]}},{"type":"Feature","properties":{"line":"7","mode":"bus","color":"#05617d","oi":-0.291,"n":3,"sw":1},"geometry":{"type":"LineString","coordinates":[[22.982929,39.376058],[22.982938,39.376024],[22.98294,39.376022]]}},{"type":"Feature","properties":{"line":"7","mode":"bus","color":"#05617d","oi":-0.209,"n":3,"sw":1},"geometry":{"type":"LineString","coordinates":[[22.982937,39.376027],[22.982938,39.376024],[22.982958,39.375993]]}},{"type":"Feature","properties":{"line":"7","mode":"bus","color":"#05617d","oi":-0.13,"n":3,"sw":1},"geometry":{"type":"LineString","coordinates":[[22.982955,39.375997],[22.982977,39.375964]]}},{"type":"Feature","properties":{"line":"7","mode":"bus","color":"#05617d","oi":-0.063,"n":3,"sw":1},"geometry":{"type":"LineString","coordinates":[[22.982974,39.375968],[22.982996,39.375935]]}},{"type":"Feature","properties":{"line":"7","mode":"bus","color":"#05617d","oi":-0.017,"n":3,"sw":1},"geometry":{"type":"LineString","coordinates":[[22.982993,39.37594],[22.983014,39.375906]]}},{"type":"Feature","properties":{"line":"7","mode":"bus","color":"#05617d","oi":0,"n":3,"sw":1},"geometry":{"type":"LineString","coordinates":[[22.983011,39.375911],[22.983033,39.375877]]}},{"type":"Feature","properties":{"line":"7","mode":"bus","color":"#05617d","oi":0,"n":3},"geometry":{"type":"LineString","coordinates":[[22.953317,39.365728],[22.953216,39.365655],[22.952916,39.365333],[22.952897,39.365319],[22.952875,39.365317],[22.952851,39.365325],[22.951766,39.365928]]}},{"type":"Feature","properties":{"line":"7","mode":"bus","color":"#05617d","oi":0.5,"n":4},"geometry":{"type":"LineString","coordinates":[[22.95097,39.36687],[22.95406,39.37016],[22.954079,39.370174],[22.954101,39.370176],[22.954125,39.370168],[22.954675,39.369863],[22.955473,39.369598],[22.95549,39.369591],[22.955496,39.369582],[22.955493,39.369572],[22.95548,39.369561],[22.954866,39.369164],[22.954557,39.368886],[22.95385,39.368107],[22.952079,39.366256]]}},{"type":"Feature","properties":{"line":"7","mode":"bus","color":"#05617d","oi":0,"n":4,"sw":1},"geometry":{"type":"LineString","coordinates":[[22.950724,39.366608],[22.950751,39.366636]]}},{"type":"Feature","properties":{"line":"7","mode":"bus","color":"#05617d","oi":0.017,"n":4,"sw":1},"geometry":{"type":"LineString","coordinates":[[22.950747,39.366632],[22.950775,39.366663]]}},{"type":"Feature","properties":{"line":"7","mode":"bus","color":"#05617d","oi":0.063,"n":4,"sw":1},"geometry":{"type":"LineString","coordinates":[[22.950771,39.366658],[22.9508,39.366689]]}},{"type":"Feature","properties":{"line":"7","mode":"bus","color":"#05617d","oi":0.13,"n":4,"sw":1},"geometry":{"type":"LineString","coordinates":[[22.950796,39.366684],[22.950824,39.366715]]}},{"type":"Feature","properties":{"line":"7","mode":"bus","color":"#05617d","oi":0.209,"n":4,"sw":1},"geometry":{"type":"LineString","coordinates":[[22.95082,39.366711],[22.950849,39.366741]]}},{"type":"Feature","properties":{"line":"7","mode":"bus","color":"#05617d","oi":0.291,"n":4,"sw":1},"geometry":{"type":"LineString","coordinates":[[22.950845,39.366737],[22.950874,39.366767]]}},{"type":"Feature","properties":{"line":"7","mode":"bus","color":"#05617d","oi":0.37,"n":4,"sw":1},"geometry":{"type":"LineString","coordinates":[[22.95087,39.366763],[22.950898,39.366794]]}},{"type":"Feature","properties":{"line":"7","mode":"bus","color":"#05617d","oi":0.437,"n":4,"sw":1},"geometry":{"type":"LineString","coordinates":[[22.950894,39.366789],[22.950923,39.36682]]}},{"type":"Feature","properties":{"line":"7","mode":"bus","color":"#05617d","oi":0.483,"n":4,"sw":1},"geometry":{"type":"LineString","coordinates":[[22.950919,39.366815],[22.950947,39.366846]]}},{"type":"Feature","properties":{"line":"7","mode":"bus","color":"#05617d","oi":0.5,"n":4,"sw":1},"geometry":{"type":"LineString","coordinates":[[22.950943,39.366842],[22.950972,39.366872]]}},{"type":"Feature","properties":{"line":"7","mode":"bus","color":"#05617d","oi":0.5,"n":4,"sw":1},"geometry":{"type":"LineString","coordinates":[[22.952081,39.366258],[22.952052,39.366228]]}},{"type":"Feature","properties":{"line":"7","mode":"bus","color":"#05617d","oi":0.483,"n":4,"sw":1},"geometry":{"type":"LineString","coordinates":[[22.952056,39.366232],[22.952027,39.366202]]}},{"type":"Feature","properties":{"line":"7","mode":"bus","color":"#05617d","oi":0.437,"n":4,"sw":1},"geometry":{"type":"LineString","coordinates":[[22.952031,39.366206],[22.952002,39.366176]]}},{"type":"Feature","properties":{"line":"7","mode":"bus","color":"#05617d","oi":0.37,"n":4,"sw":1},"geometry":{"type":"LineString","coordinates":[[22.952006,39.36618],[22.951977,39.36615]]}},{"type":"Feature","properties":{"line":"7","mode":"bus","color":"#05617d","oi":0.291,"n":4,"sw":1},"geometry":{"type":"LineString","coordinates":[[22.951981,39.366154],[22.951952,39.366124]]}},{"type":"Feature","properties":{"line":"7","mode":"bus","color":"#05617d","oi":0.209,"n":4,"sw":1},"geometry":{"type":"LineString","coordinates":[[22.951957,39.366128],[22.951928,39.366098]]}},{"type":"Feature","properties":{"line":"7","mode":"bus","color":"#05617d","oi":0.13,"n":4,"sw":1},"geometry":{"type":"LineString","coordinates":[[22.951932,39.366102],[22.951903,39.366072]]}},{"type":"Feature","properties":{"line":"7","mode":"bus","color":"#05617d","oi":0.063,"n":4,"sw":1},"geometry":{"type":"LineString","coordinates":[[22.951907,39.366076],[22.951878,39.366046]]}},{"type":"Feature","properties":{"line":"7","mode":"bus","color":"#05617d","oi":0.017,"n":4,"sw":1},"geometry":{"type":"LineString","coordinates":[[22.951882,39.36605],[22.951853,39.36602]]}},{"type":"Feature","properties":{"line":"7","mode":"bus","color":"#05617d","oi":0,"n":4,"sw":1},"geometry":{"type":"LineString","coordinates":[[22.951857,39.366024],[22.95183,39.365996]]}},{"type":"Feature","properties":{"line":"7","mode":"bus","color":"#05617d","oi":0,"n":3},"geometry":{"type":"LineString","coordinates":[[22.954087,39.370189],[22.95978,39.376228],[22.96007,39.376459],[22.960417,39.376651],[22.962266,39.377513]]}},{"type":"Feature","properties":{"line":"7","mode":"bus","color":"#05617d","oi":-0.5,"n":2},"geometry":{"type":"LineString","coordinates":[[22.962599,39.377709],[22.963071,39.378046],[22.964772,39.379542],[22.965697,39.38031],[22.965803,39.380376],[22.966045,39.380442],[22.966359,39.380431],[22.966607,39.380469],[22.969031,39.381135],[22.969098,39.381125],[22.969365,39.380937],[22.969722,39.380742],[22.969913,39.380661],[22.970029,39.380649],[22.970112,39.380683],[22.970258,39.380846],[22.970331,39.380881],[22.970759,39.380899],[22.970895,39.380942],[22.971011,39.381013],[22.971239,39.381242],[22.971378,39.381347],[22.971537,39.38141],[22.97168,39.381408],[22.971766,39.381344],[22.97208,39.380924],[22.972399,39.380432],[22.972557,39.380129],[22.972715,39.379477],[22.972754,39.379393],[22.972854,39.379283],[22.973059,39.379154],[22.973289,39.3791],[22.974195,39.379321],[22.974332,39.379411],[22.974354,39.379433],[22.974363,39.37946],[22.974368,39.379515],[22.974326,39.379555],[22.97431,39.379567],[22.974291,39.379572],[22.974269,39.379572],[22.974154,39.379557],[22.973965,39.379401],[22.973847,39.379342],[22.973536,39.379316],[22.973268,39.379328],[22.973164,39.379363],[22.973048,39.379476],[22.973025,39.379566],[22.973142,39.380281],[22.97303,39.380982],[22.973047,39.381199],[22.973077,39.381254],[22.973178,39.381325],[22.973545,39.381457],[22.973857,39.381647],[22.973959,39.381667],[22.974036,39.381649],[22.974081,39.381599],[22.974089,39.381549],[22.974056,39.38148],[22.973965,39.381419],[22.97374,39.38138],[22.973619,39.381332],[22.973483,39.381235],[22.973374,39.381081],[22.973367,39.380952],[22.9734,39.380795],[22.973514,39.380438],[22.973592,39.380324],[22.973698,39.380275],[22.973827,39.380278],[22.974205,39.380434],[22.974815,39.380586],[22.974899,39.38065],[22.975073,39.38093],[22.975227,39.380987],[22.975392,39.380987],[22.975492,39.380949],[22.975712,39.380788],[22.976102,39.380585],[22.976328,39.380263],[22.976458,39.380162],[22.977058,39.379916],[22.977401,39.379742],[22.977523,39.379711],[22.977639,39.379712],[22.97796,39.379887],[22.978059,39.379903],[22.978138,39.379881],[22.978189,39.379804],[22.978179,39.379686],[22.977945,39.379152],[22.977986,39.379034],[22.978078,39.378981],[22.978684,39.378836],[22.979056,39.378818],[22.980286,39.379054],[22.980421,39.379059],[22.980558,39.379026],[22.980631,39.378984],[22.980656,39.378936],[22.980662,39.37891],[22.980654,39.378885],[22.980497,39.378627],[22.98052,39.378492],[22.980688,39.378337],[22.981173,39.378134],[22.981241,39.378036],[22.9812,39.377913],[22.981051,39.377798],[22.980725,39.377607],[22.980636,39.377484],[22.980621,39.377404],[22.98069,39.37707],[22.980776,39.376883],[22.98096,39.376741],[22.981184,39.376635],[22.981322,39.376611],[22.981466,39.376634],[22.981788,39.376748],[22.982224,39.376943],[22.982871,39.377332],[22.982985,39.377346],[22.983016,39.377344],[22.983042,39.377332],[22.983086,39.377298],[22.983104,39.377207],[22.982974,39.376981],[22.982898,39.376723],[22.982746,39.376379],[22.982767,39.376318],[22.982786,39.37629],[22.98282,39.376273],[22.98287,39.376258],[22.982885,39.376251],[22.982895,39.376241],[22.982898,39.376227],[22.982898,39.376183]]}},{"type":"Feature","properties":{"line":"7","mode":"bus","color":"#05617d","oi":0,"n":2,"sw":1},"geometry":{"type":"LineString","coordinates":[[22.962266,39.377513],[22.962303,39.377534]]}},{"type":"Feature","properties":{"line":"7","mode":"bus","color":"#05617d","oi":-0.017,"n":2,"sw":1},"geometry":{"type":"LineString","coordinates":[[22.962297,39.377531],[22.962336,39.377553]]}},{"type":"Feature","properties":{"line":"7","mode":"bus","color":"#05617d","oi":-0.063,"n":2,"sw":1},"geometry":{"type":"LineString","coordinates":[[22.962331,39.37755],[22.96237,39.377572]]}},{"type":"Feature","properties":{"line":"7","mode":"bus","color":"#05617d","oi":-0.13,"n":2,"sw":1},"geometry":{"type":"LineString","coordinates":[[22.962364,39.377569],[22.962404,39.377591]]}},{"type":"Feature","properties":{"line":"7","mode":"bus","color":"#05617d","oi":-0.209,"n":2,"sw":1},"geometry":{"type":"LineString","coordinates":[[22.962398,39.377588],[22.962438,39.37761]]}},{"type":"Feature","properties":{"line":"7","mode":"bus","color":"#05617d","oi":-0.291,"n":2,"sw":1},"geometry":{"type":"LineString","coordinates":[[22.962432,39.377607],[22.962471,39.377629]]}},{"type":"Feature","properties":{"line":"7","mode":"bus","color":"#05617d","oi":-0.37,"n":2,"sw":1},"geometry":{"type":"LineString","coordinates":[[22.962466,39.377626],[22.962505,39.377649]]}},{"type":"Feature","properties":{"line":"7","mode":"bus","color":"#05617d","oi":-0.437,"n":2,"sw":1},"geometry":{"type":"LineString","coordinates":[[22.962499,39.377645],[22.962539,39.377668]]}},{"type":"Feature","properties":{"line":"7","mode":"bus","color":"#05617d","oi":-0.483,"n":2,"sw":1},"geometry":{"type":"LineString","coordinates":[[22.962533,39.377664],[22.96255,39.377674],[22.962571,39.377689]]}},{"type":"Feature","properties":{"line":"7","mode":"bus","color":"#05617d","oi":-0.5,"n":2,"sw":1},"geometry":{"type":"LineString","coordinates":[[22.962565,39.377685],[22.962601,39.377711]]}},{"type":"Feature","properties":{"line":"7","mode":"bus","color":"#05617d","oi":0,"n":1},"geometry":{"type":"LineString","coordinates":[[22.93294,39.36137],[22.932686,39.361276],[22.932665,39.361264],[22.932657,39.361248],[22.932662,39.361228],[22.932737,39.361087],[22.93293,39.36096],[22.933131,39.360664]]}},{"type":"Feature","properties":{"line":"7","mode":"bus","color":"#05617d","oi":0,"n":1},"geometry":{"type":"LineString","coordinates":[[22.967573,39.369111],[22.967149,39.36897],[22.966951,39.368871],[22.966926,39.368864],[22.966903,39.368866],[22.966882,39.36888],[22.966466,39.369266],[22.965737,39.369795],[22.964852,39.370276],[22.963876,39.37068],[22.96385,39.370686],[22.963828,39.370682],[22.96381,39.370667],[22.963156,39.369872],[22.962924,39.369644]]}},{"type":"Feature","properties":{"line":"7","mode":"bus","color":"#05617d","oi":0,"n":1},"geometry":{"type":"LineString","coordinates":[[22.975549,39.380913],[22.975541,39.380871],[22.975583,39.38079],[22.975862,39.380462],[22.97591,39.380307],[22.975912,39.380295],[22.97591,39.380287],[22.975904,39.380282],[22.975893,39.380281],[22.975877,39.380285],[22.975592,39.380367],[22.975565,39.380371],[22.975542,39.380365],[22.975523,39.380349],[22.975465,39.380277],[22.975034,39.38005],[22.974737,39.379853],[22.974545,39.37979],[22.974324,39.379569]]}},{"type":"Feature","properties":{"line":"8","mode":"bus","color":"#05617d","oi":-0.5,"n":2},"geometry":{"type":"LineString","coordinates":[[22.926347,39.357176],[22.925806,39.357603]]}},{"type":"Feature","properties":{"line":"8","mode":"bus","color":"#05617d","oi":-0.5,"n":2},"geometry":{"type":"LineString","coordinates":[[22.927038,39.357067],[22.928842,39.359718]]}},{"type":"Feature","properties":{"line":"8","mode":"bus","color":"#05617d","oi":0,"n":2,"sw":1},"geometry":{"type":"LineString","coordinates":[[22.926843,39.35678],[22.926864,39.356811]]}},{"type":"Feature","properties":{"line":"8","mode":"bus","color":"#05617d","oi":-0.017,"n":2,"sw":1},"geometry":{"type":"LineString","coordinates":[[22.926861,39.356806],[22.926884,39.35684]]}},{"type":"Feature","properties":{"line":"8","mode":"bus","color":"#05617d","oi":-0.063,"n":2,"sw":1},"geometry":{"type":"LineString","coordinates":[[22.92688,39.356835],[22.926903,39.356868]]}},{"type":"Feature","properties":{"line":"8","mode":"bus","color":"#05617d","oi":-0.13,"n":2,"sw":1},"geometry":{"type":"LineString","coordinates":[[22.9269,39.356864],[22.926923,39.356897]]}},{"type":"Feature","properties":{"line":"8","mode":"bus","color":"#05617d","oi":-0.209,"n":2,"sw":1},"geometry":{"type":"LineString","coordinates":[[22.926919,39.356892],[22.926942,39.356926]]}},{"type":"Feature","properties":{"line":"8","mode":"bus","color":"#05617d","oi":-0.291,"n":2,"sw":1},"geometry":{"type":"LineString","coordinates":[[22.926939,39.356921],[22.926962,39.356954]]}},{"type":"Feature","properties":{"line":"8","mode":"bus","color":"#05617d","oi":-0.37,"n":2,"sw":1},"geometry":{"type":"LineString","coordinates":[[22.926958,39.35695],[22.926981,39.356983]]}},{"type":"Feature","properties":{"line":"8","mode":"bus","color":"#05617d","oi":-0.437,"n":2,"sw":1},"geometry":{"type":"LineString","coordinates":[[22.926978,39.356978],[22.927001,39.357012]]}},{"type":"Feature","properties":{"line":"8","mode":"bus","color":"#05617d","oi":-0.483,"n":2,"sw":1},"geometry":{"type":"LineString","coordinates":[[22.926997,39.357007],[22.92702,39.35704]]}},{"type":"Feature","properties":{"line":"8","mode":"bus","color":"#05617d","oi":-0.5,"n":2,"sw":1},"geometry":{"type":"LineString","coordinates":[[22.927017,39.357036],[22.92704,39.357069]]}},{"type":"Feature","properties":{"line":"8","mode":"bus","color":"#05617d","oi":-1,"n":3},"geometry":{"type":"LineString","coordinates":[[22.926774,39.356672],[22.926809,39.356726]]}},{"type":"Feature","properties":{"line":"8","mode":"bus","color":"#05617d","oi":-1,"n":3,"sw":1},"geometry":{"type":"LineString","coordinates":[[22.926807,39.356724],[22.926815,39.356736]]}},{"type":"Feature","properties":{"line":"8","mode":"bus","color":"#05617d","oi":-0.926,"n":3,"sw":1},"geometry":{"type":"LineString","coordinates":[[22.926812,39.356731],[22.92682,39.356744]]}},{"type":"Feature","properties":{"line":"8","mode":"bus","color":"#05617d","oi":-0.741,"n":3,"sw":1},"geometry":{"type":"LineString","coordinates":[[22.926817,39.356739],[22.926825,39.356752]]}},{"type":"Feature","properties":{"line":"8","mode":"bus","color":"#05617d","oi":-0.5,"n":3,"sw":1},"geometry":{"type":"LineString","coordinates":[[22.926822,39.356747],[22.92683,39.356759]]}},{"type":"Feature","properties":{"line":"8","mode":"bus","color":"#05617d","oi":-0.259,"n":3,"sw":1},"geometry":{"type":"LineString","coordinates":[[22.926827,39.356754],[22.926835,39.356767]]}},{"type":"Feature","properties":{"line":"8","mode":"bus","color":"#05617d","oi":-0.074,"n":3,"sw":1},"geometry":{"type":"LineString","coordinates":[[22.926832,39.356762],[22.92684,39.356775]]}},{"type":"Feature","properties":{"line":"8","mode":"bus","color":"#05617d","oi":0,"n":3,"sw":1},"geometry":{"type":"LineString","coordinates":[[22.926837,39.35677],[22.926843,39.35678]]}},{"type":"Feature","properties":{"line":"8","mode":"bus","color":"#05617d","oi":-0.5,"n":2},"geometry":{"type":"LineString","coordinates":[[22.926634,39.356947],[22.926425,39.357114]]}},{"type":"Feature","properties":{"line":"8","mode":"bus","color":"#05617d","oi":0,"n":2,"sw":1},"geometry":{"type":"LineString","coordinates":[[22.926843,39.35678],[22.92682,39.356799]]}},{"type":"Feature","properties":{"line":"8","mode":"bus","color":"#05617d","oi":-0.017,"n":2,"sw":1},"geometry":{"type":"LineString","coordinates":[[22.926825,39.356795],[22.926799,39.356815]]}},{"type":"Feature","properties":{"line":"8","mode":"bus","color":"#05617d","oi":-0.063,"n":2,"sw":1},"geometry":{"type":"LineString","coordinates":[[22.926804,39.356811],[22.926778,39.356832]]}},{"type":"Feature","properties":{"line":"8","mode":"bus","color":"#05617d","oi":-0.13,"n":2,"sw":1},"geometry":{"type":"LineString","coordinates":[[22.926783,39.356828],[22.926757,39.356849]]}},{"type":"Feature","properties":{"line":"8","mode":"bus","color":"#05617d","oi":-0.209,"n":2,"sw":1},"geometry":{"type":"LineString","coordinates":[[22.926762,39.356845],[22.926736,39.356865]]}},{"type":"Feature","properties":{"line":"8","mode":"bus","color":"#05617d","oi":-0.291,"n":2,"sw":1},"geometry":{"type":"LineString","coordinates":[[22.926741,39.356862],[22.926715,39.356882]]}},{"type":"Feature","properties":{"line":"8","mode":"bus","color":"#05617d","oi":-0.37,"n":2,"sw":1},"geometry":{"type":"LineString","coordinates":[[22.92672,39.356878],[22.926694,39.356899]]}},{"type":"Feature","properties":{"line":"8","mode":"bus","color":"#05617d","oi":-0.437,"n":2,"sw":1},"geometry":{"type":"LineString","coordinates":[[22.926699,39.356895],[22.926673,39.356916]]}},{"type":"Feature","properties":{"line":"8","mode":"bus","color":"#05617d","oi":-0.483,"n":2,"sw":1},"geometry":{"type":"LineString","coordinates":[[22.926678,39.356912],[22.926652,39.356932]]}},{"type":"Feature","properties":{"line":"8","mode":"bus","color":"#05617d","oi":-0.5,"n":2,"sw":1},"geometry":{"type":"LineString","coordinates":[[22.926657,39.356928],[22.926632,39.356949]]}},{"type":"Feature","properties":{"line":"8","mode":"bus","color":"#05617d","oi":0,"n":1},"geometry":{"type":"LineString","coordinates":[[22.925806,39.357603],[22.925551,39.357231],[22.925543,39.357211],[22.92555,39.357195],[22.92557,39.357182],[22.926774,39.356672]]}},{"type":"Feature","properties":{"line":"8","mode":"bus","color":"#05617d","oi":0,"n":1},"geometry":{"type":"LineString","coordinates":[[22.920658,39.364308],[22.920288,39.364942],[22.920277,39.364956],[22.920263,39.364963],[22.920247,39.364964],[22.920228,39.364959],[22.919976,39.364859],[22.919702,39.364787],[22.917738,39.364568],[22.916952,39.36436],[22.916631,39.364299],[22.913268,39.36399],[22.912611,39.363947],[22.911075,39.363898],[22.909294,39.363898],[22.908168,39.363945],[22.907815,39.36394],[22.906333,39.363809],[22.905528,39.363812],[22.904691,39.363894],[22.90427,39.363895],[22.90381,39.363878],[22.902846,39.363789],[22.902476,39.363718],[22.902019,39.363542],[22.899483,39.362423],[22.898807,39.362075],[22.898574,39.361936],[22.898372,39.361753],[22.897906,39.361131],[22.897563,39.360738],[22.897436,39.360619],[22.89687,39.360213],[22.896294,39.35987],[22.895995,39.359763],[22.895088,39.359506],[22.894751,39.359352],[22.894608,39.359213],[22.894157,39.358587],[22.894089,39.358402],[22.894015,39.357954],[22.893971,39.357873],[22.89321,39.357394],[22.89306,39.357255],[22.892767,39.356897],[22.892606,39.356757],[22.89233,39.356662]]}},{"type":"Feature","properties":{"line":"8","mode":"bus","color":"#05617d","oi":0,"n":1},"geometry":{"type":"LineString","coordinates":[[22.892598,39.356478],[22.892672,39.35659],[22.892606,39.356757]]}},{"type":"Feature","properties":{"line":"8","mode":"bus","color":"#05617d","oi":0,"n":1},"geometry":{"type":"LineString","coordinates":[[22.926843,39.35678],[22.926922,39.356741],[22.92694,39.356735],[22.926957,39.356735],[22.926971,39.356741],[22.926983,39.356754],[22.928937,39.359637],[22.928945,39.359657],[22.928939,39.359673],[22.928918,39.359686],[22.928826,39.359726],[22.928773,39.359774],[22.927607,39.361223],[22.926722,39.36225],[22.923959,39.362796],[22.92367,39.362877],[22.923172,39.363065],[22.923008,39.363152],[22.922325,39.363755],[22.921851,39.364016],[22.921321,39.364168],[22.92026,39.364381],[22.919986,39.364412],[22.919247,39.364424],[22.919113,39.364508],[22.918997,39.364705]]}},{"type":"Feature","properties":{"line":"6","mode":"bus","color":"#7b3aa8","oi":0,"n":3},"geometry":{"type":"LineString","coordinates":[[22.926774,39.356672],[22.926843,39.35678]]}},{"type":"Feature","properties":{"line":"6","mode":"bus","color":"#7b3aa8","oi":0.5,"n":2},"geometry":{"type":"LineString","coordinates":[[22.926634,39.356947],[22.926425,39.357114]]}},{"type":"Feature","properties":{"line":"6","mode":"bus","color":"#7b3aa8","oi":0,"n":2,"sw":1},"geometry":{"type":"LineString","coordinates":[[22.926843,39.35678],[22.92682,39.356799]]}},{"type":"Feature","properties":{"line":"6","mode":"bus","color":"#7b3aa8","oi":0.017,"n":2,"sw":1},"geometry":{"type":"LineString","coordinates":[[22.926825,39.356795],[22.926799,39.356815]]}},{"type":"Feature","properties":{"line":"6","mode":"bus","color":"#7b3aa8","oi":0.063,"n":2,"sw":1},"geometry":{"type":"LineString","coordinates":[[22.926804,39.356811],[22.926778,39.356832]]}},{"type":"Feature","properties":{"line":"6","mode":"bus","color":"#7b3aa8","oi":0.13,"n":2,"sw":1},"geometry":{"type":"LineString","coordinates":[[22.926783,39.356828],[22.926757,39.356849]]}},{"type":"Feature","properties":{"line":"6","mode":"bus","color":"#7b3aa8","oi":0.209,"n":2,"sw":1},"geometry":{"type":"LineString","coordinates":[[22.926762,39.356845],[22.926736,39.356865]]}},{"type":"Feature","properties":{"line":"6","mode":"bus","color":"#7b3aa8","oi":0.291,"n":2,"sw":1},"geometry":{"type":"LineString","coordinates":[[22.926741,39.356862],[22.926715,39.356882]]}},{"type":"Feature","properties":{"line":"6","mode":"bus","color":"#7b3aa8","oi":0.37,"n":2,"sw":1},"geometry":{"type":"LineString","coordinates":[[22.92672,39.356878],[22.926694,39.356899]]}},{"type":"Feature","properties":{"line":"6","mode":"bus","color":"#7b3aa8","oi":0.437,"n":2,"sw":1},"geometry":{"type":"LineString","coordinates":[[22.926699,39.356895],[22.926673,39.356916]]}},{"type":"Feature","properties":{"line":"6","mode":"bus","color":"#7b3aa8","oi":0.483,"n":2,"sw":1},"geometry":{"type":"LineString","coordinates":[[22.926678,39.356912],[22.926652,39.356932]]}},{"type":"Feature","properties":{"line":"6","mode":"bus","color":"#7b3aa8","oi":0.5,"n":2,"sw":1},"geometry":{"type":"LineString","coordinates":[[22.926657,39.356928],[22.926632,39.356949]]}},{"type":"Feature","properties":{"line":"6","mode":"bus","color":"#7b3aa8","oi":0,"n":1},"geometry":{"type":"LineString","coordinates":[[22.924721,39.349626],[22.924586,39.349773],[22.924172,39.350382],[22.924003,39.350686],[22.923889,39.350988],[22.923835,39.351223],[22.923813,39.351663],[22.923833,39.351931],[22.923883,39.352133],[22.924092,39.352653],[22.924317,39.353012],[22.925658,39.354886],[22.926754,39.35664],[22.926765,39.356653],[22.926779,39.35666],[22.926796,39.35666],[22.926815,39.356655],[22.926853,39.356639],[22.926874,39.356626],[22.926881,39.356609],[22.926874,39.356589],[22.926008,39.355175],[22.924813,39.353516],[22.924257,39.352679],[22.924128,39.352422],[22.924072,39.352246],[22.92402,39.352061],[22.923953,39.351602],[22.923965,39.351323],[22.924009,39.351092],[22.924139,39.350721],[22.924374,39.350265],[22.924661,39.349807],[22.924721,39.349626],[22.92482,39.34945],[22.925498,39.348343],[22.925638,39.348019],[22.925689,39.347783],[22.925738,39.347291],[22.925871,39.3455],[22.925791,39.34475],[22.925649,39.344231],[22.92475,39.342361],[22.924375,39.341494],[22.92419,39.340657],[22.92419,39.340637],[22.924203,39.340622],[22.924227,39.340612],[22.9243,39.340596],[22.924315,39.340592],[22.924322,39.340587],[22.924323,39.340582],[22.924316,39.340577],[22.924303,39.340571],[22.924199,39.340533],[22.924166,39.340513],[22.924149,39.340482],[22.923494,39.337423],[22.923451,39.337074],[22.923455,39.336863],[22.923594,39.334664],[22.923641,39.334507],[22.923794,39.334242],[22.924405,39.333579],[22.924664,39.333175],[22.925702,39.33121],[22.925767,39.330943],[22.925753,39.330713],[22.925667,39.330517],[22.925374,39.330124],[22.923502,39.327937],[22.923219,39.327484],[22.922881,39.32671],[22.920455,39.320488],[22.920017,39.319569],[22.919441,39.318259],[22.919213,39.317556],[22.919079,39.316986],[22.919079,39.316971],[22.919084,39.316962],[22.919097,39.316958],[22.919116,39.316959],[22.924112,39.317863],[22.924444,39.317964],[22.924536,39.318013],[22.925579,39.318767]]}},{"type":"Feature","properties":{"line":"6","mode":"bus","color":"#7b3aa8","oi":0,"n":1},"geometry":{"type":"LineString","coordinates":[[22.938879,39.302818],[22.938733,39.302719],[22.938305,39.302496],[22.93828,39.302488],[22.938258,39.302491],[22.938239,39.302506],[22.937683,39.303124],[22.93748,39.303392],[22.937408,39.303597],[22.937399,39.303874],[22.937474,39.304063],[22.937762,39.304313],[22.937942,39.304404],[22.938577,39.304605],[22.938753,39.304702],[22.938885,39.304817],[22.939001,39.304995],[22.939084,39.305214],[22.939158,39.305752],[22.939154,39.305785],[22.93913,39.305814],[22.938792,39.306079],[22.938686,39.30621],[22.93857,39.306421],[22.938267,39.307216],[22.938109,39.307413],[22.937632,39.307754],[22.936969,39.30835],[22.93509,39.309474],[22.93484,39.309763],[22.934384,39.310401],[22.93435,39.310483],[22.934366,39.310567],[22.93438,39.310594],[22.93441,39.310612],[22.93448,39.310636],[22.935787,39.310631],[22.935938,39.310669],[22.936023,39.310756],[22.936158,39.311056],[22.936296,39.311691],[22.936416,39.311774],[22.936821,39.31189],[22.937057,39.311981],[22.937353,39.312176],[22.937429,39.312256],[22.93749,39.312395],[22.93747,39.312539],[22.936803,39.313646],[22.936534,39.314042],[22.936112,39.31447],[22.935815,39.314686],[22.935583,39.314803],[22.93493,39.315078],[22.934602,39.315119],[22.934008,39.315142],[22.933877,39.315169],[22.933351,39.31551],[22.933204,39.315558],[22.93304,39.315568],[22.932884,39.315527],[22.93275,39.315388],[22.932632,39.315069],[22.93259,39.315015],[22.932504,39.314952],[22.932292,39.314916],[22.931901,39.314993],[22.931003,39.31535],[22.930551,39.31547],[22.929405,39.315615],[22.928533,39.315607],[22.92849,39.315613],[22.928454,39.315632],[22.927841,39.316098],[22.927668,39.316269],[22.927473,39.316611],[22.92722,39.31727],[22.927144,39.317386],[22.927091,39.317428],[22.926298,39.317777],[22.926147,39.317889],[22.926017,39.318024],[22.925579,39.318767],[22.925233,39.319228],[22.925164,39.31943],[22.925152,39.319449],[22.925133,39.319459],[22.925106,39.319459],[22.924763,39.319417],[22.924743,39.319416],[22.924729,39.319421],[22.924721,39.319432],[22.924719,39.319447],[22.924752,39.320046],[22.924741,39.320508],[22.92482,39.321862],[22.924858,39.322034],[22.925404,39.322938],[22.925719,39.323618],[22.926082,39.32428],[22.926702,39.325314],[22.927296,39.326218],[22.927532,39.3267],[22.927709,39.327329],[22.927759,39.327398],[22.927982,39.327572],[22.928627,39.328219],[22.929296,39.32893],[22.929393,39.328986],[22.930111,39.329956],[22.93025,39.33005],[22.930364,39.330066],[22.9304,39.330058],[22.930412,39.330057],[22.930422,39.33006],[22.93043,39.330067],[22.931487,39.331502],[22.931994,39.33225],[22.932094,39.332313],[22.932434,39.332428],[22.932648,39.332568],[22.932748,39.33267],[22.932886,39.332886],[22.93325,39.333939],[22.933278,39.334137],[22.933249,39.334383],[22.932785,39.336289],[22.932648,39.336552],[22.932413,39.336777],[22.932103,39.336938],[22.929765,39.337908],[22.929211,39.33816],[22.928899,39.338387],[22.92851,39.338824],[22.928117,39.339052],[22.925187,39.340222],[22.924518,39.340537]]}},{"type":"Feature","properties":{"line":"6","mode":"bus","color":"#7b3aa8","oi":0,"n":1},"geometry":{"type":"LineString","coordinates":[[22.924265,39.341],[22.92435,39.340722],[22.9244,39.340639],[22.924487,39.340564],[22.924495,39.340556],[22.924499,39.34055],[22.924499,39.340547],[22.924495,39.340545],[22.924487,39.340546],[22.924474,39.340549],[22.924345,39.340586]]}}]}