{"type":"FeatureCollection","features":[{"type":"Feature","geometry":{"type":"LineString","coordinates":[[22.963377,39.350726],[22.963428,39.350725],[22.963463,39.350729],[22.963507,39.350737],[22.963545,39.350752],[22.963591,39.350774],[22.963615,39.350784],[22.963624,39.350789],[22.963653,39.350797],[22.963798,39.350816],[22.963815,39.350819],[22.963884,39.35083],[22.963929,39.350843],[22.963962,39.350856],[22.963999,39.350876],[22.96403,39.350901],[22.964034,39.350905],[22.964059,39.35093],[22.964086,39.350963],[22.964101,39.350989],[22.964118,39.351029],[22.964131,39.351072],[22.964132,39.351076],[22.964142,39.351108],[22.96415,39.351133],[22.964162,39.351166],[22.964177,39.351201],[22.964193,39.35123],[22.964162,39.351252],[22.964131,39.35128],[22.9641,39.351309],[22.964011,39.351391],[22.963954,39.351443],[22.96387,39.351535],[22.963736,39.351681],[22.963731,39.351687],[22.96359,39.351821],[22.963443,39.35196],[22.963296,39.3521],[22.963247,39.352146],[22.963148,39.352238],[22.963,39.352377],[22.962852,39.352516],[22.962744,39.352617],[22.962704,39.352654],[22.962556,39.352793],[22.962408,39.352932],[22.96226,39.35307],[22.962112,39.353209],[22.96211,39.353211],[22.962023,39.353292],[22.961983,39.35333],[22.961964,39.353348],[22.961816,39.353487],[22.961804,39.353498],[22.961668,39.353625],[22.961659,39.353633],[22.961571,39.353717],[22.961538,39.353748],[22.961519,39.353764],[22.961514,39.353768],[22.96147,39.3538],[22.961358,39.353876],[22.961344,39.353884],[22.961194,39.353973],[22.96116,39.353994],[22.960981,39.3541],[22.960975,39.354103],[22.960789,39.354211],[22.960603,39.354319],[22.960416,39.354426],[22.960398,39.354437],[22.960231,39.354535],[22.960046,39.354644],[22.959861,39.354753],[22.959819,39.354778],[22.959671,39.354857],[22.959538,39.354929],[22.95948,39.354959],[22.959301,39.355054],[22.959288,39.355061],[22.959093,39.355159],[22.959048,39.355182],[22.958899,39.355258],[22.958791,39.355313],[22.958704,39.355356],[22.958661,39.355378],[22.958589,39.355413],[22.958528,39.355445],[22.958509,39.355455],[22.958317,39.355555],[22.958124,39.355656],[22.958001,39.35572],[22.957929,39.355755],[22.957733,39.35585],[22.957536,39.355946],[22.957434,39.355995],[22.95734,39.356043],[22.957144,39.356141],[22.957081,39.356172],[22.956949,39.356238],[22.956791,39.356317],[22.956753,39.356336],[22.956557,39.356432],[22.95636,39.356528],[22.956163,39.356623],[22.956115,39.356647],[22.955968,39.356721],[22.955773,39.35682],[22.955579,39.356918],[22.955499,39.356958],[22.955385,39.357017],[22.955192,39.357117],[22.954999,39.357217],[22.954998,39.357218],[22.954803,39.357316],[22.954608,39.357414],[22.954586,39.357425],[22.954504,39.357466],[22.954463,39.357487],[22.95443,39.357503],[22.954413,39.357512],[22.954218,39.35761],[22.954023,39.357708],[22.953947,39.357746],[22.953828,39.357806],[22.953745,39.357848],[22.953634,39.357904],[22.953502,39.35797],[22.953462,39.35799],[22.953439,39.358002],[22.953244,39.3581],[22.953094,39.358176],[22.953049,39.358198],[22.952854,39.358296],[22.952838,39.358304],[22.952663,39.358392],[22.952468,39.35849],[22.952273,39.358588],[22.952215,39.358617],[22.952146,39.358532],[22.952023,39.358379],[22.9519,39.358227],[22.951777,39.358074],[22.951702,39.357981],[22.951609,39.358028],[22.951415,39.358127],[22.951221,39.358226],[22.951118,39.358278],[22.95107,39.358303],[22.951027,39.358325],[22.950832,39.358424],[22.950638,39.358522],[22.950565,39.35856],[22.950444,39.358621],[22.950341,39.358673],[22.950249,39.35872],[22.950109,39.358792],[22.950055,39.358819],[22.949927,39.358884],[22.949861,39.358918],[22.949667,39.359017],[22.94963,39.359035],[22.949472,39.359115],[22.94938,39.359162],[22.949278,39.359214],[22.949084,39.359313],[22.948901,39.359406],[22.948889,39.359412],[22.948704,39.359506],[22.948695,39.359511],[22.948501,39.35961],[22.948496,39.359612],[22.948306,39.359708],[22.948221,39.359752],[22.948112,39.359807],[22.947979,39.359875],[22.947918,39.359906],[22.947745,39.359994],[22.947724,39.360005],[22.947529,39.360104],[22.947487,39.360125],[22.947335,39.360203],[22.947221,39.360261],[22.947141,39.360301],[22.947008,39.360369],[22.946947,39.3604],[22.946753,39.3605],[22.946704,39.360525],[22.946558,39.360599],[22.946364,39.360697],[22.946314,39.360722],[22.946169,39.360796],[22.946062,39.36085],[22.945975,39.360894],[22.945781,39.360993],[22.945734,39.361017],[22.945704,39.361032],[22.945586,39.361091],[22.945437,39.361166],[22.94539,39.361188],[22.945205,39.361275],[22.945192,39.361282],[22.944993,39.361375],[22.944986,39.361378],[22.944954,39.361394],[22.944794,39.361469],[22.944714,39.361506],[22.944594,39.36156],[22.944462,39.361619],[22.944393,39.361649],[22.944191,39.361738],[22.944168,39.361749],[22.943989,39.361828],[22.943957,39.361843],[22.943787,39.361918],[22.943694,39.361959],[22.943585,39.362006],[22.943508,39.362039],[22.943382,39.362093],[22.94333,39.362115],[22.943179,39.36218],[22.943095,39.362216],[22.943004,39.362256],[22.942973,39.362258],[22.942917,39.362264],[22.94286,39.362268],[22.9428,39.362271],[22.942744,39.362275],[22.942736,39.362275],[22.942684,39.362278],[22.942615,39.362281],[22.94253,39.362284],[22.942514,39.362284],[22.942509,39.362284],[22.942478,39.362284],[22.942453,39.362286],[22.942427,39.362288],[22.942407,39.362291],[22.942382,39.362295],[22.942341,39.362303],[22.942309,39.362312],[22.942293,39.362317],[22.942288,39.362319],[22.942246,39.362334],[22.942212,39.362347],[22.942203,39.36235],[22.94219,39.362365],[22.942175,39.362379],[22.94213,39.362426],[22.942128,39.362428],[22.942096,39.362461],[22.942065,39.362496],[22.942044,39.362521],[22.942028,39.362544],[22.942017,39.362561],[22.942009,39.362576],[22.942007,39.36258],[22.941999,39.362593],[22.941987,39.36262],[22.941975,39.362646],[22.941955,39.362686],[22.941937,39.362713],[22.941914,39.362745],[22.941913,39.362746],[22.941895,39.362763],[22.941785,39.36286],[22.941762,39.362881],[22.941728,39.362912],[22.941615,39.36302],[22.941595,39.363039],[22.941468,39.36316],[22.941404,39.363222],[22.941322,39.363299],[22.941201,39.363413],[22.941175,39.363439],[22.941029,39.363579],[22.941008,39.3636],[22.940883,39.363719],[22.940795,39.363804],[22.940761,39.363837],[22.940738,39.36386],[22.940669,39.363927],[22.940643,39.363957],[22.940624,39.363979],[22.940603,39.364006],[22.940559,39.364062],[22.94049,39.364163],[22.94038,39.364321],[22.94037,39.364336],[22.940267,39.364478],[22.940252,39.364498],[22.940153,39.364635],[22.940072,39.364747],[22.940039,39.364792],[22.939926,39.364949],[22.939814,39.365107],[22.939704,39.36526],[22.939701,39.365264],[22.939591,39.365422],[22.939481,39.365581],[22.939396,39.365703],[22.93937,39.365739],[22.939256,39.365896],[22.939143,39.366053],[22.939029,39.36621],[22.939004,39.366244],[22.938975,39.366286],[22.938916,39.366367],[22.938803,39.366524],[22.93869,39.366681],[22.938589,39.366822],[22.938577,39.366838],[22.938463,39.366995],[22.938349,39.367152],[22.938235,39.367309],[22.938189,39.367374],[22.938122,39.367466],[22.938009,39.367623],[22.937969,39.367678],[22.937895,39.36778],[22.937839,39.367856],[22.937814,39.36789],[22.93778,39.367937],[22.937772,39.367949],[22.937722,39.368016],[22.937666,39.368093],[22.937553,39.36825],[22.937439,39.368407],[22.937325,39.368564],[22.937307,39.36859],[22.937214,39.368722],[22.937103,39.36888],[22.936992,39.369038],[22.936942,39.36911],[22.936933,39.369124],[22.936942,39.36911],[22.937043,39.368965],[22.937154,39.368807],[22.937265,39.368649],[22.937237,39.368689],[22.937127,39.368847],[22.937016,39.369005],[22.936942,39.36911],[22.936907,39.36916],[22.936905,39.369163],[22.936793,39.369321],[22.936682,39.369479],[22.93657,39.369636],[22.936512,39.369719],[22.936459,39.369794],[22.936348,39.369952],[22.936342,39.369961],[22.936323,39.369988],[22.936308,39.370009],[22.936272,39.370059],[22.936239,39.370105],[22.936236,39.370109],[22.93613,39.370259],[22.936124,39.370267],[22.936117,39.370277],[22.936049,39.370301],[22.935971,39.370408],[22.935933,39.37046],[22.935856,39.370564],[22.935741,39.37072],[22.935683,39.3708],[22.935626,39.370877],[22.935511,39.371033],[22.935396,39.371189],[22.935281,39.371346],[22.935166,39.371502],[22.935106,39.371584],[22.935051,39.371658],[22.934972,39.371766],[22.934936,39.371815],[22.934861,39.371918],[22.934821,39.371971],[22.934752,39.372066],[22.934706,39.372127],[22.934639,39.372219],[22.934591,39.372284],[22.93453,39.372367],[22.934476,39.37244],[22.934423,39.372513],[22.934361,39.372596],[22.934314,39.372661],[22.934246,39.372753],[22.934202,39.372814],[22.934132,39.372909],[22.934079,39.37298],[22.934123,39.372998],[22.934145,39.373011],[22.934159,39.373021],[22.93418,39.373038],[22.93419,39.373046],[22.934219,39.373074],[22.934235,39.373091],[22.934256,39.37312],[22.934272,39.373148],[22.934281,39.373174],[22.934286,39.373192],[22.934286,39.373195],[22.934286,39.373214],[22.934284,39.373233],[22.934276,39.373281],[22.934219,39.373363],[22.934107,39.373521],[22.934092,39.373543],[22.933998,39.373676],[22.933996,39.373679],[22.93389,39.373828],[22.93388,39.373834],[22.933854,39.373847],[22.933825,39.373859],[22.933802,39.373868],[22.933768,39.373876],[22.933732,39.373881],[22.933703,39.373884],[22.933678,39.373886],[22.933662,39.373885],[22.933654,39.373885],[22.933634,39.373883],[22.933621,39.37388],[22.933602,39.373874],[22.93351,39.373833],[22.933481,39.373821],[22.933466,39.373842],[22.933359,39.37399],[22.933352,39.373999],[22.93324,39.374157],[22.933222,39.374181],[22.933126,39.374313],[22.933123,39.374317],[22.933102,39.374346],[22.933262,39.374416],[22.933413,39.374482],[22.933464,39.374505],[22.933666,39.374595],[22.933815,39.37466],[22.933869,39.374683],[22.933958,39.37472],[22.934075,39.374766],[22.934097,39.374774],[22.934225,39.374823],[22.934285,39.374844],[22.934496,39.374919],[22.93466,39.374978],[22.934707,39.374995],[22.93475,39.37501],[22.934918,39.375071],[22.934953,39.375084],[22.934987,39.375095],[22.93513,39.375144],[22.935246,39.375183],[22.935277,39.375193],[22.935314,39.375206],[22.935309,39.375231],[22.935272,39.375408],[22.93527,39.375422],[22.935246,39.375539],[22.935236,39.375586],[22.935199,39.375763],[22.935176,39.375878],[22.935163,39.375941],[22.935159,39.375962],[22.935089,39.376095],[22.93508,39.376109],[22.934975,39.376269],[22.934957,39.376296],[22.934789,39.376222],[22.934587,39.376133],[22.934385,39.376043],[22.934334,39.376021],[22.934183,39.375954],[22.933981,39.375865],[22.93379,39.375781],[22.933779,39.375776],[22.933577,39.375687],[22.933375,39.375598],[22.933173,39.375509],[22.932971,39.37542],[22.932769,39.375331],[22.932567,39.375242],[22.932521,39.375221],[22.932463,39.375196],[22.932365,39.375153],[22.932163,39.375063],[22.931961,39.374974],[22.931799,39.374903],[22.931759,39.374885],[22.931557,39.374796],[22.931505,39.374773],[22.931355,39.374707],[22.931165,39.374623],[22.931153,39.374618],[22.93095,39.374529],[22.93077,39.374449],[22.930759,39.374466],[22.930743,39.374488],[22.93071,39.374473],[22.93057,39.374411],[22.930368,39.374321],[22.930166,39.374231],[22.930011,39.374162],[22.929974,39.374146],[22.929965,39.374142],[22.929762,39.374054],[22.929559,39.373965],[22.929357,39.373877],[22.929189,39.373804],[22.929154,39.373789],[22.92895,39.373703],[22.928746,39.373616],[22.928542,39.37353],[22.928444,39.373488],[22.928336,39.373446],[22.928131,39.373367],[22.928128,39.373366],[22.928032,39.373329],[22.927919,39.373287],[22.927708,39.373211],[22.927632,39.373183],[22.9275,39.373134],[22.927498,39.373133],[22.927314,39.373069],[22.927286,39.37306],[22.927271,39.373056],[22.927069,39.372996],[22.926852,39.372931],[22.926729,39.372894],[22.926634,39.372868],[22.926415,39.372808],[22.926407,39.372806],[22.926195,39.372749],[22.92604,39.372708],[22.925975,39.372691],[22.925755,39.372632],[22.925535,39.372573],[22.925466,39.372555],[22.925314,39.372517],[22.925093,39.372461],[22.925053,39.372451],[22.924889,39.372415],[22.92487,39.37241],[22.924647,39.37236],[22.924508,39.372329],[22.924423,39.372311],[22.924232,39.37227],[22.924199,39.372263],[22.924137,39.37225],[22.923974,39.372217],[22.923941,39.372211],[22.92377,39.372177],[22.923749,39.372173],[22.923538,39.372132],[22.923523,39.372129],[22.923297,39.37209],[22.923233,39.372079],[22.92307,39.372048],[22.923057,39.372046],[22.922844,39.372006]]},"properties":{"line":"1","dir":"0","headsign":"Πέτρου και Παύλου","mode":"bus","color":"#0059a9"}},{"type":"Feature","geometry":{"type":"LineString","coordinates":[[22.9228,39.371998],[22.922569,39.371975],[22.922563,39.371974],[22.922593,39.372147],[22.922625,39.372326],[22.922638,39.372398],[22.922659,39.372503],[22.922692,39.372669],[22.922693,39.372681],[22.922696,39.3727],[22.922698,39.372744],[22.922697,39.372781],[22.92269,39.372821],[22.922683,39.372846],[22.922678,39.372859],[22.922611,39.373032],[22.922573,39.373129],[22.922544,39.373204],[22.922477,39.373376],[22.922447,39.373452],[22.922409,39.373548],[22.922342,39.373721],[22.922318,39.373783],[22.922276,39.373893],[22.92221,39.374065],[22.922157,39.374205],[22.922145,39.374238],[22.922079,39.374411],[22.922058,39.374468],[22.922014,39.374583],[22.921948,39.374756],[22.921907,39.374866],[22.921891,39.374908],[22.921883,39.374928],[22.921818,39.375101],[22.921752,39.375274],[22.921687,39.375446],[22.921622,39.375619],[22.921557,39.375792],[22.921555,39.375796],[22.92149,39.375964],[22.921422,39.376136],[22.921414,39.376158],[22.92136,39.376309],[22.921317,39.37643],[22.9213,39.376483],[22.921297,39.376494],[22.921247,39.376658],[22.92123,39.376715],[22.921202,39.376818],[22.921198,39.376834],[22.92115,39.37701],[22.921102,39.377186],[22.921053,39.377362],[22.921016,39.377499],[22.921062,39.377517],[22.921269,39.377598],[22.921308,39.377613],[22.921331,39.377625],[22.921343,39.377639],[22.921328,39.377647],[22.921316,39.377657],[22.921277,39.377732],[22.921234,39.377813],[22.921342,39.377851],[22.921554,39.377926],[22.921752,39.377996],[22.921766,39.378],[22.921864,39.378034],[22.921978,39.378073],[22.92219,39.378147],[22.922215,39.378156],[22.922403,39.378219],[22.922616,39.378291],[22.922712,39.378324],[22.92283,39.378363],[22.923043,39.378435],[22.923256,39.378506],[22.923285,39.378516],[22.923468,39.37858],[22.92368,39.378655],[22.923892,39.378729],[22.924036,39.37878],[22.924085,39.378794],[22.924106,39.378799],[22.924329,39.378851],[22.924488,39.378889],[22.924551,39.378904],[22.924774,39.378956],[22.924996,39.379008],[22.925006,39.37901],[22.925066,39.378844],[22.925129,39.378671],[22.925192,39.378498],[22.925255,39.378325],[22.925318,39.378152],[22.92538,39.377979],[22.925406,39.377908],[22.925442,39.377805],[22.925502,39.377631],[22.925562,39.377458],[22.925587,39.377386],[22.925623,39.377284],[22.925686,39.377111],[22.925748,39.376937],[22.92581,39.376764],[22.925845,39.376667],[22.925872,39.376591],[22.925935,39.376418],[22.925998,39.376245],[22.926061,39.376071],[22.926124,39.375898],[22.926139,39.375857],[22.926156,39.37583],[22.926185,39.375775],[22.926215,39.375733],[22.926226,39.375717],[22.926361,39.375594],[22.92646,39.375505],[22.926498,39.37546],[22.926504,39.375453],[22.926626,39.3753],[22.926749,39.375147],[22.926753,39.375141],[22.926865,39.374991],[22.926982,39.374835],[22.927099,39.37468],[22.927215,39.374524],[22.927243,39.374487],[22.927332,39.374368],[22.927448,39.374213],[22.927464,39.374191],[22.927558,39.374054],[22.927667,39.373895],[22.927738,39.373793],[22.927758,39.373757],[22.927768,39.373734],[22.927782,39.373699],[22.927868,39.373572],[22.927975,39.373412],[22.927986,39.373397],[22.928032,39.373329],[22.928085,39.373253],[22.928196,39.373096],[22.928308,39.372938],[22.928356,39.372869],[22.928421,39.372781],[22.928537,39.372625],[22.928653,39.372469],[22.928691,39.372417],[22.928826,39.372476],[22.929029,39.372565],[22.929078,39.372587],[22.929231,39.372654],[22.929433,39.372742],[22.929444,39.372747],[22.929635,39.372832],[22.929829,39.372917],[22.929837,39.372921],[22.93004,39.373008],[22.930212,39.373082],[22.930243,39.373096],[22.930446,39.373184],[22.930544,39.373227],[22.930608,39.373255],[22.930638,39.373269],[22.930648,39.373273],[22.93085,39.373362],[22.930992,39.373425],[22.931052,39.373451],[22.931255,39.37354],[22.931345,39.373579],[22.931378,39.373594],[22.931458,39.373628],[22.93166,39.373717],[22.93178,39.373769],[22.931863,39.373805],[22.932065,39.373893],[22.932134,39.373923],[22.932268,39.373981],[22.932389,39.374034],[22.932427,39.37405],[22.932471,39.37407],[22.932672,39.374159],[22.932797,39.374215],[22.932875,39.374248],[22.932988,39.374297],[22.933078,39.374336],[22.933102,39.374346],[22.933123,39.374317],[22.933203,39.374208],[22.933222,39.374181],[22.933315,39.374051],[22.933359,39.37399],[22.933429,39.373894],[22.933481,39.373821],[22.933372,39.373773],[22.93318,39.373688],[22.93317,39.373684],[22.932968,39.373595],[22.932911,39.37357],[22.932992,39.373457],[22.933106,39.3733],[22.93322,39.373144],[22.933334,39.372987],[22.933448,39.37283],[22.933514,39.372738],[22.933598,39.372774],[22.933692,39.372815],[22.933802,39.372862],[22.934005,39.372949],[22.934043,39.372965],[22.934079,39.37298],[22.934153,39.37288],[22.934202,39.372814],[22.934268,39.372724],[22.934314,39.372661],[22.934383,39.372568],[22.934423,39.372513],[22.934498,39.372411],[22.93453,39.372367],[22.934613,39.372255],[22.934639,39.372219],[22.934728,39.372099],[22.934752,39.372066],[22.934843,39.371942],[22.934861,39.371918],[22.934957,39.371786],[22.934972,39.371766],[22.935072,39.37163],[22.935106,39.371584],[22.935187,39.371473],[22.935302,39.371317],[22.935417,39.371161],[22.935532,39.371004],[22.935647,39.370848],[22.935683,39.3708],[22.935762,39.370692],[22.935877,39.370535],[22.935933,39.37046],[22.935992,39.370379],[22.936049,39.370301],[22.936054,39.37024],[22.936072,39.370214],[22.936163,39.370086],[22.936173,39.370072],[22.936184,39.370057],[22.936206,39.370025],[22.936254,39.369956],[22.936294,39.369898],[22.936404,39.36974],[22.93645,39.369672],[22.936514,39.369581],[22.936623,39.369422],[22.936653,39.369379],[22.936733,39.369264],[22.936828,39.369127],[22.936843,39.369105],[22.936863,39.369077],[22.936954,39.368947],[22.937066,39.36879],[22.937177,39.368632],[22.937226,39.368563],[22.937289,39.368474],[22.9374,39.368316],[22.937511,39.368158],[22.937598,39.368035],[22.937623,39.368],[22.937637,39.36798],[22.937685,39.367912],[22.937729,39.367852],[22.937736,39.367843],[22.93785,39.367686],[22.937965,39.36753],[22.938079,39.367373],[22.938105,39.367338],[22.938194,39.367217],[22.938308,39.36706],[22.938423,39.366904],[22.938508,39.366787],[22.938538,39.366747],[22.938652,39.366591],[22.938767,39.366434],[22.938881,39.366278],[22.9389,39.366253],[22.938994,39.36612],[22.939107,39.365963],[22.93922,39.365806],[22.939319,39.365667],[22.939332,39.365648],[22.939444,39.365491],[22.939498,39.365415],[22.939556,39.365333],[22.939667,39.365175],[22.939696,39.365135],[22.939779,39.365017],[22.939891,39.364859],[22.939969,39.364749],[22.939996,39.364712],[22.940003,39.364702],[22.940082,39.36459],[22.940116,39.364545],[22.940231,39.364388],[22.940282,39.36432],[22.940343,39.364231],[22.940453,39.364072],[22.940454,39.364071],[22.94048,39.364033],[22.940536,39.363961],[22.940553,39.36394],[22.940573,39.363918],[22.940583,39.363907],[22.940675,39.363819],[22.940718,39.363778],[22.940864,39.363638],[22.941011,39.363498],[22.941157,39.363358],[22.941303,39.363218],[22.941449,39.363078],[22.941472,39.363057],[22.941596,39.362939],[22.941683,39.362855],[22.941709,39.362841],[22.941727,39.362829],[22.941749,39.362815],[22.941756,39.362809],[22.94177,39.362797],[22.941795,39.362777],[22.941816,39.362756],[22.941844,39.362728],[22.941863,39.362707],[22.941871,39.362695],[22.941877,39.362687],[22.94188,39.362683],[22.941888,39.362671],[22.941892,39.362662],[22.941896,39.362655],[22.941903,39.362639],[22.941908,39.362625],[22.941913,39.362604],[22.941915,39.362589],[22.941916,39.362572],[22.941917,39.362558],[22.941917,39.362545],[22.941918,39.362528],[22.941916,39.362514],[22.941914,39.362501],[22.941911,39.362483],[22.941911,39.362482],[22.941902,39.362444],[22.941879,39.362384],[22.941866,39.362373],[22.941854,39.362362],[22.941844,39.36235],[22.941835,39.362338],[22.941828,39.362325],[22.941824,39.362316],[22.941822,39.362311],[22.941817,39.362297],[22.941814,39.362283],[22.941813,39.362269],[22.941814,39.362255],[22.941816,39.36224],[22.94182,39.362224],[22.941827,39.362208],[22.941835,39.362192],[22.941846,39.362178],[22.941859,39.362164],[22.941873,39.362151],[22.941876,39.362149],[22.941894,39.362137],[22.941917,39.362125],[22.941941,39.362116],[22.941967,39.362109],[22.941994,39.362104],[22.942044,39.362062],[22.942062,39.362046],[22.942064,39.362044],[22.942083,39.362027],[22.94211,39.361999],[22.942131,39.361973],[22.942143,39.361959],[22.942166,39.361928],[22.942185,39.361902],[22.942192,39.361892],[22.942208,39.361871],[22.942227,39.361848],[22.942241,39.361833],[22.942257,39.361817],[22.942275,39.361801],[22.942291,39.361787],[22.942319,39.361765],[22.942333,39.361754],[22.94235,39.361741],[22.942389,39.361713],[22.942433,39.361682],[22.942503,39.361631],[22.942506,39.361629],[22.942718,39.361571],[22.94284,39.361539],[22.942938,39.361513],[22.943159,39.361456],[22.943159,39.361456],[22.943216,39.361439],[22.943317,39.361405],[22.94337,39.361383],[22.943554,39.361307],[22.943575,39.361298],[22.943755,39.361215],[22.943775,39.361206],[22.943975,39.361115],[22.944049,39.361081],[22.944175,39.361023],[22.944225,39.361],[22.9443,39.360966],[22.944375,39.360931],[22.944534,39.360858],[22.944575,39.360839],[22.944775,39.360748],[22.944789,39.360741],[22.944975,39.360656],[22.94499,39.360649],[22.945175,39.360564],[22.945287,39.360512],[22.945316,39.360499],[22.945375,39.360472],[22.945574,39.360379],[22.945622,39.360357],[22.945774,39.360287],[22.945883,39.360236],[22.945974,39.360195],[22.946174,39.360104],[22.946269,39.360061],[22.946373,39.36001],[22.946569,39.359914],[22.946588,39.359905],[22.946767,39.359819],[22.946825,39.359791],[22.946964,39.359724],[22.947095,39.359661],[22.947162,39.359629],[22.947359,39.359534],[22.947374,39.359527],[22.947557,39.359439],[22.947596,39.359421],[22.947755,39.359344],[22.947796,39.359325],[22.947953,39.35925],[22.948126,39.359168],[22.948151,39.359156],[22.948295,39.359088],[22.948349,39.359062],[22.948524,39.358979],[22.948548,39.358968],[22.948746,39.358874],[22.948944,39.35878],[22.949009,39.35875],[22.949143,39.358687],[22.949342,39.358593],[22.94954,39.3585],[22.949621,39.358462],[22.949738,39.358405],[22.949935,39.35831],[22.950132,39.358214],[22.950196,39.358183],[22.950249,39.358158],[22.950329,39.358119],[22.950527,39.358023],[22.950724,39.357927],[22.950813,39.357884],[22.950919,39.35783],[22.951114,39.357732],[22.95118,39.357699],[22.951208,39.35769],[22.951236,39.357683],[22.951264,39.357679],[22.951294,39.357676],[22.951321,39.357675],[22.95133,39.357675],[22.951346,39.357675],[22.95137,39.357676],[22.951391,39.357678],[22.951416,39.357682],[22.951438,39.357687],[22.95146,39.357697],[22.951478,39.357708],[22.951491,39.357719],[22.951503,39.357732],[22.951519,39.357753],[22.951642,39.357905],[22.951679,39.357952],[22.951702,39.357981],[22.951765,39.358058],[22.951888,39.358211],[22.952011,39.358364],[22.952133,39.358516],[22.952215,39.358617],[22.952404,39.358522],[22.9526,39.358424],[22.952792,39.358327],[22.952838,39.358304],[22.952986,39.35823],[22.953094,39.358176],[22.953181,39.358132],[22.953376,39.358034],[22.953462,39.35799],[22.953502,39.35797],[22.95357,39.357936],[22.953745,39.357848],[22.953765,39.357838],[22.953947,39.357746],[22.95396,39.357739],[22.954155,39.357641],[22.95435,39.357543],[22.95443,39.357503],[22.954463,39.357487],[22.954504,39.357466],[22.954545,39.357445],[22.954586,39.357425],[22.95474,39.357347],[22.954935,39.357249],[22.954999,39.357217],[22.955129,39.35715],[22.955322,39.35705],[22.955499,39.356958],[22.955516,39.35695],[22.95571,39.356851],[22.955905,39.356753],[22.9561,39.356655],[22.956115,39.356647],[22.956296,39.356559],[22.956493,39.356463],[22.95669,39.356367],[22.956791,39.356317],[22.956886,39.35627],[22.957081,39.356172],[22.957276,39.356074],[22.957434,39.355995],[22.957472,39.355977],[22.957669,39.355881],[22.957866,39.355786],[22.958001,39.35572],[22.958061,39.355688],[22.958254,39.355588],[22.958447,39.355487],[22.958528,39.355445],[22.958589,39.355413],[22.958641,39.355388],[22.958661,39.355378],[22.958791,39.355313],[22.958836,39.35529],[22.95903,39.355191],[22.959048,39.355182],[22.959225,39.355092],[22.959301,39.355054],[22.959418,39.354992],[22.959538,39.354929],[22.95961,39.35489],[22.959801,39.354788],[22.959819,39.354778],[22.959986,39.354679],[22.960171,39.35457],[22.960356,39.354461],[22.960398,39.354437],[22.960542,39.354353],[22.960729,39.354246],[22.960915,39.354138],[22.960981,39.3541],[22.9611,39.354029],[22.961194,39.353973],[22.961284,39.35392],[22.961358,39.353876],[22.961463,39.353805],[22.96147,39.3538],[22.961514,39.353768],[22.961538,39.353748],[22.961571,39.353717],[22.96162,39.35367],[22.961659,39.353633],[22.961768,39.353531],[22.961804,39.353498],[22.961916,39.353393],[22.961983,39.35333],[22.962023,39.353292],[22.962064,39.353254],[22.96211,39.353211],[22.962212,39.353115],[22.96236,39.352977],[22.962508,39.352838],[22.962656,39.352699],[22.962744,39.352617],[22.962804,39.352561],[22.962952,39.352422],[22.963101,39.352283],[22.963247,39.352146],[22.963249,39.352145],[22.963395,39.352005],[22.963542,39.351866],[22.963689,39.351727],[22.963731,39.351687],[22.963645,39.351569],[22.963532,39.351411],[22.963468,39.351322],[22.963419,39.351254],[22.963307,39.351097],[22.963263,39.351033],[22.963246,39.35101],[22.96323,39.350983],[22.963216,39.350958],[22.963204,39.350936],[22.963204,39.350936],[22.963197,39.350921],[22.963192,39.350909],[22.963185,39.350886],[22.96318,39.350862],[22.963177,39.350846],[22.963176,39.35083],[22.963179,39.350813],[22.963181,39.350796],[22.963185,39.350787],[22.96319,39.350779],[22.963195,39.350774],[22.963204,39.350763],[22.963232,39.350741],[22.963373,39.350726]]},"properties":{"line":"1","dir":"1","headsign":"Άναυρος","mode":"bus","color":"#0059a9"}},{"type":"Feature","geometry":{"type":"LineString","coordinates":[[22.932609,39.36152],[22.932656,39.361527],[22.932702,39.36153],[22.932754,39.361532],[22.93278,39.36153],[22.9328,39.361528],[22.932828,39.36152],[22.932837,39.361516],[22.932845,39.361512],[22.932861,39.361499],[22.932874,39.361486],[22.932891,39.361462],[22.93294,39.36137],[22.932953,39.361375],[22.933162,39.361454],[22.933206,39.36147],[22.933241,39.361484],[22.933315,39.361522],[22.933359,39.361548],[22.933417,39.361582],[22.933469,39.361613],[22.93354,39.361661],[22.933577,39.361686],[22.933617,39.361679],[22.933658,39.361679],[22.933697,39.361687],[22.933733,39.361701],[22.933749,39.361712],[22.933764,39.361721],[22.933775,39.361732],[22.93379,39.361749],[22.933822,39.361752],[22.933854,39.361758],[22.933879,39.361763],[22.933912,39.361772],[22.933949,39.361784],[22.933963,39.36179],[22.934018,39.361811],[22.934077,39.36184],[22.934113,39.361857],[22.934146,39.361871],[22.934192,39.36189],[22.934365,39.361945],[22.934561,39.362007],[22.93458,39.362014],[22.934792,39.362081],[22.935007,39.36215],[22.935072,39.36217],[22.935222,39.362218],[22.935361,39.362262],[22.935437,39.362286],[22.935652,39.362354],[22.93569,39.362366],[22.93575,39.362386],[22.935867,39.362423],[22.936082,39.362491],[22.936105,39.362498],[22.936142,39.362506],[22.936223,39.362518],[22.936289,39.362526],[22.936309,39.362528],[22.936357,39.362532],[22.936398,39.362535],[22.936447,39.362537],[22.936501,39.36254],[22.936541,39.362539],[22.936547,39.362539],[22.936618,39.362537],[22.936643,39.362535],[22.936683,39.362531],[22.936719,39.362526],[22.936768,39.362517],[22.936771,39.362516],[22.936997,39.362472],[22.937029,39.362465],[22.937222,39.362427],[22.937318,39.362409],[22.937448,39.362385],[22.937458,39.362383],[22.937549,39.362368],[22.937563,39.362356],[22.937586,39.362341],[22.93761,39.36233],[22.937633,39.362321],[22.937656,39.362313],[22.937657,39.362313],[22.937687,39.362306],[22.937756,39.362289],[22.93788,39.362265],[22.93793,39.362256],[22.937966,39.362249],[22.938088,39.362215],[22.938093,39.362198],[22.938095,39.362193],[22.938106,39.362171],[22.93812,39.362154],[22.938141,39.362134],[22.938162,39.36212],[22.938188,39.362106],[22.938203,39.362101],[22.938214,39.362097],[22.938244,39.36209],[22.938256,39.362088],[22.938272,39.362087],[22.938304,39.362087],[22.938333,39.362092],[22.938365,39.3621],[22.938395,39.362113],[22.938419,39.362127],[22.938442,39.362146],[22.938452,39.362158],[22.938457,39.362164],[22.93855,39.362173],[22.938648,39.362179],[22.938685,39.362178],[22.938918,39.362177],[22.93915,39.362177],[22.939383,39.362176],[22.939616,39.362175],[22.939848,39.362174],[22.940081,39.362173],[22.940256,39.362172],[22.940313,39.362172],[22.940546,39.362171],[22.940778,39.36217],[22.941011,39.362169],[22.941244,39.362168],[22.941279,39.362168],[22.941326,39.362174],[22.941383,39.36218],[22.941438,39.362184],[22.941475,39.362186],[22.941491,39.362187],[22.941544,39.36219],[22.941591,39.362191],[22.941665,39.362191],[22.941687,39.36219],[22.941708,39.362188],[22.941722,39.362187],[22.941752,39.362184],[22.941776,39.362179],[22.941807,39.362172],[22.941829,39.362166],[22.941846,39.362161],[22.941873,39.362151],[22.941894,39.362137],[22.941917,39.362125],[22.941927,39.362121],[22.941941,39.362116],[22.941967,39.362109],[22.941994,39.362104],[22.942044,39.362062],[22.942062,39.362046],[22.942083,39.362027],[22.942103,39.362005],[22.94211,39.361999],[22.942131,39.361973],[22.942143,39.361959],[22.942166,39.361928],[22.942185,39.361902],[22.942208,39.361871],[22.942225,39.361851],[22.942227,39.361848],[22.942241,39.361833],[22.942257,39.361817],[22.942275,39.361801],[22.942291,39.361787],[22.942319,39.361765],[22.94235,39.361741],[22.942379,39.36172],[22.942389,39.361713],[22.942433,39.361682],[22.942506,39.361629],[22.942559,39.361615],[22.942778,39.361555],[22.94284,39.361539],[22.942998,39.361497],[22.943159,39.361456],[22.943216,39.361439],[22.943218,39.361438],[22.943317,39.361405],[22.943426,39.36136],[22.943554,39.361307],[22.943629,39.361273],[22.943755,39.361215],[22.943829,39.361181],[22.94403,39.361089],[22.944049,39.361081],[22.944225,39.361],[22.94423,39.360998],[22.9443,39.360966],[22.94443,39.360906],[22.944534,39.360858],[22.94463,39.360814],[22.944789,39.360741],[22.94483,39.360722],[22.94499,39.360649],[22.94503,39.36063],[22.94523,39.360538],[22.945287,39.360512],[22.945316,39.360499],[22.945429,39.360446],[22.945622,39.360357],[22.945629,39.360354],[22.945828,39.360262],[22.945883,39.360236],[22.946029,39.36017],[22.946229,39.360079],[22.946269,39.360061],[22.946358,39.360156],[22.946494,39.360302],[22.946631,39.360447],[22.946648,39.360466],[22.946704,39.360525],[22.946767,39.360593],[22.946904,39.360738],[22.94704,39.360884],[22.947177,39.36103],[22.947262,39.36112],[22.947313,39.361175],[22.94745,39.361321],[22.947505,39.36138],[22.947586,39.361467],[22.947657,39.361543],[22.947722,39.361612],[22.947859,39.361758],[22.947994,39.361902],[22.947995,39.361904],[22.948132,39.362049],[22.948268,39.362195],[22.94836,39.362293],[22.948405,39.362341],[22.948541,39.362486],[22.94866,39.362613],[22.948678,39.362632],[22.948814,39.362778],[22.948951,39.362923],[22.949087,39.363069],[22.949224,39.363215],[22.949256,39.36325],[22.94936,39.36336],[22.949496,39.363506],[22.949633,39.363651],[22.949769,39.363797],[22.949847,39.36388],[22.949906,39.363943],[22.950042,39.364088],[22.950179,39.364234],[22.950315,39.36438],[22.950355,39.364423],[22.950384,39.364453],[22.950452,39.364525],[22.950588,39.364671],[22.950725,39.364817],[22.950861,39.364962],[22.9509,39.365004],[22.950998,39.365108],[22.951123,39.365242],[22.951134,39.365254],[22.95127,39.365399],[22.951328,39.365461],[22.951407,39.365545],[22.951543,39.36569],[22.95168,39.365836],[22.951766,39.365928],[22.951816,39.365982],[22.95183,39.365996],[22.951659,39.36609],[22.95147,39.366194],[22.951426,39.366219],[22.951281,39.366299],[22.951092,39.366404],[22.950903,39.366508],[22.950841,39.366542],[22.950724,39.366608],[22.950714,39.366613],[22.950559,39.3667],[22.950525,39.366719],[22.950382,39.366799],[22.950337,39.366824],[22.950151,39.366932],[22.950006,39.367016],[22.949964,39.367039],[22.949776,39.367145],[22.949588,39.367251],[22.949524,39.367286],[22.949399,39.367356],[22.949211,39.367461],[22.949022,39.367567],[22.949018,39.367569],[22.948834,39.367673],[22.948647,39.367779],[22.948576,39.367819],[22.948458,39.367884],[22.948269,39.367989],[22.948079,39.368093],[22.947943,39.368168],[22.94789,39.368198],[22.9477,39.368302],[22.947625,39.368343],[22.94751,39.368406],[22.947321,39.36851],[22.947294,39.368524],[22.947131,39.368614],[22.946942,39.368718],[22.946811,39.368791],[22.946752,39.368823],[22.946563,39.368928],[22.946374,39.369032],[22.946282,39.369084],[22.946185,39.369137],[22.945995,39.36924],[22.945805,39.369344],[22.94568,39.369413],[22.945615,39.369448],[22.945425,39.369552],[22.945235,39.369656],[22.945129,39.369714],[22.945046,39.36976],[22.944856,39.369863],[22.944671,39.369965],[22.944666,39.369967],[22.944477,39.370072],[22.944287,39.370177],[22.944098,39.370281],[22.943976,39.370349],[22.943909,39.370386],[22.943844,39.370423],[22.943814,39.370439],[22.943796,39.370447],[22.943777,39.370453],[22.943759,39.370457],[22.943742,39.370457],[22.943709,39.370445],[22.943502,39.370364],[22.943294,39.370283],[22.943087,39.370202],[22.942989,39.370164],[22.942879,39.370121],[22.942671,39.37004],[22.942464,39.369959],[22.942256,39.369878],[22.942202,39.369857],[22.942048,39.369797],[22.941841,39.369716],[22.941808,39.369703],[22.941633,39.369635],[22.941432,39.369556],[22.941425,39.369554],[22.941403,39.369545],[22.941218,39.369473],[22.94101,39.369392],[22.940936,39.369363],[22.940802,39.369311],[22.940595,39.369229],[22.940548,39.369211],[22.940387,39.369149],[22.940179,39.369068],[22.940021,39.369006],[22.940006,39.369063],[22.939993,39.369111],[22.939988,39.369131],[22.939966,39.36924],[22.939931,39.369418],[22.939896,39.369596],[22.939885,39.369652],[22.93986,39.369773],[22.939824,39.369951],[22.939818,39.369982],[22.939788,39.370129],[22.939752,39.370307],[22.939747,39.37033],[22.939722,39.370455],[22.939716,39.370484],[22.939709,39.370521],[22.939681,39.370662],[22.939645,39.37084],[22.93961,39.371017],[22.939601,39.371065],[22.939575,39.371195],[22.93954,39.371373],[22.93952,39.371474],[22.939505,39.371551],[22.939496,39.371599],[22.939491,39.371621],[22.939488,39.371639],[22.93947,39.371729],[22.939444,39.371868],[22.93944,39.371894],[22.939437,39.371907],[22.939401,39.372084],[22.939365,39.372262],[22.939328,39.37244],[22.939323,39.372465],[22.939318,39.372493],[22.939294,39.372618],[22.939281,39.372683],[22.939275,39.372717],[22.93926,39.372795],[22.939241,39.372894],[22.939225,39.372973],[22.939206,39.373073],[22.939191,39.373151],[22.939162,39.373301],[22.939157,39.373329],[22.939123,39.373507],[22.939088,39.373685],[22.939054,39.373863],[22.939042,39.373925],[22.93902,39.374041],[22.938986,39.374219],[22.938952,39.374397],[22.938918,39.374575],[22.938883,39.374752],[22.938849,39.37493],[22.938849,39.374934],[22.938832,39.375018],[22.938815,39.375108],[22.938781,39.375284],[22.938781,39.375286],[22.938757,39.375408],[22.938747,39.375464],[22.938712,39.375642],[22.938678,39.37582],[22.938644,39.375998],[22.938633,39.376053],[22.938657,39.376064],[22.938697,39.376085],[22.938764,39.376125],[22.938812,39.376152],[22.938945,39.376238],[22.939124,39.376353],[22.939303,39.376467],[22.939402,39.376531],[22.93948,39.376584],[22.939655,39.376702],[22.939831,39.37682],[22.939914,39.376876],[22.940006,39.376938],[22.940181,39.377056],[22.940205,39.377072],[22.940358,39.377173],[22.940513,39.377275],[22.940535,39.37729],[22.940713,39.377406],[22.940891,39.377522],[22.941068,39.377638],[22.941246,39.377754],[22.941366,39.377832],[22.941329,39.377883],[22.941218,39.378041],[22.941107,39.378199],[22.94103,39.378309],[22.940997,39.378358],[22.940888,39.378517],[22.940858,39.378559],[22.94078,39.378676],[22.940719,39.378766],[22.940673,39.378836],[22.940597,39.37895],[22.940568,39.378996],[22.940553,39.379019],[22.940477,39.379161],[22.940421,39.379264],[22.940383,39.379326],[22.940378,39.379333],[22.940301,39.379494],[22.940299,39.379499],[22.940257,39.37959],[22.940224,39.379664],[22.940148,39.379834],[22.940133,39.379867],[22.940076,39.380005],[22.940006,39.380177],[22.939935,39.380348],[22.939931,39.38036],[22.939865,39.38052],[22.939865,39.380521],[22.939805,39.380693],[22.93977,39.380795],[22.939738,39.380865],[22.939727,39.380889],[22.939723,39.380906],[22.939713,39.381043],[22.939712,39.38105],[22.93971,39.3811],[22.93971,39.381134],[22.939711,39.381171],[22.939713,39.381206],[22.939715,39.381223],[22.939723,39.381287],[22.939732,39.381365],[22.939738,39.381395],[22.939739,39.381402],[22.939767,39.381511],[22.939785,39.381578],[22.939834,39.381754],[22.939882,39.38193],[22.939894,39.381973],[22.939924,39.382107],[22.939929,39.382129],[22.939961,39.382284],[22.939971,39.38233],[22.939997,39.382462],[22.939997,39.382463],[22.939998,39.382494],[22.940002,39.382589],[22.94,39.382642],[22.939998,39.382697],[22.939987,39.382821],[22.939986,39.382837],[22.939962,39.382949],[22.93995,39.382999],[22.939926,39.383096],[22.939916,39.38312],[22.939899,39.383174],[22.939862,39.383287],[22.939841,39.383348],[22.939823,39.3834],[22.939776,39.383521],[22.939709,39.383693],[22.939667,39.3838],[22.939643,39.383866],[22.93958,39.384039],[22.939517,39.384212],[22.939504,39.384249],[22.939398,39.384202],[22.939345,39.384179],[22.939142,39.384091],[22.938939,39.384003],[22.938736,39.383915],[22.938533,39.383827],[22.93853,39.383826],[22.9384,39.383773],[22.938327,39.383744],[22.93812,39.383663],[22.937912,39.383582],[22.937773,39.383527],[22.937705,39.3835],[22.937645,39.383477],[22.937498,39.383417],[22.937492,39.383415],[22.937337,39.383345],[22.937298,39.383326],[22.937201,39.383276],[22.937105,39.383226],[22.937101,39.383223],[22.936911,39.383126],[22.936903,39.383122],[22.936724,39.38302],[22.936537,39.382913],[22.936472,39.382876],[22.936397,39.38283],[22.936351,39.382804],[22.936163,39.382698],[22.935975,39.382593],[22.935787,39.382487],[22.935599,39.382381],[22.935489,39.382319],[22.935431,39.382286],[22.935411,39.382275],[22.93523,39.382164],[22.935229,39.382163],[22.935047,39.382051],[22.934874,39.381946],[22.934864,39.38194],[22.934678,39.381832],[22.934491,39.381725],[22.934422,39.381685],[22.934376,39.381771],[22.934365,39.381789],[22.934281,39.381937],[22.934271,39.381954],[22.934237,39.382014],[22.934211,39.382056],[22.934173,39.382117],[22.934129,39.382184],[22.934065,39.382276],[22.933955,39.382435],[22.933845,39.382593],[22.933735,39.382752],[22.933625,39.38291],[22.933587,39.382965],[22.933515,39.383069],[22.933405,39.383227],[22.933358,39.383295],[22.933312,39.383362],[22.933296,39.383386],[22.933253,39.383448],[22.933368,39.383512],[22.933557,39.383617],[22.933585,39.383632],[22.933745,39.383722],[22.933933,39.383828],[22.934121,39.383934],[22.934173,39.383963],[22.934232,39.383995],[22.934309,39.38404],[22.934496,39.384147],[22.934584,39.384198],[22.934682,39.384255],[22.934869,39.384362],[22.935056,39.384469],[22.935205,39.384555],[22.935242,39.384577],[22.935427,39.384686],[22.935612,39.384795],[22.935797,39.384904],[22.935981,39.385014],[22.93611,39.38509],[22.936166,39.385123],[22.936351,39.385232],[22.936536,39.385341],[22.936607,39.385383],[22.93672,39.385451],[22.936905,39.38556],[22.937067,39.385657],[22.937089,39.38567],[22.937133,39.385694],[22.937288,39.385763],[22.937368,39.385799],[22.937482,39.385844],[22.937493,39.385848],[22.937626,39.385891],[22.93771,39.385912],[22.937856,39.38595],[22.937931,39.385967],[22.938154,39.386019],[22.938244,39.38604],[22.938378,39.386069],[22.938601,39.386118],[22.938825,39.386166],[22.938861,39.386174],[22.938899,39.386256],[22.938894,39.3863],[22.938888,39.386319],[22.938844,39.386451],[22.938832,39.386494],[22.938811,39.386567],[22.938778,39.386669],[22.938764,39.386711],[22.938747,39.386762],[22.938724,39.386844],[22.938721,39.386852],[22.938671,39.386995],[22.938663,39.387017],[22.938602,39.387191],[22.938585,39.387242],[22.938546,39.387366],[22.938491,39.38754],[22.938472,39.387604],[22.938596,39.387654],[22.938603,39.387657],[22.938628,39.387667],[22.938656,39.387674],[22.938684,39.387677],[22.938722,39.38768],[22.938762,39.387678],[22.938802,39.387674],[22.938829,39.387668],[22.938837,39.387666],[22.938871,39.387651],[22.938906,39.387631],[22.938935,39.387609],[22.938969,39.387576],[22.938984,39.387557],[22.938991,39.387544],[22.938995,39.387535],[22.939008,39.387504],[22.939021,39.387464],[22.939045,39.387375],[22.939046,39.38737],[22.93906,39.387314],[22.939069,39.387271],[22.939083,39.387224],[22.939095,39.387194],[22.939101,39.387179],[22.939119,39.38715],[22.939142,39.387119],[22.939167,39.387093],[22.939195,39.387069],[22.939223,39.387047],[22.939236,39.387041],[22.939287,39.387017],[22.939355,39.386991],[22.939451,39.386962],[22.93946,39.386959],[22.939666,39.386894],[22.939882,39.386827],[22.939963,39.386801],[22.940097,39.386759],[22.940312,39.386691],[22.940512,39.386628],[22.940527,39.386623],[22.940743,39.386555],[22.940959,39.386488],[22.941174,39.386421],[22.941282,39.386387],[22.941389,39.386353],[22.941604,39.386284],[22.941819,39.386215],[22.942034,39.386147],[22.942249,39.386078],[22.942348,39.386047],[22.942463,39.386006],[22.942629,39.385948],[22.942639,39.38599],[22.942681,39.386167],[22.942682,39.38617],[22.942723,39.386344],[22.942765,39.386521],[22.942772,39.386552],[22.942573,39.386572],[22.942343,39.386595],[22.942257,39.386603],[22.942112,39.386618],[22.941882,39.386642],[22.941872,39.386643],[22.941724,39.386658]]},"properties":{"line":"2","dir":"0","headsign":"Πάρκο Τέρμα (Νο2)","mode":"bus","color":"#0059a9"}},{"type":"Feature","geometry":{"type":"LineString","coordinates":[[22.941724,39.386658],[22.941494,39.386682],[22.941479,39.386684],[22.94138,39.386534],[22.941282,39.386387],[22.941264,39.386392],[22.941049,39.38646],[22.940833,39.386527],[22.940618,39.386594],[22.940512,39.386628],[22.940402,39.386662],[22.940187,39.38673],[22.939972,39.386798],[22.939963,39.386801],[22.939756,39.386866],[22.939541,39.386933],[22.93946,39.386959],[22.939355,39.386991],[22.939324,39.387003],[22.939287,39.387017],[22.939223,39.387047],[22.939195,39.387069],[22.939167,39.387093],[22.939142,39.387119],[22.939138,39.387124],[22.939119,39.38715],[22.939101,39.387179],[22.939083,39.387224],[22.939069,39.387271],[22.939064,39.387296],[22.93906,39.387314],[22.939045,39.387375],[22.939021,39.387464],[22.939018,39.387472],[22.939008,39.387504],[22.939042,39.387564],[22.939043,39.38758],[22.939042,39.387594],[22.939037,39.387606],[22.939016,39.387634],[22.939011,39.387639],[22.938989,39.38766],[22.938948,39.387693],[22.938897,39.387721],[22.938853,39.387734],[22.938824,39.387737],[22.938813,39.387739],[22.938758,39.387743],[22.938698,39.387743],[22.93861,39.387727],[22.938595,39.387723],[22.938576,39.387718],[22.938544,39.387708],[22.938514,39.387697],[22.938491,39.387685],[22.938473,39.387674],[22.938455,39.387658],[22.938407,39.387623],[22.93838,39.387604],[22.938425,39.387456],[22.938463,39.387333],[22.93848,39.387282],[22.938525,39.387145],[22.938536,39.387107],[22.938538,39.387102],[22.938563,39.387025],[22.938592,39.386932],[22.938606,39.386887],[22.938638,39.386789],[22.938647,39.386758],[22.938699,39.386582],[22.938736,39.386455],[22.938752,39.386407],[22.938774,39.386337],[22.938799,39.386242],[22.938807,39.386233],[22.938861,39.386174],[22.938728,39.386145],[22.938504,39.386096],[22.93828,39.386048],[22.938244,39.38604],[22.938057,39.385996],[22.937856,39.38595],[22.937834,39.385944],[22.937626,39.385891],[22.937614,39.385887],[22.937482,39.385844],[22.937402,39.385813],[22.937368,39.385799],[22.9372,39.385724],[22.937133,39.385694],[22.937067,39.385657],[22.937008,39.385622],[22.936824,39.385513],[22.93664,39.385403],[22.936607,39.385383],[22.936455,39.385294],[22.93627,39.385184],[22.93611,39.38509],[22.936085,39.385075],[22.935901,39.384966],[22.935716,39.384857],[22.935531,39.384748],[22.935346,39.384638],[22.935205,39.384555],[22.935161,39.38453],[22.934974,39.384422],[22.934788,39.384315],[22.934601,39.384208],[22.934584,39.384198],[22.934414,39.3841],[22.934232,39.383995],[22.934228,39.383993],[22.934173,39.383963],[22.934039,39.383888],[22.933851,39.383782],[22.933663,39.383676],[22.933585,39.383632],[22.933474,39.383571],[22.933285,39.383466],[22.933253,39.383448],[22.933312,39.383362],[22.933343,39.383316],[22.933358,39.383295],[22.933453,39.383158],[22.933563,39.382999],[22.933587,39.382965],[22.933673,39.382841],[22.933783,39.382682],[22.933893,39.382524],[22.934003,39.382366],[22.934114,39.382207],[22.934129,39.382184],[22.934211,39.382056],[22.934217,39.382046],[22.934237,39.382014],[22.934281,39.381937],[22.934312,39.381882],[22.934376,39.381771],[22.934405,39.381717],[22.934422,39.381685],[22.934573,39.381772],[22.934759,39.381879],[22.934874,39.381946],[22.934944,39.381988],[22.935126,39.3821],[22.93523,39.382164],[22.935309,39.382212],[22.935431,39.382286],[22.935489,39.382319],[22.935493,39.382321],[22.935681,39.382427],[22.935869,39.382533],[22.936057,39.382639],[22.936245,39.382745],[22.936397,39.38283],[22.936432,39.382852],[22.936472,39.382876],[22.936618,39.38296],[22.936805,39.383066],[22.936903,39.383122],[22.936996,39.38317],[22.937101,39.383223],[22.937189,39.38327],[22.937201,39.383276],[22.937337,39.383345],[22.937385,39.383367],[22.937492,39.383415],[22.937588,39.383454],[22.937645,39.383477],[22.937773,39.383527],[22.937795,39.383536],[22.938003,39.383617],[22.93821,39.383698],[22.9384,39.383773],[22.938418,39.38378],[22.93853,39.383826],[22.938622,39.383866],[22.938825,39.383953],[22.939028,39.384041],[22.939231,39.384129],[22.939398,39.384202],[22.939433,39.384218],[22.939504,39.384249],[22.939545,39.384136],[22.939608,39.383963],[22.939667,39.3838],[22.939671,39.38379],[22.939738,39.383618],[22.939805,39.383446],[22.939823,39.3834],[22.939862,39.383287],[22.939867,39.383272],[22.939916,39.38312],[22.939925,39.383098],[22.939926,39.383096],[22.939962,39.382949],[22.939968,39.382922],[22.939986,39.382837],[22.939994,39.382743],[22.939998,39.382697],[22.940002,39.382589],[22.940001,39.382563],[22.939998,39.382494],[22.939997,39.382463],[22.939981,39.382384],[22.939971,39.38233],[22.939945,39.382207],[22.939929,39.382129],[22.939907,39.382029],[22.939894,39.381973],[22.939861,39.381853],[22.939813,39.381677],[22.939767,39.381511],[22.939764,39.381501],[22.939738,39.381395],[22.939732,39.381365],[22.939718,39.381325],[22.939665,39.381177],[22.939656,39.381152],[22.939653,39.381145],[22.939583,39.380981],[22.939581,39.380975],[22.939635,39.38089],[22.939683,39.38082],[22.939709,39.380782],[22.939748,39.380728],[22.939787,39.380659],[22.939865,39.380521],[22.939876,39.380493],[22.939931,39.38036],[22.939946,39.380322],[22.940017,39.380151],[22.940087,39.379979],[22.940133,39.379867],[22.94016,39.379808],[22.940236,39.379638],[22.940257,39.37959],[22.940299,39.379499],[22.940313,39.379469],[22.940378,39.379333],[22.940398,39.379301],[22.940421,39.379264],[22.94049,39.379136],[22.940553,39.379019],[22.940583,39.378972],[22.940597,39.37895],[22.940689,39.378811],[22.940719,39.378766],[22.940796,39.378652],[22.940858,39.378559],[22.940904,39.378492],[22.941013,39.378334],[22.94103,39.378309],[22.941124,39.378175],[22.941235,39.378017],[22.941346,39.377859],[22.941366,39.377832],[22.941219,39.377736],[22.941042,39.37762],[22.940864,39.377504],[22.940686,39.377388],[22.940513,39.377275],[22.940508,39.377272],[22.940331,39.377156],[22.940205,39.377072],[22.940155,39.377038],[22.939979,39.37692],[22.939914,39.376876],[22.939804,39.376802],[22.939629,39.376684],[22.939453,39.376566],[22.939402,39.376531],[22.939275,39.37645],[22.939096,39.376335],[22.938917,39.37622],[22.938812,39.376152],[22.938736,39.376108],[22.938697,39.376085],[22.938657,39.376064],[22.938633,39.376053],[22.938649,39.375971],[22.938683,39.375793],[22.938718,39.375615],[22.938752,39.375437],[22.938757,39.375408],[22.938781,39.375284],[22.938786,39.375259],[22.93882,39.375081],[22.938832,39.375018],[22.938849,39.374934],[22.938854,39.374903],[22.938889,39.374725],[22.938923,39.374548],[22.938957,39.37437],[22.938991,39.374192],[22.939025,39.374014],[22.939042,39.373925],[22.939059,39.373836],[22.939094,39.373658],[22.939128,39.37348],[22.939162,39.373302],[22.939162,39.373301],[22.939196,39.373124],[22.939206,39.373073],[22.93923,39.372946],[22.939241,39.372894],[22.939265,39.372768],[22.939275,39.372717],[22.939281,39.372683],[22.939299,39.372591],[22.939318,39.372493],[22.939323,39.372465],[22.939334,39.372413],[22.93937,39.372235],[22.939406,39.372057],[22.93944,39.371894],[22.939442,39.37188],[22.939444,39.371868],[22.939476,39.371702],[22.939488,39.371639],[22.939491,39.371621],[22.939496,39.371599],[22.93951,39.371524],[22.93952,39.371474],[22.939545,39.371346],[22.93958,39.371168],[22.939601,39.371065],[22.939615,39.37099],[22.939651,39.370813],[22.939686,39.370635],[22.939709,39.370521],[22.939722,39.370457],[22.939722,39.370455],[22.939747,39.37033],[22.939758,39.37028],[22.939794,39.370102],[22.939818,39.369982],[22.93983,39.369924],[22.939866,39.369746],[22.939885,39.369652],[22.939902,39.369569],[22.939937,39.369391],[22.939972,39.369213],[22.939988,39.369131],[22.939993,39.369111],[22.940013,39.369037],[22.940021,39.369006],[22.940058,39.36893],[22.940158,39.368972],[22.940362,39.369058],[22.940566,39.369144],[22.940574,39.369148],[22.940773,39.369227],[22.94098,39.369309],[22.941186,39.369392],[22.941221,39.369405],[22.941394,39.369472],[22.941438,39.369489],[22.941469,39.369501],[22.941603,39.369552],[22.941811,39.369633],[22.942019,39.369713],[22.942227,39.369793],[22.94229,39.369817],[22.942331,39.369833],[22.942435,39.369873],[22.942643,39.369953],[22.942725,39.369985],[22.942852,39.370034],[22.943043,39.370108],[22.94306,39.370114],[22.943268,39.370194],[22.943476,39.370274],[22.943683,39.370354],[22.943688,39.370356],[22.943695,39.370359],[22.943706,39.370361],[22.943715,39.370362],[22.943725,39.370363],[22.943738,39.370363],[22.94375,39.370361],[22.943764,39.370359],[22.943776,39.370355],[22.94379,39.370351],[22.943802,39.370347],[22.943819,39.37034],[22.943859,39.370322],[22.943889,39.370308],[22.943893,39.370306],[22.94392,39.370291],[22.944082,39.370202],[22.944272,39.370097],[22.944461,39.369993],[22.94461,39.369911],[22.94465,39.369888],[22.94484,39.369784],[22.945029,39.36968],[22.945074,39.369655],[22.945219,39.369576],[22.945408,39.369471],[22.945598,39.369367],[22.945625,39.369352],[22.945787,39.369263],[22.945977,39.369158],[22.946166,39.369054],[22.946225,39.369022],[22.946356,39.36895],[22.946545,39.368846],[22.946735,39.368741],[22.946757,39.368729],[22.946924,39.368637],[22.947114,39.368533],[22.947242,39.368463],[22.947303,39.368428],[22.947491,39.368323],[22.94768,39.368217],[22.947868,39.368111],[22.947884,39.368102],[22.948056,39.368006],[22.948244,39.3679],[22.948433,39.367795],[22.948511,39.36775],[22.948621,39.367689],[22.948809,39.367583],[22.948956,39.367501],[22.948998,39.367478],[22.949186,39.367372],[22.949374,39.367266],[22.949459,39.367218],[22.949561,39.36716],[22.949749,39.367053],[22.949936,39.366946],[22.94994,39.366944],[22.950125,39.366842],[22.950288,39.366752],[22.950314,39.366737],[22.950504,39.366633],[22.950666,39.366545],[22.950646,39.366523],[22.950508,39.366378],[22.95037,39.366234],[22.950232,39.366089],[22.950228,39.366085],[22.950094,39.365944],[22.949956,39.365799],[22.949818,39.365655],[22.949791,39.365627],[22.94968,39.36551],[22.949543,39.365364],[22.949405,39.365219],[22.949273,39.365079],[22.949268,39.365074],[22.94925,39.365054],[22.94913,39.36493],[22.948991,39.364785],[22.948853,39.364641],[22.948733,39.364516],[22.948714,39.364496],[22.948577,39.364351],[22.948439,39.364207],[22.948301,39.364062],[22.948163,39.363917],[22.948141,39.363895],[22.948058,39.363808],[22.948025,39.363772],[22.947887,39.363628],[22.947828,39.363566],[22.947749,39.363483],[22.947611,39.363338],[22.947581,39.363306],[22.947532,39.363256],[22.947477,39.363192],[22.947348,39.363043],[22.947258,39.362939],[22.947219,39.362893],[22.947186,39.362856],[22.947089,39.362744],[22.94696,39.362595],[22.946894,39.362518],[22.946834,39.362444],[22.946712,39.362291],[22.946589,39.362138],[22.946566,39.362108],[22.946467,39.361985],[22.946381,39.361878],[22.946345,39.361832],[22.946223,39.361678],[22.946184,39.361629],[22.946101,39.361525],[22.945978,39.361373],[22.945855,39.36122],[22.945732,39.361067],[22.945729,39.361063],[22.945704,39.361032],[22.945554,39.361107],[22.945437,39.361166],[22.945358,39.361203],[22.945205,39.361275],[22.945159,39.361297],[22.944986,39.361378],[22.94496,39.36139],[22.944954,39.361394],[22.944762,39.361484],[22.944714,39.361506],[22.944561,39.361574],[22.944462,39.361619],[22.94436,39.361664],[22.944168,39.361749],[22.944158,39.361753],[22.943957,39.361843],[22.943956,39.361843],[22.943754,39.361932],[22.943694,39.361959],[22.943552,39.36202],[22.943508,39.362039],[22.943349,39.362107],[22.94333,39.362115],[22.943145,39.362195],[22.943095,39.362216],[22.943004,39.362256],[22.942935,39.362262],[22.942917,39.362264],[22.94286,39.362268],[22.9428,39.362271],[22.942736,39.362275],[22.942708,39.362277],[22.942684,39.362278],[22.942615,39.362281],[22.94253,39.362284],[22.942509,39.362284],[22.942478,39.362284],[22.942476,39.362285],[22.942453,39.362286],[22.942427,39.362288],[22.942407,39.362291],[22.942382,39.362295],[22.942341,39.362303],[22.942309,39.362312],[22.942288,39.362319],[22.942259,39.362329],[22.942246,39.362334],[22.942212,39.362347],[22.942203,39.36235],[22.94219,39.362365],[22.942175,39.362379],[22.942157,39.362391],[22.942138,39.362402],[22.942118,39.362411],[22.942097,39.362418],[22.942074,39.362423],[22.942065,39.362425],[22.942051,39.362427],[22.942028,39.362428],[22.942005,39.362428],[22.941981,39.362425],[22.941959,39.36242],[22.941937,39.362414],[22.941916,39.362405],[22.941897,39.362395],[22.941879,39.362384],[22.941866,39.362373],[22.941849,39.362368],[22.941824,39.362361],[22.941801,39.362353],[22.94177,39.362344],[22.941728,39.362334],[22.941683,39.362322],[22.941649,39.362316],[22.941631,39.362313],[22.941613,39.362309],[22.941591,39.362307],[22.941555,39.362305],[22.941522,39.362305],[22.941472,39.362305],[22.941399,39.362307],[22.941393,39.362307],[22.941179,39.362308],[22.941166,39.362308],[22.941114,39.362308],[22.940934,39.362307],[22.940701,39.362307],[22.940469,39.362307],[22.940391,39.362307],[22.940258,39.362306],[22.940236,39.362306],[22.940003,39.362306],[22.939771,39.362305],[22.939538,39.362305],[22.939509,39.362305],[22.939306,39.362304],[22.939118,39.362304],[22.939073,39.362304],[22.938841,39.362303],[22.938685,39.362303],[22.938648,39.362303],[22.938608,39.362304],[22.938587,39.362304],[22.938539,39.362305],[22.938511,39.362306],[22.938497,39.362308],[22.938486,39.36231],[22.938476,39.362312],[22.938465,39.362315],[22.938453,39.362319],[22.938447,39.362327],[22.938437,39.362337],[22.938422,39.36235],[22.938404,39.362361],[22.938393,39.362368],[22.93838,39.362374],[22.93837,39.362378],[22.938348,39.362385],[22.938328,39.362389],[22.938322,39.36239],[22.938301,39.362392],[22.938268,39.362393],[22.938242,39.36239],[22.938237,39.362389],[22.938215,39.362384],[22.93819,39.362375],[22.938167,39.362367],[22.938149,39.362355],[22.93812,39.36235],[22.938087,39.362345],[22.938047,39.362341],[22.938015,39.362338],[22.937978,39.362337],[22.937969,39.362337],[22.93795,39.362336],[22.93792,39.362336],[22.937886,39.362337],[22.93783,39.36234],[22.937754,39.362347],[22.937735,39.362348],[22.937666,39.362354],[22.937549,39.362368],[22.937506,39.362375],[22.937458,39.362383],[22.937318,39.362409],[22.937279,39.362416],[22.937054,39.36246],[22.937029,39.362465],[22.936828,39.362505],[22.936768,39.362517],[22.936719,39.362526],[22.936683,39.362531],[22.936643,39.362535],[22.936618,39.362537],[22.9366,39.362537],[22.936547,39.362539],[22.936501,39.36254],[22.936447,39.362537],[22.936398,39.362535],[22.936368,39.362533],[22.936357,39.362532],[22.936289,39.362526],[22.936223,39.362518],[22.936142,39.362506],[22.936138,39.362505],[22.936105,39.362498],[22.935922,39.36244],[22.93575,39.362386],[22.935707,39.362372],[22.93569,39.362366],[22.935492,39.362303],[22.935361,39.362262],[22.935277,39.362235],[22.935072,39.36217],[22.935061,39.362167],[22.934846,39.362098],[22.934631,39.36203],[22.934561,39.362007],[22.934416,39.361962],[22.934201,39.361893],[22.934192,39.36189],[22.934131,39.361879],[22.934091,39.361869],[22.93405,39.361861],[22.934029,39.361859],[22.933993,39.361857],[22.933978,39.361858],[22.933963,39.361858],[22.933927,39.361861],[22.933886,39.361867],[22.933854,39.361873],[22.933828,39.361878],[22.933782,39.361888],[22.93377,39.361901],[22.933762,39.361907],[22.933754,39.361914],[22.933728,39.361929],[22.933698,39.361941],[22.933679,39.361945],[22.933665,39.361948],[22.933649,39.361949],[22.933637,39.361949],[22.933626,39.361949],[22.93361,39.361948],[22.933591,39.361945],[22.933572,39.36194],[22.933552,39.361933],[22.933549,39.361932],[22.933534,39.361925],[22.933518,39.361915],[22.933504,39.361903],[22.933494,39.361894],[22.933483,39.36188],[22.933474,39.361867],[22.933467,39.361853],[22.933462,39.361837],[22.93346,39.361812],[22.933461,39.361794],[22.933466,39.361777],[22.933469,39.361771],[22.933477,39.361753],[22.933493,39.361734],[22.933531,39.361705],[22.933577,39.361686],[22.933617,39.361679],[22.93364,39.361679],[22.933658,39.361679],[22.933697,39.361687],[22.933733,39.361701],[22.933764,39.361721],[22.933783,39.361723],[22.93381,39.361724],[22.933832,39.361724],[22.933854,39.361722],[22.933858,39.361722],[22.933873,39.361719],[22.933889,39.361713],[22.933917,39.3617],[22.933961,39.361676],[22.933976,39.361666],[22.933989,39.361655],[22.934004,39.361637],[22.934026,39.361606],[22.934136,39.361447],[22.934246,39.361289],[22.934338,39.361158],[22.934302,39.361143],[22.934209,39.361105],[22.934166,39.361088],[22.934097,39.361059],[22.933891,39.360975],[22.933689,39.360893],[22.933686,39.360891],[22.933622,39.360865],[22.933553,39.360837],[22.93348,39.360807],[22.933275,39.360723],[22.933131,39.360664],[22.933069,39.360639],[22.932864,39.360555],[22.932817,39.360536],[22.932742,39.360691],[22.932661,39.36086],[22.93258,39.361028],[22.932527,39.361137],[22.932499,39.361196],[22.932494,39.361206],[22.932441,39.361312],[22.932415,39.361364],[22.932367,39.36146],[22.932432,39.361481],[22.932478,39.361494],[22.932494,39.361498],[22.932553,39.36151],[22.932569,39.361513]]},"properties":{"line":"2","dir":"1","headsign":"Κεντρική Αφετηρία","mode":"bus","color":"#0059a9"}},{"type":"Feature","geometry":{"type":"LineString","coordinates":[[22.961888,39.350893],[22.961969,39.350879],[22.962114,39.350852],[22.962192,39.350838],[22.96234,39.35081],[22.962566,39.350767],[22.96273,39.350736],[22.962792,39.350725],[22.962852,39.350715],[22.962889,39.35071],[22.962927,39.350707],[22.962961,39.350708],[22.962996,39.350714],[22.963018,39.350718],[22.963065,39.350727],[22.963122,39.350737],[22.963179,39.350742],[22.963205,39.350743],[22.963232,39.350741],[22.963251,39.350739],[22.963373,39.350726],[22.963428,39.350725],[22.963463,39.350729],[22.963481,39.350732],[22.963507,39.350737],[22.963545,39.350752],[22.963591,39.350774],[22.963615,39.350784],[22.963624,39.350789],[22.963653,39.350797],[22.96369,39.350802],[22.963798,39.350816],[22.963884,39.35083],[22.96392,39.35084],[22.963929,39.350843],[22.963962,39.350856],[22.963999,39.350876],[22.96403,39.350901],[22.964059,39.35093],[22.964086,39.350963],[22.964094,39.350978],[22.964101,39.350989],[22.964118,39.351029],[22.964131,39.351072],[22.964142,39.351108],[22.96415,39.351133],[22.964158,39.351154],[22.964162,39.351166],[22.964177,39.351201],[22.964193,39.35123],[22.96423,39.351207],[22.96425,39.351196],[22.964272,39.351184],[22.964451,39.351107],[22.964542,39.351068],[22.964567,39.351058],[22.964592,39.351048],[22.964645,39.351031],[22.964654,39.351029],[22.964705,39.351017],[22.964746,39.351011],[22.964783,39.351008],[22.964827,39.351007],[22.964864,39.351009],[22.964877,39.351009],[22.964901,39.351011],[22.96496,39.351017],[22.965097,39.35104],[22.965103,39.351038],[22.965131,39.351033],[22.96518,39.35103],[22.965233,39.351032],[22.965336,39.351036],[22.965346,39.351036],[22.965384,39.351037],[22.965438,39.351035],[22.965452,39.351022],[22.965472,39.351008],[22.965493,39.350999],[22.965521,39.350992],[22.965528,39.350991],[22.965543,39.350989],[22.965574,39.35099],[22.965591,39.350993],[22.96561,39.350998],[22.965622,39.351003],[22.96564,39.351011],[22.965655,39.351022],[22.96567,39.351036],[22.96568,39.351048],[22.965686,39.351058],[22.965693,39.351076],[22.965696,39.351098],[22.965694,39.351117],[22.965687,39.351136],[22.96568,39.351149],[22.96567,39.351162],[22.965648,39.351181],[22.965628,39.351192],[22.965603,39.351202],[22.965584,39.351206],[22.96557,39.351223],[22.965563,39.351231],[22.965542,39.351257],[22.965527,39.351279],[22.965512,39.351303],[22.965489,39.351352],[22.965471,39.351394],[22.965456,39.351419],[22.965452,39.351427],[22.965412,39.35148],[22.965381,39.351587],[22.965341,39.351724],[22.965333,39.35176],[22.96532,39.351825],[22.965294,39.351938],[22.965291,39.35195],[22.965275,39.352028],[22.965265,39.352092],[22.965263,39.352116],[22.965261,39.352137],[22.965259,39.352194],[22.96526,39.352254],[22.965262,39.352295],[22.965264,39.352337],[22.965269,39.352449],[22.965271,39.352475],[22.965276,39.352535],[22.96528,39.352589],[22.965284,39.352655],[22.965284,39.352658],[22.965292,39.352729],[22.965297,39.352774],[22.965305,39.35281],[22.965311,39.352833],[22.965315,39.352847],[22.965331,39.352891],[22.965347,39.352928],[22.965365,39.352964],[22.965386,39.353003],[22.965419,39.353063],[22.965484,39.353166],[22.965526,39.353235],[22.965584,39.353322],[22.965588,39.353327],[22.965705,39.353483],[22.965715,39.353495],[22.965852,39.353622],[22.965925,39.353689],[22.966004,39.353758],[22.966026,39.353776],[22.966161,39.353878],[22.96617,39.353884],[22.966345,39.354002],[22.966373,39.354021],[22.966275,39.354152],[22.966157,39.354307],[22.96604,39.354462],[22.965986,39.354534],[22.96592,39.354616],[22.965834,39.354724],[22.965807,39.354758],[22.965798,39.35477],[22.965773,39.354803],[22.965739,39.354849],[22.965732,39.354865],[22.965729,39.354874],[22.965727,39.354884],[22.965727,39.354891],[22.965727,39.3549],[22.965729,39.354911],[22.965737,39.354935],[22.965737,39.354935],[22.965747,39.354955],[22.965764,39.35498],[22.965786,39.355001],[22.965884,39.355071],[22.965895,39.355079],[22.966058,39.35519],[22.966233,39.355309],[22.966277,39.35534],[22.966317,39.35537],[22.966359,39.355405],[22.966395,39.355438],[22.966397,39.35544],[22.966432,39.355477],[22.966456,39.355509],[22.966483,39.355551],[22.966502,39.355596],[22.966505,39.355601],[22.966523,39.355658],[22.966536,39.355714],[22.966547,39.355768],[22.966548,39.355772],[22.966555,39.355823],[22.966561,39.355902],[22.966561,39.355952],[22.96656,39.355971],[22.966559,39.35602],[22.966553,39.356078],[22.966541,39.35613],[22.966539,39.356138],[22.966514,39.356204],[22.966498,39.356244],[22.966482,39.356281],[22.96647,39.356301],[22.966459,39.356321],[22.96643,39.356361],[22.96635,39.356455],[22.966223,39.356606],[22.966108,39.356741],[22.966095,39.356756],[22.965971,39.3569],[22.965966,39.356906],[22.965834,39.357054],[22.965812,39.357079],[22.965703,39.357202],[22.965675,39.357235],[22.965572,39.357351],[22.965566,39.357357],[22.965443,39.357501],[22.965415,39.357533],[22.965312,39.357649],[22.96518,39.357798],[22.965049,39.357946],[22.965003,39.357997],[22.96492,39.358096],[22.964792,39.358246],[22.964665,39.358397],[22.964603,39.358469],[22.964538,39.358547],[22.964496,39.358595],[22.96441,39.358697],[22.964282,39.358848],[22.964155,39.358998],[22.964027,39.359148],[22.963899,39.359299],[22.963896,39.359303],[22.963774,39.35945],[22.963648,39.359602],[22.963523,39.359753],[22.963436,39.359858],[22.963396,39.359904],[22.963266,39.360053],[22.963186,39.360146],[22.963171,39.360162],[22.963158,39.360175],[22.963147,39.360187],[22.963132,39.360199],[22.963131,39.360199],[22.963109,39.360212],[22.963091,39.360222],[22.963074,39.36023],[22.963051,39.360238],[22.963031,39.360242],[22.963011,39.360246],[22.962987,39.360249],[22.962915,39.360254],[22.962868,39.360258],[22.962831,39.36026],[22.962683,39.360265],[22.962507,39.36027],[22.962483,39.360271],[22.962455,39.360283],[22.962252,39.360371],[22.962251,39.360371],[22.962055,39.360467],[22.96194,39.360524],[22.96186,39.360564],[22.961665,39.360663],[22.96147,39.360761],[22.961347,39.360824],[22.961275,39.360859],[22.96108,39.360957],[22.960884,39.361054],[22.960689,39.361151],[22.960678,39.361157],[22.960493,39.361249],[22.960298,39.361346],[22.960102,39.361444],[22.960045,39.361472],[22.959907,39.361541],[22.959711,39.361638],[22.959515,39.361735],[22.959436,39.361775],[22.95932,39.361833],[22.959124,39.36193],[22.958937,39.362022],[22.958928,39.362027],[22.958731,39.362122],[22.958533,39.362217],[22.958429,39.362268],[22.958336,39.362312],[22.958138,39.362406],[22.95794,39.362501],[22.957914,39.362513],[22.957742,39.362595],[22.957544,39.36269],[22.957529,39.362697],[22.957434,39.362747],[22.957352,39.362792],[22.957339,39.362799],[22.957165,39.362898],[22.957155,39.362904],[22.95714,39.362913],[22.956979,39.363007],[22.956794,39.363115],[22.956682,39.36318],[22.95661,39.363225],[22.956429,39.363338],[22.956249,39.363452],[22.956168,39.363502],[22.956068,39.363565],[22.955886,39.363677],[22.955705,39.36379],[22.955621,39.363842],[22.955523,39.363902],[22.955339,39.364012],[22.955293,39.36404],[22.955156,39.364123],[22.954974,39.364235],[22.954867,39.364301],[22.954789,39.364344],[22.954601,39.36445],[22.954413,39.364555],[22.954343,39.364594],[22.95423,39.364658],[22.954225,39.364661],[22.954036,39.364767],[22.953883,39.364852],[22.953848,39.364872],[22.953658,39.364976],[22.953469,39.36508],[22.953462,39.365084],[22.95328,39.365185],[22.953091,39.36529],[22.95295,39.365368],[22.952902,39.365395],[22.952713,39.3655],[22.9527,39.365507],[22.952524,39.365605],[22.952523,39.365605],[22.952377,39.365687],[22.952336,39.36571],[22.952148,39.365816],[22.95196,39.365922],[22.95183,39.365996],[22.951771,39.366028],[22.951582,39.366132],[22.951426,39.366219],[22.951393,39.366237],[22.951204,39.366342],[22.951015,39.366446],[22.950841,39.366542],[22.950826,39.366551],[22.950724,39.366608],[22.950666,39.366545],[22.950662,39.36654],[22.950524,39.366396],[22.950386,39.366251],[22.950248,39.366106],[22.950228,39.366085],[22.95011,39.365961],[22.949972,39.365817],[22.949834,39.365672],[22.949791,39.365627],[22.949697,39.365527],[22.949559,39.365382],[22.949422,39.365237],[22.949285,39.365091],[22.949273,39.365079],[22.94925,39.365054],[22.949147,39.364947],[22.949008,39.364802],[22.948869,39.364658],[22.948733,39.364516],[22.948731,39.364513],[22.948593,39.364369],[22.948455,39.364224],[22.948317,39.364079],[22.948179,39.363935],[22.948141,39.363895],[22.948058,39.363808],[22.948041,39.36379],[22.947903,39.363645],[22.947828,39.363566],[22.947765,39.3635],[22.947627,39.363355],[22.947581,39.363306],[22.947532,39.363256],[22.947493,39.36321],[22.947364,39.363061],[22.947258,39.362939],[22.947234,39.362911],[22.947186,39.362856],[22.947105,39.362762],[22.946976,39.362613],[22.946894,39.362518],[22.946849,39.362462],[22.946726,39.362309],[22.946604,39.362156],[22.946566,39.362108],[22.946481,39.362003],[22.946381,39.361878],[22.946359,39.36185],[22.946238,39.361697],[22.946184,39.361629],[22.946115,39.361544],[22.945993,39.361391],[22.94587,39.361238],[22.945747,39.361086],[22.945729,39.361063],[22.945704,39.361032],[22.945577,39.361096],[22.945437,39.361166],[22.945381,39.361192],[22.945205,39.361275],[22.945183,39.361286],[22.944986,39.361378],[22.944984,39.361379],[22.944954,39.361394],[22.944786,39.361473],[22.944714,39.361506],[22.944585,39.361564],[22.944462,39.361619],[22.944384,39.361653],[22.944182,39.361742],[22.944168,39.361749],[22.94398,39.361832],[22.943957,39.361843],[22.943779,39.361921],[22.943694,39.361959],[22.943576,39.36201],[22.943508,39.362039],[22.943373,39.362097],[22.94333,39.362115],[22.94317,39.362184],[22.943095,39.362216],[22.943004,39.362256],[22.942963,39.362259],[22.942917,39.362264],[22.94286,39.362268],[22.9428,39.362271],[22.942736,39.362275],[22.942735,39.362275],[22.942684,39.362278],[22.942615,39.362281],[22.94253,39.362284],[22.942509,39.362284],[22.942504,39.362284],[22.942478,39.362284],[22.942453,39.362286],[22.942427,39.362288],[22.942407,39.362291],[22.942382,39.362295],[22.942341,39.362303],[22.942309,39.362312],[22.942288,39.362319],[22.942284,39.36232],[22.942246,39.362334],[22.942212,39.362347],[22.942203,39.36235],[22.94219,39.362365],[22.942175,39.362379],[22.942157,39.362391],[22.942138,39.362402],[22.942118,39.362411],[22.942097,39.362418],[22.942093,39.362419],[22.942074,39.362423],[22.942051,39.362427],[22.942028,39.362428],[22.942005,39.362428],[22.941981,39.362425],[22.941959,39.36242],[22.941937,39.362414],[22.941916,39.362405],[22.941897,39.362395],[22.941879,39.362384],[22.941866,39.362373],[22.941824,39.362361],[22.941801,39.362353],[22.94177,39.362344],[22.941728,39.362334],[22.941683,39.362322],[22.941658,39.362318],[22.941649,39.362316],[22.941613,39.362309],[22.941591,39.362307],[22.941555,39.362305],[22.941522,39.362305],[22.941472,39.362305],[22.941427,39.362306],[22.941393,39.362307],[22.941194,39.362308],[22.941179,39.362308],[22.941114,39.362308],[22.940962,39.362308],[22.940729,39.362307],[22.940496,39.362307],[22.940391,39.362307],[22.940264,39.362306],[22.940258,39.362306],[22.940031,39.362306],[22.939799,39.362305],[22.939566,39.362305],[22.939509,39.362305],[22.939334,39.362304],[22.939118,39.362304],[22.939101,39.362304],[22.938868,39.362303],[22.938685,39.362303],[22.938648,39.362303],[22.938636,39.362303],[22.938587,39.362304],[22.938539,39.362305],[22.938511,39.362306],[22.938497,39.362308],[22.938486,39.36231],[22.938476,39.362312],[22.938465,39.362315],[22.938453,39.362319],[22.938447,39.362327],[22.938437,39.362337],[22.938422,39.36235],[22.938404,39.362361],[22.938393,39.362368],[22.93838,39.362374],[22.93837,39.362378],[22.938348,39.362385],[22.938328,39.362389],[22.938322,39.36239],[22.938301,39.362392],[22.938268,39.362393],[22.938242,39.36239],[22.938237,39.362389],[22.938215,39.362384],[22.93819,39.362375],[22.938167,39.362367],[22.938149,39.362355],[22.93812,39.36235],[22.938087,39.362345],[22.938047,39.362341],[22.938015,39.362338],[22.937997,39.362338],[22.937978,39.362337],[22.93795,39.362336],[22.93792,39.362336],[22.937886,39.362337],[22.93783,39.36234],[22.937763,39.362346],[22.937754,39.362347],[22.937666,39.362354],[22.937549,39.362368],[22.937533,39.362371],[22.937458,39.362383],[22.937318,39.362409],[22.937306,39.362411],[22.937081,39.362455],[22.937029,39.362465],[22.936855,39.3625],[22.936768,39.362517],[22.936719,39.362526],[22.936683,39.362531],[22.936643,39.362535],[22.936628,39.362536],[22.936618,39.362537],[22.936547,39.362539],[22.936501,39.36254],[22.936447,39.362537],[22.936398,39.362535],[22.936396,39.362535],[22.936357,39.362532],[22.936289,39.362526],[22.936223,39.362518],[22.936165,39.362509],[22.936142,39.362506],[22.936105,39.362498],[22.935948,39.362448],[22.93575,39.362386],[22.935733,39.36238],[22.93569,39.362366],[22.935517,39.362312],[22.935361,39.362262],[22.935302,39.362243],[22.935087,39.362175],[22.935072,39.36217],[22.934872,39.362107],[22.934657,39.362038],[22.934561,39.362007],[22.934442,39.36197],[22.934227,39.361901],[22.934192,39.36189],[22.934131,39.361879],[22.934091,39.361869],[22.93405,39.361861],[22.934029,39.361859],[22.934006,39.361858],[22.933993,39.361857],[22.933963,39.361858],[22.933927,39.361861],[22.933886,39.361867],[22.933854,39.361873],[22.933828,39.361878],[22.933782,39.361888],[22.93378,39.361891],[22.93377,39.361901],[22.933754,39.361914],[22.933728,39.361929],[22.933698,39.361941],[22.933618,39.361977],[22.933588,39.36199],[22.933536,39.362014],[22.933482,39.362039],[22.933393,39.362082],[22.933389,39.362083],[22.933282,39.362132],[22.933187,39.362172],[22.933109,39.362206],[22.932984,39.362259],[22.932781,39.362347],[22.932577,39.362434],[22.93239,39.362514],[22.932374,39.362522],[22.932172,39.362611],[22.931971,39.362701],[22.931814,39.36277],[22.931767,39.362788],[22.931671,39.362824],[22.931561,39.36287],[22.931432,39.362924],[22.931391,39.362942],[22.931358,39.362961],[22.931337,39.362972],[22.931286,39.363011],[22.931278,39.363032],[22.931266,39.363051],[22.93125,39.363069],[22.931231,39.363084],[22.931211,39.363096],[22.931208,39.363097],[22.931183,39.363107],[22.931162,39.363112],[22.931139,39.363115],[22.931118,39.363116],[22.931096,39.363115],[22.931075,39.363111],[22.931029,39.363125],[22.930985,39.36314],[22.930984,39.36314],[22.930859,39.363193],[22.930781,39.363228],[22.930581,39.36332],[22.93038,39.363411],[22.930267,39.363463],[22.930214,39.363487],[22.93018,39.363502],[22.930091,39.363542],[22.930009,39.363579],[22.929979,39.363593],[22.929816,39.363666],[22.929777,39.363682],[22.929576,39.363772],[22.929421,39.363841],[22.929374,39.363862],[22.929173,39.363952],[22.928971,39.364041],[22.928769,39.364131],[22.928717,39.364154],[22.928632,39.364192],[22.928568,39.364221],[22.928366,39.36431],[22.928165,39.3644],[22.927963,39.36449],[22.927762,39.36458],[22.927739,39.36459],[22.92756,39.364669],[22.927358,39.364759],[22.927338,39.364768],[22.927157,39.364849],[22.926955,39.364938],[22.926754,39.365028],[22.926599,39.365097],[22.926552,39.365118],[22.926351,39.365208],[22.926149,39.365297],[22.925947,39.365387],[22.925771,39.365465],[22.925746,39.365477],[22.925546,39.365568],[22.925521,39.365579],[22.925348,39.365663],[22.925152,39.365757],[22.92515,39.365758],[22.924952,39.365852],[22.924754,39.365946],[22.924693,39.365975],[22.92456,39.366045],[22.924368,39.366147],[22.924192,39.366241],[22.924177,39.366249],[22.923986,39.366352],[22.923796,39.366455],[22.923605,39.366559],[22.923537,39.366595],[22.923507,39.366613],[22.923478,39.366632],[22.923442,39.366658],[22.923426,39.366672],[22.923415,39.366682],[22.923395,39.366703],[22.923375,39.366727],[22.923362,39.366745],[22.923351,39.366765],[22.923355,39.366783],[22.923356,39.366802],[22.923355,39.366821],[22.923352,39.366832],[22.923353,39.366834],[22.923364,39.366859],[22.923378,39.366887],[22.923396,39.366921],[22.923409,39.366944],[22.923428,39.366974],[22.92344,39.366989],[22.923447,39.366998],[22.92345,39.367001],[22.923465,39.367015],[22.923519,39.367056],[22.923568,39.367092],[22.923626,39.367107],[22.923845,39.367167],[22.923998,39.367208],[22.924066,39.367225],[22.924287,39.367279],[22.924353,39.367295],[22.924509,39.367335],[22.924597,39.367357],[22.924677,39.367377],[22.924729,39.367391],[22.924744,39.367395],[22.924805,39.367412],[22.924858,39.367429],[22.924904,39.367444],[22.924945,39.367459],[22.924964,39.367466],[22.925012,39.367483],[22.925128,39.367529],[22.925153,39.367539],[22.925182,39.367551],[22.925214,39.367565],[22.925246,39.367581],[22.92526,39.367588],[22.925295,39.36761],[22.925312,39.367621],[22.925342,39.367643],[22.925409,39.367691],[22.925501,39.367764],[22.925507,39.367769],[22.925538,39.367797],[22.925573,39.367829],[22.925628,39.367886],[22.92565,39.367911],[22.925678,39.367944],[22.925732,39.368012],[22.925764,39.368055],[22.92577,39.368065],[22.92587,39.368227],[22.925906,39.368284],[22.925973,39.368388],[22.926007,39.368441],[22.926074,39.36855],[22.926104,39.3686],[22.926169,39.368714],[22.92622,39.368805],[22.926258,39.368866],[22.926264,39.368878],[22.926348,39.369046],[22.926394,39.369137],[22.926435,39.369213],[22.926525,39.369379],[22.926539,39.369406],[22.926571,39.369454],[22.926593,39.369482],[22.926628,39.369522],[22.92665,39.36954],[22.926657,39.369546],[22.926684,39.369567],[22.926727,39.369596],[22.926795,39.369639],[22.926826,39.369659],[22.926932,39.369728],[22.927004,39.369775],[22.927115,39.369848],[22.927149,39.369874],[22.927174,39.369897],[22.927178,39.369901],[22.927201,39.369926],[22.927226,39.369965],[22.927246,39.369994],[22.927281,39.370057],[22.927282,39.370058],[22.927315,39.370121],[22.927176,39.370145],[22.927037,39.37017],[22.926949,39.370184],[22.926721,39.370219],[22.926713,39.37022],[22.926493,39.370257],[22.926266,39.370295],[22.926084,39.370325],[22.926039,39.370333],[22.925811,39.37037],[22.925648,39.370396],[22.925584,39.370407],[22.925356,39.370444],[22.925227,39.370466],[22.925129,39.370483],[22.924902,39.370523],[22.924675,39.370563],[22.924449,39.370603],[22.92444,39.370604],[22.924264,39.370633],[22.924221,39.370641],[22.924079,39.370667],[22.923995,39.370682],[22.923768,39.370721],[22.923541,39.37076],[22.923425,39.370779],[22.923313,39.370797],[22.923085,39.370833],[22.922899,39.370863],[22.922858,39.37087],[22.922631,39.37091],[22.922404,39.37095],[22.922381,39.370954],[22.922409,39.371114],[22.92244,39.371292],[22.922472,39.371471],[22.922487,39.37156],[22.922504,39.371649],[22.922536,39.371827],[22.922563,39.371974],[22.922568,39.372005],[22.9226,39.372183],[22.922631,39.372361],[22.922638,39.372398],[22.922666,39.372539],[22.922692,39.372669],[22.922696,39.3727],[22.922696,39.372717],[22.922698,39.372744],[22.922697,39.372781],[22.92269,39.372821],[22.922683,39.372846],[22.922664,39.372894],[22.922597,39.373066],[22.922573,39.373129],[22.92253,39.373239],[22.922463,39.373411],[22.922447,39.373452],[22.922396,39.373583],[22.922329,39.373755],[22.922318,39.373783],[22.922263,39.373928],[22.922197,39.3741],[22.922157,39.374205],[22.922131,39.374273],[22.922066,39.374445],[22.922058,39.374468],[22.921986,39.37444],[22.921955,39.374429],[22.921927,39.37442],[22.921893,39.374411],[22.921873,39.374405],[22.921803,39.374386],[22.921652,39.374349],[22.92143,39.374296],[22.921208,39.374242],[22.920986,39.374188],[22.920764,39.374134],[22.920607,39.374096],[22.920542,39.37408],[22.920321,39.374026],[22.920268,39.374013],[22.920101,39.373968],[22.920035,39.37395],[22.919956,39.373924],[22.919885,39.3739],[22.91985,39.373889],[22.919676,39.373822],[22.919573,39.373782],[22.919469,39.37374],[22.919294,39.37367],[22.919263,39.373656],[22.919195,39.373628],[22.919139,39.373603],[22.919076,39.373576],[22.91906,39.373568],[22.91886,39.373477],[22.918779,39.373441],[22.918658,39.373387],[22.918582,39.373353],[22.918457,39.373297],[22.918456,39.373297],[22.91834,39.373243],[22.91826,39.373202],[22.918236,39.37319],[22.918178,39.373156],[22.918106,39.373114],[22.918105,39.373113]]},"properties":{"line":"3","dir":"0","headsign":"ΜΕΤΚΑ","mode":"bus","color":"#0059a9"}},{"type":"Feature","geometry":{"type":"LineString","coordinates":[[22.918105,39.373113],[22.918106,39.373114],[22.918178,39.373156],[22.918236,39.37319],[22.918286,39.373215],[22.91834,39.373243],[22.918456,39.373297],[22.918484,39.37331],[22.918582,39.373353],[22.918686,39.373399],[22.918779,39.373441],[22.918887,39.37349],[22.919076,39.373576],[22.919087,39.373581],[22.919139,39.373603],[22.919195,39.373628],[22.91929,39.373668],[22.919294,39.37367],[22.919497,39.373751],[22.919573,39.373782],[22.919704,39.373833],[22.91985,39.373889],[22.919914,39.37391],[22.919956,39.373924],[22.920035,39.37395],[22.92013,39.373976],[22.920268,39.374013],[22.920351,39.374033],[22.920573,39.374088],[22.920607,39.374096],[22.920794,39.374141],[22.921016,39.374195],[22.921238,39.374249],[22.92146,39.374303],[22.921682,39.374357],[22.921803,39.374386],[22.921893,39.374411],[22.921903,39.374413],[22.921927,39.37442],[22.921955,39.374429],[22.921986,39.37444],[22.922058,39.374468],[22.922075,39.374422],[22.92214,39.374249],[22.922157,39.374205],[22.922206,39.374077],[22.922272,39.373904],[22.922318,39.373783],[22.922338,39.373732],[22.922405,39.37356],[22.922447,39.373452],[22.922472,39.373387],[22.922539,39.373215],[22.922573,39.373129],[22.922606,39.373043],[22.922673,39.372871],[22.922683,39.372846],[22.92269,39.372821],[22.922697,39.372781],[22.922698,39.372744],[22.922696,39.3727],[22.922695,39.372693],[22.922692,39.372669],[22.922661,39.372515],[22.922638,39.372398],[22.922627,39.372337],[22.922595,39.372159],[22.922564,39.371981],[22.922563,39.371974],[22.922532,39.371803],[22.922499,39.371624],[22.922487,39.37156],[22.922467,39.371446],[22.922436,39.371268],[22.922405,39.37109],[22.922381,39.370954],[22.922435,39.370944],[22.922662,39.370904],[22.922889,39.370865],[22.922899,39.370863],[22.923116,39.370828],[22.923344,39.370792],[22.923425,39.370779],[22.923572,39.370754],[22.923799,39.370715],[22.924026,39.370677],[22.924079,39.370667],[22.924252,39.370635],[22.924264,39.370633],[22.92444,39.370604],[22.924479,39.370597],[22.924706,39.370557],[22.924933,39.370517],[22.92516,39.370477],[22.925227,39.370466],[22.925387,39.370439],[22.925614,39.370402],[22.925648,39.370396],[22.925842,39.370365],[22.92607,39.370328],[22.926084,39.370325],[22.926297,39.37029],[22.926524,39.370252],[22.926713,39.37022],[22.926752,39.370214],[22.92698,39.370179],[22.927037,39.37017],[22.927207,39.37014],[22.927315,39.370121],[22.927282,39.370058],[22.927268,39.370034],[22.927246,39.369994],[22.927226,39.369965],[22.927201,39.369926],[22.927178,39.369901],[22.927154,39.369878],[22.927149,39.369874],[22.927115,39.369848],[22.92698,39.369759],[22.926932,39.369728],[22.926802,39.369644],[22.926795,39.369639],[22.926727,39.369596],[22.926684,39.369567],[22.926657,39.369546],[22.926628,39.369522],[22.926626,39.36952],[22.926593,39.369482],[22.926571,39.369454],[22.926539,39.369406],[22.926513,39.369356],[22.926423,39.36919],[22.926394,39.369137],[22.926337,39.369023],[22.926258,39.368866],[22.926252,39.368856],[22.92622,39.368805],[22.926156,39.368692],[22.926104,39.3686],[22.92606,39.368528],[22.926007,39.368441],[22.925959,39.368366],[22.925906,39.368284],[22.925857,39.368205],[22.925764,39.368055],[22.925755,39.368043],[22.925732,39.368012],[22.925678,39.367944],[22.925632,39.367891],[22.925628,39.367886],[22.925573,39.367829],[22.925538,39.367797],[22.925501,39.367764],[22.925485,39.367751],[22.925409,39.367691],[22.925318,39.367626],[22.925312,39.367621],[22.925295,39.36761],[22.92526,39.367588],[22.925246,39.367581],[22.925214,39.367565],[22.925182,39.367551],[22.925128,39.367529],[22.925125,39.367528],[22.925012,39.367483],[22.924964,39.367466],[22.924916,39.367448],[22.924904,39.367444],[22.924858,39.367429],[22.924805,39.367412],[22.924744,39.367395],[22.9247,39.367383],[22.924677,39.367377],[22.924597,39.367357],[22.924479,39.367327],[22.924353,39.367295],[22.924257,39.367272],[22.924036,39.367217],[22.923998,39.367208],[22.923816,39.367159],[22.923596,39.367099],[22.923568,39.367092],[22.923431,39.367054],[22.923378,39.367037],[22.923364,39.367033],[22.923261,39.367003],[22.923206,39.366987],[22.92316,39.366975],[22.923122,39.366964],[22.923092,39.36696],[22.923064,39.366952],[22.923037,39.366942],[22.923012,39.366928],[22.922991,39.366912],[22.922972,39.366894],[22.922966,39.366886],[22.922957,39.366874],[22.922945,39.366853],[22.922938,39.36683],[22.922935,39.366807],[22.922936,39.366784],[22.922942,39.366761],[22.922951,39.366739],[22.922965,39.366719],[22.922968,39.366715],[22.922982,39.3667],[22.923002,39.366683],[22.923025,39.366669],[22.92305,39.366657],[22.923077,39.366648],[22.923105,39.366642],[22.923134,39.36664],[22.923156,39.36664],[22.923166,39.366641],[22.923178,39.366642],[22.92322,39.36663],[22.92325,39.36662],[22.923313,39.366591],[22.923367,39.366563],[22.923371,39.366561],[22.923487,39.366503],[22.923566,39.366464],[22.923643,39.366426],[22.923744,39.36637],[22.923759,39.366362],[22.923952,39.366262],[22.924145,39.366162],[22.924339,39.366062],[22.924532,39.365962],[22.924725,39.365862],[22.924918,39.365762],[22.925108,39.365664],[22.925112,39.365662],[22.925309,39.365567],[22.925451,39.365498],[22.925507,39.365472],[22.925707,39.365381],[22.92571,39.365379],[22.92576,39.365357],[22.925907,39.365289],[22.926077,39.365211],[22.926107,39.365197],[22.926307,39.365106],[22.926507,39.365014],[22.926604,39.364969],[22.926708,39.364923],[22.926909,39.364833],[22.92711,39.364742],[22.927311,39.364652],[22.927407,39.364609],[22.927513,39.364562],[22.927673,39.36449],[22.927714,39.364472],[22.927915,39.364381],[22.928116,39.364291],[22.928317,39.364201],[22.928518,39.364111],[22.928537,39.364102],[22.92872,39.36402],[22.928921,39.36393],[22.929122,39.36384],[22.929323,39.36375],[22.929524,39.363659],[22.929651,39.363602],[22.929725,39.363569],[22.929742,39.363561],[22.929921,39.363481],[22.929927,39.363479],[22.930126,39.363386],[22.930325,39.363294],[22.93042,39.36325],[22.930527,39.363204],[22.930568,39.363187],[22.930731,39.363129],[22.930738,39.363126],[22.930786,39.363103],[22.93091,39.363038],[22.930929,39.363026],[22.930956,39.363008],[22.930953,39.362987],[22.930956,39.362965],[22.930962,39.362944],[22.930974,39.362925],[22.930989,39.362907],[22.931008,39.362891],[22.93103,39.362878],[22.931054,39.362868],[22.931072,39.362863],[22.93108,39.362861],[22.931108,39.362857],[22.931135,39.362857],[22.931163,39.362861],[22.931189,39.362868],[22.931215,39.362879],[22.931236,39.362892],[22.931288,39.362883],[22.931314,39.362876],[22.931342,39.362869],[22.931412,39.362843],[22.931523,39.362796],[22.931703,39.362718],[22.931726,39.362708],[22.931865,39.362644],[22.931927,39.362618],[22.932131,39.362531],[22.932335,39.362444],[22.932539,39.362358],[22.932742,39.362271],[22.932946,39.362184],[22.93315,39.362098],[22.933159,39.362094],[22.933304,39.362026],[22.933345,39.362],[22.933354,39.361995],[22.933376,39.361979],[22.933398,39.361959],[22.933411,39.361943],[22.933425,39.361918],[22.933436,39.361891],[22.933448,39.361854],[22.933451,39.361845],[22.93346,39.361812],[22.933461,39.361794],[22.933469,39.361771],[22.933477,39.361753],[22.933493,39.361734],[22.933531,39.361705],[22.933555,39.361695],[22.933577,39.361686],[22.933617,39.361679],[22.933658,39.361679],[22.933697,39.361687],[22.933733,39.361701],[22.933764,39.361721],[22.933775,39.361732],[22.93379,39.361749],[22.933822,39.361752],[22.933854,39.361758],[22.933879,39.361763],[22.933912,39.361772],[22.933963,39.36179],[22.934018,39.361811],[22.934077,39.36184],[22.934113,39.361857],[22.934167,39.36188],[22.934192,39.36189],[22.934387,39.361952],[22.934561,39.362007],[22.934602,39.36202],[22.934814,39.362088],[22.935029,39.362157],[22.935072,39.36217],[22.935244,39.362225],[22.935361,39.362262],[22.935459,39.362293],[22.935675,39.362362],[22.93569,39.362366],[22.93575,39.362386],[22.93589,39.36243],[22.936105,39.362498],[22.936142,39.362506],[22.936223,39.362518],[22.936289,39.362526],[22.936333,39.36253],[22.936357,39.362532],[22.936398,39.362535],[22.936447,39.362537],[22.936501,39.36254],[22.936547,39.362539],[22.936565,39.362539],[22.936618,39.362537],[22.936643,39.362535],[22.936683,39.362531],[22.936719,39.362526],[22.936768,39.362517],[22.936795,39.362512],[22.93702,39.362467],[22.937029,39.362465],[22.937245,39.362423],[22.937318,39.362409],[22.937458,39.362383],[22.937472,39.362381],[22.937549,39.362368],[22.937563,39.362356],[22.937586,39.362341],[22.93761,39.36233],[22.937633,39.362321],[22.937657,39.362313],[22.937679,39.362308],[22.937687,39.362306],[22.937756,39.362289],[22.937903,39.362261],[22.93793,39.362256],[22.937966,39.362249],[22.938088,39.362215],[22.938095,39.362193],[22.938101,39.362181],[22.938106,39.362171],[22.93812,39.362154],[22.938141,39.362134],[22.938162,39.36212],[22.938188,39.362106],[22.938203,39.362101],[22.938214,39.362097],[22.938244,39.36209],[22.938272,39.362087],[22.93828,39.362087],[22.938304,39.362087],[22.938333,39.362092],[22.938365,39.3621],[22.938395,39.362113],[22.938419,39.362127],[22.938442,39.362146],[22.938457,39.362164],[22.938478,39.362166],[22.93855,39.362173],[22.938648,39.362179],[22.938709,39.362178],[22.938942,39.362177],[22.939174,39.362176],[22.939407,39.362175],[22.93964,39.362175],[22.939872,39.362174],[22.940105,39.362173],[22.940256,39.362172],[22.940337,39.362172],[22.94057,39.362171],[22.940802,39.36217],[22.941035,39.362169],[22.941268,39.362168],[22.941279,39.362168],[22.941326,39.362174],[22.941383,39.36218],[22.941438,39.362184],[22.941491,39.362187],[22.941499,39.362188],[22.941544,39.36219],[22.941591,39.362191],[22.941665,39.362191],[22.941687,39.36219],[22.941722,39.362187],[22.941733,39.362186],[22.941752,39.362184],[22.941776,39.362179],[22.941807,39.362172],[22.941829,39.362166],[22.941846,39.362161],[22.941873,39.362151],[22.941894,39.362137],[22.941917,39.362125],[22.941941,39.362116],[22.941949,39.362114],[22.941967,39.362109],[22.941994,39.362104],[22.942044,39.362062],[22.942062,39.362046],[22.942083,39.362027],[22.94211,39.361999],[22.942118,39.361989],[22.942131,39.361973],[22.942143,39.361959],[22.942166,39.361928],[22.942185,39.361902],[22.942208,39.361871],[22.942227,39.361848],[22.942238,39.361836],[22.942241,39.361833],[22.942257,39.361817],[22.942275,39.361801],[22.942291,39.361787],[22.942319,39.361765],[22.94235,39.361741],[22.942389,39.361713],[22.942397,39.361708],[22.942433,39.361682],[22.942506,39.361629],[22.942582,39.361609],[22.942801,39.361549],[22.94284,39.361539],[22.943021,39.361492],[22.943159,39.361456],[22.943216,39.361439],[22.94324,39.361431],[22.943317,39.361405],[22.943448,39.361351],[22.943554,39.361307],[22.94365,39.361263],[22.943755,39.361215],[22.943851,39.361171],[22.944049,39.361081],[22.944051,39.36108],[22.944225,39.361],[22.944251,39.360988],[22.9443,39.360966],[22.944451,39.360896],[22.944534,39.360858],[22.944651,39.360805],[22.944789,39.360741],[22.944851,39.360713],[22.94499,39.360649],[22.945051,39.360621],[22.945251,39.360529],[22.945287,39.360512],[22.945316,39.360499],[22.94545,39.360437],[22.945622,39.360357],[22.94565,39.360344],[22.945849,39.360252],[22.945883,39.360236],[22.94605,39.36016],[22.94625,39.360069],[22.946269,39.360061],[22.946372,39.360171],[22.946509,39.360317],[22.946645,39.360463],[22.946648,39.360466],[22.946704,39.360525],[22.946782,39.360608],[22.946918,39.360754],[22.947055,39.360899],[22.947191,39.361045],[22.947262,39.36112],[22.947328,39.361191],[22.947464,39.361336],[22.947505,39.36138],[22.9476,39.361482],[22.947657,39.361543],[22.947737,39.361628],[22.947873,39.361773],[22.947994,39.361902],[22.94801,39.361919],[22.948146,39.362065],[22.948283,39.36221],[22.94836,39.362293],[22.948419,39.362356],[22.948556,39.362502],[22.94866,39.362613],[22.948692,39.362647],[22.948828,39.362793],[22.948965,39.362939],[22.949101,39.363084],[22.949238,39.36323],[22.949256,39.36325],[22.949374,39.363376],[22.949511,39.363521],[22.949647,39.363667],[22.949784,39.363812],[22.949847,39.36388],[22.94992,39.363958],[22.950057,39.364104],[22.950193,39.364249],[22.95033,39.364395],[22.950355,39.364423],[22.950384,39.364453],[22.950466,39.364541],[22.950603,39.364686],[22.950739,39.364832],[22.950875,39.364978],[22.9509,39.365004],[22.951012,39.365123],[22.951123,39.365242],[22.951148,39.365269],[22.951285,39.365415],[22.951328,39.365461],[22.951421,39.36556],[22.951558,39.365706],[22.951694,39.365851],[22.951766,39.365928],[22.951857,39.365876],[22.952045,39.365769],[22.952078,39.365751],[22.952234,39.365664],[22.952422,39.365559],[22.952477,39.365529],[22.952612,39.365455],[22.952802,39.365351],[22.952889,39.365304],[22.95299,39.365246],[22.953177,39.365139],[22.95318,39.365137],[22.953366,39.365034],[22.953397,39.365017],[22.953556,39.36493],[22.953747,39.364827],[22.953822,39.364787],[22.953937,39.364723],[22.954127,39.364619],[22.954316,39.364515],[22.954506,39.364411],[22.954695,39.364306],[22.954814,39.364241],[22.954882,39.3642],[22.955066,39.364089],[22.95525,39.363979],[22.955433,39.363868],[22.955565,39.363789],[22.955616,39.363758],[22.955799,39.363646],[22.955981,39.363535],[22.956118,39.363451],[22.956164,39.363423],[22.956346,39.363311],[22.956528,39.3632],[22.956641,39.363131],[22.956712,39.363089],[22.956898,39.362981],[22.957084,39.362873],[22.95727,39.362765],[22.95739,39.362695],[22.957459,39.362661],[22.957654,39.362562],[22.957849,39.362464],[22.957866,39.362455],[22.958043,39.362366],[22.958238,39.362267],[22.958371,39.3622],[22.958433,39.36217],[22.958631,39.362074],[22.958828,39.361979],[22.95888,39.361954],[22.959024,39.361882],[22.95922,39.361786],[22.959379,39.361707],[22.959416,39.361689],[22.959611,39.361591],[22.959807,39.361494],[22.959988,39.361404],[22.960002,39.361396],[22.960198,39.361299],[22.960393,39.361201],[22.960589,39.361104],[22.960622,39.361088],[22.960784,39.361006],[22.960979,39.360908],[22.961174,39.36081],[22.961288,39.360753],[22.961369,39.360712],[22.961564,39.360614],[22.961758,39.360515],[22.961884,39.360452],[22.961953,39.360417],[22.962149,39.36032],[22.962205,39.360293],[22.962233,39.360286],[22.96226,39.360283],[22.96237,39.360277],[22.962483,39.360271],[22.962507,39.36027],[22.962602,39.360267],[22.962831,39.36026],[22.962834,39.36026],[22.962868,39.360258],[22.962987,39.360249],[22.963011,39.360246],[22.963031,39.360242],[22.963051,39.360238],[22.963063,39.360234],[22.963074,39.36023],[22.963091,39.360222],[22.963109,39.360212],[22.963132,39.360199],[22.963147,39.360187],[22.963158,39.360175],[22.963171,39.360162],[22.963186,39.360146],[22.963221,39.360105],[22.96335,39.359956],[22.963436,39.359858],[22.963479,39.359806],[22.963604,39.359655],[22.96373,39.359503],[22.963855,39.359352],[22.963896,39.359303],[22.963982,39.359201],[22.96411,39.359051],[22.964238,39.3589],[22.964365,39.35875],[22.964493,39.3586],[22.964496,39.358595],[22.964603,39.358469],[22.96462,39.358449],[22.964748,39.358299],[22.964875,39.358148],[22.965003,39.357998],[22.965003,39.357997],[22.965134,39.35785],[22.965266,39.357701],[22.965397,39.357553],[22.965415,39.357533],[22.965526,39.357403],[22.965566,39.357357],[22.965657,39.357254],[22.965675,39.357235],[22.965788,39.357106],[22.965812,39.357079],[22.96592,39.356958],[22.965971,39.3569],[22.96605,39.356808],[22.966108,39.356741],[22.966178,39.356658],[22.966305,39.356508],[22.96643,39.356361],[22.966432,39.356357],[22.966459,39.356321],[22.966482,39.356281],[22.966498,39.356244],[22.966514,39.356204],[22.966519,39.356191],[22.966539,39.356138],[22.966553,39.356078],[22.966559,39.35602],[22.966559,39.356015],[22.96656,39.355971],[22.966561,39.355902],[22.966556,39.355835],[22.966555,39.355823],[22.966547,39.355768],[22.966536,39.355714],[22.966523,39.355658],[22.966523,39.355657],[22.966505,39.355601],[22.966483,39.355551],[22.966456,39.355509],[22.966441,39.35549],[22.966432,39.355477],[22.966397,39.35544],[22.966359,39.355405],[22.966317,39.35537],[22.966293,39.355352],[22.966277,39.35534],[22.966119,39.355232],[22.965945,39.355113],[22.965895,39.355079],[22.965786,39.355001],[22.965775,39.35499],[22.965764,39.35498],[22.965747,39.354955],[22.965737,39.354935],[22.965729,39.354911],[22.965727,39.3549],[22.965727,39.354891],[22.965727,39.354884],[22.965729,39.354874],[22.965732,39.354865],[22.965739,39.354849],[22.965757,39.354824],[22.965773,39.354803],[22.965807,39.354758],[22.965834,39.354724],[22.965877,39.35467],[22.965986,39.354534],[22.965999,39.354517],[22.966116,39.354361],[22.966233,39.354206],[22.966351,39.354051],[22.966373,39.354021],[22.966231,39.353925],[22.966161,39.353878],[22.966061,39.353803],[22.966026,39.353776],[22.965925,39.353689],[22.965905,39.35367],[22.965755,39.353532],[22.965715,39.353495],[22.965629,39.353382],[22.965584,39.353322],[22.965526,39.353235],[22.965519,39.353223],[22.965419,39.353063],[22.965418,39.353061],[22.965365,39.352964],[22.965347,39.352928],[22.965333,39.352894],[22.965331,39.352891],[22.965315,39.352847],[22.965305,39.35281],[22.965297,39.352774],[22.965292,39.352729],[22.965291,39.352718],[22.965284,39.352658],[22.96528,39.352589],[22.965276,39.352538],[22.965276,39.352535],[22.965269,39.352449],[22.965265,39.352358],[22.965264,39.352337],[22.96526,39.352254],[22.965259,39.352194],[22.965259,39.352179],[22.965261,39.352137],[22.965265,39.352092],[22.965275,39.352028],[22.965281,39.352],[22.965291,39.35195],[22.96532,39.351825],[22.96532,39.351823],[22.965341,39.351724],[22.965364,39.351646],[22.965412,39.35148],[22.965412,39.351468],[22.965414,39.351419],[22.965418,39.351383],[22.965422,39.351347],[22.965436,39.351294],[22.965449,39.351247],[22.965456,39.351221],[22.965462,39.351183],[22.965448,39.351173],[22.965438,39.351163],[22.965432,39.351156],[22.965427,39.351149],[22.965422,39.351141],[22.965416,39.351125],[22.965375,39.351115],[22.965357,39.35111],[22.965314,39.351101],[22.965266,39.351091],[22.965222,39.351082],[22.96517,39.35107],[22.965127,39.351055],[22.965097,39.35104],[22.965046,39.351031],[22.96496,39.351017],[22.964901,39.351011],[22.964864,39.351009],[22.964827,39.351007],[22.964818,39.351008],[22.964783,39.351008],[22.964746,39.351011],[22.964705,39.351017],[22.964645,39.351031],[22.9646,39.351045],[22.964592,39.351048],[22.964567,39.351058],[22.964542,39.351068],[22.964398,39.351129],[22.964272,39.351184],[22.96423,39.351207],[22.964202,39.351224],[22.964193,39.35123],[22.964162,39.351252],[22.964131,39.35128],[22.9641,39.351309],[22.964047,39.351358],[22.963954,39.351443],[22.963903,39.351499],[22.963769,39.351646],[22.963731,39.351687],[22.963625,39.351787],[22.963479,39.351926],[22.963333,39.352065],[22.963247,39.352146],[22.963186,39.352204],[22.963038,39.352342],[22.962889,39.352481],[22.962787,39.352577],[22.962744,39.352617],[22.962576,39.352478],[22.962529,39.352439],[22.962419,39.352347],[22.962262,39.352214],[22.962216,39.352175],[22.962121,39.352096],[22.962105,39.352082],[22.961947,39.351949],[22.961932,39.351936],[22.96179,39.351817],[22.961633,39.351685],[22.961599,39.351657],[22.961475,39.351552],[22.961318,39.35142],[22.961227,39.351343],[22.961161,39.351287],[22.961003,39.351155],[22.960974,39.351131],[22.961022,39.351096],[22.961095,39.351065],[22.961185,39.351038],[22.961344,39.350991],[22.961413,39.350979],[22.961594,39.350946],[22.961606,39.350944],[22.961639,39.350938],[22.961791,39.35091],[22.961865,39.350897],[22.961941,39.350884]]},"properties":{"line":"3","dir":"1","headsign":"Πλαστήρα","mode":"bus","color":"#0059a9"}},{"type":"Feature","geometry":{"type":"LineString","coordinates":[[22.926347,39.357176],[22.926184,39.357304],[22.926021,39.357433],[22.925859,39.357561],[22.925806,39.357603],[22.925696,39.35769],[22.925596,39.357769],[22.925535,39.35782],[22.925377,39.357951],[22.925218,39.358083],[22.92506,39.358215],[22.924905,39.358343],[22.924901,39.358346],[22.92474,39.358476],[22.924579,39.358606],[22.924418,39.358735],[22.924257,39.358865],[22.924096,39.358995],[22.923959,39.359105],[22.923986,39.359123],[22.924018,39.359143],[22.924172,39.35923],[22.92436,39.359336],[22.924548,39.359441],[22.924736,39.359547],[22.92487,39.359622],[22.924925,39.359652],[22.925112,39.359753],[22.925116,39.359755],[22.925307,39.359857],[22.925499,39.359959],[22.92569,39.360062],[22.925797,39.360119],[22.925883,39.360161],[22.92608,39.360257],[22.926188,39.360311],[22.926276,39.360354],[22.926473,39.36045],[22.92667,39.360545],[22.926744,39.360582],[22.926825,39.360626],[22.92686,39.360648],[22.926876,39.360659],[22.927013,39.360756],[22.927031,39.36077],[22.927192,39.3609],[22.927296,39.360984],[22.927354,39.361029],[22.927493,39.361137],[22.927518,39.361156],[22.927607,39.361223],[22.927685,39.361282],[22.927704,39.361297],[22.92773,39.361316],[22.927849,39.361409],[22.928012,39.361538],[22.9281,39.361607],[22.928175,39.361666],[22.928339,39.361793],[22.928503,39.361921],[22.928546,39.361955],[22.928656,39.362056],[22.928752,39.362145],[22.928805,39.362194],[22.928952,39.362334],[22.929007,39.362385],[22.929094,39.362476],[22.929232,39.362621],[22.929265,39.362655],[22.929314,39.362707],[22.929367,39.362768],[22.929496,39.362917],[22.929517,39.362941],[22.929615,39.363072],[22.929731,39.363228],[22.929839,39.363374],[22.929847,39.363384],[22.929921,39.363481],[22.929999,39.363445],[22.930199,39.363352],[22.930398,39.36326],[22.93042,39.36325],[22.930568,39.363187],[22.930603,39.363175],[22.930731,39.363129],[22.930786,39.363103],[22.93081,39.363091],[22.93091,39.363038],[22.930956,39.363008],[22.930953,39.362987],[22.930956,39.362965],[22.930959,39.362954],[22.930962,39.362944],[22.930974,39.362925],[22.930989,39.362907],[22.931008,39.362891],[22.93103,39.362878],[22.931054,39.362868],[22.93108,39.362861],[22.931108,39.362857],[22.931135,39.362857],[22.931135,39.362857],[22.931163,39.362861],[22.931189,39.362868],[22.931215,39.362879],[22.931236,39.362892],[22.931288,39.362883],[22.931342,39.362869],[22.931356,39.362864],[22.931412,39.362843],[22.931561,39.362779],[22.931703,39.362718],[22.931764,39.36269],[22.931865,39.362644],[22.931868,39.362569],[22.93187,39.362555],[22.931885,39.362445],[22.931904,39.362392],[22.93191,39.362379],[22.931994,39.362211],[22.932078,39.362044],[22.932162,39.361876],[22.932194,39.361812],[22.932245,39.361708],[22.932328,39.36154],[22.932367,39.36146],[22.932432,39.361481],[22.932479,39.361494],[22.932494,39.361498],[22.932553,39.36151],[22.932609,39.36152],[22.932656,39.361527],[22.932702,39.36153],[22.932705,39.36153],[22.932754,39.361532],[22.93278,39.36153],[22.9328,39.361528],[22.932828,39.36152],[22.932845,39.361512],[22.932861,39.361499],[22.932874,39.361486],[22.932891,39.361462],[22.932892,39.361459],[22.93294,39.36137],[22.933036,39.361406],[22.933206,39.36147],[22.933241,39.361484],[22.933245,39.361486],[22.933315,39.361522],[22.933417,39.361582],[22.933433,39.361591],[22.933469,39.361613],[22.933577,39.361686],[22.933617,39.361679],[22.933627,39.361679],[22.933658,39.361679],[22.933697,39.361687],[22.933733,39.361701],[22.933764,39.361721],[22.933775,39.361732],[22.93379,39.361749],[22.933822,39.361752],[22.933823,39.361753],[22.933854,39.361758],[22.933879,39.361763],[22.933912,39.361772],[22.933963,39.36179],[22.934018,39.361811],[22.934036,39.36182],[22.934077,39.36184],[22.934113,39.361857],[22.934192,39.36189],[22.93424,39.361906],[22.934455,39.361974],[22.934561,39.362007],[22.934671,39.362042],[22.934886,39.362111],[22.935072,39.36217],[22.935101,39.36218],[22.935316,39.362248],[22.935361,39.362262],[22.935531,39.362316],[22.93569,39.362366],[22.935746,39.362384],[22.93575,39.362386],[22.935961,39.362453],[22.936105,39.362498],[22.936142,39.362506],[22.93618,39.362512],[22.936223,39.362518],[22.936289,39.362526],[22.936357,39.362532],[22.936398,39.362535],[22.93641,39.362536],[22.936447,39.362537],[22.936501,39.36254],[22.936547,39.362539],[22.936618,39.362537],[22.936643,39.362535],[22.936643,39.362535],[22.936683,39.362531],[22.936719,39.362526],[22.936768,39.362517],[22.93687,39.362497],[22.937029,39.362465],[22.937095,39.362452],[22.937318,39.362409],[22.93732,39.362408],[22.937458,39.362383],[22.937547,39.362369],[22.937549,39.362368],[22.937563,39.362356],[22.937586,39.362341],[22.93761,39.36233],[22.937633,39.362321],[22.937657,39.362313],[22.937687,39.362306],[22.937753,39.36229],[22.937756,39.362289],[22.93793,39.362256],[22.937966,39.362249],[22.937978,39.362246],[22.938088,39.362215],[22.938095,39.362193],[22.938106,39.362171],[22.93812,39.362154],[22.938141,39.362134],[22.938142,39.362133],[22.938162,39.36212],[22.938188,39.362106],[22.938203,39.362101],[22.938214,39.362097],[22.938244,39.36209],[22.938272,39.362087],[22.938304,39.362087],[22.938333,39.362092],[22.938355,39.362097],[22.938365,39.3621],[22.938395,39.362113],[22.938419,39.362127],[22.938442,39.362146],[22.938457,39.362164],[22.93855,39.362173],[22.938554,39.362173],[22.938648,39.362179],[22.938786,39.362178],[22.939019,39.362177],[22.939252,39.362176],[22.939484,39.362175],[22.939717,39.362174],[22.939949,39.362173],[22.940182,39.362172],[22.940256,39.362172],[22.940415,39.362171],[22.940647,39.36217],[22.94088,39.36217],[22.941112,39.362169],[22.941279,39.362168],[22.941326,39.362174],[22.941344,39.362176],[22.941383,39.36218],[22.941438,39.362184],[22.941491,39.362187],[22.941544,39.36219],[22.941576,39.362191],[22.941591,39.362191],[22.941665,39.362191],[22.941687,39.36219],[22.941722,39.362187],[22.941752,39.362184],[22.941776,39.362179],[22.941807,39.362172],[22.941811,39.362171],[22.941829,39.362166],[22.941846,39.362161],[22.941873,39.362151],[22.941894,39.362137],[22.941917,39.362125],[22.941941,39.362116],[22.941967,39.362109],[22.941994,39.362104],[22.942019,39.362084],[22.942044,39.362062],[22.942062,39.362046],[22.942083,39.362027],[22.94211,39.361999],[22.942131,39.361973],[22.942143,39.361959],[22.942159,39.361938],[22.942166,39.361928],[22.942185,39.361902],[22.942208,39.361871],[22.942227,39.361848],[22.942241,39.361833],[22.942257,39.361817],[22.942275,39.361801],[22.942287,39.361791],[22.942291,39.361787],[22.942319,39.361765],[22.94235,39.361741],[22.942389,39.361713],[22.942433,39.361682],[22.942454,39.361667],[22.942506,39.361629],[22.942654,39.361589],[22.94284,39.361539],[22.942874,39.36153],[22.943094,39.361473],[22.943159,39.361456],[22.943216,39.361439],[22.943311,39.361407],[22.943317,39.361405],[22.943515,39.361323],[22.943554,39.361307],[22.943716,39.361233],[22.943755,39.361215],[22.943917,39.361141],[22.944049,39.361081],[22.944117,39.36105],[22.944225,39.361],[22.9443,39.360966],[22.944317,39.360958],[22.944517,39.360866],[22.944534,39.360858],[22.944717,39.360774],[22.944789,39.360741],[22.944917,39.360682],[22.94499,39.360649],[22.945117,39.36059],[22.945287,39.360512],[22.945316,39.360499],[22.945317,39.360498],[22.945516,39.360406],[22.945622,39.360357],[22.945716,39.360314],[22.945883,39.360236],[22.945915,39.360222],[22.946116,39.36013],[22.946269,39.360061],[22.946281,39.360074],[22.946417,39.360219],[22.946554,39.360365],[22.946648,39.360466],[22.94669,39.360511],[22.946704,39.360525],[22.946827,39.360656],[22.946963,39.360802],[22.9471,39.360947],[22.947236,39.361093],[22.947262,39.36112],[22.947373,39.361239],[22.947505,39.36138],[22.947509,39.361384],[22.947645,39.36153],[22.947657,39.361543],[22.947782,39.361676],[22.947918,39.361821],[22.947994,39.361902],[22.948055,39.361967],[22.948191,39.362113],[22.948328,39.362258],[22.94836,39.362293],[22.948464,39.362404],[22.948601,39.36255],[22.94866,39.362613],[22.948737,39.362695],[22.948874,39.362841],[22.94901,39.362987],[22.949146,39.363132],[22.949256,39.36325],[22.949283,39.363278],[22.949419,39.363424],[22.949556,39.363569],[22.949692,39.363715],[22.949829,39.363861],[22.949847,39.36388],[22.949965,39.364006],[22.950102,39.364152],[22.950238,39.364297],[22.950355,39.364423],[22.950375,39.364443],[22.950384,39.364453],[22.950511,39.364589],[22.950648,39.364734],[22.950784,39.36488],[22.9509,39.365004],[22.95092,39.365026],[22.951057,39.365171],[22.951123,39.365242],[22.951193,39.365317],[22.951328,39.365461],[22.95133,39.365463],[22.951466,39.365608],[22.951603,39.365754],[22.951739,39.3659],[22.951766,39.365928],[22.95183,39.365996],[22.951876,39.366045],[22.952014,39.366189],[22.952152,39.366334],[22.95229,39.366479],[22.952329,39.36652],[22.952428,39.366624],[22.952566,39.366769],[22.952704,39.366913],[22.952791,39.367004],[22.952842,39.367058],[22.95298,39.367203],[22.953118,39.367348],[22.953256,39.367493],[22.953314,39.367553],[22.953394,39.367637],[22.953532,39.367782],[22.95355,39.367801],[22.953672,39.367925],[22.953813,39.368069],[22.95385,39.368107],[22.953949,39.368214],[22.954036,39.368308],[22.954085,39.36836],[22.954099,39.368374],[22.954218,39.368508],[22.954351,39.368655],[22.954483,39.368803],[22.954557,39.368886],[22.954623,39.368947],[22.954771,39.369086],[22.954776,39.369091],[22.954823,39.369131],[22.954866,39.369164],[22.954938,39.36921],[22.954967,39.369229],[22.955012,39.369257],[22.955119,39.369323],[22.955198,39.369371],[22.955277,39.36942],[22.9553,39.369436],[22.955474,39.369555],[22.955516,39.369584],[22.955379,39.369628],[22.955258,39.369667],[22.955163,39.369695],[22.95503,39.369735],[22.954948,39.369763],[22.954861,39.369793],[22.954737,39.369839],[22.954675,39.369863],[22.954581,39.369905],[22.954536,39.369929],[22.954485,39.369955],[22.954345,39.370032],[22.954339,39.370036],[22.954203,39.370117],[22.954162,39.370142],[22.954087,39.370189],[22.954167,39.370275],[22.954183,39.370291],[22.954233,39.370345],[22.954304,39.37042],[22.954355,39.370474],[22.954377,39.370498],[22.95444,39.370566],[22.954485,39.370613],[22.954558,39.370691],[22.954577,39.370711],[22.954685,39.370827],[22.954714,39.370857],[22.95485,39.371002],[22.95497,39.37113],[22.954987,39.371148],[22.955123,39.371294],[22.95526,39.371439],[22.955285,39.371466],[22.955397,39.371585],[22.955426,39.371616],[22.955533,39.37173],[22.955569,39.371769],[22.95567,39.371876],[22.955692,39.371899],[22.955806,39.372021],[22.955943,39.372167],[22.956054,39.372285],[22.95608,39.372312],[22.956196,39.372437],[22.956216,39.372458],[22.956321,39.372569],[22.956353,39.372604],[22.956477,39.372736],[22.956489,39.372749],[22.956626,39.372895],[22.956709,39.372984],[22.956762,39.37304],[22.956819,39.3731],[22.956899,39.373186],[22.957036,39.373331],[22.957079,39.373377],[22.957172,39.373477],[22.957259,39.373569],[22.957309,39.373622],[22.957445,39.373768],[22.957529,39.373856],[22.957582,39.373913],[22.957719,39.374059],[22.957721,39.374061],[22.957855,39.374205],[22.957869,39.374219],[22.957983,39.37434],[22.957992,39.37435],[22.958013,39.374373],[22.958047,39.374408],[22.958126,39.374493],[22.958129,39.374496],[22.95819,39.374561],[22.958222,39.374595],[22.958264,39.374641],[22.958276,39.374654],[22.958403,39.374786],[22.958408,39.374791],[22.958543,39.374929],[22.958651,39.375039],[22.958674,39.375063],[22.958683,39.375073],[22.958823,39.375217],[22.958946,39.375345],[22.958961,39.375361],[22.959095,39.375508],[22.95923,39.375655],[22.95931,39.375743],[22.959365,39.375801],[22.959418,39.375857],[22.959501,39.375947],[22.959636,39.376093],[22.959641,39.376098],[22.95978,39.376228],[22.959785,39.376232],[22.95985,39.376289],[22.959929,39.376353],[22.959943,39.376364],[22.960012,39.376419],[22.96007,39.376459],[22.960113,39.376486],[22.960125,39.376493],[22.960196,39.376533],[22.960303,39.37659],[22.960417,39.376651],[22.960497,39.376689],[22.960565,39.376723],[22.960694,39.376785],[22.96088,39.376874],[22.960892,39.376879],[22.961094,39.376968],[22.961188,39.37701],[22.961296,39.377057],[22.961498,39.377146],[22.961512,39.377153],[22.961697,39.377239],[22.961795,39.377285],[22.961895,39.377333],[22.962092,39.377429],[22.962266,39.377513],[22.962288,39.377526],[22.962395,39.377584],[22.962478,39.37763],[22.962483,39.377632],[22.96255,39.377674],[22.962647,39.37774],[22.962655,39.377746],[22.962755,39.377814],[22.962827,39.377867],[22.962904,39.377924],[22.962995,39.377991],[22.963071,39.378046],[22.963158,39.378119],[22.963275,39.378217],[22.963314,39.378253],[22.963466,39.378389],[22.963619,39.378524],[22.963771,39.37866],[22.963861,39.378741],[22.963923,39.378797],[22.964075,39.378933],[22.964083,39.37894],[22.964229,39.379068],[22.964383,39.379203],[22.964537,39.379337],[22.964613,39.379405],[22.964651,39.379437],[22.964691,39.379472],[22.964757,39.379529],[22.964772,39.379542],[22.964847,39.379605],[22.964993,39.379726],[22.965006,39.379737],[22.965164,39.379868],[22.965323,39.38],[22.965482,39.380131],[22.96564,39.380263],[22.965697,39.38031],[22.965724,39.38033],[22.965764,39.380355],[22.965803,39.380376],[22.965814,39.380381],[22.965865,39.380402],[22.965902,39.380414],[22.965943,39.380425],[22.965987,39.380434],[22.966032,39.38044],[22.966045,39.380442],[22.966101,39.380446],[22.966145,39.380446],[22.966199,39.380443],[22.966261,39.380437],[22.966262,39.380437],[22.966308,39.380432],[22.966359,39.380431],[22.966397,39.380433],[22.966444,39.380439],[22.966495,39.380447],[22.966502,39.380448],[22.966546,39.380456],[22.966607,39.380469],[22.966675,39.380487],[22.96673,39.380503],[22.966824,39.380531],[22.966947,39.380566],[22.967165,39.380628],[22.967275,39.38066],[22.967383,39.380691],[22.967447,39.38071],[22.967602,39.380751],[22.967821,39.380811],[22.967968,39.380851],[22.96804,39.38087],[22.96824,39.380924],[22.96826,39.380929],[22.968479,39.380989],[22.968698,39.381049],[22.968918,39.381108],[22.96899,39.381128],[22.969012,39.381132],[22.969031,39.381135],[22.96905,39.381135],[22.969068,39.381134],[22.969087,39.381129],[22.969121,39.381159],[22.969137,39.381172],[22.969141,39.381175],[22.969167,39.381197],[22.969188,39.381214],[22.969191,39.381234],[22.969184,39.38125],[22.969131,39.381314],[22.969126,39.381321],[22.969025,39.38145],[22.969019,39.381466],[22.969016,39.381478],[22.969014,39.38149],[22.969013,39.381505],[22.969017,39.38152],[22.969021,39.381532],[22.969035,39.381555],[22.969058,39.381581],[22.969075,39.381598],[22.969095,39.381615],[22.969115,39.381628],[22.969138,39.381642],[22.969173,39.38166],[22.969312,39.381728],[22.969334,39.381739],[22.969505,39.381828],[22.969637,39.381898],[22.969697,39.38193],[22.969735,39.38195],[22.969818,39.381999],[22.969875,39.382035],[22.969881,39.382039],[22.969981,39.382111],[22.970049,39.382163],[22.970085,39.38219],[22.970175,39.382265],[22.970209,39.382294],[22.970271,39.382351],[22.970367,39.382426],[22.970529,39.382555],[22.970586,39.382601],[22.97069,39.382685],[22.970851,39.382815],[22.970972,39.382912],[22.971008,39.382947],[22.971102,39.383035],[22.971146,39.383092],[22.97119,39.38315],[22.971263,39.383247],[22.971264,39.383248],[22.971351,39.383383],[22.971362,39.383409],[22.971376,39.38344],[22.971391,39.383494],[22.971398,39.383549],[22.971399,39.383586],[22.971399,39.383599],[22.971395,39.383645],[22.971383,39.383697],[22.971364,39.383763],[22.97136,39.383779],[22.971326,39.38386],[22.971302,39.383924],[22.971295,39.383935],[22.971205,39.3841],[22.971195,39.384117],[22.971118,39.384266],[22.971095,39.384312],[22.97103,39.384433],[22.970996,39.384497],[22.970937,39.384598],[22.970895,39.384671],[22.970877,39.384705],[22.970865,39.384734],[22.970861,39.384754],[22.97086,39.384771],[22.970862,39.384789],[22.970866,39.384807],[22.970875,39.384824],[22.970883,39.384834],[22.970893,39.384845],[22.970906,39.384854],[22.970931,39.384861],[22.970957,39.384863],[22.97098,39.384861],[22.970996,39.384856],[22.970996,39.384856],[22.971011,39.38485],[22.971039,39.384829],[22.971086,39.384788],[22.971136,39.384745],[22.971153,39.38473],[22.971172,39.384713],[22.971231,39.384669],[22.97131,39.384617],[22.971319,39.384612],[22.971374,39.38458],[22.971451,39.384544],[22.971514,39.384518],[22.971537,39.384509],[22.97161,39.384483],[22.971675,39.384463],[22.971719,39.384452],[22.971725,39.38445],[22.971761,39.384442],[22.971819,39.384428],[22.971877,39.384421],[22.971936,39.384416],[22.971952,39.384415],[22.972025,39.384412],[22.972129,39.384414],[22.972184,39.384421],[22.972224,39.384427],[22.972294,39.384443],[22.972376,39.384468],[22.972404,39.384478],[22.972436,39.384488],[22.972506,39.38451],[22.9726,39.384538],[22.97262,39.384544],[22.972683,39.384563],[22.972777,39.38459],[22.972839,39.384604],[22.972908,39.38462],[22.973056,39.384645],[22.973065,39.384646],[22.973169,39.384659],[22.973296,39.384668],[22.97334,39.384671],[22.97351,39.384672],[22.973528,39.384672],[22.973639,39.384674],[22.973759,39.384674],[22.973761,39.384674],[22.97385,39.384681],[22.97385,39.384681]]},"properties":{"line":"4","dir":"Άγιος Ονούφριος (Τέρμα)","headsign":"Άγιος Ονούφριος (Τέρμα)","mode":"bus","color":"#0059a9"}},{"type":"Feature","geometry":{"type":"LineString","coordinates":[[22.926347,39.357176],[22.926184,39.357304],[22.926021,39.357433],[22.925859,39.357561],[22.925806,39.357603],[22.925696,39.35769],[22.925596,39.357769],[22.925535,39.35782],[22.925377,39.357951],[22.925218,39.358083],[22.92506,39.358215],[22.924905,39.358343],[22.924901,39.358346],[22.92474,39.358476],[22.924579,39.358606],[22.924418,39.358735],[22.924257,39.358865],[22.924096,39.358995],[22.923959,39.359105],[22.923986,39.359123],[22.924018,39.359143],[22.924172,39.35923],[22.92436,39.359336],[22.924548,39.359441],[22.924736,39.359547],[22.92487,39.359622],[22.924925,39.359652],[22.925112,39.359753],[22.925116,39.359755],[22.925307,39.359857],[22.925499,39.359959],[22.92569,39.360062],[22.925797,39.360119],[22.925883,39.360161],[22.92608,39.360257],[22.926188,39.360311],[22.926276,39.360354],[22.926473,39.36045],[22.92667,39.360545],[22.926744,39.360582],[22.926825,39.360626],[22.92686,39.360648],[22.926876,39.360659],[22.927013,39.360756],[22.927031,39.36077],[22.927192,39.3609],[22.927296,39.360984],[22.927354,39.361029],[22.927493,39.361137],[22.927518,39.361156],[22.927607,39.361223],[22.927685,39.361282],[22.927704,39.361297],[22.92773,39.361316],[22.927849,39.361409],[22.928012,39.361538],[22.9281,39.361607],[22.928175,39.361666],[22.928339,39.361793],[22.928503,39.361921],[22.928546,39.361955],[22.928656,39.362056],[22.928752,39.362145],[22.928805,39.362194],[22.928952,39.362334],[22.929007,39.362385],[22.929094,39.362476],[22.929232,39.362621],[22.929265,39.362655],[22.929314,39.362707],[22.929367,39.362768],[22.929496,39.362917],[22.929517,39.362941],[22.929615,39.363072],[22.929731,39.363228],[22.929839,39.363374],[22.929847,39.363384],[22.929921,39.363481],[22.929999,39.363445],[22.930199,39.363352],[22.930398,39.36326],[22.93042,39.36325],[22.930568,39.363187],[22.930603,39.363175],[22.930731,39.363129],[22.930786,39.363103],[22.93081,39.363091],[22.93091,39.363038],[22.930956,39.363008],[22.930953,39.362987],[22.930956,39.362965],[22.930962,39.362944],[22.930974,39.362925],[22.930989,39.362907],[22.931008,39.362891],[22.93103,39.362878],[22.931054,39.362868],[22.93108,39.362861],[22.931108,39.362857],[22.931135,39.362857],[22.931163,39.362861],[22.931189,39.362868],[22.931215,39.362879],[22.931236,39.362892],[22.931288,39.362883],[22.931342,39.362869],[22.931412,39.362843],[22.931425,39.362838],[22.931629,39.36275],[22.931703,39.362718],[22.93183,39.36266],[22.931865,39.362644],[22.932033,39.362573],[22.932237,39.362486],[22.932441,39.362399],[22.932644,39.362313],[22.932848,39.362226],[22.933052,39.362139],[22.933159,39.362094],[22.933254,39.36205],[22.933304,39.362026],[22.933354,39.361995],[22.933376,39.361979],[22.933398,39.361959],[22.933411,39.361943],[22.933419,39.361928],[22.933425,39.361918],[22.933436,39.361891],[22.933448,39.361854],[22.93346,39.361812],[22.933461,39.361794],[22.933469,39.361771],[22.933476,39.361754],[22.933477,39.361753],[22.933493,39.361734],[22.933531,39.361705],[22.933577,39.361686],[22.933617,39.361679],[22.933658,39.361679],[22.933671,39.361682],[22.933697,39.361687],[22.933733,39.361701],[22.933764,39.361721],[22.933783,39.361723],[22.93381,39.361724],[22.933832,39.361724],[22.933854,39.361722],[22.933873,39.361719],[22.933887,39.361713],[22.933889,39.361713],[22.933917,39.3617],[22.933961,39.361676],[22.933976,39.361666],[22.933989,39.361655],[22.934004,39.361637],[22.934041,39.361584],[22.934151,39.361426],[22.934261,39.361267],[22.934338,39.361158],[22.934275,39.361132],[22.934209,39.361105],[22.934166,39.361088],[22.934069,39.361048],[22.933864,39.360964],[22.933689,39.360893],[22.933658,39.36088],[22.933622,39.360865],[22.933553,39.360837],[22.933452,39.360796],[22.933247,39.360712],[22.933131,39.360664],[22.933041,39.360628],[22.932836,39.360544],[22.932817,39.360536],[22.932743,39.360689],[22.932662,39.360858],[22.932581,39.361026],[22.932527,39.361137],[22.932499,39.361195],[22.932494,39.361206],[22.932441,39.361312],[22.932415,39.361363],[22.932367,39.36146],[22.932432,39.361481],[22.932458,39.361488],[22.932494,39.361498],[22.932553,39.36151],[22.932609,39.36152],[22.932656,39.361527],[22.932684,39.361529],[22.932702,39.36153],[22.932754,39.361532],[22.93278,39.36153],[22.9328,39.361528],[22.932828,39.36152],[22.932845,39.361512],[22.932861,39.361499],[22.932874,39.361486],[22.932884,39.361471],[22.932891,39.361462],[22.93294,39.36137],[22.933021,39.3614],[22.933206,39.36147],[22.93323,39.36148],[22.933241,39.361484],[22.933315,39.361522],[22.933417,39.361582],[22.93342,39.361583],[22.933469,39.361613],[22.933577,39.361686],[22.933603,39.361681],[22.933617,39.361679],[22.933658,39.361679],[22.933697,39.361687],[22.933733,39.361701],[22.933764,39.361721],[22.933775,39.361732],[22.93379,39.361749],[22.933801,39.36175],[22.933822,39.361752],[22.933854,39.361758],[22.933879,39.361763],[22.933912,39.361772],[22.933963,39.36179],[22.934018,39.361811],[22.934077,39.36184],[22.934113,39.361857],[22.934192,39.36189],[22.934218,39.361898],[22.934429,39.361966],[22.934561,39.362007],[22.934644,39.362034],[22.934859,39.362103],[22.935072,39.36217],[22.935074,39.362171],[22.935289,39.362239],[22.935361,39.362262],[22.935505,39.362307],[22.93569,39.362366],[22.93572,39.362376],[22.93575,39.362386],[22.935935,39.362444],[22.936105,39.362498],[22.936142,39.362506],[22.936152,39.362507],[22.936223,39.362518],[22.936289,39.362526],[22.936357,39.362532],[22.936382,39.362534],[22.936398,39.362535],[22.936447,39.362537],[22.936501,39.36254],[22.936547,39.362539],[22.936614,39.362537],[22.936618,39.362537],[22.936643,39.362535],[22.936683,39.362531],[22.936719,39.362526],[22.936768,39.362517],[22.936842,39.362502],[22.937029,39.362465],[22.937067,39.362458],[22.937293,39.362414],[22.937318,39.362409],[22.937458,39.362383],[22.937519,39.362373],[22.937549,39.362368],[22.937563,39.362356],[22.937586,39.362341],[22.93761,39.36233],[22.937633,39.362321],[22.937657,39.362313],[22.937687,39.362306],[22.937725,39.362297],[22.937756,39.362289],[22.93793,39.362256],[22.93795,39.362252],[22.937966,39.362249],[22.938088,39.362215],[22.938095,39.362193],[22.938106,39.362171],[22.93812,39.362154],[22.938124,39.36215],[22.938141,39.362134],[22.938162,39.36212],[22.938188,39.362106],[22.938203,39.362101],[22.938214,39.362097],[22.938244,39.36209],[22.938272,39.362087],[22.938304,39.362087],[22.938328,39.362091],[22.938333,39.362092],[22.938365,39.3621],[22.938395,39.362113],[22.938419,39.362127],[22.938442,39.362146],[22.938457,39.362164],[22.938526,39.362171],[22.93855,39.362173],[22.938648,39.362179],[22.938758,39.362178],[22.938991,39.362177],[22.939223,39.362176],[22.939456,39.362175],[22.939688,39.362174],[22.939921,39.362173],[22.940153,39.362172],[22.940256,39.362172],[22.940386,39.362171],[22.940619,39.362171],[22.940851,39.36217],[22.941084,39.362169],[22.941279,39.362168],[22.941316,39.362173],[22.941326,39.362174],[22.941383,39.36218],[22.941438,39.362184],[22.941491,39.362187],[22.941544,39.36219],[22.941547,39.36219],[22.941591,39.362191],[22.941665,39.362191],[22.941687,39.36219],[22.941722,39.362187],[22.941752,39.362184],[22.941776,39.362179],[22.941783,39.362177],[22.941807,39.362172],[22.941829,39.362166],[22.941846,39.362161],[22.941873,39.362151],[22.941894,39.362137],[22.941917,39.362125],[22.941941,39.362116],[22.941967,39.362109],[22.941994,39.362104],[22.941999,39.3621],[22.942044,39.362062],[22.942062,39.362046],[22.942083,39.362027],[22.94211,39.361999],[22.942131,39.361973],[22.942143,39.361959],[22.942166,39.361928],[22.942185,39.361902],[22.942208,39.361871],[22.942227,39.361848],[22.942241,39.361833],[22.942257,39.361817],[22.942268,39.361807],[22.942275,39.361801],[22.942291,39.361787],[22.942319,39.361765],[22.94235,39.361741],[22.942389,39.361713],[22.942433,39.361682],[22.942433,39.361682],[22.942506,39.361629],[22.942627,39.361596],[22.94284,39.361539],[22.942847,39.361537],[22.943067,39.36148],[22.943159,39.361456],[22.943216,39.361439],[22.943285,39.361416],[22.943317,39.361405],[22.94349,39.361334],[22.943554,39.361307],[22.943692,39.361244],[22.943755,39.361215],[22.943892,39.361152],[22.944049,39.361081],[22.944092,39.361061],[22.944225,39.361],[22.944292,39.360969],[22.9443,39.360966],[22.944492,39.360877],[22.944534,39.360858],[22.944692,39.360786],[22.944789,39.360741],[22.944892,39.360694],[22.94499,39.360649],[22.945092,39.360602],[22.945287,39.360512],[22.945292,39.36051],[22.945316,39.360499],[22.945492,39.360417],[22.945622,39.360357],[22.945691,39.360325],[22.945883,39.360236],[22.945891,39.360233],[22.946091,39.360141],[22.946269,39.360061],[22.946291,39.36005],[22.946269,39.360061],[22.946401,39.360201],[22.946537,39.360347],[22.946648,39.360466],[22.946673,39.360493],[22.946704,39.360525],[22.94681,39.360638],[22.946946,39.360784],[22.947083,39.36093],[22.947219,39.361075],[22.947262,39.36112],[22.947356,39.361221],[22.947492,39.361367],[22.947505,39.36138],[22.947629,39.361512],[22.947657,39.361543],[22.947765,39.361658],[22.947902,39.361804],[22.947994,39.361902],[22.948038,39.361949],[22.948174,39.362095],[22.948311,39.36224],[22.94836,39.362293],[22.948447,39.362386],[22.948584,39.362532],[22.94866,39.362613],[22.94872,39.362677],[22.948857,39.362823],[22.948993,39.362969],[22.94913,39.363114],[22.949256,39.36325],[22.949266,39.36326],[22.949403,39.363406],[22.949539,39.363551],[22.949676,39.363697],[22.949812,39.363843],[22.949847,39.36388],[22.949948,39.363988],[22.950085,39.364134],[22.950221,39.36428],[22.950355,39.364423],[22.950358,39.364425],[22.950384,39.364453],[22.950494,39.364571],[22.950631,39.364717],[22.950767,39.364862],[22.9509,39.365004],[22.950904,39.365008],[22.95104,39.365153],[22.951123,39.365242],[22.951177,39.365299],[22.951313,39.365445],[22.951328,39.365461],[22.95145,39.36559],[22.951586,39.365736],[22.951722,39.365882],[22.951766,39.365928],[22.95183,39.365996],[22.951859,39.366027],[22.951997,39.366172],[22.952135,39.366316],[22.952273,39.366461],[22.952329,39.36652],[22.952411,39.366606],[22.952549,39.366751],[22.952687,39.366896],[22.952791,39.367004],[22.952825,39.36704],[22.952963,39.367185],[22.953101,39.36733],[22.953239,39.367475],[22.953314,39.367553],[22.953377,39.36762],[22.953515,39.367764],[22.95355,39.367801],[22.953655,39.367908],[22.953795,39.368051],[22.95385,39.368107],[22.953933,39.368196],[22.954036,39.368308],[22.954068,39.368342],[22.954099,39.368374],[22.954202,39.368489],[22.954334,39.368637],[22.954467,39.368785],[22.954557,39.368886],[22.954604,39.36893],[22.954753,39.369069],[22.954776,39.369091],[22.954823,39.369131],[22.954866,39.369164],[22.954916,39.369196],[22.954967,39.369229],[22.955012,39.369257],[22.955097,39.369309],[22.955198,39.369371],[22.955277,39.36942],[22.955279,39.369421],[22.955452,39.369541],[22.955516,39.369584],[22.955405,39.36962],[22.955258,39.369667],[22.95519,39.369687],[22.95503,39.369735],[22.954974,39.369754],[22.954861,39.369793],[22.954763,39.36983],[22.954675,39.369863],[22.954581,39.369905],[22.954559,39.369916],[22.954485,39.369955],[22.954369,39.370019],[22.954339,39.370036],[22.954203,39.370117],[22.954184,39.370128],[22.954087,39.370189],[22.954151,39.370257],[22.954183,39.370291],[22.954233,39.370345],[22.954287,39.370402],[22.954355,39.370474],[22.954377,39.370498],[22.954424,39.370548],[22.954485,39.370613],[22.954558,39.370691],[22.95456,39.370693],[22.954685,39.370827],[22.954697,39.370839],[22.954833,39.370985],[22.95497,39.37113],[22.955107,39.371276],[22.955243,39.371421],[22.955285,39.371466],[22.95538,39.371567],[22.955426,39.371616],[22.955516,39.371712],[22.955569,39.371769],[22.955653,39.371858],[22.955692,39.371899],[22.95579,39.372003],[22.955926,39.372149],[22.956054,39.372285],[22.956063,39.372295],[22.956196,39.372437],[22.956199,39.37244],[22.956321,39.372569],[22.956336,39.372586],[22.956473,39.372731],[22.956477,39.372736],[22.956609,39.372877],[22.956709,39.372984],[22.956746,39.373022],[22.956819,39.3731],[22.956882,39.373168],[22.957019,39.373313],[22.957079,39.373377],[22.957155,39.373459],[22.957259,39.373569],[22.957292,39.373604],[22.957429,39.37375],[22.957529,39.373856],[22.957565,39.373896],[22.957702,39.374041],[22.957721,39.374061],[22.957838,39.374187],[22.957869,39.374219],[22.957975,39.374332],[22.957983,39.37434],[22.958013,39.374373],[22.958047,39.374408],[22.958112,39.374478],[22.958126,39.374493],[22.95819,39.374561],[22.958222,39.374595],[22.958248,39.374623],[22.958276,39.374654],[22.958386,39.374768],[22.958408,39.374791],[22.958526,39.374912],[22.958651,39.375039],[22.958666,39.375055],[22.958674,39.375063],[22.958805,39.375199],[22.958945,39.375343],[22.958946,39.375345],[22.959079,39.37549],[22.959213,39.375637],[22.95931,39.375743],[22.959348,39.375783],[22.959418,39.375857],[22.959485,39.375929],[22.95962,39.376075],[22.959641,39.376098],[22.959767,39.376215],[22.95978,39.376228],[22.95985,39.376289],[22.959923,39.376348],[22.959929,39.376353],[22.960012,39.376419],[22.96007,39.376459],[22.960091,39.376472],[22.960125,39.376493],[22.960196,39.376533],[22.96028,39.376577],[22.960417,39.376651],[22.960473,39.376678],[22.960565,39.376723],[22.96067,39.376773],[22.960867,39.376868],[22.96088,39.376874],[22.961069,39.376958],[22.961188,39.37701],[22.961271,39.377047],[22.961473,39.377136],[22.961512,39.377153],[22.961673,39.377228],[22.961795,39.377285],[22.961871,39.377322],[22.962068,39.377417],[22.962265,39.377513],[22.962266,39.377513],[22.962395,39.377584],[22.962455,39.377617],[22.962483,39.377632],[22.96255,39.377674],[22.962633,39.377731],[22.962647,39.37774],[22.962755,39.377814],[22.962806,39.377852],[22.962904,39.377924],[22.962975,39.377976],[22.963071,39.378046],[22.963139,39.378103],[22.963275,39.378217],[22.963296,39.378236],[22.963448,39.378372],[22.9636,39.378508],[22.963752,39.378644],[22.963861,39.378741],[22.963904,39.37878],[22.964056,39.378916],[22.964083,39.37894],[22.96421,39.379051],[22.964364,39.379186],[22.964518,39.379321],[22.964613,39.379405],[22.964651,39.379437],[22.964672,39.379455],[22.964757,39.379529],[22.964772,39.379542],[22.964828,39.379589],[22.964986,39.379721],[22.964993,39.379726],[22.965145,39.379852],[22.965303,39.379984],[22.965462,39.380115],[22.965621,39.380247],[22.965697,39.38031],[22.965724,39.38033],[22.965764,39.380355],[22.96579,39.380369],[22.965803,39.380376],[22.965865,39.380402],[22.965902,39.380414],[22.965943,39.380425],[22.965987,39.380434],[22.966004,39.380436],[22.966045,39.380442],[22.966101,39.380446],[22.966145,39.380446],[22.966199,39.380443],[22.966234,39.38044],[22.966261,39.380437],[22.966308,39.380432],[22.966359,39.380431],[22.966397,39.380433],[22.966444,39.380439],[22.966474,39.380443],[22.966495,39.380447],[22.966546,39.380456],[22.966607,39.380469],[22.966675,39.380487],[22.966703,39.380495],[22.966824,39.380531],[22.96692,39.380558],[22.967138,39.380621],[22.967275,39.38066],[22.967356,39.380683],[22.967447,39.38071],[22.967575,39.380744],[22.967794,39.380804],[22.967968,39.380851],[22.968013,39.380863],[22.968233,39.380922],[22.96824,39.380924],[22.968452,39.380982],[22.968671,39.381041],[22.968891,39.381101],[22.96899,39.381128],[22.969012,39.381132],[22.969031,39.381135],[22.96905,39.381135],[22.969068,39.381134],[22.969087,39.381129],[22.969118,39.381156],[22.969121,39.381159],[22.969141,39.381175],[22.969167,39.381197],[22.969188,39.381214],[22.969191,39.381234],[22.969184,39.38125],[22.969141,39.381302],[22.969131,39.381314],[22.969025,39.38145],[22.969022,39.381457],[22.969019,39.381466],[22.969014,39.38149],[22.969013,39.381505],[22.969017,39.38152],[22.969021,39.381532],[22.969035,39.381555],[22.969058,39.381581],[22.969075,39.381598],[22.969095,39.381615],[22.969115,39.381628],[22.969138,39.381642],[22.969173,39.38166],[22.969288,39.381716],[22.969334,39.381739],[22.969482,39.381816],[22.969637,39.381898],[22.969674,39.381917],[22.969735,39.38195],[22.969818,39.381999],[22.969859,39.382025],[22.969875,39.382035],[22.969981,39.382111],[22.970029,39.382148],[22.970085,39.38219],[22.970175,39.382265],[22.97019,39.382278],[22.970271,39.382351],[22.970347,39.38241],[22.970509,39.382539],[22.970586,39.382601],[22.970671,39.382669],[22.970831,39.382799],[22.970972,39.382912],[22.97099,39.38293],[22.971102,39.383035],[22.971131,39.383073],[22.97119,39.38315],[22.971249,39.383228],[22.971264,39.383248],[22.971351,39.383383],[22.971353,39.383388],[22.971376,39.38344],[22.971391,39.383494],[22.971398,39.383549],[22.971399,39.383564],[22.971399,39.383599],[22.971395,39.383645],[22.971383,39.383697],[22.971371,39.383741],[22.97136,39.383779],[22.971326,39.38386],[22.971305,39.383914],[22.971302,39.383924],[22.971216,39.38408],[22.971195,39.384117],[22.971129,39.384245],[22.971095,39.384312],[22.971041,39.384412],[22.970996,39.384497],[22.970949,39.384578],[22.970895,39.384671],[22.970877,39.384705],[22.970865,39.384734],[22.970861,39.384754],[22.97086,39.384771],[22.970862,39.384789],[22.970866,39.384807],[22.970875,39.384824],[22.970883,39.384834],[22.970893,39.384845],[22.970906,39.384854],[22.970931,39.384861],[22.970957,39.384863]]},"properties":{"line":"4","dir":"Άγιος Ονούφριος (στροφή)","headsign":"Άγιος Ονούφριος (στροφή)","mode":"bus","color":"#0059a9"}},{"type":"Feature","geometry":{"type":"LineString","coordinates":[[22.926347,39.357176],[22.926184,39.357304],[22.926021,39.357433],[22.925859,39.357561],[22.925806,39.357603],[22.925696,39.35769],[22.925596,39.357769],[22.925535,39.35782],[22.925377,39.357951],[22.925218,39.358083],[22.92506,39.358215],[22.924905,39.358343],[22.924901,39.358346],[22.92474,39.358476],[22.924579,39.358606],[22.924418,39.358735],[22.924257,39.358865],[22.924096,39.358995],[22.923959,39.359105],[22.923986,39.359123],[22.924018,39.359143],[22.924172,39.35923],[22.92436,39.359336],[22.924548,39.359441],[22.924736,39.359547],[22.92487,39.359622],[22.924925,39.359652],[22.925112,39.359753],[22.925116,39.359755],[22.925307,39.359857],[22.925499,39.359959],[22.92569,39.360062],[22.925797,39.360119],[22.925883,39.360161],[22.92608,39.360257],[22.926188,39.360311],[22.926276,39.360354],[22.926473,39.36045],[22.92667,39.360545],[22.926744,39.360582],[22.926825,39.360626],[22.92686,39.360648],[22.926876,39.360659],[22.927013,39.360756],[22.927031,39.36077],[22.927192,39.3609],[22.927296,39.360984],[22.927354,39.361029],[22.927493,39.361137],[22.927518,39.361156],[22.927607,39.361223],[22.927685,39.361282],[22.927704,39.361297],[22.92773,39.361316],[22.927849,39.361409],[22.928012,39.361538],[22.9281,39.361607],[22.928175,39.361666],[22.928339,39.361793],[22.928503,39.361921],[22.928546,39.361955],[22.928656,39.362056],[22.928752,39.362145],[22.928805,39.362194],[22.928952,39.362334],[22.929007,39.362385],[22.929094,39.362476],[22.929232,39.362621],[22.929265,39.362655],[22.929314,39.362707],[22.929367,39.362768],[22.929496,39.362917],[22.929517,39.362941],[22.929615,39.363072],[22.929731,39.363228],[22.929839,39.363374],[22.929847,39.363384],[22.929921,39.363481],[22.929999,39.363445],[22.930199,39.363352],[22.930398,39.36326],[22.93042,39.36325],[22.930568,39.363187],[22.930603,39.363175],[22.930731,39.363129],[22.930786,39.363103],[22.93081,39.363091],[22.93091,39.363038],[22.930956,39.363008],[22.930953,39.362987],[22.930956,39.362965],[22.930958,39.362957],[22.930962,39.362944],[22.930974,39.362925],[22.930989,39.362907],[22.931008,39.362891],[22.93103,39.362878],[22.931054,39.362868],[22.93108,39.362861],[22.931108,39.362857],[22.931135,39.362857],[22.931139,39.362858],[22.931163,39.362861],[22.931189,39.362868],[22.931215,39.362879],[22.931236,39.362892],[22.931288,39.362883],[22.931342,39.362869],[22.931361,39.362862],[22.931412,39.362843],[22.931567,39.362777],[22.931703,39.362718],[22.931769,39.362688],[22.931865,39.362644],[22.931868,39.362569],[22.931871,39.362548],[22.931885,39.362445],[22.931904,39.362392],[22.931915,39.362371],[22.931999,39.362203],[22.932083,39.362035],[22.932166,39.361867],[22.932194,39.361812],[22.932249,39.361699],[22.932332,39.361531],[22.932367,39.36146],[22.932432,39.361481],[22.932479,39.361494],[22.932494,39.361498],[22.932553,39.36151],[22.932609,39.36152],[22.932656,39.361527],[22.932702,39.36153],[22.932707,39.36153],[22.932754,39.361532],[22.93278,39.36153],[22.9328,39.361528],[22.932828,39.36152],[22.932845,39.361512],[22.932861,39.361499],[22.932874,39.361486],[22.93289,39.361463],[22.932891,39.361462],[22.93294,39.36137],[22.933017,39.361399],[22.933206,39.36147],[22.933224,39.361477],[22.933241,39.361484],[22.933315,39.361522],[22.933417,39.361582],[22.933469,39.361613],[22.933577,39.361686],[22.933604,39.361681],[22.933617,39.361679],[22.933658,39.361679],[22.933697,39.361687],[22.933733,39.361701],[22.933764,39.361721],[22.933775,39.361732],[22.93379,39.361749],[22.933804,39.361751],[22.933822,39.361752],[22.933854,39.361758],[22.933879,39.361763],[22.933912,39.361772],[22.933963,39.36179],[22.934018,39.361811],[22.93402,39.361812],[22.934077,39.36184],[22.934113,39.361857],[22.934192,39.36189],[22.934223,39.3619],[22.934437,39.361968],[22.934561,39.362007],[22.934652,39.362037],[22.934867,39.362105],[22.935072,39.36217],[22.935082,39.362174],[22.935298,39.362242],[22.935361,39.362262],[22.935513,39.36231],[22.93569,39.362366],[22.935728,39.362378],[22.93575,39.362386],[22.935943,39.362447],[22.936105,39.362498],[22.936142,39.362506],[22.93616,39.362509],[22.936223,39.362518],[22.936289,39.362526],[22.936357,39.362532],[22.93639,39.362535],[22.936398,39.362535],[22.936447,39.362537],[22.936501,39.36254],[22.936547,39.362539],[22.936618,39.362537],[22.936623,39.362536],[22.936643,39.362535],[22.936683,39.362531],[22.936719,39.362526],[22.936768,39.362517],[22.93685,39.362501],[22.937029,39.362465],[22.937076,39.362456],[22.937301,39.362412],[22.937318,39.362409],[22.937458,39.362383],[22.937528,39.362372],[22.937549,39.362368],[22.937563,39.362356],[22.937586,39.362341],[22.93761,39.36233],[22.937633,39.362321],[22.937657,39.362313],[22.937687,39.362306],[22.937734,39.362295],[22.937756,39.362289],[22.93793,39.362256],[22.937959,39.36225],[22.937966,39.362249],[22.938088,39.362215],[22.938095,39.362193],[22.938106,39.362171],[22.93812,39.362154],[22.93813,39.362144],[22.938141,39.362134],[22.938162,39.36212],[22.938188,39.362106],[22.938203,39.362101],[22.938214,39.362097],[22.938244,39.36209],[22.938272,39.362087],[22.938304,39.362087],[22.938333,39.362092],[22.938336,39.362093],[22.938365,39.3621],[22.938395,39.362113],[22.938419,39.362127],[22.938442,39.362146],[22.938457,39.362164],[22.938535,39.362171],[22.93855,39.362173],[22.938648,39.362179],[22.938767,39.362178],[22.938999,39.362177],[22.939232,39.362176],[22.939465,39.362175],[22.939697,39.362174],[22.93993,39.362173],[22.940162,39.362172],[22.940256,39.362172],[22.940395,39.362171],[22.940627,39.362171],[22.94086,39.36217],[22.941093,39.362169],[22.941279,39.362168],[22.941325,39.362174],[22.941326,39.362174],[22.941383,39.36218],[22.941438,39.362184],[22.941491,39.362187],[22.941544,39.36219],[22.941556,39.36219],[22.941591,39.362191],[22.941665,39.362191],[22.941687,39.36219],[22.941722,39.362187],[22.941752,39.362184],[22.941776,39.362179],[22.941791,39.362176],[22.941807,39.362172],[22.941829,39.362166],[22.941846,39.362161],[22.941873,39.362151],[22.941894,39.362137],[22.941917,39.362125],[22.941941,39.362116],[22.941967,39.362109],[22.941994,39.362104],[22.942005,39.362095],[22.942044,39.362062],[22.942062,39.362046],[22.942083,39.362027],[22.94211,39.361999],[22.942131,39.361973],[22.942143,39.361959],[22.942149,39.361951],[22.942166,39.361928],[22.942185,39.361902],[22.942208,39.361871],[22.942227,39.361848],[22.942241,39.361833],[22.942257,39.361817],[22.942273,39.361802],[22.942275,39.361801],[22.942291,39.361787],[22.942319,39.361765],[22.94235,39.361741],[22.942389,39.361713],[22.942433,39.361682],[22.94244,39.361678],[22.942506,39.361629],[22.942636,39.361594],[22.94284,39.361539],[22.942855,39.361535],[22.943076,39.361477],[22.943159,39.361456],[22.943216,39.361439],[22.943293,39.361413],[22.943317,39.361405],[22.943498,39.36133],[22.943554,39.361307],[22.943699,39.361241],[22.943755,39.361215],[22.9439,39.361149],[22.944049,39.361081],[22.9441,39.361057],[22.944225,39.361],[22.9443,39.360966],[22.9443,39.360966],[22.9445,39.360874],[22.944534,39.360858],[22.9447,39.360782],[22.944789,39.360741],[22.9449,39.36069],[22.94499,39.360649],[22.9451,39.360598],[22.945287,39.360512],[22.9453,39.360506],[22.945316,39.360499],[22.945499,39.360414],[22.945622,39.360357],[22.945699,39.360322],[22.945883,39.360236],[22.945898,39.360229],[22.946099,39.360138],[22.946269,39.360061],[22.946298,39.360046],[22.946269,39.360061],[22.946406,39.360207],[22.946542,39.360353],[22.946648,39.360466],[22.946679,39.360498],[22.946704,39.360525],[22.946815,39.360644],[22.946952,39.36079],[22.947088,39.360935],[22.947225,39.361081],[22.947262,39.36112],[22.947361,39.361226],[22.947497,39.361372],[22.947505,39.36138],[22.947634,39.361518],[22.947657,39.361543],[22.94777,39.361663],[22.947907,39.361809],[22.947994,39.361902],[22.948043,39.361955],[22.94818,39.3621],[22.948316,39.362246],[22.94836,39.362293],[22.948453,39.362392],[22.948589,39.362537],[22.94866,39.362613],[22.948725,39.362683],[22.948862,39.362829],[22.948998,39.362974],[22.949135,39.36312],[22.949256,39.36325],[22.949271,39.363266],[22.949408,39.363411],[22.949544,39.363557],[22.949681,39.363703],[22.949817,39.363848],[22.949847,39.36388],[22.949954,39.363994],[22.95009,39.364139],[22.950227,39.364285],[22.950355,39.364423],[22.950363,39.364431],[22.950384,39.364453],[22.9505,39.364576],[22.950636,39.364722],[22.950772,39.364868],[22.9509,39.365004],[22.950909,39.365013],[22.951045,39.365159],[22.951123,39.365242],[22.951182,39.365305],[22.951318,39.36545],[22.951328,39.365461],[22.951455,39.365596],[22.951591,39.365742],[22.951728,39.365887],[22.951766,39.365928],[22.95183,39.365996],[22.951865,39.366032],[22.952003,39.366177],[22.952141,39.366322],[22.952279,39.366467],[22.952329,39.36652],[22.952417,39.366612],[22.952555,39.366756],[22.952693,39.366901],[22.952791,39.367004],[22.95283,39.367046],[22.952968,39.367191],[22.953106,39.367335],[22.953244,39.36748],[22.953314,39.367553],[22.953382,39.367625],[22.95352,39.36777],[22.95355,39.367801],[22.95366,39.367913],[22.953801,39.368057],[22.95385,39.368107],[22.953938,39.368202],[22.954036,39.368308],[22.954074,39.368348],[22.954099,39.368374],[22.954207,39.368495],[22.954339,39.368643],[22.954472,39.368791],[22.954557,39.368886],[22.95461,39.368935],[22.954758,39.369074],[22.954776,39.369091],[22.954823,39.369131],[22.954866,39.369164],[22.954923,39.3692],[22.954967,39.369229],[22.955012,39.369257],[22.955104,39.369313],[22.955198,39.369371],[22.955277,39.36942],[22.955285,39.369426],[22.955459,39.369545],[22.955516,39.369584],[22.955397,39.369622],[22.955258,39.369667],[22.955182,39.36969],[22.95503,39.369735],[22.954966,39.369757],[22.954861,39.369793],[22.954755,39.369833],[22.954675,39.369863],[22.954581,39.369905],[22.954552,39.36992],[22.954485,39.369955],[22.954361,39.370023],[22.954339,39.370036],[22.954203,39.370117],[22.954177,39.370133],[22.954087,39.370189],[22.954156,39.370262],[22.954183,39.370291],[22.954233,39.370345],[22.954292,39.370408],[22.954355,39.370474],[22.954377,39.370498],[22.954429,39.370553],[22.954485,39.370613],[22.954558,39.370691],[22.954565,39.370699],[22.954685,39.370827],[22.954702,39.370844],[22.954839,39.37099],[22.95497,39.37113],[22.954975,39.371136],[22.955112,39.371281],[22.955248,39.371427],[22.955285,39.371466],[22.955385,39.371572],[22.955426,39.371616],[22.955522,39.371718],[22.955569,39.371769],[22.955658,39.371863],[22.955692,39.371899],[22.955795,39.372009],[22.955931,39.372155],[22.956054,39.372285],[22.956068,39.3723],[22.956196,39.372437],[22.956205,39.372446],[22.956321,39.372569],[22.956341,39.372591],[22.956477,39.372736],[22.956478,39.372737],[22.956614,39.372882],[22.956709,39.372984],[22.956751,39.373028],[22.956819,39.3731],[22.956887,39.373173],[22.957024,39.373319],[22.957079,39.373377],[22.957161,39.373464],[22.957259,39.373569],[22.957297,39.37361],[22.957434,39.373756],[22.957529,39.373856],[22.95757,39.373901],[22.957707,39.374047],[22.957721,39.374061],[22.957844,39.374192],[22.957869,39.374219],[22.95798,39.374338],[22.957983,39.37434],[22.958013,39.374373],[22.958047,39.374408],[22.958117,39.374483],[22.958126,39.374493],[22.95819,39.374561],[22.958222,39.374595],[22.958253,39.374629],[22.958276,39.374654],[22.958391,39.374773],[22.958408,39.374791],[22.958531,39.374917],[22.958651,39.375039],[22.958671,39.375061],[22.958674,39.375063],[22.958811,39.375205],[22.958946,39.375345],[22.95895,39.375349],[22.959084,39.375496],[22.959218,39.375643],[22.95931,39.375743],[22.959354,39.375789],[22.959418,39.375857],[22.95949,39.375935],[22.959625,39.376081],[22.959641,39.376098],[22.959772,39.37622],[22.95978,39.376228],[22.95985,39.376289],[22.959929,39.376353],[22.959929,39.376353],[22.960012,39.376419],[22.96007,39.376459],[22.960098,39.376477],[22.960125,39.376493],[22.960196,39.376533],[22.960287,39.376581],[22.960417,39.376651],[22.96048,39.376681],[22.960565,39.376723],[22.960677,39.376777],[22.960875,39.376872],[22.96088,39.376874],[22.961077,39.376961],[22.961188,39.37701],[22.961279,39.37705],[22.961481,39.377139],[22.961512,39.377153],[22.96168,39.377231],[22.961795,39.377285],[22.961879,39.377325],[22.962076,39.377421],[22.962266,39.377513],[22.962272,39.377517],[22.962395,39.377584],[22.962462,39.377621],[22.962483,39.377632],[22.96255,39.377674],[22.96264,39.377736],[22.962647,39.37774],[22.962755,39.377814],[22.962813,39.377856],[22.962904,39.377924],[22.962981,39.37798],[22.963071,39.378046],[22.963145,39.378108],[22.963275,39.378217],[22.963301,39.378241],[22.963454,39.378377],[22.963606,39.378513],[22.963758,39.378649],[22.963861,39.378741],[22.96391,39.378785],[22.964062,39.378921],[22.964083,39.37894],[22.964216,39.379056],[22.96437,39.379191],[22.964524,39.379326],[22.964613,39.379405],[22.964651,39.379437],[22.964678,39.379461],[22.964757,39.379529],[22.964772,39.379542],[22.964834,39.379594],[22.964992,39.379726],[22.964993,39.379726],[22.965151,39.379857],[22.965309,39.379989],[22.965468,39.38012],[22.965627,39.380252],[22.965697,39.38031],[22.965724,39.38033],[22.965764,39.380355],[22.965797,39.380373],[22.965803,39.380376],[22.965865,39.380402],[22.965902,39.380414],[22.965943,39.380425],[22.965987,39.380434],[22.966013,39.380438],[22.966045,39.380442],[22.966101,39.380446],[22.966145,39.380446],[22.966199,39.380443],[22.966243,39.380439],[22.966261,39.380437],[22.966308,39.380432],[22.966359,39.380431],[22.966397,39.380433],[22.966444,39.380439],[22.966482,39.380445],[22.966495,39.380447],[22.966546,39.380456],[22.966607,39.380469],[22.966675,39.380487],[22.966712,39.380498],[22.966824,39.380531],[22.966929,39.380561],[22.967147,39.380623],[22.967275,39.38066],[22.967365,39.380686],[22.967447,39.38071],[22.967583,39.380746],[22.967802,39.380806],[22.967968,39.380851],[22.968022,39.380865],[22.96824,39.380924],[22.968241,39.380924],[22.96846,39.380984],[22.96868,39.381044],[22.968899,39.381103],[22.96899,39.381128],[22.969012,39.381132],[22.969031,39.381135],[22.96905,39.381135],[22.969068,39.381134],[22.969087,39.381129],[22.969121,39.381159]]},"properties":{"line":"4","dir":"Αηδονοφωλιές","headsign":"Αηδονοφωλιές","mode":"bus","color":"#0059a9"}},{"type":"Feature","geometry":{"type":"LineString","coordinates":[[22.998257,39.383759],[22.998179,39.383771],[22.998082,39.383786],[22.998029,39.383792],[22.99799,39.383796],[22.997935,39.383807],[22.997858,39.383834],[22.997816,39.383857],[22.997798,39.383866],[22.997744,39.383903],[22.997641,39.383973],[22.997617,39.38399],[22.997557,39.384039],[22.997508,39.384054],[22.997457,39.384054],[22.997448,39.384051],[22.99742,39.384043],[22.997373,39.384015],[22.997275,39.383934],[22.997181,39.383857],[22.997115,39.383804],[22.997102,39.383794],[22.996981,39.383696],[22.996958,39.383672],[22.996918,39.383631],[22.996878,39.383576],[22.99686,39.383532],[22.996852,39.383513],[22.996846,39.383497],[22.996835,39.383398],[22.996833,39.383335],[22.996832,39.383285],[22.996827,39.383251],[22.996815,39.383178],[22.996812,39.383156],[22.996804,39.383105],[22.996799,39.383058],[22.996802,39.383009],[22.99681,39.382977],[22.996816,39.382948],[22.996848,39.382876],[22.996875,39.382814],[22.996878,39.382806],[22.996898,39.382762],[22.996955,39.382636],[22.996968,39.382609],[22.996976,39.382572],[22.99698,39.382544],[22.996977,39.38246],[22.996974,39.382396],[22.996967,39.382327],[22.996961,39.38228],[22.99696,39.38227],[22.996954,39.382241],[22.99694,39.382206],[22.996905,39.382123],[22.996901,39.382107],[22.996895,39.38208],[22.996894,39.382042],[22.9969,39.382005],[22.996913,39.381978],[22.996927,39.381959],[22.996948,39.381939],[22.996956,39.381931],[22.996985,39.381915],[22.997021,39.381902],[22.997056,39.381895],[22.997093,39.381895],[22.997136,39.381903],[22.997162,39.381911],[22.997178,39.381916],[22.997223,39.381934],[22.997284,39.381963],[22.997342,39.381994],[22.997359,39.382005],[22.997404,39.382033],[22.997476,39.382077],[22.997516,39.382095],[22.99755,39.382106],[22.997551,39.382106],[22.997573,39.382109],[22.997597,39.382108],[22.997624,39.382102],[22.997647,39.382084],[22.997661,39.38206],[22.997667,39.382043],[22.997667,39.382017],[22.997658,39.381991],[22.997632,39.381959],[22.997606,39.381937],[22.997531,39.381893],[22.997434,39.381836],[22.997351,39.381776],[22.99733,39.381761],[22.997282,39.381727],[22.997198,39.381659],[22.997185,39.381649],[22.997104,39.381584],[22.997058,39.381554],[22.997017,39.381531],[22.996991,39.381517],[22.99693,39.381493],[22.996854,39.381466],[22.996818,39.381456],[22.996767,39.381442],[22.996637,39.381416],[22.996597,39.381411],[22.996544,39.381406],[22.996425,39.3814],[22.996367,39.381397],[22.996268,39.381393],[22.996135,39.381391],[22.996121,39.381391],[22.996047,39.38139],[22.996003,39.381391],[22.995963,39.381395],[22.995912,39.381404],[22.9959,39.381407],[22.995815,39.381429],[22.995711,39.38146],[22.9957,39.381464],[22.995608,39.381496],[22.995488,39.381538],[22.995435,39.381556],[22.99528,39.381616],[22.995264,39.381623],[22.995079,39.381704],[22.995033,39.381725],[22.994885,39.381801],[22.994854,39.381817],[22.994686,39.381896],[22.994533,39.381967],[22.994488,39.381989],[22.994367,39.382048],[22.994296,39.382087],[22.994223,39.382128],[22.994136,39.382182],[22.994114,39.382196],[22.993984,39.382281],[22.99394,39.382314],[22.99384,39.382389],[22.993766,39.382435],[22.993712,39.38247],[22.993638,39.382521],[22.993585,39.38255],[22.993397,39.382656],[22.993305,39.382707],[22.993203,39.382757],[22.993091,39.38281],[22.993024,39.382851],[22.993014,39.382858],[22.992975,39.382885],[22.992934,39.382932],[22.992828,39.382932],[22.992682,39.382932],[22.992602,39.382931],[22.992595,39.38293],[22.992557,39.382927],[22.992506,39.38292],[22.99244,39.382907],[22.992389,39.382894],[22.99237,39.382888],[22.992335,39.382876],[22.992263,39.382846],[22.992201,39.382816],[22.992168,39.382799],[22.992098,39.382764],[22.991979,39.382694],[22.991802,39.382589],[22.991794,39.382585],[22.991606,39.38248],[22.991557,39.382452],[22.991416,39.382376],[22.991224,39.382274],[22.991033,39.382171],[22.991004,39.382156],[22.990832,39.382082],[22.990821,39.382078],[22.990735,39.382044],[22.990625,39.382012],[22.990622,39.382011],[22.990528,39.381988],[22.990413,39.381963],[22.990401,39.381961],[22.990307,39.381943],[22.990236,39.381923],[22.990178,39.381905],[22.990168,39.381902],[22.990065,39.381865],[22.989969,39.381823],[22.989967,39.381822],[22.989881,39.381788],[22.989807,39.381771],[22.989768,39.381764],[22.989762,39.381763],[22.989723,39.381762],[22.989674,39.381772],[22.98965,39.381789],[22.989631,39.38181],[22.989615,39.381848],[22.989614,39.381858],[22.989609,39.381896],[22.989619,39.381934],[22.989635,39.38197],[22.989663,39.38199],[22.989711,39.382016],[22.989725,39.382022],[22.989773,39.38204],[22.989864,39.382073],[22.989939,39.382095],[22.989966,39.382103],[22.990112,39.382151],[22.990151,39.382167],[22.990228,39.382198],[22.990309,39.382236],[22.990348,39.382261],[22.990359,39.382267],[22.990424,39.382326],[22.990486,39.382398],[22.990489,39.382403],[22.990605,39.382559],[22.990623,39.382584],[22.990734,39.382708],[22.990738,39.382713],[22.99078,39.382756],[22.990821,39.382793],[22.990855,39.382818],[22.990885,39.382836],[22.990889,39.382839],[22.990968,39.382878],[22.991022,39.382901],[22.991085,39.382928],[22.991103,39.382935],[22.991158,39.382962],[22.991194,39.382982],[22.991228,39.383003],[22.991249,39.383021],[22.991264,39.383039],[22.991273,39.383057],[22.99128,39.383078],[22.991282,39.383095],[22.99128,39.383113],[22.991277,39.383129],[22.991274,39.383142],[22.991268,39.383159],[22.991261,39.383171],[22.991253,39.383182],[22.991242,39.383191],[22.991239,39.383193],[22.991221,39.383201],[22.991202,39.383206],[22.99117,39.38321],[22.991142,39.383211],[22.991098,39.383211],[22.991044,39.383207],[22.991038,39.383206],[22.99097,39.383198],[22.990923,39.383188],[22.990876,39.383176],[22.990818,39.383155],[22.99079,39.383144],[22.990745,39.383121],[22.990695,39.383091],[22.990673,39.383073],[22.990639,39.383046],[22.990637,39.383044],[22.990615,39.383022],[22.990587,39.382989],[22.990552,39.38294],[22.990517,39.382888],[22.990498,39.38286],[22.990451,39.38278],[22.990416,39.382731],[22.990414,39.382729],[22.990369,39.382679],[22.990337,39.382651],[22.990302,39.382624],[22.990263,39.382601],[22.990257,39.382598],[22.990211,39.382577],[22.990151,39.382557],[22.990043,39.382531],[22.990036,39.38253],[22.989961,39.382515],[22.989855,39.382501],[22.989814,39.382495],[22.989646,39.382472],[22.989586,39.382463],[22.989553,39.382458],[22.989464,39.382439],[22.989366,39.382406],[22.989356,39.382403],[22.989168,39.382327],[22.98916,39.382323],[22.988982,39.382237],[22.988964,39.382227],[22.98883,39.382153],[22.98878,39.382117],[22.988731,39.382082],[22.98862,39.381986],[22.988602,39.381971],[22.988474,39.381847],[22.988464,39.381838],[22.988342,39.381719],[22.988328,39.381707],[22.98826,39.381642],[22.988207,39.381597],[22.988172,39.381573],[22.988154,39.381561],[22.98807,39.381518],[22.987988,39.381487],[22.987965,39.38148],[22.987875,39.381452],[22.987758,39.381421],[22.987744,39.381418],[22.987657,39.381398],[22.987589,39.381387],[22.987523,39.38138],[22.987512,39.381379],[22.987425,39.381374],[22.987278,39.381375],[22.987097,39.381377],[22.987045,39.381379],[22.987013,39.38138],[22.986942,39.381374],[22.986883,39.381359],[22.986831,39.381338],[22.986824,39.381335],[22.986772,39.381305],[22.986731,39.381269],[22.986695,39.381228],[22.986681,39.381193],[22.986679,39.381189],[22.986664,39.381143],[22.986657,39.381108],[22.986663,39.381048],[22.986674,39.381011],[22.986675,39.381007],[22.986696,39.380967],[22.986723,39.380925],[22.986771,39.38087],[22.986788,39.38085],[22.986844,39.380785],[22.986922,39.380702],[22.987058,39.380556],[22.987155,39.380453],[22.987195,39.380411],[22.987332,39.380266],[22.987469,39.38012],[22.98747,39.380119],[22.987548,39.380032],[22.987605,39.379974],[22.987626,39.379953],[22.987647,39.379926],[22.987665,39.379886],[22.987673,39.379854],[22.987675,39.379826],[22.987674,39.379807],[22.987673,39.37979],[22.987669,39.379764],[22.98766,39.379739],[22.987646,39.379715],[22.987623,39.379691],[22.987602,39.379676],[22.987571,39.379655],[22.987571,39.379655],[22.987535,39.37964],[22.987492,39.379628],[22.987456,39.379622],[22.987422,39.37962],[22.987393,39.379622],[22.987367,39.379626],[22.987348,39.379631],[22.987345,39.379633],[22.987327,39.37964],[22.987303,39.379651],[22.987284,39.379664],[22.987268,39.379683],[22.987257,39.379697],[22.987241,39.379727],[22.987217,39.379773],[22.987207,39.379794],[22.987168,39.379879],[22.987146,39.379945],[22.987136,39.379976],[22.987088,39.380119],[22.987088,39.38012],[22.987059,39.380206],[22.987038,39.380253],[22.987013,39.380289],[22.987,39.380308],[22.986958,39.380352],[22.986915,39.380392],[22.986869,39.380426],[22.986865,39.38043],[22.986798,39.380473],[22.986706,39.380525],[22.986687,39.380535],[22.986593,39.380586],[22.986513,39.380626],[22.986495,39.380636],[22.986445,39.380664],[22.986388,39.380698],[22.98634,39.38073],[22.986317,39.38075],[22.986285,39.380779],[22.986243,39.380831],[22.986197,39.380904],[22.986187,39.380921],[22.98614,39.381012],[22.986113,39.381071],[22.986052,39.381202],[22.986032,39.38124],[22.986008,39.381288],[22.985982,39.381327],[22.985963,39.381351],[22.985949,39.381368],[22.985931,39.381381],[22.985916,39.381391],[22.985889,39.381404],[22.985865,39.381411],[22.985833,39.381415],[22.985801,39.381419],[22.98577,39.381418],[22.985739,39.381411],[22.985711,39.381401],[22.985701,39.381396],[22.985685,39.381386],[22.985668,39.38137],[22.985651,39.381346],[22.985642,39.381323],[22.985636,39.3813],[22.985632,39.381272],[22.985633,39.381249],[22.985634,39.38124],[22.985638,39.381217],[22.985648,39.381189],[22.985671,39.381155],[22.985736,39.381083],[22.985774,39.38104],[22.985865,39.380933],[22.985935,39.380853],[22.985993,39.380783],[22.986119,39.380632],[22.986136,39.380612],[22.986179,39.380553],[22.986205,39.380506],[22.98622,39.38047],[22.986223,39.380462],[22.986232,39.380426],[22.986238,39.380382],[22.986244,39.380335],[22.986245,39.380294],[22.986245,39.380294],[22.986241,39.380246],[22.98621,39.38012],[22.986209,39.380119],[22.98619,39.380025],[22.986178,39.37994],[22.986177,39.379934],[22.986175,39.379895],[22.986174,39.379879],[22.986173,39.379842],[22.986173,39.379812],[22.986182,39.379758],[22.986186,39.379735],[22.986203,39.379696],[22.986232,39.37964],[22.986264,39.379584],[22.986286,39.379546],[22.986362,39.37942],[22.986387,39.379379],[22.986467,39.379259],[22.986499,39.379211],[22.986565,39.379105],[22.986569,39.379098],[22.986616,39.379019],[22.986647,39.378954],[22.986656,39.378933],[22.986683,39.378872],[22.986724,39.378781],[22.986732,39.378763],[22.986761,39.378695],[22.986807,39.378593],[22.98681,39.378585],[22.986853,39.378502],[22.986904,39.378431],[22.986917,39.378413],[22.986971,39.378358],[22.987032,39.378308],[22.987053,39.378292],[22.98711,39.378247],[22.987175,39.378201],[22.98722,39.378167],[22.987287,39.378117],[22.987382,39.378052],[22.987394,39.378044],[22.987477,39.377992],[22.987536,39.377954],[22.987563,39.377932],[22.987564,39.377932],[22.987576,39.377917],[22.987586,39.3779],[22.987592,39.377877],[22.987593,39.377854],[22.987589,39.377826],[22.987583,39.377808],[22.987571,39.377782],[22.987566,39.377771],[22.987562,39.377764],[22.987547,39.377747],[22.987524,39.377732],[22.987495,39.377718],[22.987457,39.377707],[22.987426,39.377702],[22.987398,39.377701],[22.987376,39.377704],[22.987372,39.377704],[22.98735,39.377712],[22.987333,39.377721],[22.98732,39.37773],[22.987308,39.377741],[22.987294,39.377754],[22.987283,39.377766],[22.987234,39.377832],[22.987211,39.377861],[22.987179,39.3779],[22.987151,39.37793],[22.987119,39.37796],[22.987093,39.377979],[22.98706,39.378005],[22.986963,39.378065],[22.986916,39.378091],[22.986868,39.378118],[22.986783,39.378156],[22.986722,39.37819],[22.986698,39.378204],[22.986604,39.378268],[22.986563,39.378305],[22.986554,39.378314],[22.986518,39.378351],[22.986485,39.3784],[22.986457,39.378462],[22.986453,39.378471],[22.98643,39.378534],[22.986394,39.378644],[22.986388,39.378665],[22.986327,39.378811],[22.986324,39.378816],[22.986251,39.378925],[22.98621,39.378972],[22.986195,39.37899],[22.986114,39.379056],[22.98605,39.379102],[22.985986,39.379148],[22.985881,39.379225],[22.985874,39.37923],[22.985778,39.379293],[22.985706,39.379343],[22.985689,39.379355],[22.985651,39.379385],[22.985627,39.379407],[22.985601,39.379439],[22.985585,39.379462],[22.98557,39.37949],[22.985559,39.379509],[22.985542,39.379545],[22.985521,39.379606],[22.985504,39.379663],[22.985498,39.379688],[22.985471,39.379822],[22.985467,39.379841],[22.985447,39.379933],[22.985426,39.380018],[22.985423,39.38003],[22.9854,39.380104],[22.985381,39.380167],[22.98537,39.380192],[22.985361,39.380214],[22.98534,39.380255],[22.985322,39.380277],[22.985302,39.380291],[22.985278,39.380305],[22.98526,39.380315],[22.985236,39.380326],[22.985153,39.380354],[22.98507,39.380376],[22.985029,39.380383],[22.98507,39.380376],[22.985076,39.380415],[22.985062,39.380435],[22.985058,39.380438],[22.985035,39.380459],[22.984993,39.38048],[22.984928,39.380519],[22.984878,39.380552],[22.984877,39.380553],[22.984842,39.380585],[22.984775,39.380653],[22.984737,39.380698],[22.984716,39.380724],[22.984667,39.380782],[22.98461,39.380849],[22.984598,39.380863],[22.984544,39.380938],[22.984515,39.380988],[22.984506,39.381008],[22.984482,39.38106],[22.984461,39.38112],[22.984451,39.381156],[22.984447,39.381178],[22.984445,39.381189],[22.98445,39.381238],[22.984462,39.381281],[22.984476,39.381311],[22.984492,39.381333],[22.984505,39.381346],[22.984513,39.381354],[22.984533,39.381372],[22.984564,39.38139],[22.984591,39.3814],[22.984637,39.381414],[22.984695,39.381427],[22.984704,39.38143],[22.984731,39.381439],[22.98478,39.381464],[22.984825,39.381489],[22.98489,39.381535],[22.985025,39.381631],[22.985062,39.381657],[22.985178,39.381743],[22.98523,39.381781],[22.985254,39.381798],[22.985297,39.381827],[22.985369,39.38187],[22.985408,39.381893],[22.985425,39.381903],[22.9855,39.381938],[22.985583,39.381969],[22.985601,39.381974],[22.985684,39.381994],[22.985798,39.382014],[22.98582,39.382019],[22.985878,39.382032],[22.985923,39.382046],[22.985967,39.382065],[22.985997,39.382088],[22.986006,39.382097],[22.986021,39.382113],[22.986032,39.382132],[22.986044,39.382161],[22.986055,39.3822],[22.986061,39.382225],[22.986067,39.382252],[22.986068,39.382287],[22.986065,39.382303],[22.986053,39.382328],[22.986031,39.382355],[22.986001,39.382383],[22.98597,39.382401],[22.985955,39.382405],[22.985917,39.382416],[22.985829,39.382433],[22.985724,39.382445],[22.985676,39.382451],[22.985494,39.382469],[22.985475,39.382471],[22.985277,39.382487],[22.985263,39.382488],[22.985221,39.382494],[22.985182,39.382505],[22.985148,39.382521],[22.985121,39.382554],[22.985106,39.382589],[22.985104,39.382595],[22.9851,39.382624],[22.9851,39.382647],[22.98511,39.382677],[22.985122,39.382704],[22.985138,39.382732],[22.985161,39.382762],[22.985167,39.38277],[22.985202,39.382809],[22.985298,39.382908],[22.98533,39.382939],[22.985395,39.383006],[22.985441,39.383049],[22.98545,39.383058],[22.985459,39.383066],[22.98549,39.383101],[22.98553,39.383145],[22.985567,39.383195],[22.985569,39.383198],[22.985604,39.383252],[22.985627,39.383295],[22.985648,39.383342],[22.985656,39.383364],[22.985662,39.383384],[22.985673,39.383438],[22.98568,39.3835],[22.985683,39.383543],[22.985683,39.383553],[22.985682,39.383608],[22.985669,39.383675],[22.985657,39.383723],[22.985647,39.383765],[22.985609,39.383899],[22.985601,39.383927],[22.985557,39.384074],[22.985504,39.384249],[22.985484,39.384317],[22.985465,39.38436],[22.985443,39.384391],[22.985422,39.384412],[22.98542,39.384414],[22.985374,39.384445],[22.985279,39.384491],[22.985235,39.384511],[22.985162,39.384546],[22.985065,39.384587],[22.985036,39.384603],[22.984987,39.38463],[22.98494,39.384666],[22.984909,39.384696],[22.98489,39.38472],[22.984885,39.384728],[22.984871,39.384754],[22.98486,39.384796],[22.984859,39.384822],[22.984865,39.384856],[22.984876,39.384891],[22.984881,39.3849],[22.984888,39.384914],[22.984922,39.38497],[22.984961,39.385027],[22.984986,39.38506],[22.985002,39.385082],[22.985039,39.385129],[22.985092,39.385183],[22.985118,39.385207],[22.985151,39.385238],[22.985214,39.385287],[22.985283,39.385333],[22.985312,39.385352],[22.985461,39.385448],[22.985494,39.385469],[22.985643,39.385559],[22.985721,39.385606],[22.985822,39.385674],[22.985878,39.385712],[22.985995,39.385794],[22.98604,39.385825],[22.986135,39.385893],[22.98617,39.385912],[22.986203,39.38593],[22.986267,39.385955],[22.98636,39.385982],[22.986378,39.38599],[22.98643,39.386011],[22.986486,39.386045],[22.986519,39.386077],[22.986547,39.386105],[22.986562,39.386124],[22.986589,39.386166],[22.986614,39.386205],[22.986646,39.386264],[22.986647,39.386265],[22.986676,39.386315],[22.986711,39.386367],[22.986751,39.386412],[22.986762,39.386421],[22.986821,39.386473],[22.986893,39.386533],[22.986919,39.386552],[22.986948,39.386573],[22.987,39.386602],[22.987057,39.386632],[22.987105,39.386656],[22.987117,39.386663],[22.987202,39.386694],[22.98729,39.386728],[22.987311,39.386738],[22.987385,39.386772],[22.987507,39.386835],[22.98754,39.386853],[22.987705,39.386928],[22.987763,39.386955],[22.987911,39.387013],[22.987963,39.387033],[22.988028,39.387061],[22.988084,39.387086],[22.988112,39.387101],[22.988113,39.387102],[22.988146,39.38713],[22.988178,39.387165],[22.988195,39.387193],[22.988215,39.387226],[22.988229,39.387254],[22.988304,39.387407],[22.988311,39.387422],[22.988346,39.387496],[22.988393,39.387574],[22.988402,39.387588],[22.988444,39.387655],[22.988495,39.387733],[22.988505,39.387749],[22.988525,39.387781],[22.988537,39.387805],[22.988546,39.387831],[22.988559,39.387893],[22.988562,39.38792],[22.988564,39.38794],[22.988562,39.387979],[22.988558,39.388004],[22.988553,39.388026],[22.988541,39.388056],[22.988521,39.388086],[22.988512,39.388096],[22.988497,39.388112],[22.988467,39.388135],[22.988425,39.388163],[22.988343,39.388212],[22.988321,39.388226],[22.988181,39.388318],[22.988165,39.388329],[22.988013,39.388429],[22.987989,39.388451],[22.987979,39.388459],[22.98794,39.388499],[22.987867,39.388578],[22.98785,39.388596],[22.987805,39.388646],[22.987733,39.388714],[22.987702,39.388734],[22.987666,39.388758],[22.987618,39.388772],[22.987548,39.38877],[22.987488,39.388753],[22.987475,39.38875],[22.987403,39.388721],[22.987355,39.388694],[22.987325,39.388667],[22.987313,39.388644],[22.987304,39.388627],[22.987292,39.3886],[22.987285,39.388563],[22.98728,39.388488],[22.987281,39.388468],[22.98729,39.388362],[22.987301,39.388308],[22.987307,39.388289],[22.987323,39.38824],[22.987352,39.388194],[22.987405,39.388128],[22.987406,39.388128],[22.987459,39.388059],[22.987468,39.388037],[22.98748,39.387994],[22.987477,39.387962],[22.987476,39.387955],[22.98746,39.38792],[22.987427,39.387875],[22.987377,39.387843],[22.987342,39.387825],[22.987329,39.387818],[22.987272,39.387801],[22.987228,39.387798],[22.98718,39.387799],[22.987126,39.387808],[22.987118,39.387811],[22.987093,39.387823],[22.987056,39.387848],[22.987029,39.387871],[22.987008,39.387893],[22.986978,39.387921],[22.986961,39.387941],[22.986958,39.387944],[22.98691,39.387991],[22.986869,39.388034],[22.986819,39.388084],[22.986788,39.388115],[22.98677,39.388133],[22.986733,39.388162],[22.986688,39.388187],[22.986651,39.388207],[22.986641,39.388212],[22.986586,39.388231],[22.986532,39.388241],[22.986459,39.388242],[22.98643,39.388238],[22.986401,39.388234],[22.986347,39.38822],[22.986316,39.388203],[22.986269,39.388163],[22.986252,39.388145],[22.986229,39.38812],[22.986209,39.388099],[22.986178,39.388063],[22.986119,39.387998],[22.986112,39.38799],[22.986031,39.387893],[22.985988,39.38785],[22.985981,39.387843],[22.985953,39.38782],[22.985907,39.387789],[22.985824,39.38775],[22.985806,39.387744],[22.985767,39.38773],[22.985701,39.387716],[22.985608,39.387706],[22.985586,39.387706],[22.985543,39.387706],[22.985491,39.387708],[22.985442,39.387715],[22.985401,39.387727],[22.98537,39.38774],[22.985366,39.387741],[22.98534,39.387756],[22.985306,39.387781],[22.985284,39.3878],[22.985244,39.387842],[22.985213,39.387872],[22.985152,39.387934],[22.985106,39.387982],[22.985077,39.388017],[22.985058,39.388041],[22.985015,39.388088],[22.984961,39.388147],[22.984944,39.388165],[22.984886,39.388223],[22.984794,39.388299],[22.984791,39.388301],[22.98471,39.38837],[22.984648,39.388414],[22.984627,39.388427],[22.984588,39.388451],[22.984548,39.388474],[22.984467,39.388516],[22.984438,39.388529],[22.984393,39.388548],[22.984331,39.388575],[22.984295,39.38859],[22.984248,39.388602],[22.98423,39.388604],[22.984194,39.388609],[22.984136,39.38861],[22.984067,39.388605],[22.983991,39.388594],[22.98399,39.388593],[22.983864,39.38857],[22.983805,39.388565],[22.983764,39.388567],[22.983734,39.388569],[22.983694,39.388582],[22.98365,39.388608],[22.983624,39.388633],[22.983605,39.388665],[22.9836,39.388677],[22.983592,39.388694],[22.983581,39.38872],[22.983557,39.388776],[22.983548,39.388793],[22.983539,39.388826],[22.983535,39.38885],[22.983534,39.388855],[22.983534,39.388879],[22.983537,39.388906],[22.983542,39.388931],[22.983548,39.388961],[22.983562,39.389023],[22.983561,39.38903],[22.983561,39.389061],[22.983554,39.389123],[22.983531,39.389204],[22.98353,39.38921],[22.983503,39.389296],[22.983483,39.389361],[22.983503,39.389296],[22.98353,39.38921],[22.98353,39.389209],[22.983554,39.389123],[22.983561,39.389061],[22.983561,39.389034],[22.983562,39.389023],[22.983548,39.388961],[22.983542,39.388931],[22.983537,39.388906],[22.983534,39.388879],[22.983534,39.388855],[22.983534,39.388854],[22.983539,39.388826],[22.983548,39.388793],[22.983557,39.388776],[22.983581,39.38872],[22.983592,39.388694],[22.983598,39.388681],[22.983605,39.388665],[22.983624,39.388633],[22.98365,39.388608],[22.983694,39.388582],[22.983734,39.388569],[22.983758,39.388567],[22.983805,39.388565],[22.983864,39.38857],[22.98399,39.388593],[22.984067,39.388605],[22.984136,39.38861],[22.984194,39.388609],[22.984225,39.388605],[22.984248,39.388602],[22.984295,39.38859],[22.984331,39.388575],[22.984393,39.388548],[22.984433,39.388531],[22.984467,39.388516],[22.984548,39.388474],[22.984588,39.388451],[22.984622,39.38843],[22.984648,39.388414],[22.98471,39.38837],[22.984787,39.388304],[22.984794,39.388299],[22.984886,39.388223],[22.98494,39.388168],[22.984961,39.388147],[22.985015,39.388088],[22.985058,39.388041],[22.985074,39.388021],[22.985106,39.387982],[22.985152,39.387934],[22.98521,39.387875],[22.985244,39.387842],[22.985284,39.3878],[22.985306,39.387781],[22.98534,39.387756],[22.985362,39.387744],[22.98537,39.38774],[22.985401,39.387727],[22.985442,39.387715],[22.985491,39.387708],[22.985543,39.387706],[22.98558,39.387706],[22.985608,39.387706],[22.985701,39.387716],[22.985767,39.38773],[22.985801,39.387742],[22.985824,39.38775],[22.985907,39.387789],[22.985953,39.38782],[22.985981,39.387843],[22.985985,39.387847],[22.986031,39.387893],[22.986112,39.38799],[22.986116,39.387995],[22.986178,39.388063],[22.986209,39.388099],[22.986229,39.38812],[22.986249,39.388142],[22.986269,39.388163],[22.986316,39.388203],[22.986347,39.38822],[22.986401,39.388234],[22.986425,39.388238],[22.986459,39.388242],[22.986532,39.388241],[22.986586,39.388231],[22.986641,39.388212],[22.986646,39.388209],[22.986688,39.388187],[22.986733,39.388162],[22.98677,39.388133],[22.986788,39.388115],[22.986816,39.388087],[22.986869,39.388034],[22.98691,39.387991],[22.986958,39.387944],[22.986978,39.387921],[22.987008,39.387893],[22.987029,39.387871],[22.987056,39.387848],[22.987093,39.387823],[22.987114,39.387813],[22.987126,39.387808],[22.98718,39.387799],[22.987228,39.387798],[22.987272,39.387801],[22.987329,39.387818],[22.987337,39.387823],[22.987377,39.387843],[22.987427,39.387875],[22.98746,39.38792],[22.987476,39.387955],[22.987476,39.387958],[22.98748,39.387994],[22.987468,39.388037],[22.987459,39.388059],[22.987408,39.388124],[22.987406,39.388128],[22.987352,39.388194],[22.987323,39.38824],[22.987308,39.388285],[22.987301,39.388308],[22.98729,39.388362],[22.987282,39.388464],[22.98728,39.388488],[22.987285,39.388563],[22.987292,39.3886],[22.987304,39.388627],[22.987311,39.38864],[22.987325,39.388667],[22.987355,39.388694],[22.987403,39.388721],[22.987475,39.38875],[22.987483,39.388752],[22.987548,39.38877],[22.987618,39.388772],[22.987666,39.388758],[22.987698,39.388737],[22.987733,39.388714],[22.987805,39.388646],[22.987847,39.3886],[22.987867,39.388578],[22.98794,39.388499],[22.987979,39.388459],[22.987985,39.388454],[22.988013,39.388429],[22.988161,39.388332],[22.988181,39.388318],[22.988321,39.388226],[22.988339,39.388215],[22.988425,39.388163],[22.988467,39.388135],[22.988497,39.388112],[22.988509,39.388099],[22.988521,39.388086],[22.988541,39.388056],[22.988553,39.388026],[22.988558,39.388004],[22.988562,39.387979],[22.988564,39.38794],[22.988562,39.387924],[22.988559,39.387893],[22.988546,39.387831],[22.988537,39.387805],[22.988525,39.387781],[22.988507,39.387753],[22.988495,39.387733],[22.988444,39.387655],[22.988404,39.387591],[22.988393,39.387574],[22.988346,39.387496],[22.988312,39.387426],[22.988304,39.387407],[22.98823,39.387257],[22.988215,39.387226],[22.988195,39.387193],[22.988178,39.387165],[22.988146,39.38713],[22.988117,39.387105],[22.988112,39.387101],[22.988084,39.387086],[22.988028,39.387061],[22.987963,39.387033],[22.987916,39.387014],[22.987763,39.386955],[22.98771,39.386931],[22.98754,39.386853],[22.987511,39.386838],[22.987385,39.386772],[22.987316,39.38674],[22.98729,39.386728],[22.987202,39.386694],[22.987117,39.386663],[22.987109,39.386659],[22.987057,39.386632],[22.987,39.386602],[22.986948,39.386573],[22.986923,39.386555],[22.986893,39.386533],[22.986821,39.386473],[22.986765,39.386424],[22.986751,39.386412],[22.986711,39.386367],[22.986676,39.386315],[22.986649,39.386269],[22.986646,39.386264],[22.986614,39.386205],[22.986589,39.386166],[22.986562,39.386124],[22.986549,39.386108],[22.986547,39.386105],[22.986519,39.386077],[22.986486,39.386045],[22.98643,39.386011],[22.986383,39.385992],[22.98636,39.385982],[22.986267,39.385955],[22.986203,39.38593],[22.986175,39.385915],[22.986135,39.385893],[22.98604,39.385825],[22.985999,39.385797],[22.985878,39.385712],[22.985826,39.385677],[22.985721,39.385606],[22.985647,39.385562],[22.985494,39.385469],[22.985465,39.38545],[22.985312,39.385352],[22.985287,39.385335],[22.985214,39.385287],[22.985151,39.385238],[22.985121,39.385211],[22.985092,39.385183],[22.985039,39.385129],[22.985002,39.385082],[22.984988,39.385064],[22.984961,39.385027],[22.984922,39.38497],[22.984888,39.384914],[22.984883,39.384904],[22.984876,39.384891],[22.984865,39.384856],[22.984859,39.384822],[22.98486,39.384796],[22.984871,39.384754],[22.984883,39.384732],[22.98489,39.38472],[22.984909,39.384696],[22.98494,39.384666],[22.984987,39.38463],[22.985032,39.384605],[22.985065,39.384587],[22.985162,39.384546],[22.985231,39.384514],[22.985279,39.384491],[22.985374,39.384445],[22.98542,39.384414],[22.985443,39.384391],[22.985465,39.38436],[22.985484,39.384317],[22.985503,39.384253],[22.985555,39.384078],[22.985601,39.383927],[22.985608,39.383903],[22.985647,39.383765],[22.985656,39.383727],[22.985669,39.383675],[22.985682,39.383608],[22.985683,39.383553],[22.985683,39.383548],[22.98568,39.3835],[22.985673,39.383438],[22.985662,39.383384],[22.985657,39.383368],[22.985648,39.383342],[22.985627,39.383295],[22.985604,39.383252],[22.985571,39.383201],[22.985567,39.383195],[22.98553,39.383145],[22.98549,39.383101],[22.985459,39.383066],[22.98545,39.383058],[22.985444,39.383052],[22.985395,39.383006],[22.98533,39.382939],[22.985301,39.382911],[22.985202,39.382809],[22.985167,39.38277],[22.985164,39.382766],[22.985138,39.382732],[22.985122,39.382704],[22.98511,39.382677],[22.9851,39.382647],[22.9851,39.382624],[22.985104,39.382599],[22.985106,39.382589],[22.985121,39.382554],[22.985148,39.382521],[22.985182,39.382505],[22.985221,39.382494],[22.985258,39.382489],[22.985277,39.382487],[22.985475,39.382471],[22.985489,39.38247],[22.985676,39.382451],[22.985719,39.382446],[22.985829,39.382433],[22.985917,39.382416],[22.98595,39.382406],[22.98597,39.382401],[22.986001,39.382383],[22.986031,39.382355],[22.986053,39.382328],[22.986065,39.382303],[22.986068,39.382287],[22.986067,39.382252],[22.986061,39.382225],[22.986055,39.3822],[22.986044,39.382161],[22.986032,39.382132],[22.986021,39.382113],[22.986009,39.382101],[22.985997,39.382088],[22.985967,39.382065],[22.985923,39.382046],[22.985878,39.382032],[22.985825,39.38202],[22.985798,39.382014],[22.985684,39.381994],[22.985606,39.381975],[22.985583,39.381969],[22.9855,39.381938],[22.985425,39.381903],[22.985412,39.381896],[22.985369,39.38187],[22.985297,39.381827],[22.985254,39.381798],[22.985234,39.381784],[22.985178,39.381743],[22.985065,39.38166],[22.985025,39.381631],[22.984895,39.381539],[22.98489,39.381535],[22.984825,39.381489],[22.98478,39.381464],[22.984731,39.381439],[22.984709,39.381431],[22.984695,39.381427],[22.984637,39.381414],[22.984591,39.3814],[22.984564,39.38139],[22.984533,39.381372],[22.984513,39.381354],[22.984508,39.381349],[22.984492,39.381333],[22.984476,39.381311],[22.984462,39.381281],[22.98445,39.381238],[22.984445,39.381189],[22.984446,39.381182],[22.984451,39.381156],[22.984461,39.38112],[22.984482,39.38106],[22.984504,39.381012],[22.984515,39.380988],[22.984544,39.380938],[22.984598,39.380863],[22.984607,39.380852],[22.984667,39.380782],[22.984716,39.380724],[22.984735,39.380702],[22.984775,39.380653],[22.984842,39.380585],[22.984873,39.380556],[22.984877,39.380553],[22.984928,39.380519],[22.984993,39.38048],[22.985035,39.380459],[22.985055,39.380441],[22.985062,39.380435],[22.985076,39.380415],[22.98507,39.380376],[22.985029,39.380383],[22.984969,39.380395],[22.984908,39.380407],[22.984855,39.380417],[22.984746,39.380439],[22.984684,39.380453],[22.984647,39.380462],[22.984564,39.380484],[22.984486,39.380511],[22.984468,39.380519],[22.98442,39.38054],[22.984337,39.380587],[22.984277,39.380624],[22.984206,39.380667],[22.984092,39.380732],[22.984075,39.380742],[22.983902,39.380836],[22.983874,39.380851],[22.983715,39.380943],[22.98353,39.381052],[22.983456,39.381095],[22.983346,39.381162],[22.983163,39.381273],[22.98298,39.381384],[22.982898,39.381433],[22.982802,39.381499],[22.982795,39.381503],[22.982677,39.381583],[22.982631,39.381619],[22.982615,39.381632],[22.982586,39.381662],[22.982565,39.381688],[22.982534,39.381742],[22.982525,39.381769],[22.982523,39.381778],[22.982522,39.381809],[22.982526,39.381836],[22.982535,39.38186],[22.982554,39.381885],[22.982568,39.381901],[22.982592,39.381921],[22.9826,39.381927],[22.982619,39.381941],[22.982663,39.381966],[22.982712,39.381989],[22.982766,39.382009],[22.982795,39.382019],[22.982828,39.382031],[22.982899,39.382053],[22.982976,39.382072],[22.983013,39.382081],[22.9831,39.382103],[22.983233,39.382139],[22.983273,39.38215],[22.983452,39.382199],[22.983479,39.382207],[22.983614,39.382248],[22.983669,39.382262],[22.983696,39.382269],[22.983805,39.382289],[22.983892,39.382296],[22.98392,39.382299],[22.98401,39.382305],[22.984092,39.382311],[22.984122,39.382315],[22.984133,39.382317],[22.984172,39.382324],[22.98419,39.382326],[22.984215,39.382333],[22.98424,39.382345],[22.984265,39.382365],[22.984279,39.382391],[22.984285,39.382412],[22.984288,39.382432],[22.984287,39.382452],[22.984276,39.38248],[22.984263,39.382495],[22.984244,39.382511],[22.98421,39.38253],[22.984162,39.382549],[22.984123,39.382563],[22.984092,39.382574],[22.98404,39.382587],[22.983962,39.382603],[22.983908,39.382613],[22.983835,39.382626],[22.983703,39.382648],[22.98368,39.382653],[22.983574,39.382676],[22.983504,39.382693],[22.983467,39.382707],[22.983461,39.38271],[22.983417,39.382732],[22.983391,39.382749],[22.98336,39.382777],[22.983328,39.382811],[22.983308,39.382838],[22.983249,39.382923],[22.983198,39.382996],[22.983168,39.38304],[22.983101,39.383157],[22.983099,39.38316],[22.983063,39.383233],[22.983038,39.383286],[22.98302,39.383329],[22.983019,39.383331],[22.983007,39.383369],[22.982993,39.383424],[22.98298,39.383472],[22.982973,39.383506],[22.982961,39.383568],[22.982946,39.383655],[22.98294,39.383684],[22.982938,39.383691],[22.982925,39.383721],[22.982906,39.383749],[22.982881,39.383773],[22.982859,39.383785],[22.98283,39.383796],[22.982796,39.383799],[22.982791,39.3838],[22.982763,39.383798],[22.982739,39.383792],[22.982701,39.383782],[22.982676,39.383773],[22.982656,39.383761],[22.982638,39.383748],[22.98262,39.383733],[22.982609,39.383722],[22.982602,39.383714],[22.982593,39.383702],[22.982584,39.383685],[22.982581,39.383665],[22.982581,39.383643],[22.982584,39.383622],[22.982589,39.383595],[22.982601,39.383561],[22.982612,39.383538],[22.982613,39.383535],[22.98264,39.383486],[22.982697,39.383389],[22.982707,39.383374],[22.982783,39.383254],[22.982806,39.383212],[22.982872,39.383094],[22.982901,39.383048],[22.982912,39.38303],[22.982949,39.382974],[22.982991,39.382908],[22.983008,39.382887],[22.983031,39.382858],[22.98308,39.382801],[22.983111,39.382759],[22.983123,39.382732],[22.983126,39.382726],[22.98313,39.382702],[22.98313,39.382673],[22.983126,39.382655],[22.983116,39.382637],[22.983104,39.38262],[22.983094,39.382611],[22.983077,39.382597],[22.983058,39.382583],[22.983055,39.382581],[22.983023,39.382565],[22.98299,39.382551],[22.982939,39.382539],[22.982852,39.382525],[22.982836,39.382524],[22.982731,39.382512],[22.982613,39.3825],[22.982606,39.382499],[22.982472,39.382478],[22.98238,39.38246],[22.982339,39.382452],[22.98219,39.382413],[22.982159,39.382404],[22.982084,39.382382],[22.982008,39.382355],[22.981948,39.382331],[22.981922,39.38232],[22.981794,39.382266],[22.981744,39.382244],[22.981545,39.382151],[22.981345,39.382059],[22.981334,39.382054],[22.981202,39.381989],[22.981152,39.381959],[22.981093,39.381925],[22.981014,39.381875],[22.980974,39.381845],[22.980918,39.381803],[22.98086,39.381758],[22.980827,39.381725],[22.980818,39.381715],[22.9808,39.381693],[22.980781,39.381662],[22.980766,39.381629],[22.980754,39.381596],[22.980747,39.381564],[22.980745,39.381549],[22.980743,39.381538],[22.980744,39.381501],[22.980747,39.381466],[22.980755,39.381428],[22.980767,39.381395],[22.980775,39.381376],[22.980777,39.381373],[22.980789,39.381345],[22.980852,39.381203],[22.980912,39.381066],[22.980927,39.381032],[22.980973,39.380928],[22.980988,39.380899],[22.981,39.38088],[22.981012,39.380865],[22.981012,39.380865],[22.981034,39.38084],[22.981068,39.380811],[22.981092,39.380795],[22.981125,39.38078],[22.981155,39.380768],[22.981191,39.380757],[22.981198,39.380755],[22.981274,39.380741],[22.981377,39.380726],[22.981419,39.380722],[22.98154,39.380709],[22.98165,39.3807],[22.981684,39.380697],[22.981814,39.380683],[22.981881,39.380672],[22.981898,39.38067],[22.981958,39.380654],[22.982023,39.380629],[22.982068,39.380606],[22.982104,39.380582],[22.982113,39.380577],[22.98214,39.38055],[22.982161,39.380515],[22.982179,39.380472],[22.982193,39.380416],[22.982196,39.380392],[22.982198,39.380372],[22.982196,39.380321],[22.98219,39.380261],[22.982184,39.380213],[22.982182,39.380199],[22.982174,39.380135],[22.982161,39.38006],[22.982159,39.380039],[22.982159,39.380033],[22.982159,39.379998],[22.982162,39.379962],[22.982182,39.379853],[22.982188,39.379817],[22.982217,39.379702],[22.982223,39.379676],[22.982233,39.379632],[22.982241,39.37958],[22.982242,39.379504],[22.982241,39.379498],[22.982235,39.379434],[22.982226,39.379364],[22.982214,39.379319],[22.982209,39.379301],[22.982184,39.379216],[22.982157,39.379145],[22.982123,39.379053],[22.982089,39.378986],[22.982084,39.378974],[22.982073,39.378946],[22.982063,39.378904],[22.982064,39.378866],[22.982078,39.378797],[22.98208,39.378784],[22.982112,39.37872],[22.98215,39.378667],[22.982176,39.378636],[22.982288,39.378504],[22.982304,39.378486],[22.982341,39.378446],[22.982387,39.378391],[22.982412,39.378347],[22.98242,39.378325],[22.982431,39.37829],[22.982441,39.378235],[22.982439,39.37819],[22.982432,39.37816],[22.982428,39.378147],[22.982421,39.378127],[22.982406,39.378095],[22.982396,39.378075],[22.982377,39.378036],[22.982349,39.377986],[22.982345,39.37798],[22.98224,39.377819],[22.982206,39.377766],[22.982152,39.377679],[22.982139,39.377657],[22.982131,39.377644],[22.982116,39.37761],[22.982108,39.377575],[22.982106,39.377537],[22.982109,39.377503],[22.982116,39.377483],[22.982116,39.377482],[22.982125,39.377466],[22.982141,39.377446],[22.982156,39.377433],[22.982192,39.37741],[22.982215,39.377398],[22.982235,39.377391],[22.982271,39.377382],[22.982292,39.37738],[22.982328,39.377377],[22.982371,39.377375],[22.982404,39.377377],[22.982439,39.377384],[22.98248,39.377395],[22.982527,39.377409],[22.982746,39.377469],[22.982965,39.37753],[22.983052,39.377554],[22.983163,39.377575],[22.983182,39.377577],[22.98324,39.377585],[22.983272,39.377586],[22.98331,39.377584],[22.983342,39.37758],[22.983355,39.377575],[22.983381,39.377567],[22.98341,39.377555],[22.983438,39.377539],[22.983464,39.37752],[22.983479,39.377503],[22.983481,39.377501],[22.983491,39.37748],[22.983495,39.377453],[22.98349,39.37743],[22.983479,39.377402],[22.983464,39.377382],[22.983459,39.377375],[22.983345,39.377229],[22.983279,39.377145],[22.983228,39.377074],[22.983206,39.377043],[22.983132,39.376935],[22.98312,39.376913],[22.983099,39.376877],[22.983078,39.376831],[22.983065,39.376785],[22.983054,39.376738],[22.983047,39.376705],[22.983035,39.376619],[22.983031,39.376557],[22.983028,39.376521],[22.983024,39.376474],[22.983024,39.376419],[22.983027,39.376375],[22.983027,39.376371],[22.983026,39.376345],[22.983023,39.376331],[22.983014,39.376311],[22.983007,39.376296],[22.982995,39.376282],[22.982985,39.376272],[22.982998,39.376233],[22.982985,39.376272],[22.982971,39.376264],[22.982961,39.376259],[22.982945,39.376255],[22.982921,39.376252],[22.982898,39.37625],[22.982881,39.37625],[22.982861,39.376252],[22.982841,39.376255],[22.982821,39.37626],[22.982805,39.376267],[22.98279,39.376276],[22.982779,39.376285],[22.982768,39.376296],[22.98276,39.376309],[22.982753,39.376328],[22.982748,39.37635],[22.982746,39.376364],[22.982746,39.376379],[22.98275,39.376398],[22.982756,39.376416],[22.982759,39.376423],[22.982774,39.376459],[22.982794,39.376502],[22.98284,39.376592],[22.98285,39.376611],[22.982872,39.376663],[22.982898,39.376723],[22.982909,39.376755],[22.982911,39.376762],[22.982918,39.376786],[22.982933,39.376852],[22.982947,39.376905],[22.982959,39.376943],[22.982974,39.376981],[22.98299,39.377011],[22.983033,39.377078],[22.983051,39.377107],[22.983093,39.377176],[22.983104,39.377207],[22.983108,39.377237],[22.983106,39.377254],[22.983106,39.377254],[22.983097,39.377277],[22.983086,39.377298],[22.983076,39.377313],[22.983064,39.377324],[22.983052,39.377333],[22.98304,39.377341],[22.983018,39.37735],[22.983012,39.377351],[22.983001,39.377354],[22.982984,39.377355],[22.982964,39.377355],[22.982937,39.377352],[22.982909,39.377345],[22.982871,39.377332],[22.982846,39.377319],[22.982827,39.37731],[22.982756,39.377268],[22.98267,39.37721],[22.982659,39.377203],[22.982618,39.377174],[22.982547,39.377133],[22.982485,39.377097],[22.982449,39.377075],[22.98238,39.377032],[22.982302,39.376986],[22.982293,39.37698],[22.982224,39.376943],[22.982145,39.376904],[22.982104,39.376884],[22.981999,39.376835],[22.981901,39.376794],[22.981788,39.376748],[22.981694,39.376711],[22.981614,39.37668],[22.981532,39.376652],[22.981481,39.376638],[22.981466,39.376634],[22.981402,39.376621],[22.981357,39.376614],[22.981322,39.376611],[22.981279,39.376612],[22.98126,39.376615],[22.981254,39.376616],[22.981219,39.376624],[22.981184,39.376635],[22.981157,39.376645],[22.981124,39.376659],[22.981088,39.376675],[22.981057,39.37669],[22.981033,39.376702],[22.98096,39.376741],[22.980901,39.376777],[22.980873,39.376795],[22.980862,39.376803],[22.980822,39.376836],[22.980811,39.376846],[22.980796,39.376862],[22.980776,39.376883],[22.980753,39.376913],[22.98074,39.376934],[22.980732,39.376948],[22.980715,39.376982],[22.980699,39.377033],[22.98069,39.37707],[22.980682,39.377105],[22.980679,39.377119],[22.980655,39.377235],[22.980645,39.377283],[22.980639,39.377312],[22.980627,39.377367],[22.980621,39.377404],[22.980621,39.377426],[22.980627,39.377458],[22.980627,39.377459],[22.980636,39.377484],[22.980649,39.377512],[22.980671,39.37755],[22.980704,39.377587],[22.980725,39.377607],[22.980737,39.377616],[22.980758,39.377631],[22.980776,39.377643],[22.980855,39.377686],[22.980921,39.377723],[22.980984,39.377759],[22.981051,39.377798],[22.981105,39.377835],[22.981107,39.377837],[22.981166,39.377882],[22.9812,39.377913],[22.981217,39.377934],[22.981232,39.377962],[22.98124,39.377985],[22.981241,39.377989],[22.981242,39.377998],[22.981243,39.378015],[22.981241,39.378036],[22.981238,39.378049],[22.981234,39.378062],[22.981221,39.378089],[22.981204,39.37811],[22.981192,39.378121],[22.981173,39.378134],[22.981145,39.378151],[22.981131,39.378157],[22.981086,39.378178],[22.981001,39.378212],[22.980925,39.378243],[22.980888,39.378259],[22.980815,39.378287],[22.980779,39.378301],[22.980739,39.378316],[22.980717,39.378324],[22.980711,39.378327],[22.980688,39.378337],[22.98066,39.378353],[22.980599,39.378399],[22.980567,39.378428],[22.980563,39.378433],[22.980536,39.378469],[22.98052,39.378492],[22.980506,39.378523],[22.980498,39.378545],[22.980494,39.378564],[22.98049,39.378584],[22.980492,39.378606],[22.980497,39.378627],[22.980505,39.378648],[22.98053,39.378688],[22.980555,39.378726],[22.980568,39.378745],[22.980588,39.378773],[22.980624,39.378818],[22.980652,39.378858],[22.980665,39.378884],[22.980669,39.37891],[22.980666,39.378928],[22.980664,39.378937],[22.98066,39.378949],[22.980647,39.378967],[22.980631,39.378984],[22.980615,39.378998],[22.980596,39.379009],[22.980558,39.379026],[22.980527,39.379037],[22.980489,39.379049],[22.980467,39.379054],[22.980463,39.379054],[22.980421,39.379059],[22.980371,39.379062],[22.980286,39.379054],[22.980225,39.379045],[22.980198,39.379041],[22.98008,39.379021],[22.979997,39.379005],[22.979978,39.379001],[22.979773,39.378959],[22.979771,39.378959],[22.979573,39.378914],[22.979548,39.378909],[22.979359,39.378868],[22.979324,39.37886],[22.97926,39.378845],[22.979173,39.378827],[22.97912,39.37882],[22.979102,39.37882],[22.979056,39.378818],[22.978982,39.378818],[22.978881,39.378821],[22.978872,39.378822],[22.978787,39.378825],[22.978684,39.378836],[22.978647,39.378843],[22.97843,39.378888],[22.978423,39.378889],[22.978267,39.378923],[22.978203,39.378941],[22.978184,39.378946],[22.978135,39.378962],[22.978078,39.378981],[22.978048,39.378994],[22.978019,39.379011],[22.978008,39.379019],[22.977986,39.379034],[22.977972,39.379054],[22.977955,39.37908],[22.977948,39.379097],[22.977945,39.379117],[22.977945,39.379152],[22.97795,39.379173],[22.977954,39.379193],[22.977971,39.37924],[22.977999,39.379302],[22.978018,39.379344],[22.978045,39.379404],[22.978082,39.379473],[22.978101,39.379512],[22.978132,39.379576],[22.978163,39.379646],[22.978177,39.379681],[22.978179,39.379686],[22.978187,39.379718],[22.978193,39.379751],[22.978194,39.379769],[22.978193,39.379784],[22.978189,39.379804],[22.978184,39.37982],[22.978178,39.379832],[22.978166,39.379852],[22.978151,39.37987],[22.978138,39.379881],[22.978123,39.37989],[22.978106,39.379896],[22.978084,39.379901],[22.978059,39.379903],[22.97803,39.379902],[22.978013,39.379899],[22.977994,39.379896],[22.97796,39.379887],[22.977931,39.379875],[22.977904,39.37986],[22.977867,39.379836],[22.97779,39.379787],[22.977765,39.379771],[22.977712,39.379737],[22.977671,39.37972],[22.977639,39.379712],[22.977612,39.379709],[22.977578,39.379705],[22.977523,39.379711],[22.977457,39.379724],[22.977411,39.379738],[22.977401,39.379742],[22.977334,39.37977],[22.977228,39.379829],[22.977222,39.379832],[22.977124,39.379884],[22.977058,39.379916],[22.977025,39.37993],[22.97698,39.379948],[22.976847,39.379996],[22.976815,39.380008],[22.976655,39.38007],[22.976609,39.38009],[22.976526,39.380126],[22.976458,39.380162],[22.976426,39.380183],[22.976419,39.380188],[22.976369,39.380223],[22.976328,39.380263],[22.976293,39.380308],[22.976282,39.380327],[22.976266,39.380353],[22.9762,39.380462],[22.976184,39.380491],[22.976176,39.380505],[22.976147,39.38054],[22.976123,39.380566],[22.976102,39.380585],[22.976074,39.380606],[22.976048,39.380621],[22.97604,39.380625],[22.976,39.380645],[22.975946,39.380673],[22.97586,39.380713],[22.975843,39.380721],[22.975795,39.380744],[22.975751,39.380766],[22.975712,39.380788],[22.975682,39.380809],[22.975655,39.380828],[22.975652,39.38083],[22.975613,39.38086],[22.97558,39.380886],[22.975549,39.380913],[22.975523,39.380931],[22.975492,39.380949],[22.975459,39.380964],[22.975428,39.380977],[22.975392,39.380987],[22.975366,39.380991],[22.975325,39.380993],[22.975296,39.380992],[22.975264,39.380991],[22.975227,39.380987],[22.97519,39.38098],[22.975138,39.380964],[22.975112,39.380952],[22.975098,39.380943],[22.975073,39.38093],[22.97506,39.380918],[22.975045,39.380905],[22.975031,39.380883],[22.975007,39.380849],[22.974977,39.380798],[22.974973,39.38079],[22.974944,39.380732],[22.974917,39.380678],[22.974899,39.38065],[22.974879,39.380626],[22.974876,39.380623],[22.974847,39.380602],[22.974815,39.380586],[22.974768,39.380569],[22.974691,39.380548],[22.974687,39.380547],[22.974514,39.380512],[22.974462,39.3805],[22.974327,39.380471],[22.974239,39.380444],[22.974205,39.380434],[22.974127,39.380403],[22.974064,39.380374],[22.974029,39.380357],[22.973946,39.380318],[22.973896,39.380297],[22.97386,39.380286],[22.973831,39.380279],[22.973827,39.380278],[22.973798,39.380272],[22.973766,39.380269],[22.973738,39.380269],[22.973698,39.380275],[22.973665,39.380285],[22.973634,39.380299],[22.973633,39.3803],[22.973592,39.380324],[22.973556,39.380356],[22.97354,39.380382],[22.973514,39.380438],[22.973512,39.380445],[22.973472,39.380572],[22.973457,39.380619],[22.9734,39.380795],[22.973386,39.380851],[22.973375,39.380896],[22.973367,39.380952],[22.973365,39.380976],[22.973362,39.381013],[22.973365,39.381043],[22.973374,39.381081],[22.973386,39.381113],[22.973414,39.381156],[22.973415,39.381157],[22.973447,39.381198],[22.973483,39.381235],[22.973525,39.381271],[22.973566,39.3813],[22.973568,39.381301],[22.973619,39.381332],[22.973669,39.381355],[22.973704,39.381369],[22.97374,39.38138],[22.973781,39.381388],[22.973805,39.381393],[22.973867,39.381401],[22.973932,39.38141],[22.973965,39.381419],[22.973996,39.381434],[22.974009,39.381442],[22.974033,39.381458],[22.974056,39.38148],[22.974071,39.3815],[22.974077,39.381515],[22.974085,39.381533],[22.974089,39.381549],[22.97409,39.381566],[22.974087,39.381582],[22.974081,39.381599],[22.974067,39.381623],[22.974054,39.381637],[22.974036,39.381649],[22.974017,39.381657],[22.974003,39.381662],[22.973984,39.381665],[22.973959,39.381667],[22.973959,39.381667],[22.973935,39.381667],[22.973911,39.381665],[22.973893,39.381661],[22.973876,39.381656],[22.973857,39.381647],[22.973835,39.381635],[22.973805,39.381614],[22.973779,39.381594],[22.973739,39.381563],[22.973693,39.38153],[22.973665,39.381514],[22.973606,39.381485],[22.973593,39.381479],[22.973545,39.381457],[22.973501,39.38144],[22.973388,39.381401],[22.973224,39.381344],[22.973182,39.381327],[22.973178,39.381325],[22.973124,39.381294],[22.973095,39.381271],[22.973077,39.381254],[22.97306,39.381228],[22.973051,39.381208],[22.973047,39.381199],[22.973033,39.381154],[22.973025,39.381118],[22.973024,39.381052],[22.973026,39.381031],[22.97303,39.380982],[22.973044,39.380873],[22.973048,39.380853],[22.973081,39.380675],[22.973114,39.380497],[22.97314,39.380354],[22.973141,39.380316],[22.973142,39.380281],[22.973137,39.380199],[22.973129,39.380132],[22.973124,39.380089],[22.973114,39.380014],[22.973102,39.379952],[22.973098,39.379935],[22.973058,39.379776],[22.973044,39.379718],[22.973026,39.3796],[22.973026,39.379599],[22.973025,39.379566],[22.973029,39.379533],[22.973036,39.379504],[22.973048,39.379476],[22.973074,39.379443],[22.973077,39.379439],[22.973119,39.379399],[22.973144,39.379377],[22.973164,39.379363],[22.973189,39.379351],[22.973212,39.379342],[22.973236,39.379334],[22.973238,39.379334],[22.973268,39.379328],[22.97333,39.379321],[22.973387,39.379317],[22.97346,39.379317],[22.973463,39.379316],[22.973536,39.379316],[22.973605,39.379318],[22.973679,39.379321],[22.973693,39.379322],[22.973745,39.379326],[22.973807,39.379334],[22.973847,39.379342],[22.973881,39.379355],[22.973902,39.379365],[22.973926,39.379376],[22.973965,39.379401],[22.974003,39.379431],[22.974065,39.379487],[22.97409,39.379509],[22.974122,39.379539],[22.974154,39.379557],[22.974202,39.379574],[22.974245,39.37958],[22.974254,39.37958],[22.97428,39.37958],[22.974304,39.379577],[22.974324,39.379569],[22.974341,39.379557],[22.974358,39.379536],[22.974368,39.379515],[22.974374,39.379491],[22.974373,39.379466],[22.97437,39.379458],[22.974361,39.37943],[22.974338,39.379403],[22.97431,39.379379],[22.974284,39.379363],[22.974242,39.379341],[22.974218,39.37933],[22.974195,39.379321],[22.97414,39.379305],[22.974,39.379269],[22.973885,39.379239],[22.973779,39.379213],[22.973661,39.379184],[22.973559,39.379155],[22.973487,39.379136],[22.973402,39.379115],[22.973351,39.379106],[22.973339,39.379104],[22.973315,39.379101],[22.973289,39.3791],[22.973256,39.379102],[22.973226,39.379105],[22.973187,39.379114],[22.973133,39.379127],[22.973123,39.379131],[22.973086,39.379143],[22.973059,39.379154],[22.97302,39.379172],[22.973001,39.379182],[22.97295,39.37921],[22.972928,39.379226],[22.972903,39.379244],[22.972854,39.379283],[22.972809,39.379327],[22.97278,39.379359],[22.972777,39.379362],[22.972754,39.379393],[22.972733,39.379433],[22.972715,39.379477],[22.972702,39.379519],[22.972699,39.37953],[22.97269,39.37956],[22.972659,39.379707],[22.972621,39.379885],[22.972607,39.379949],[22.972577,39.380061],[22.972571,39.380085],[22.972557,39.380129],[22.972541,39.380165],[22.972518,39.380214],[22.972508,39.380232],[22.972418,39.380398],[22.972399,39.380432],[22.97232,39.380561],[22.972269,39.380646],[22.972217,39.380722],[22.972109,39.380881],[22.972105,39.380887],[22.97208,39.380924],[22.971995,39.381038],[22.971879,39.381194],[22.971869,39.381207],[22.971802,39.381297],[22.971766,39.381344],[22.971761,39.381349],[22.971742,39.381371],[22.971722,39.381388],[22.971696,39.381401],[22.97168,39.381408],[22.971663,39.381412],[22.971634,39.381416],[22.971603,39.381416],[22.97157,39.381414],[22.971562,39.381413],[22.971537,39.38141],[22.971504,39.381403],[22.971471,39.381391],[22.971432,39.381374],[22.971378,39.381347],[22.971357,39.381334],[22.971326,39.381313],[22.971278,39.381277],[22.971239,39.381242],[22.971208,39.38121],[22.9712,39.381201],[22.971123,39.381116],[22.971085,39.381077],[22.971062,39.381057],[22.971043,39.38104],[22.971011,39.381013],[22.97097,39.380986],[22.970932,39.380963],[22.970895,39.380942],[22.970886,39.380938],[22.970858,39.380925],[22.97082,39.380912],[22.970791,39.380905],[22.970759,39.380899],[22.970697,39.380896],[22.97065,39.380896],[22.970622,39.380896],[22.970545,39.380896],[22.97045,39.380895],[22.970422,39.380893],[22.970395,39.380891],[22.970358,39.380888],[22.970331,39.380881],[22.970309,39.380873],[22.970294,39.380867],[22.970277,39.380859],[22.970258,39.380846],[22.970236,39.380825],[22.970172,39.38075],[22.970152,39.380724],[22.970138,39.380707],[22.970123,39.380692],[22.970112,39.380683],[22.970095,39.380671],[22.970073,39.380661],[22.970051,39.380653],[22.970029,39.380649],[22.970003,39.380647],[22.969979,39.380648],[22.969947,39.380652],[22.969913,39.380661],[22.969891,39.380668],[22.969874,39.380673],[22.96981,39.380701],[22.969722,39.380742],[22.969687,39.380761],[22.969563,39.380826],[22.969495,39.380863],[22.969444,39.38089],[22.969365,39.380937],[22.969311,39.380973],[22.969286,39.380989],[22.969141,39.381095],[22.969133,39.381101],[22.969111,39.381117],[22.969098,39.381125],[22.969087,39.381129],[22.969121,39.381159]]},"properties":{"line":"4","dir":"Αηδονοφωλιές","headsign":"Αηδονοφωλιές","mode":"bus","color":"#0059a9"}},{"type":"Feature","geometry":{"type":"LineString","coordinates":[[22.932609,39.36152],[22.932656,39.361527],[22.932702,39.36153],[22.932754,39.361532],[22.93278,39.36153],[22.9328,39.361528],[22.932828,39.36152],[22.932837,39.361516],[22.932845,39.361512],[22.932861,39.361499],[22.932874,39.361486],[22.932891,39.361462],[22.93294,39.36137],[22.932953,39.361375],[22.933162,39.361454],[22.933206,39.36147],[22.933241,39.361484],[22.933315,39.361522],[22.933359,39.361548],[22.933417,39.361582],[22.933469,39.361613],[22.93354,39.361661],[22.933577,39.361686],[22.933617,39.361679],[22.933658,39.361679],[22.933697,39.361687],[22.933733,39.361701],[22.933749,39.361712],[22.933764,39.361721],[22.933775,39.361732],[22.93379,39.361749],[22.933822,39.361752],[22.933854,39.361758],[22.933879,39.361763],[22.933912,39.361772],[22.933951,39.361785],[22.933963,39.36179],[22.934018,39.361811],[22.934077,39.36184],[22.934113,39.361857],[22.934153,39.361874],[22.934192,39.36189],[22.934368,39.361946],[22.934561,39.362007],[22.934583,39.362014],[22.934798,39.362083],[22.935013,39.362152],[22.935072,39.36217],[22.935228,39.36222],[22.935361,39.362262],[22.935443,39.362288],[22.935658,39.362356],[22.93569,39.362366],[22.93575,39.362386],[22.935873,39.362425],[22.936088,39.362493],[22.936105,39.362498],[22.936142,39.362506],[22.936223,39.362518],[22.936289,39.362526],[22.936316,39.362528],[22.936357,39.362532],[22.936398,39.362535],[22.936447,39.362537],[22.936501,39.36254],[22.936547,39.362539],[22.936548,39.362539],[22.936618,39.362537],[22.936643,39.362535],[22.936683,39.362531],[22.936719,39.362526],[22.936768,39.362517],[22.936778,39.362515],[22.937003,39.36247],[22.937029,39.362465],[22.937228,39.362426],[22.937318,39.362409],[22.937454,39.362384],[22.937458,39.362383],[22.937549,39.362368],[22.937563,39.362356],[22.937586,39.362341],[22.93761,39.36233],[22.937633,39.362321],[22.937657,39.362313],[22.937662,39.362312],[22.937687,39.362306],[22.937756,39.362289],[22.937886,39.362264],[22.93793,39.362256],[22.937966,39.362249],[22.938088,39.362215],[22.938095,39.362193],[22.938106,39.362171],[22.93812,39.362154],[22.938141,39.362134],[22.938162,39.36212],[22.938188,39.362106],[22.938203,39.362101],[22.938214,39.362097],[22.938244,39.36209],[22.938263,39.362088],[22.938272,39.362087],[22.938304,39.362087],[22.938333,39.362092],[22.938365,39.3621],[22.938395,39.362113],[22.938419,39.362127],[22.938442,39.362146],[22.938457,39.362164],[22.938462,39.362164],[22.93855,39.362173],[22.938648,39.362179],[22.938692,39.362178],[22.938924,39.362177],[22.939157,39.362177],[22.939389,39.362176],[22.939622,39.362175],[22.939855,39.362174],[22.940087,39.362173],[22.940256,39.362172],[22.94032,39.362172],[22.940552,39.362171],[22.940785,39.36217],[22.941018,39.362169],[22.94125,39.362168],[22.941279,39.362168],[22.941326,39.362174],[22.941383,39.36218],[22.941438,39.362184],[22.941481,39.362187],[22.941491,39.362187],[22.941544,39.36219],[22.941591,39.362191],[22.941665,39.362191],[22.941687,39.36219],[22.941715,39.362188],[22.941722,39.362187],[22.941752,39.362184],[22.941776,39.362179],[22.941807,39.362172],[22.941829,39.362166],[22.941846,39.362161],[22.941873,39.362151],[22.941894,39.362137],[22.941917,39.362125],[22.941933,39.362119],[22.941941,39.362116],[22.941967,39.362109],[22.941994,39.362104],[22.942044,39.362062],[22.942062,39.362046],[22.942083,39.362027],[22.942107,39.362001],[22.94211,39.361999],[22.942131,39.361973],[22.942143,39.361959],[22.942166,39.361928],[22.942185,39.361902],[22.942208,39.361871],[22.942227,39.361848],[22.942241,39.361833],[22.942257,39.361817],[22.942275,39.361801],[22.942291,39.361787],[22.942319,39.361765],[22.94235,39.361741],[22.942384,39.361717],[22.942389,39.361713],[22.942433,39.361682],[22.942506,39.361629],[22.942565,39.361613],[22.942784,39.361554],[22.94284,39.361539],[22.943004,39.361496],[22.943159,39.361456],[22.943216,39.361439],[22.943224,39.361436],[22.943317,39.361405],[22.943432,39.361358],[22.943554,39.361307],[22.943635,39.36127],[22.943755,39.361215],[22.943835,39.361179],[22.944035,39.361087],[22.944049,39.361081],[22.944225,39.361],[22.944235,39.360995],[22.9443,39.360966],[22.944435,39.360904],[22.944534,39.360858],[22.944635,39.360812],[22.944789,39.360741],[22.944835,39.36072],[22.94499,39.360649],[22.945035,39.360628],[22.945235,39.360536],[22.945287,39.360512],[22.945316,39.360499],[22.945435,39.360444],[22.945622,39.360357],[22.945634,39.360351],[22.945834,39.360259],[22.945883,39.360236],[22.946034,39.360167],[22.946235,39.360076],[22.946269,39.360061],[22.946362,39.36016],[22.946498,39.360306],[22.946635,39.360451],[22.946648,39.360466],[22.946704,39.360525],[22.946771,39.360597],[22.946908,39.360743],[22.947044,39.360888],[22.94718,39.361034],[22.947262,39.36112],[22.947317,39.361179],[22.947453,39.361325],[22.947505,39.36138],[22.94759,39.361471],[22.947657,39.361543],[22.947726,39.361616],[22.947863,39.361762],[22.947994,39.361902],[22.947999,39.361908],[22.948136,39.362053],[22.948272,39.362199],[22.94836,39.362293],[22.948409,39.362345],[22.948545,39.36249],[22.94866,39.362613],[22.948681,39.362636],[22.948818,39.362782],[22.948954,39.362927],[22.949091,39.363073],[22.949227,39.363219],[22.949256,39.36325],[22.949364,39.363364],[22.9495,39.36351],[22.949637,39.363656],[22.949773,39.363801],[22.949847,39.36388],[22.94991,39.363947],[22.950046,39.364092],[22.950183,39.364238],[22.950319,39.364384],[22.950355,39.364423],[22.950384,39.364453],[22.950455,39.364529],[22.950592,39.364675],[22.950728,39.364821],[22.950865,39.364966],[22.9509,39.365004],[22.951001,39.365112],[22.951123,39.365242],[22.951138,39.365258],[22.951274,39.365403],[22.951328,39.365461],[22.951411,39.365549],[22.951547,39.365695],[22.951684,39.36584],[22.951766,39.365928],[22.95182,39.365986],[22.95183,39.365996],[22.951958,39.36613],[22.952096,39.366275],[22.952234,39.36642],[22.952329,39.36652],[22.952372,39.366565],[22.95251,39.36671],[22.952648,39.366854],[22.952786,39.366999],[22.952791,39.367004],[22.952924,39.367144],[22.953062,39.367289],[22.9532,39.367434],[22.953314,39.367553],[22.953338,39.367578],[22.953476,39.367723],[22.95355,39.367801],[22.953615,39.367867],[22.953755,39.36801],[22.95385,39.368107],[22.953894,39.368155],[22.95403,39.368301],[22.954036,39.368308],[22.954099,39.368374],[22.954164,39.368447],[22.954297,39.368595],[22.954429,39.368743],[22.954557,39.368886],[22.954562,39.36889],[22.95471,39.369029],[22.954776,39.369091],[22.954823,39.369131],[22.954865,39.369163],[22.954866,39.369164],[22.954967,39.369229],[22.955012,39.369257],[22.955045,39.369277],[22.955198,39.369371],[22.955227,39.369389],[22.955277,39.36942],[22.955403,39.369507],[22.955516,39.369584],[22.955466,39.3696],[22.955258,39.369667],[22.955252,39.369669],[22.955035,39.369734],[22.95503,39.369735],[22.954861,39.369793],[22.954822,39.369807],[22.954675,39.369863],[22.954616,39.369889],[22.954581,39.369905],[22.954485,39.369955],[22.954423,39.36999],[22.954339,39.370036],[22.954236,39.370097],[22.954203,39.370117],[22.954087,39.370189],[22.954112,39.370215],[22.954183,39.370291],[22.954233,39.370345],[22.954248,39.370361],[22.954355,39.370474],[22.954377,39.370498],[22.954385,39.370506],[22.954485,39.370613],[22.954521,39.370652],[22.954558,39.370691],[22.954658,39.370798],[22.954685,39.370827],[22.954794,39.370943],[22.954931,39.371089],[22.95497,39.37113],[22.955068,39.371234],[22.955204,39.37138],[22.955285,39.371466],[22.955341,39.371525],[22.955426,39.371616],[22.955477,39.371671],[22.955569,39.371769],[22.955614,39.371816],[22.955692,39.371899],[22.955751,39.371962],[22.955887,39.372108],[22.956024,39.372253],[22.956054,39.372285],[22.95616,39.372399],[22.956196,39.372437],[22.956297,39.372544],[22.956321,39.372569],[22.956434,39.37269],[22.956477,39.372736],[22.95657,39.372835],[22.956707,39.372981],[22.956709,39.372984],[22.956819,39.3731],[22.956843,39.373126],[22.95698,39.373272],[22.957079,39.373377],[22.957116,39.373417],[22.957253,39.373563],[22.957259,39.373569],[22.95739,39.373709],[22.957526,39.373854],[22.957529,39.373856],[22.957663,39.374],[22.957721,39.374061],[22.957799,39.374145],[22.957869,39.374219],[22.957936,39.374291],[22.957983,39.37434],[22.958013,39.374373],[22.958047,39.374408],[22.958073,39.374436],[22.958126,39.374493],[22.95819,39.374561],[22.95821,39.374582],[22.958222,39.374595],[22.958276,39.374654],[22.958346,39.374727],[22.958408,39.374791],[22.958486,39.374871],[22.958626,39.375014],[22.958651,39.375039],[22.958674,39.375063],[22.958766,39.375158],[22.958905,39.375302],[22.958946,39.375345],[22.959041,39.375448],[22.959175,39.375595],[22.959309,39.375742],[22.95931,39.375743],[22.959418,39.375857],[22.959446,39.375887],[22.959581,39.376034],[22.959641,39.376098],[22.959724,39.376176],[22.95978,39.376228],[22.95985,39.376289],[22.959877,39.376311],[22.959929,39.376353],[22.960012,39.376419],[22.960041,39.376439],[22.96007,39.376459],[22.960125,39.376493],[22.960196,39.376533],[22.960225,39.376548],[22.960417,39.37665],[22.960417,39.376651],[22.960565,39.376723],[22.960613,39.376746],[22.960811,39.376841],[22.96088,39.376874],[22.961011,39.376932],[22.961188,39.37701],[22.961213,39.377021],[22.961416,39.37711],[22.961512,39.377153],[22.961616,39.377201],[22.961795,39.377285],[22.961815,39.377294],[22.962012,39.37739],[22.962209,39.377486],[22.962266,39.377513],[22.962395,39.377584],[22.962401,39.377587],[22.962483,39.377632],[22.96255,39.377674],[22.962584,39.377697],[22.962647,39.37774],[22.962755,39.377814],[22.962758,39.377816],[22.962904,39.377924],[22.962927,39.37794],[22.963071,39.378046],[22.963094,39.378065],[22.963251,39.378198],[22.963275,39.378217],[22.963404,39.378333],[22.963557,39.378469],[22.963709,39.378605],[22.963861,39.378741],[22.963861,39.378741],[22.964013,39.378877],[22.964083,39.37894],[22.964166,39.379013],[22.96432,39.379148],[22.964474,39.379282],[22.964613,39.379405],[22.964628,39.379417],[22.964651,39.379437],[22.964757,39.379529],[22.964772,39.379542],[22.964783,39.379551],[22.964941,39.379683],[22.964993,39.379726],[22.9651,39.379815],[22.965258,39.379946],[22.965417,39.380078],[22.965575,39.380209],[22.965697,39.38031],[22.965724,39.38033],[22.965738,39.380338],[22.965764,39.380355],[22.965803,39.380376],[22.965865,39.380402],[22.965902,39.380414],[22.96594,39.380424],[22.965943,39.380425],[22.965987,39.380434],[22.966045,39.380442],[22.966101,39.380446],[22.966145,39.380446],[22.966169,39.380445],[22.966199,39.380443],[22.966261,39.380437],[22.966308,39.380432],[22.966359,39.380431],[22.966397,39.380433],[22.966406,39.380434],[22.966444,39.380439],[22.966495,39.380447],[22.966546,39.380456],[22.966607,39.380469],[22.966639,39.380477],[22.966675,39.380487],[22.966824,39.380531],[22.966858,39.380541],[22.967076,39.380603],[22.967275,39.38066],[22.967294,39.380665],[22.967447,39.38071],[22.967512,39.380727],[22.967731,39.380787],[22.967951,39.380846],[22.967968,39.380851],[22.96817,39.380905],[22.96824,39.380924],[22.96839,39.380965],[22.968609,39.381024],[22.968828,39.381084],[22.96899,39.381128],[22.969012,39.381132],[22.969031,39.381135],[22.96905,39.381135],[22.969068,39.381134],[22.969087,39.381129],[22.969098,39.381125],[22.969111,39.381117],[22.969133,39.381101],[22.969226,39.381033],[22.969286,39.380989],[22.969365,39.380937],[22.969402,39.380915],[22.969444,39.38089],[22.969563,39.380826],[22.969592,39.38081],[22.969722,39.380742],[22.969787,39.380712],[22.96981,39.380701],[22.969874,39.380673],[22.969913,39.380661],[22.969947,39.380652],[22.969979,39.380648],[22.970003,39.380647],[22.97001,39.380648],[22.970029,39.380649],[22.970051,39.380653],[22.970073,39.380661],[22.970095,39.380671],[22.970112,39.380683],[22.970123,39.380692],[22.970138,39.380707],[22.970152,39.380724],[22.970172,39.38075],[22.970236,39.380825],[22.970258,39.380846],[22.970277,39.380859],[22.970294,39.380867],[22.970309,39.380873],[22.970324,39.380878],[22.970331,39.380881],[22.970358,39.380888],[22.970395,39.380891],[22.97045,39.380895],[22.970545,39.380896],[22.970622,39.380896],[22.970697,39.380896],[22.970759,39.380899],[22.970775,39.380902],[22.970791,39.380905],[22.97082,39.380912],[22.970858,39.380925],[22.970895,39.380942],[22.970932,39.380963],[22.97097,39.380986],[22.970982,39.380994],[22.971011,39.381013],[22.971043,39.38104],[22.971085,39.381077],[22.971123,39.381116],[22.971135,39.381128],[22.971208,39.38121],[22.971239,39.381242],[22.971273,39.381273],[22.971278,39.381277],[22.971326,39.381313],[22.971378,39.381347],[22.971432,39.381374],[22.971455,39.381384],[22.971471,39.381391],[22.971504,39.381403],[22.971537,39.38141],[22.97157,39.381414],[22.971603,39.381416],[22.971634,39.381416],[22.971663,39.381412],[22.971679,39.381408],[22.97168,39.381408],[22.971696,39.381401],[22.971722,39.381388],[22.971742,39.381371],[22.971766,39.381344],[22.971802,39.381297],[22.971822,39.381271],[22.971869,39.381207],[22.971938,39.381115],[22.972054,39.380959],[22.97208,39.380924],[22.972105,39.380887],[22.972164,39.380801],[22.972269,39.380646],[22.972271,39.380641],[22.972371,39.380479],[22.972399,39.380432],[22.972464,39.380314],[22.972518,39.380214],[22.972541,39.380165],[22.972549,39.380147],[22.972557,39.380129],[22.972571,39.380085],[22.972601,39.379972],[22.972607,39.379949],[22.97264,39.379795],[22.972678,39.379617],[22.97269,39.37956],[22.972702,39.379519],[22.972715,39.379477],[22.972729,39.379442],[22.972733,39.379433],[22.972754,39.379393],[22.97278,39.379359],[22.972809,39.379327],[22.972848,39.379289],[22.972854,39.379283],[22.972903,39.379244],[22.97295,39.37921],[22.973001,39.379182],[22.97302,39.379172],[22.973059,39.379154],[22.973086,39.379143],[22.973133,39.379127],[22.973187,39.379114],[22.973226,39.379105],[22.973231,39.379105],[22.973256,39.379102],[22.973289,39.3791],[22.973315,39.379101],[22.973351,39.379106],[22.973402,39.379115],[22.973451,39.379127],[22.973487,39.379136],[22.973661,39.379184],[22.97367,39.379186],[22.973885,39.379239],[22.973891,39.379241],[22.974112,39.379298],[22.97414,39.379305],[22.974195,39.379321],[22.974242,39.379341],[22.974284,39.379363],[22.97431,39.379379],[22.974314,39.379382],[22.974338,39.379403],[22.974361,39.37943],[22.974373,39.379466],[22.974374,39.379491],[22.974368,39.379515],[22.974358,39.379536],[22.974351,39.379545],[22.974341,39.379557],[22.974324,39.379569],[22.974304,39.379577],[22.97428,39.37958],[22.974245,39.37958],[22.974202,39.379574],[22.974154,39.379557],[22.974122,39.379539],[22.97409,39.379509],[22.974003,39.379431],[22.973969,39.379404],[22.973965,39.379401],[22.973926,39.379376],[22.973881,39.379355],[22.973847,39.379342],[22.973807,39.379334],[22.973766,39.379329],[22.973745,39.379326],[22.973679,39.379321],[22.973605,39.379318],[22.973547,39.379316],[22.973536,39.379316],[22.97346,39.379317],[22.973387,39.379317],[22.97333,39.379321],[22.973314,39.379323],[22.973268,39.379328],[22.973238,39.379334],[22.973212,39.379342],[22.973189,39.379351],[22.973164,39.379363],[22.973144,39.379377],[22.973119,39.379399],[22.973113,39.379405],[22.973077,39.379439],[22.973048,39.379476],[22.973036,39.379504],[22.973029,39.379533],[22.973025,39.379566],[22.973026,39.379599],[22.973044,39.379718],[22.973049,39.379739],[22.973093,39.379915],[22.973098,39.379935],[22.973114,39.380014],[22.973124,39.380089],[22.973125,39.380096],[22.973137,39.380199],[22.973141,39.380275],[22.973142,39.380281],[22.97314,39.380354],[22.973123,39.380446],[22.97309,39.380625],[22.973057,39.380803],[22.973044,39.380873],[22.97303,39.380982],[22.97303,39.380984],[22.973024,39.381052],[22.973025,39.381118],[22.973033,39.381154],[22.973037,39.381167],[22.973047,39.381199],[22.97306,39.381228],[22.973077,39.381254],[22.973095,39.381271],[22.973124,39.381294],[22.973149,39.381308],[22.973178,39.381325],[22.973224,39.381344],[22.973364,39.381392],[22.973501,39.38144],[22.973545,39.381457],[22.973572,39.381469],[22.973606,39.381485],[22.973665,39.381514],[22.973693,39.38153],[22.973739,39.381563],[22.973755,39.381575],[22.973805,39.381614],[22.973835,39.381635],[22.973857,39.381647],[22.973876,39.381656],[22.973893,39.381661],[22.973911,39.381665],[22.973935,39.381667],[22.973959,39.381667],[22.973984,39.381665],[22.974003,39.381662],[22.974017,39.381657],[22.974036,39.381649],[22.974054,39.381637],[22.974067,39.381623],[22.974081,39.381599],[22.974087,39.381582],[22.97409,39.381566],[22.974089,39.381549],[22.974085,39.381533],[22.974077,39.381515],[22.974071,39.3815],[22.974056,39.38148],[22.974033,39.381458],[22.973996,39.381434],[22.973965,39.381419],[22.973932,39.38141],[22.973867,39.381401],[22.973805,39.381393],[22.97374,39.38138],[22.973704,39.381369],[22.973669,39.381355],[22.973619,39.381332],[22.973602,39.381322],[22.973568,39.381301],[22.973525,39.381271],[22.973483,39.381235],[22.973447,39.381198],[22.973435,39.381183],[22.973414,39.381156],[22.973386,39.381113],[22.973374,39.381081],[22.973365,39.381043],[22.973362,39.381019],[22.973362,39.381013],[22.973367,39.380952],[22.973375,39.380896],[22.973386,39.380851],[22.973391,39.380831],[22.9734,39.380795],[22.973445,39.380655],[22.973472,39.380572],[22.973501,39.38048],[22.973514,39.380438],[22.97354,39.380382],[22.973556,39.380356],[22.973592,39.380324],[22.973634,39.380299],[22.973665,39.380285],[22.973698,39.380275],[22.973738,39.380269],[22.973766,39.380269],[22.973771,39.380269],[22.973798,39.380272],[22.973827,39.380278],[22.97386,39.380286],[22.973896,39.380297],[22.973946,39.380318],[22.973951,39.380321],[22.974064,39.380374],[22.974127,39.380403],[22.974156,39.380414],[22.974205,39.380434],[22.974327,39.380471],[22.974389,39.380484],[22.974514,39.380512],[22.974612,39.380532],[22.974691,39.380548],[22.974768,39.380569],[22.974815,39.380586],[22.974821,39.380589],[22.974847,39.380602],[22.974876,39.380623],[22.974899,39.38065],[22.974917,39.380678],[22.974936,39.380716],[22.974944,39.380732],[22.974977,39.380798],[22.975007,39.380849],[22.975031,39.380883],[22.975031,39.380884],[22.975045,39.380905],[22.97506,39.380918],[22.975073,39.38093],[22.975112,39.380952],[22.975138,39.380964],[22.97519,39.38098],[22.97521,39.380984],[22.975227,39.380987],[22.975264,39.380991],[22.975325,39.380993],[22.975366,39.380991],[22.975392,39.380987],[22.975428,39.380977],[22.975429,39.380976],[22.975459,39.380964],[22.975492,39.380949],[22.975523,39.380931],[22.975549,39.380913],[22.97558,39.380886],[22.975604,39.380867],[22.975613,39.38086],[22.975652,39.38083],[22.975682,39.380809],[22.975712,39.380788],[22.975751,39.380766],[22.975782,39.38075],[22.975795,39.380744],[22.97586,39.380713],[22.975946,39.380673],[22.97598,39.380656],[22.976,39.380645],[22.976048,39.380621],[22.976074,39.380606],[22.976102,39.380585],[22.976123,39.380566],[22.976147,39.38054],[22.976149,39.380539],[22.976176,39.380505],[22.9762,39.380462],[22.976251,39.380378],[22.976266,39.380353],[22.976293,39.380308],[22.976328,39.380263],[22.976368,39.380223],[22.976369,39.380223],[22.976426,39.380183],[22.976458,39.380162],[22.976526,39.380126],[22.976546,39.380117],[22.976655,39.38007],[22.976751,39.380033],[22.976847,39.379996],[22.97696,39.379955],[22.97698,39.379948],[22.977058,39.379916],[22.977124,39.379884],[22.977163,39.379863],[22.977228,39.379829],[22.977334,39.37977],[22.977352,39.379762],[22.977401,39.379742],[22.977457,39.379724],[22.977523,39.379711],[22.977554,39.379707],[22.977578,39.379705],[22.977639,39.379712],[22.977671,39.37972],[22.977712,39.379737],[22.977735,39.379752],[22.977765,39.379771],[22.977867,39.379836],[22.977904,39.37986],[22.977916,39.379867],[22.977931,39.379875],[22.97796,39.379887],[22.977994,39.379896],[22.97803,39.379902],[22.978059,39.379903],[22.978084,39.379901],[22.978106,39.379896],[22.978123,39.37989],[22.978138,39.379881],[22.978151,39.37987],[22.978166,39.379852],[22.978178,39.379832],[22.978184,39.37982],[22.978189,39.379804],[22.978193,39.379784],[22.978194,39.379769],[22.978193,39.379751],[22.97819,39.379736],[22.978187,39.379718],[22.978179,39.379686],[22.978163,39.379646],[22.978132,39.379576],[22.978126,39.379564],[22.978082,39.379473],[22.978045,39.379404],[22.978041,39.379397],[22.977999,39.379302],[22.977971,39.37924],[22.977966,39.379227],[22.977954,39.379193],[22.977945,39.379152],[22.977945,39.379117],[22.977948,39.379097],[22.977955,39.37908],[22.97797,39.379057],[22.977972,39.379054],[22.977986,39.379034],[22.978019,39.379011],[22.978048,39.378994],[22.978078,39.378981],[22.978135,39.378962],[22.978138,39.378961],[22.978184,39.378946],[22.978267,39.378923],[22.978354,39.378904],[22.97843,39.378888],[22.978578,39.378857],[22.978684,39.378836],[22.978787,39.378825],[22.978801,39.378825],[22.978881,39.378821],[22.978982,39.378818],[22.979031,39.378818],[22.979056,39.378818],[22.97912,39.37882],[22.979173,39.378827],[22.979256,39.378844],[22.97926,39.378845],[22.979359,39.378868],[22.979479,39.378894],[22.979573,39.378914],[22.979702,39.378943],[22.979773,39.378959],[22.979927,39.378991],[22.979978,39.379001],[22.98008,39.379021],[22.980155,39.379033],[22.980198,39.379041],[22.980286,39.379054],[22.980371,39.379062],[22.980391,39.379061],[22.980421,39.379059],[22.980467,39.379054],[22.980489,39.379049],[22.980527,39.379037],[22.980558,39.379026],[22.980596,39.379009],[22.980609,39.379001],[22.980615,39.378998],[22.980631,39.378984],[22.980647,39.378967],[22.98066,39.378949],[22.980666,39.378928],[22.980669,39.37891],[22.980665,39.378884],[22.980652,39.378858],[22.980624,39.378818],[22.980588,39.378773],[22.980555,39.378726],[22.98053,39.378688],[22.980505,39.378648],[22.980497,39.378627],[22.980492,39.378606],[22.98049,39.378584],[22.980494,39.378564],[22.980498,39.378545],[22.980506,39.378523],[22.98052,39.378492],[22.980529,39.378479],[22.980536,39.378469],[22.980567,39.378428],[22.980599,39.378399],[22.98066,39.378353],[22.980662,39.378353],[22.980688,39.378337],[22.980711,39.378327],[22.980739,39.378316],[22.980779,39.378301],[22.980815,39.378287],[22.980861,39.378269],[22.980888,39.378259],[22.981001,39.378212],[22.981067,39.378185],[22.981086,39.378178],[22.981145,39.378151],[22.981173,39.378134],[22.981192,39.378121],[22.981204,39.37811],[22.981221,39.378089],[22.981234,39.378062],[22.981238,39.37805],[22.981238,39.378049],[22.981241,39.378036],[22.981243,39.378015],[22.981242,39.377998],[22.98124,39.377985],[22.981232,39.377962],[22.981217,39.377934],[22.9812,39.377913],[22.981166,39.377882],[22.981156,39.377875],[22.981107,39.377837],[22.981051,39.377798],[22.980984,39.377759],[22.980979,39.377756],[22.980855,39.377686],[22.980791,39.377651],[22.980776,39.377643],[22.980758,39.377631],[22.980725,39.377607],[22.980704,39.377587],[22.980671,39.37755],[22.980649,39.377512],[22.980649,39.377512],[22.980636,39.377484],[22.980627,39.377458],[22.980621,39.377426],[22.980621,39.377404],[22.980627,39.377367],[22.980633,39.377338],[22.980639,39.377312],[22.980655,39.377235],[22.98067,39.37716],[22.980679,39.377119],[22.98069,39.37707],[22.980699,39.377033],[22.980714,39.376984],[22.980715,39.376982],[22.980732,39.376948],[22.980753,39.376913],[22.980776,39.376883],[22.980796,39.376862],[22.980811,39.376846],[22.980822,39.376836],[22.980825,39.376833],[22.980862,39.376803],[22.980901,39.376777],[22.98096,39.376741],[22.980998,39.376721],[22.981033,39.376702],[22.981088,39.376675],[22.981124,39.376659],[22.981157,39.376645],[22.981184,39.376635],[22.981194,39.376632],[22.981219,39.376624],[22.981254,39.376616],[22.981279,39.376612],[22.981322,39.376611],[22.981357,39.376614],[22.981402,39.376621],[22.981414,39.376624],[22.981466,39.376634],[22.981532,39.376652],[22.981614,39.37668],[22.981628,39.376685],[22.981788,39.376748],[22.981835,39.376767],[22.981999,39.376835],[22.98204,39.376854],[22.982145,39.376904],[22.982224,39.376943],[22.982238,39.376951],[22.982293,39.37698],[22.98238,39.377032],[22.982423,39.377059],[22.982449,39.377075],[22.982547,39.377133],[22.982607,39.377168],[22.982618,39.377174],[22.982659,39.377203],[22.982756,39.377268],[22.982784,39.377284],[22.982827,39.37731],[22.982871,39.377332],[22.982909,39.377345],[22.982937,39.377352],[22.982964,39.377355],[22.982984,39.377355],[22.983001,39.377354],[22.983018,39.37735],[22.98304,39.377341],[22.983052,39.377333],[22.983064,39.377324],[22.983076,39.377313],[22.983086,39.377298],[22.98309,39.37729],[22.983097,39.377277],[22.983106,39.377254],[22.983108,39.377237],[22.983104,39.377207],[22.983093,39.377176],[22.983069,39.377136],[22.983033,39.377078],[22.98299,39.377011],[22.982974,39.376981],[22.982971,39.376974],[22.982959,39.376943],[22.982947,39.376905],[22.982933,39.376852],[22.98292,39.376798],[22.982918,39.376786],[22.982909,39.376755],[22.982898,39.376723],[22.982872,39.376663],[22.982856,39.376626],[22.98285,39.376611],[22.982794,39.376502],[22.982774,39.376459],[22.982756,39.376416],[22.98275,39.376398],[22.982746,39.376379],[22.982746,39.376364],[22.982748,39.37635],[22.982753,39.376328],[22.98276,39.376309],[22.982768,39.376296],[22.982779,39.376285],[22.98279,39.376276],[22.982805,39.376267],[22.982821,39.37626],[22.982841,39.376255],[22.982861,39.376252],[22.982881,39.37625],[22.982898,39.37625],[22.982898,39.376204],[22.982898,39.37625],[22.982921,39.376252],[22.982945,39.376255],[22.982961,39.376259],[22.982971,39.376264],[22.982985,39.376272],[22.982995,39.376282],[22.983007,39.376296],[22.983014,39.376311],[22.983023,39.376331],[22.983026,39.376345],[22.983027,39.376371],[22.983024,39.376419],[22.983024,39.376474],[22.983028,39.376521],[22.983029,39.376525],[22.983035,39.376619],[22.983047,39.376704],[22.983047,39.376705],[22.983065,39.376785],[22.983078,39.376831],[22.983099,39.376877],[22.983101,39.37688],[22.983132,39.376935],[22.983204,39.37704],[22.983206,39.377043],[22.983279,39.377145],[22.983319,39.377195],[22.983439,39.377349],[22.983459,39.377375],[22.983479,39.377402],[22.98349,39.37743],[22.983495,39.377453],[22.983491,39.37748],[22.983484,39.377494],[22.983481,39.377501],[22.983464,39.37752],[22.983438,39.377539],[22.98341,39.377555],[22.983381,39.377567],[22.983364,39.377573],[22.983342,39.37758],[22.98331,39.377584],[22.983272,39.377586],[22.98324,39.377585],[22.983178,39.377577],[22.983163,39.377575],[22.983052,39.377554],[22.982959,39.377528],[22.982741,39.377467],[22.982522,39.377407],[22.98248,39.377395],[22.982439,39.377384],[22.982404,39.377377],[22.982371,39.377375],[22.982328,39.377377],[22.982305,39.377379],[22.982271,39.377382],[22.982235,39.377391],[22.982215,39.377398],[22.982192,39.37741],[22.982156,39.377433],[22.982141,39.377446],[22.982129,39.37746],[22.982125,39.377466],[22.982116,39.377482],[22.982109,39.377503],[22.982106,39.377537],[22.982108,39.377575],[22.982116,39.37761],[22.982126,39.377632],[22.982131,39.377644],[22.982152,39.377679],[22.982206,39.377766],[22.982225,39.377795],[22.982329,39.377956],[22.982349,39.377986],[22.982377,39.378036],[22.982396,39.378075],[22.982406,39.378095],[22.982418,39.378121],[22.982421,39.378127],[22.982432,39.37816],[22.982439,39.37819],[22.982441,39.378235],[22.982431,39.37829],[22.982428,39.378299],[22.982412,39.378347],[22.982387,39.378391],[22.982341,39.378446],[22.982324,39.378465],[22.982288,39.378504],[22.982195,39.378614],[22.98215,39.378667],[22.982112,39.37872],[22.982086,39.378771],[22.98208,39.378784],[22.982064,39.378866],[22.982063,39.378904],[22.982073,39.378946],[22.982074,39.378949],[22.982089,39.378986],[22.982123,39.379053],[22.982148,39.379119],[22.982184,39.379216],[22.982207,39.379293],[22.982209,39.379301],[22.982226,39.379364],[22.982235,39.379434],[22.982239,39.379471],[22.982242,39.379504],[22.982241,39.37958],[22.982233,39.379632],[22.982229,39.37965],[22.982217,39.379702],[22.982188,39.379817],[22.982187,39.379827],[22.982162,39.379962],[22.982159,39.379998],[22.982159,39.380007],[22.982159,39.380039],[22.982161,39.38006],[22.982174,39.380135],[22.982181,39.380187],[22.982182,39.380199],[22.98219,39.380261],[22.982196,39.380321],[22.982197,39.380365],[22.982198,39.380372],[22.982193,39.380416],[22.982179,39.380472],[22.982161,39.380515],[22.98214,39.38055],[22.982135,39.380554],[22.982113,39.380577],[22.982068,39.380606],[22.982023,39.380629],[22.981958,39.380654],[22.981918,39.380664],[22.981898,39.38067],[22.981814,39.380683],[22.981684,39.380697],[22.98154,39.380709],[22.981454,39.380718],[22.981377,39.380726],[22.981274,39.380741],[22.981225,39.38075],[22.981198,39.380755],[22.981155,39.380768],[22.981125,39.38078],[22.981092,39.380795],[22.981068,39.380811],[22.981034,39.38084],[22.981031,39.380843],[22.981012,39.380865],[22.981,39.38088],[22.980988,39.380899],[22.980973,39.380928],[22.980938,39.381007],[22.980912,39.381066],[22.980863,39.381177],[22.980789,39.381345],[22.980788,39.381347],[22.980775,39.381376],[22.980767,39.381395],[22.980755,39.381428],[22.980747,39.381466],[22.980744,39.381501],[22.980744,39.381522],[22.980743,39.381538],[22.980747,39.381564],[22.980754,39.381596],[22.980766,39.381629],[22.980781,39.381662],[22.9808,39.381693],[22.980827,39.381725],[22.98086,39.381758],[22.980918,39.381803],[22.980949,39.381826],[22.981014,39.381875],[22.981093,39.381925],[22.981124,39.381943],[22.981202,39.381989],[22.981316,39.382044],[22.981334,39.382054],[22.981515,39.382137],[22.981715,39.38223],[22.981794,39.382266],[22.981917,39.382318],[22.981922,39.38232],[22.982008,39.382355],[22.982084,39.382382],[22.982127,39.382394],[22.98219,39.382413],[22.982339,39.382452],[22.982346,39.382453],[22.982472,39.382478],[22.982572,39.382494],[22.982613,39.3825],[22.982731,39.382512],[22.982802,39.38252],[22.982852,39.382525],[22.982939,39.382539],[22.98299,39.382551],[22.983023,39.382565],[22.983026,39.382566],[22.983058,39.382583],[22.983077,39.382597],[22.983094,39.382611],[22.983104,39.38262],[22.983116,39.382637],[22.983126,39.382655],[22.98313,39.382673],[22.98313,39.382702],[22.983129,39.382706],[22.983126,39.382726],[22.983111,39.382759],[22.98308,39.382801],[22.983031,39.382858],[22.983026,39.382864],[22.982991,39.382908],[22.982949,39.382974],[22.982916,39.383024],[22.982912,39.38303],[22.982872,39.383094],[22.98282,39.383187],[22.982783,39.383254],[22.982722,39.38335],[22.982697,39.383389],[22.98264,39.383486],[22.982625,39.383513],[22.982613,39.383535],[22.982601,39.383561],[22.982589,39.383595],[22.982584,39.383622],[22.982581,39.383643],[22.982581,39.383665],[22.982584,39.383685],[22.982586,39.383689],[22.982593,39.383702],[22.982609,39.383722],[22.98262,39.383733],[22.982638,39.383748],[22.982656,39.383761],[22.982676,39.383773],[22.982701,39.383782],[22.982739,39.383792],[22.982763,39.383798],[22.982763,39.383798],[22.982791,39.3838],[22.98283,39.383796],[22.982859,39.383785],[22.982881,39.383773],[22.982906,39.383749],[22.982925,39.383721],[22.98293,39.383709],[22.982938,39.383691],[22.982946,39.383655],[22.982961,39.383568],[22.982968,39.383532],[22.98298,39.383472],[22.982993,39.383424],[22.983007,39.383369],[22.983011,39.383355],[22.983019,39.383331],[22.983038,39.383286],[22.983063,39.383233],[22.983087,39.383185],[22.983101,39.383157],[22.983168,39.38304],[22.983182,39.38302],[22.983249,39.382923],[22.983292,39.382862],[22.983328,39.382811],[22.98336,39.382777],[22.983391,39.382749],[22.983417,39.382732],[22.983433,39.382724],[22.983467,39.382707],[22.983504,39.382693],[22.983574,39.382676],[22.983647,39.38266],[22.983703,39.382648],[22.983835,39.382626],[22.983874,39.382619],[22.983962,39.382603],[22.98404,39.382587],[22.984092,39.382574],[22.984094,39.382573],[22.984162,39.382549],[22.98421,39.38253],[22.984244,39.382511],[22.984263,39.382495],[22.984276,39.38248],[22.984287,39.382452],[22.984288,39.382432],[22.984285,39.382412],[22.984279,39.382391],[22.984265,39.382365],[22.98424,39.382345],[22.984215,39.382333],[22.98419,39.382326],[22.984172,39.382324],[22.984148,39.38232],[22.984133,39.382317],[22.984092,39.382311],[22.98401,39.382305],[22.983925,39.382299],[22.98392,39.382299],[22.983805,39.382289],[22.983701,39.38227],[22.983696,39.382269],[22.983614,39.382248],[22.983485,39.382208],[22.983479,39.382207],[22.983273,39.38215],[22.983266,39.382148],[22.9831,39.382103],[22.983045,39.38209],[22.982976,39.382072],[22.982899,39.382053],[22.982828,39.382031],[22.982826,39.38203],[22.982766,39.382009],[22.982712,39.381989],[22.982663,39.381966],[22.982624,39.381944],[22.982619,39.381941],[22.982592,39.381921],[22.982568,39.381901],[22.982554,39.381885],[22.982535,39.38186],[22.982526,39.381836],[22.982522,39.381809],[22.982522,39.381794],[22.982523,39.381778],[22.982534,39.381742],[22.982565,39.381688],[22.982586,39.381662],[22.982609,39.381638],[22.982615,39.381632],[22.982677,39.381583],[22.982775,39.381516],[22.982795,39.381503],[22.982898,39.381433],[22.982953,39.3814],[22.983136,39.381289],[22.983319,39.381178],[22.983456,39.381095],[22.983502,39.381068],[22.983688,39.380959],[22.983873,39.380851],[22.983874,39.380851],[22.984064,39.380748],[22.984075,39.380742],[22.984206,39.380667],[22.98425,39.38064],[22.984337,39.380587],[22.98442,39.38054],[22.984438,39.380532],[22.984486,39.380511],[22.984564,39.380484],[22.984647,39.380462],[22.98465,39.380461],[22.984746,39.380439],[22.984855,39.380417],[22.984874,39.380413],[22.984969,39.380395],[22.985029,39.380383],[22.98507,39.380376],[22.9851,39.380368],[22.985153,39.380354],[22.985236,39.380326],[22.98526,39.380315],[22.985278,39.380305],[22.985302,39.380291],[22.985307,39.380287],[22.985322,39.380277],[22.98534,39.380255],[22.985361,39.380214],[22.985381,39.380167],[22.985396,39.380119],[22.9854,39.380104],[22.985423,39.38003],[22.985444,39.379944],[22.985447,39.379933],[22.985471,39.379822],[22.985482,39.379767],[22.985498,39.379688],[22.985521,39.379606],[22.985527,39.37959],[22.985542,39.379545],[22.985559,39.379509],[22.985585,39.379462],[22.985601,39.379439],[22.985615,39.379421],[22.985627,39.379407],[22.985651,39.379385],[22.985689,39.379355],[22.985778,39.379293],[22.985778,39.379293],[22.985874,39.37923],[22.985952,39.379173],[22.985986,39.379148],[22.986114,39.379056],[22.986121,39.37905],[22.986195,39.37899],[22.986251,39.378925],[22.986262,39.378908],[22.986327,39.378811],[22.986355,39.378744],[22.986388,39.378665],[22.986418,39.378571],[22.98643,39.378534],[22.986457,39.378462],[22.986484,39.378401],[22.986485,39.3784],[22.986518,39.378351],[22.986563,39.378305],[22.986604,39.378268],[22.986619,39.378257],[22.986698,39.378204],[22.986783,39.378156],[22.986803,39.378147],[22.986868,39.378118],[22.986963,39.378065],[22.986993,39.378046],[22.98706,39.378005],[22.987119,39.37796],[22.987151,39.37793],[22.987155,39.377925],[22.987179,39.3779],[22.987211,39.377861],[22.987234,39.377832],[22.987277,39.377774],[22.987283,39.377766],[22.987294,39.377754],[22.987308,39.377741],[22.98732,39.37773],[22.987333,39.377721],[22.98735,39.377712],[22.987372,39.377704],[22.987398,39.377701],[22.987426,39.377702],[22.987457,39.377707],[22.987495,39.377718],[22.987524,39.377732],[22.987547,39.377747],[22.987562,39.377764],[22.987571,39.377782],[22.987583,39.377808],[22.987589,39.377826],[22.987593,39.377854],[22.987592,39.377877],[22.987586,39.3779],[22.987576,39.377917],[22.987563,39.377932],[22.987536,39.377954],[22.987498,39.377978],[22.987477,39.377992],[22.987382,39.378052],[22.987319,39.378095],[22.987287,39.378117],[22.987175,39.378201],[22.98715,39.378219],[22.98711,39.378247],[22.987032,39.378308],[22.986985,39.378347],[22.986971,39.378358],[22.986917,39.378413],[22.986857,39.378497],[22.986853,39.378502],[22.98681,39.378585],[22.986774,39.378664],[22.986761,39.378695],[22.986724,39.378781],[22.9867,39.378835],[22.986683,39.378872],[22.986647,39.378954],[22.986623,39.379004],[22.986616,39.379019],[22.986565,39.379105],[22.986527,39.379166],[22.986499,39.379211],[22.986422,39.379326],[22.986387,39.379379],[22.98632,39.379489],[22.986286,39.379546],[22.986232,39.37964],[22.986225,39.379654],[22.986203,39.379696],[22.986186,39.379735],[22.986173,39.379812],[22.986173,39.379834],[22.986173,39.379842],[22.986174,39.379879],[22.986175,39.379895],[22.986177,39.379934],[22.986189,39.380015],[22.98619,39.380025],[22.98621,39.38012],[22.986228,39.380193],[22.986241,39.380246],[22.986245,39.380294],[22.986244,39.380335],[22.986239,39.380369],[22.986238,39.380382],[22.986232,39.380426],[22.986223,39.380462],[22.986205,39.380506],[22.986186,39.380541],[22.986179,39.380553],[22.986136,39.380612],[22.986066,39.380695],[22.98594,39.380847],[22.985935,39.380853],[22.985811,39.380996],[22.985774,39.38104],[22.98568,39.381145],[22.985671,39.381155],[22.985648,39.381189],[22.985638,39.381217],[22.985633,39.381249],[22.985632,39.381272],[22.985636,39.3813],[22.985639,39.381311],[22.985642,39.381323],[22.985651,39.381346],[22.985668,39.38137],[22.985685,39.381386],[22.985711,39.381401],[22.985739,39.381411],[22.98577,39.381418],[22.985793,39.381419],[22.985801,39.381419],[22.985833,39.381415],[22.985865,39.381411],[22.985889,39.381404],[22.985916,39.381392],[22.985931,39.381381],[22.985949,39.381368],[22.985963,39.381351],[22.985976,39.381334],[22.985982,39.381327],[22.986008,39.381288],[22.986052,39.381202],[22.986067,39.381169],[22.98614,39.381012],[22.986146,39.381],[22.986187,39.380921],[22.98624,39.380836],[22.986243,39.380831],[22.986285,39.380779],[22.98634,39.38073],[22.986387,39.380698],[22.986445,39.380664],[22.986513,39.380626],[22.986577,39.380594],[22.986593,39.380586],[22.986706,39.380525],[22.986766,39.380491],[22.986798,39.380473],[22.986865,39.38043],[22.986915,39.380392],[22.986936,39.380373],[22.986958,39.380352],[22.987,39.380308],[22.987038,39.380253],[22.987053,39.38022],[22.987059,39.380206],[22.987088,39.38012],[22.987112,39.380046],[22.987136,39.379976],[22.987168,39.379879],[22.987171,39.379872],[22.987207,39.379794],[22.987241,39.379727],[22.987253,39.379703],[22.987257,39.379697],[22.987268,39.379683],[22.987284,39.379664],[22.987303,39.379651],[22.987327,39.37964],[22.987345,39.379633],[22.987367,39.379626],[22.987393,39.379622],[22.987422,39.37962],[22.987444,39.379621],[22.987456,39.379622],[22.987492,39.379628],[22.987535,39.37964],[22.987571,39.379655],[22.987602,39.379676],[22.987623,39.379691],[22.987639,39.379708],[22.987646,39.379715],[22.98766,39.379739],[22.987669,39.379764],[22.987673,39.37979],[22.987675,39.379826],[22.987673,39.379854],[22.987665,39.379882],[22.987665,39.379886],[22.987647,39.379926],[22.987626,39.379953],[22.987548,39.380032],[22.987546,39.380034],[22.98747,39.380119],[22.987412,39.380181],[22.987274,39.380326],[22.987155,39.380453],[22.987137,39.380472],[22.987001,39.380617],[22.986864,39.380763],[22.986844,39.380785],[22.986771,39.38087],[22.986734,39.380912],[22.986723,39.380925],[22.986696,39.380967],[22.986675,39.381007],[22.986663,39.381048],[22.986659,39.381087],[22.986657,39.381108],[22.986664,39.381143],[22.986679,39.381189],[22.986695,39.381228],[22.986724,39.381262],[22.986731,39.381269],[22.986772,39.381305],[22.986831,39.381338],[22.986883,39.381359],[22.986913,39.381366],[22.986942,39.381374],[22.987013,39.38138],[22.987097,39.381377],[22.987143,39.381377],[22.987375,39.381374],[22.987425,39.381374],[22.987523,39.38138],[22.987589,39.381387],[22.987612,39.38139],[22.987657,39.381398],[22.987758,39.381421],[22.987838,39.381442],[22.987875,39.381452],[22.987988,39.381487],[22.988055,39.381512],[22.98807,39.381518],[22.988154,39.381561],[22.988207,39.381597],[22.988242,39.381626],[22.98826,39.381642],[22.988342,39.381719],[22.988389,39.381766],[22.988464,39.381838],[22.988535,39.381906],[22.988602,39.381971],[22.988686,39.382043],[22.988731,39.382082],[22.98883,39.382153],[22.988854,39.382166],[22.988982,39.382237],[22.989046,39.382268],[22.989168,39.382327],[22.989246,39.382359],[22.989356,39.382403],[22.989456,39.382436],[22.989464,39.382439],[22.989553,39.382458],[22.989646,39.382472],[22.989682,39.382477],[22.989855,39.382501],[22.989911,39.382508],[22.989961,39.382515],[22.990036,39.38253],[22.990136,39.382553],[22.990151,39.382557],[22.990211,39.382577],[22.990263,39.382601],[22.990302,39.382624],[22.990332,39.382647],[22.990337,39.382651],[22.990369,39.382679],[22.990416,39.382731],[22.990451,39.38278],[22.990459,39.382793],[22.990498,39.38286],[22.990552,39.38294],[22.990563,39.382956],[22.990587,39.382989],[22.990615,39.383022],[22.990639,39.383046],[22.990673,39.383073],[22.990695,39.383091],[22.990706,39.383097],[22.990745,39.383121],[22.99079,39.383144],[22.990876,39.383176],[22.990907,39.383184],[22.990923,39.383188],[22.99097,39.383198],[22.991044,39.383207],[22.991098,39.383211],[22.991131,39.383211],[22.991142,39.383211],[22.99117,39.38321],[22.991202,39.383206],[22.991221,39.383201],[22.991239,39.383193],[22.991253,39.383182],[22.991261,39.383171],[22.991268,39.383159],[22.991274,39.383142],[22.991277,39.383129],[22.99128,39.383113],[22.991282,39.383095],[22.99128,39.383078],[22.991273,39.383057],[22.991264,39.383039],[22.991249,39.383021],[22.991228,39.383003],[22.991201,39.382986],[22.991194,39.382982],[22.991158,39.382962],[22.991103,39.382935],[22.991022,39.382901],[22.991,39.382891],[22.990968,39.382878],[22.990885,39.382836],[22.990855,39.382818],[22.990821,39.382793],[22.990817,39.38279],[22.99078,39.382756],[22.990738,39.382713],[22.990679,39.382646],[22.990623,39.382584],[22.990556,39.382493],[22.990486,39.382398],[22.990436,39.382339],[22.990424,39.382326],[22.990359,39.382267],[22.990309,39.382236],[22.990269,39.382217],[22.990228,39.382198],[22.990112,39.382151],[22.990064,39.382135],[22.989966,39.382103],[22.989864,39.382073],[22.989847,39.382067],[22.989773,39.38204],[22.989711,39.382016],[22.989663,39.38199],[22.989635,39.38197],[22.989632,39.381962],[22.989619,39.381934],[22.989609,39.381896],[22.989615,39.381848],[22.989631,39.38181],[22.989649,39.38179],[22.98965,39.381789],[22.989674,39.381772],[22.989723,39.381762],[22.989768,39.381764],[22.989807,39.381771],[22.989851,39.381781],[22.989881,39.381788],[22.989967,39.381822],[22.990053,39.38186],[22.990065,39.381865],[22.990168,39.381902],[22.990236,39.381923],[22.99027,39.381932],[22.990307,39.381943],[22.990413,39.381963],[22.990494,39.381981],[22.990528,39.381988],[22.990625,39.382012],[22.990712,39.382038],[22.990735,39.382044],[22.990821,39.382078],[22.990917,39.382119],[22.991004,39.382156],[22.991113,39.382214],[22.991305,39.382317],[22.991496,39.382419],[22.991557,39.382452],[22.991685,39.382524],[22.991802,39.382589],[22.991872,39.382631],[22.992057,39.38274],[22.992098,39.382764],[22.992201,39.382816],[22.99225,39.38284],[22.992263,39.382846],[22.992335,39.382876],[22.992389,39.382894],[22.99244,39.382907],[22.992462,39.382912],[22.992506,39.38292],[22.992557,39.382927],[22.992602,39.382931],[22.992682,39.382932],[22.992693,39.382932],[22.992925,39.382932],[22.992934,39.382932],[22.992975,39.382885],[22.993024,39.382851],[22.993089,39.382811],[22.993091,39.38281],[22.993285,39.382717],[22.993305,39.382707],[22.993476,39.382611],[22.993638,39.382521],[22.993664,39.382503],[22.993712,39.38247],[22.99384,39.382389],[22.993844,39.382386],[22.993984,39.382281],[22.994011,39.382263],[22.994136,39.382182],[22.994189,39.382149],[22.994223,39.382128],[22.994367,39.382048],[22.994374,39.382044],[22.994533,39.381967],[22.994571,39.381949],[22.99477,39.381857],[22.994854,39.381817],[22.994967,39.381759],[22.995033,39.381725],[22.995164,39.381667],[22.995264,39.381623],[22.995367,39.381582],[22.995435,39.381556],[22.995577,39.381507],[22.995608,39.381496],[22.995711,39.38146],[22.995789,39.381437],[22.995815,39.381429],[22.9959,39.381407],[22.995963,39.381395],[22.996003,39.381391],[22.996047,39.38139],[22.996121,39.381391],[22.996233,39.381392],[22.996268,39.381393],[22.996425,39.3814],[22.996464,39.381402],[22.996544,39.381406],[22.996637,39.381416],[22.996691,39.381426],[22.996767,39.381442],[22.996854,39.381466],[22.996906,39.381484],[22.99693,39.381493],[22.996991,39.381517],[22.997058,39.381554],[22.997092,39.381576],[22.997104,39.381584],[22.997198,39.381659],[22.997253,39.381703],[22.997282,39.381727],[22.99733,39.381761],[22.997422,39.381828],[22.997434,39.381836],[22.997606,39.381937],[22.997632,39.381959],[22.997658,39.381991],[22.997667,39.382017],[22.997667,39.382043],[22.997661,39.38206],[22.997647,39.382084],[22.997648,39.382086],[22.997647,39.382084],[22.997624,39.382102],[22.997597,39.382108],[22.997573,39.382109],[22.997551,39.382106],[22.997516,39.382095],[22.997476,39.382077],[22.997465,39.38207],[22.997404,39.382033],[22.997342,39.381994],[22.997284,39.381963],[22.99728,39.381961],[22.997223,39.381934],[22.997178,39.381916],[22.997136,39.381903],[22.997093,39.381895],[22.997067,39.381895],[22.997056,39.381895],[22.997021,39.381902],[22.996985,39.381915],[22.996956,39.381931],[22.996927,39.381959],[22.996913,39.381978],[22.996901,39.382004],[22.9969,39.382005],[22.996894,39.382042],[22.996895,39.38208],[22.996905,39.382123],[22.996929,39.382179],[22.99694,39.382206],[22.996954,39.382241],[22.99696,39.38227],[22.996967,39.382327],[22.99697,39.382355],[22.996974,39.382396],[22.99698,39.382535],[22.99698,39.382544],[22.996976,39.382572],[22.996968,39.382609],[22.996923,39.382707],[22.996898,39.382762],[22.996875,39.382814],[22.996848,39.382876],[22.996848,39.382877],[22.996816,39.382948],[22.996802,39.383009],[22.9968,39.383052],[22.996799,39.383058],[22.996804,39.383105],[22.996815,39.383178],[22.996824,39.383231],[22.996827,39.383251],[22.996832,39.383285],[22.996835,39.383398],[22.996836,39.38341],[22.996846,39.383497],[22.99686,39.383532],[22.996878,39.383576],[22.996884,39.383585],[22.996918,39.383631],[22.996981,39.383696],[22.997022,39.383729],[22.997102,39.383794],[22.997181,39.383857],[22.997183,39.383858],[22.997342,39.383989],[22.997373,39.384015],[22.99742,39.384043],[22.997457,39.384054],[22.997508,39.384054],[22.997542,39.384043],[22.997557,39.384039],[22.997617,39.38399],[22.997714,39.383924],[22.997744,39.383903],[22.997798,39.383866],[22.997858,39.383834],[22.9979,39.38382],[22.997935,39.383807],[22.99799,39.383796],[22.998082,39.383786],[22.998125,39.383779],[22.998179,39.383771],[22.998257,39.383759]]},"properties":{"line":"4","dir":"Τέρμα Κατηχώρη","headsign":"Τέρμα Κατηχώρη","mode":"bus","color":"#0059a9"}},{"type":"Feature","geometry":{"type":"LineString","coordinates":[[22.969121,39.381159],[22.969087,39.381129],[22.969098,39.381125],[22.969111,39.381117],[22.969133,39.381101],[22.969189,39.38106],[22.969286,39.380989],[22.969362,39.380939],[22.969365,39.380937],[22.969444,39.38089],[22.96955,39.380833],[22.969563,39.380826],[22.969722,39.380742],[22.969744,39.380732],[22.96981,39.380701],[22.969874,39.380673],[22.969913,39.380661],[22.969947,39.380652],[22.969979,39.380648],[22.970003,39.380647],[22.970029,39.380649],[22.970051,39.380653],[22.970073,39.380661],[22.970095,39.380671],[22.970112,39.380683],[22.970123,39.380692],[22.970138,39.380707],[22.970152,39.380724],[22.970172,39.38075],[22.970236,39.380825],[22.970258,39.380846],[22.970277,39.380859],[22.970294,39.380867],[22.970309,39.380873],[22.970331,39.380881],[22.970358,39.380888],[22.970395,39.380891],[22.97045,39.380895],[22.970486,39.380895],[22.970545,39.380896],[22.970622,39.380896],[22.970697,39.380896],[22.97072,39.380897],[22.970759,39.380899],[22.970791,39.380905],[22.97082,39.380912],[22.970858,39.380925],[22.970895,39.380942],[22.970932,39.380963],[22.970942,39.380969],[22.97097,39.380986],[22.971011,39.381013],[22.971043,39.38104],[22.971085,39.381077],[22.971105,39.381097],[22.971123,39.381116],[22.971208,39.38121],[22.971239,39.381242],[22.97124,39.381243],[22.971278,39.381277],[22.971326,39.381313],[22.971378,39.381347],[22.971411,39.381364],[22.971432,39.381374],[22.971471,39.381391],[22.971504,39.381403],[22.971537,39.38141],[22.97157,39.381414],[22.971603,39.381416],[22.971629,39.381416],[22.971634,39.381416],[22.971663,39.381412],[22.97168,39.381408],[22.971696,39.381401],[22.971722,39.381388],[22.971742,39.381371],[22.971766,39.381344],[22.971796,39.381305],[22.971802,39.381297],[22.971869,39.381207],[22.971912,39.381149],[22.972029,39.380993],[22.97208,39.380924],[22.972105,39.380887],[22.97214,39.380836],[22.972248,39.380676],[22.972269,39.380646],[22.972349,39.380514],[22.972399,39.380432],[22.972444,39.38035],[22.972518,39.380214],[22.972532,39.380184],[22.972541,39.380165],[22.972557,39.380129],[22.972571,39.380085],[22.97259,39.38001],[22.972607,39.379949],[22.972632,39.379833],[22.97267,39.379656],[22.97269,39.37956],[22.972702,39.379519],[22.972714,39.379479],[22.972715,39.379477],[22.972733,39.379433],[22.972754,39.379393],[22.97278,39.379359],[22.972809,39.379327],[22.972817,39.37932],[22.972854,39.379283],[22.972903,39.379244],[22.97295,39.37921],[22.97298,39.379193],[22.973001,39.379182],[22.97302,39.379172],[22.973059,39.379154],[22.973086,39.379143],[22.973133,39.379127],[22.973185,39.379114],[22.973187,39.379114],[22.973226,39.379105],[22.973256,39.379102],[22.973289,39.3791],[22.973315,39.379101],[22.973351,39.379106],[22.973402,39.379115],[22.973487,39.379136],[22.973622,39.379173],[22.973661,39.379184],[22.973843,39.379229],[22.973885,39.379239],[22.974064,39.379285],[22.97414,39.379305],[22.974195,39.379321],[22.974242,39.379341],[22.974274,39.379357],[22.974284,39.379363],[22.97431,39.379379],[22.974338,39.379403],[22.974361,39.37943],[22.974373,39.379466],[22.974374,39.379491],[22.97437,39.379509],[22.974368,39.379515],[22.974358,39.379536],[22.974341,39.379557],[22.974324,39.379569],[22.974304,39.379577],[22.97428,39.37958],[22.974245,39.37958],[22.974202,39.379574],[22.974187,39.379568],[22.974154,39.379557],[22.974122,39.379539],[22.97409,39.379509],[22.974024,39.379451],[22.974003,39.379431],[22.973965,39.379401],[22.973926,39.379376],[22.973881,39.379355],[22.973847,39.379342],[22.973841,39.379341],[22.973807,39.379334],[22.973745,39.379326],[22.973679,39.379321],[22.97361,39.379318],[22.973605,39.379318],[22.973536,39.379316],[22.97346,39.379317],[22.973387,39.379317],[22.973377,39.379318],[22.97333,39.379321],[22.973268,39.379328],[22.973238,39.379334],[22.973212,39.379342],[22.973189,39.379351],[22.973164,39.379363],[22.973156,39.379368],[22.973144,39.379377],[22.973119,39.379399],[22.973077,39.379439],[22.973048,39.379476],[22.973036,39.379504],[22.973035,39.379508],[22.973029,39.379533],[22.973025,39.379566],[22.973026,39.379599],[22.973039,39.379686],[22.973044,39.379718],[22.97308,39.379863],[22.973098,39.379935],[22.973114,39.380014],[22.973117,39.380041],[22.973124,39.380089],[22.973137,39.380199],[22.973138,39.38022],[22.973142,39.380281],[22.97314,39.380354],[22.973131,39.380403],[22.973098,39.380581],[22.973065,39.380759],[22.973044,39.380873],[22.973036,39.380937],[22.97303,39.380982],[22.973024,39.381052],[22.973025,39.381118],[22.973033,39.381154],[22.973047,39.381199],[22.97306,39.381228],[22.973077,39.381254],[22.973095,39.381271],[22.973109,39.381282],[22.973124,39.381294],[22.973178,39.381325],[22.973224,39.381344],[22.973303,39.381371],[22.973501,39.38144],[22.973516,39.381446],[22.973545,39.381457],[22.973606,39.381485],[22.973665,39.381514],[22.973693,39.38153],[22.973709,39.381541],[22.973739,39.381563],[22.973805,39.381614],[22.973835,39.381635],[22.973857,39.381647],[22.973876,39.381656],[22.973886,39.381659],[22.973893,39.381661],[22.973911,39.381665],[22.973935,39.381667],[22.973959,39.381667],[22.973984,39.381665],[22.974003,39.381662],[22.974017,39.381657],[22.974036,39.381649],[22.974054,39.381637],[22.974067,39.381623],[22.974075,39.38161],[22.974081,39.381599],[22.974087,39.381582],[22.97409,39.381566],[22.974089,39.381549],[22.974085,39.381533],[22.974077,39.381515],[22.974071,39.3815],[22.974056,39.38148],[22.974033,39.381458],[22.974017,39.381448],[22.973996,39.381434],[22.973965,39.381419],[22.973932,39.38141],[22.973867,39.381401],[22.973805,39.381393],[22.973779,39.381388],[22.97374,39.38138],[22.973704,39.381369],[22.973669,39.381355],[22.973619,39.381332],[22.973577,39.381307],[22.973568,39.381301],[22.973525,39.381271],[22.973483,39.381235],[22.973447,39.381198],[22.973436,39.381184],[22.973414,39.381156],[22.973386,39.381113],[22.973374,39.381081],[22.973365,39.381043],[22.973362,39.381013],[22.973362,39.381008],[22.973367,39.380952],[22.973375,39.380896],[22.973386,39.380851],[22.973391,39.380831],[22.9734,39.380795],[22.973445,39.380656],[22.973472,39.380572],[22.9735,39.380482],[22.973514,39.380438],[22.97354,39.380382],[22.973556,39.380356],[22.973588,39.380328],[22.973592,39.380324],[22.973634,39.380299],[22.973665,39.380285],[22.973698,39.380275],[22.973738,39.380269],[22.973763,39.380269],[22.973766,39.380269],[22.973798,39.380272],[22.973827,39.380278],[22.97386,39.380286],[22.973896,39.380297],[22.973946,39.380318],[22.973946,39.380318],[22.974064,39.380374],[22.974127,39.380403],[22.97415,39.380412],[22.974205,39.380434],[22.974327,39.380471],[22.974373,39.380481],[22.974514,39.380512],[22.974598,39.380529],[22.974691,39.380548],[22.974768,39.380569],[22.97481,39.380584],[22.974815,39.380586],[22.974847,39.380602],[22.974876,39.380623],[22.974899,39.38065],[22.974917,39.380678],[22.97493,39.380706],[22.974944,39.380732],[22.974977,39.380798],[22.975007,39.380849],[22.975024,39.380873],[22.975031,39.380883],[22.975045,39.380905],[22.97506,39.380918],[22.975073,39.38093],[22.975112,39.380952],[22.975138,39.380964],[22.97519,39.38098],[22.975227,39.380987],[22.975264,39.380991],[22.975325,39.380993],[22.975366,39.380991],[22.975392,39.380987],[22.975426,39.380977],[22.975428,39.380977],[22.975459,39.380964],[22.975492,39.380949],[22.975523,39.380931],[22.975549,39.380913],[22.97558,39.380886],[22.975601,39.38087],[22.975613,39.38086],[22.975652,39.38083],[22.975682,39.380809],[22.975712,39.380788],[22.975751,39.380766],[22.975778,39.380752],[22.975795,39.380744],[22.97586,39.380713],[22.975946,39.380673],[22.975976,39.380658],[22.976,39.380645],[22.976048,39.380621],[22.976074,39.380606],[22.976102,39.380585],[22.976123,39.380566],[22.976146,39.380541],[22.976147,39.38054],[22.976176,39.380505],[22.9762,39.380462],[22.976249,39.380381],[22.976266,39.380353],[22.976293,39.380308],[22.976328,39.380263],[22.976366,39.380226],[22.976369,39.380223],[22.976426,39.380183],[22.976458,39.380162],[22.976526,39.380126],[22.976542,39.380118],[22.976655,39.38007],[22.976747,39.380034],[22.976847,39.379996],[22.976956,39.379956],[22.97698,39.379948],[22.977058,39.379916],[22.977124,39.379884],[22.977159,39.379865],[22.977228,39.379829],[22.977334,39.37977],[22.97735,39.379763],[22.977401,39.379742],[22.977457,39.379724],[22.977523,39.379711],[22.977559,39.379707],[22.977578,39.379705],[22.977639,39.379712],[22.977671,39.37972],[22.977712,39.379737],[22.977765,39.379771],[22.977775,39.379777],[22.977867,39.379836],[22.977904,39.37986],[22.977931,39.379875],[22.977955,39.379885],[22.97796,39.379887],[22.977994,39.379896],[22.97803,39.379902],[22.978059,39.379903],[22.978084,39.379901],[22.978106,39.379896],[22.978123,39.37989],[22.978138,39.379881],[22.978151,39.37987],[22.978166,39.379852],[22.978178,39.379832],[22.978184,39.37982],[22.978185,39.379817],[22.978189,39.379804],[22.978193,39.379784],[22.978194,39.379769],[22.978193,39.379751],[22.978187,39.379718],[22.978179,39.379686],[22.978163,39.379646],[22.978159,39.379638],[22.978132,39.379576],[22.978082,39.379473],[22.97808,39.379469],[22.978045,39.379404],[22.977999,39.379302],[22.977998,39.379301],[22.977971,39.37924],[22.977954,39.379193],[22.977945,39.379152],[22.977945,39.379127],[22.977945,39.379117],[22.977948,39.379097],[22.977955,39.37908],[22.977972,39.379054],[22.977986,39.379034],[22.978019,39.379011],[22.978048,39.378994],[22.97805,39.378993],[22.978078,39.378981],[22.978135,39.378962],[22.978184,39.378946],[22.978259,39.378925],[22.978267,39.378923],[22.97843,39.378888],[22.978481,39.378877],[22.978684,39.378836],[22.978703,39.378834],[22.978787,39.378825],[22.978881,39.378821],[22.978932,39.37882],[22.978982,39.378818],[22.979056,39.378818],[22.97912,39.37882],[22.979159,39.378825],[22.979173,39.378827],[22.97926,39.378845],[22.979359,39.378868],[22.979382,39.378872],[22.979573,39.378914],[22.979605,39.378922],[22.979773,39.378959],[22.979829,39.378971],[22.979978,39.379001],[22.980054,39.379016],[22.98008,39.379021],[22.980198,39.379041],[22.980281,39.379053],[22.980286,39.379054],[22.980371,39.379062],[22.980421,39.379059],[22.980467,39.379054],[22.980489,39.379049],[22.980498,39.379046],[22.980527,39.379037],[22.980558,39.379026],[22.980596,39.379009],[22.980615,39.378998],[22.980631,39.378984],[22.980647,39.378967],[22.98065,39.378963],[22.98066,39.378949],[22.980666,39.378928],[22.980669,39.37891],[22.980665,39.378884],[22.980652,39.378858],[22.980624,39.378818],[22.980588,39.378773],[22.980555,39.378726],[22.98053,39.378688],[22.980505,39.378648],[22.980497,39.378627],[22.980493,39.37861],[22.980492,39.378606],[22.98049,39.378584],[22.980494,39.378564],[22.980498,39.378545],[22.980506,39.378523],[22.98052,39.378492],[22.980536,39.378469],[22.980544,39.378457],[22.980567,39.378428],[22.980599,39.378399],[22.98066,39.378353],[22.980688,39.378337],[22.980711,39.378327],[22.980739,39.378316],[22.980779,39.378301],[22.980815,39.378287],[22.980888,39.378259],[22.98089,39.378258],[22.981001,39.378212],[22.981086,39.378178],[22.981092,39.378175],[22.981145,39.378151],[22.981173,39.378134],[22.981192,39.378121],[22.981204,39.37811],[22.981221,39.378089],[22.981227,39.378076],[22.981234,39.378062],[22.981238,39.378049],[22.981241,39.378036],[22.981243,39.378015],[22.981242,39.377998],[22.98124,39.377985],[22.981232,39.377962],[22.981217,39.377934],[22.9812,39.377913],[22.981186,39.3779],[22.981166,39.377882],[22.981107,39.377837],[22.981051,39.377798],[22.981014,39.377776],[22.980984,39.377759],[22.980855,39.377686],[22.980826,39.37767],[22.980776,39.377643],[22.980758,39.377631],[22.980725,39.377607],[22.980704,39.377587],[22.980671,39.37755],[22.980667,39.377542],[22.980649,39.377512],[22.980636,39.377484],[22.980627,39.377458],[22.980621,39.377426],[22.980621,39.377404],[22.980627,39.37737],[22.980627,39.377367],[22.980639,39.377312],[22.980655,39.377235],[22.980663,39.377193],[22.980679,39.377119],[22.98069,39.37707],[22.980699,39.377033],[22.980704,39.377017],[22.980715,39.376982],[22.980732,39.376948],[22.980753,39.376913],[22.980776,39.376883],[22.980796,39.376862],[22.980799,39.376858],[22.980811,39.376846],[22.980822,39.376836],[22.980862,39.376803],[22.980901,39.376777],[22.98096,39.376741],[22.980963,39.37674],[22.981033,39.376702],[22.981088,39.376675],[22.981124,39.376659],[22.981157,39.376645],[22.981184,39.376635],[22.981219,39.376624],[22.981254,39.376616],[22.981279,39.376612],[22.981322,39.376611],[22.981357,39.376614],[22.981373,39.376616],[22.981402,39.376621],[22.981466,39.376634],[22.981532,39.376652],[22.98159,39.376671],[22.981614,39.37668],[22.981788,39.376748],[22.981797,39.376752],[22.981999,39.376835],[22.982002,39.376836],[22.982145,39.376904],[22.982201,39.376932],[22.982224,39.376943],[22.982293,39.37698],[22.98238,39.377032],[22.982391,39.377039],[22.982449,39.377075],[22.982547,39.377133],[22.982574,39.377149],[22.982618,39.377174],[22.982659,39.377203],[22.982753,39.377266],[22.982756,39.377268],[22.982827,39.37731],[22.982871,39.377332],[22.982909,39.377345],[22.982933,39.377351],[22.982937,39.377352],[22.982964,39.377355],[22.982984,39.377355],[22.983001,39.377354],[22.983018,39.37735],[22.98304,39.377341],[22.983052,39.377333],[22.983064,39.377324],[22.983076,39.377313],[22.983086,39.377298],[22.983097,39.377277],[22.983106,39.377254],[22.983108,39.377237],[22.983104,39.377207],[22.983093,39.377176],[22.98308,39.377155],[22.983033,39.377078],[22.98299,39.377011],[22.982981,39.376993],[22.982974,39.376981],[22.982959,39.376943],[22.982947,39.376905],[22.982933,39.376852],[22.982926,39.376823],[22.982918,39.376786],[22.982909,39.376755],[22.982898,39.376723],[22.982872,39.376663],[22.982866,39.376648],[22.98285,39.376611],[22.982794,39.376502],[22.982784,39.37648],[22.982774,39.376459],[22.982756,39.376416],[22.98275,39.376398],[22.982746,39.376379],[22.982746,39.376364],[22.982748,39.37635],[22.982753,39.376328],[22.98276,39.376309],[22.982768,39.376296],[22.982779,39.376285],[22.98279,39.376276],[22.982805,39.376267],[22.982821,39.37626],[22.982841,39.376255],[22.982861,39.376252],[22.982881,39.37625],[22.982898,39.37625],[22.982898,39.376201],[22.982898,39.37625],[22.982921,39.376252],[22.982945,39.376255],[22.982961,39.376259],[22.982971,39.376264],[22.982985,39.376272],[22.982995,39.376282],[22.983007,39.376296],[22.983009,39.376301],[22.983014,39.376311],[22.983023,39.376331],[22.983026,39.376345],[22.983027,39.376371],[22.983024,39.376419],[22.983024,39.376474],[22.983024,39.376476],[22.983028,39.376521],[22.983035,39.376619],[22.98304,39.376656],[22.983047,39.376705],[22.983065,39.376785],[22.983078,39.376831],[22.983079,39.376833],[22.983099,39.376877],[22.983132,39.376935],[22.983174,39.376996],[22.983206,39.377043],[22.983279,39.377145],[22.983285,39.377153],[22.983406,39.377307],[22.983459,39.377375],[22.983479,39.377402],[22.98349,39.37743],[22.983495,39.377453],[22.983493,39.377465],[22.983491,39.37748],[22.983481,39.377501],[22.983464,39.37752],[22.983438,39.377539],[22.98341,39.377555],[22.98341,39.377555],[22.983381,39.377567],[22.983342,39.37758],[22.98331,39.377584],[22.983272,39.377586],[22.983243,39.377585],[22.98324,39.377585],[22.983163,39.377575],[22.983052,39.377554],[22.983026,39.377547],[22.982808,39.377486],[22.98259,39.377426],[22.98248,39.377395],[22.982439,39.377384],[22.982404,39.377377],[22.982371,39.377375],[22.982367,39.377376],[22.982328,39.377377],[22.982271,39.377382],[22.982235,39.377391],[22.982215,39.377398],[22.982192,39.37741],[22.982156,39.377433],[22.982141,39.377446],[22.982138,39.377449],[22.982125,39.377466],[22.982116,39.377482],[22.982109,39.377503],[22.982106,39.377537],[22.982108,39.377575],[22.982116,39.37761],[22.982127,39.377635],[22.982131,39.377644],[22.982152,39.377679],[22.982206,39.377766],[22.982226,39.377797],[22.982331,39.377958],[22.982349,39.377986],[22.982377,39.378036],[22.982396,39.378075],[22.982406,39.378095],[22.982419,39.378124],[22.982421,39.378127],[22.982432,39.37816],[22.982439,39.37819],[22.982441,39.378235],[22.982431,39.37829],[22.982427,39.378301],[22.982412,39.378347],[22.982387,39.378391],[22.982341,39.378446],[22.982322,39.378467],[22.982288,39.378504],[22.982194,39.378616],[22.98215,39.378667],[22.982112,39.37872],[22.982085,39.378774],[22.98208,39.378784],[22.982064,39.378866],[22.982063,39.378904],[22.982073,39.378946],[22.982075,39.378951],[22.982089,39.378986],[22.982123,39.379053],[22.982148,39.379122],[22.982184,39.379216],[22.982208,39.379295],[22.982209,39.379301],[22.982226,39.379364],[22.982235,39.379434],[22.982239,39.379473],[22.982242,39.379504],[22.982241,39.37958],[22.982233,39.379632],[22.982228,39.379652],[22.982217,39.379702],[22.982188,39.379817],[22.982186,39.379829],[22.982162,39.379962],[22.982159,39.379998],[22.982159,39.380009],[22.982159,39.380039],[22.982161,39.38006],[22.982174,39.380135],[22.982181,39.380189],[22.982182,39.380199],[22.98219,39.380261],[22.982196,39.380321],[22.982197,39.380367],[22.982198,39.380372],[22.982193,39.380416],[22.982179,39.380472],[22.982161,39.380515],[22.98214,39.38055],[22.982133,39.380556],[22.982113,39.380577],[22.982068,39.380606],[22.982023,39.380629],[22.981958,39.380654],[22.981915,39.380665],[22.981898,39.38067],[22.981814,39.380683],[22.981684,39.380697],[22.98154,39.380709],[22.98145,39.380719],[22.981377,39.380726],[22.981274,39.380741],[22.981222,39.380751],[22.981198,39.380755],[22.981155,39.380768],[22.981125,39.38078],[22.981092,39.380795],[22.981068,39.380811],[22.981034,39.38084],[22.981029,39.380845],[22.981012,39.380865],[22.981,39.38088],[22.980988,39.380899],[22.980973,39.380928],[22.980937,39.38101],[22.980912,39.381066],[22.980862,39.38118],[22.980789,39.381345],[22.980787,39.38135],[22.980775,39.381376],[22.980767,39.381395],[22.980755,39.381428],[22.980747,39.381466],[22.980744,39.381501],[22.980744,39.381525],[22.980743,39.381538],[22.980747,39.381564],[22.980754,39.381596],[22.980766,39.381629],[22.980781,39.381662],[22.9808,39.381693],[22.980802,39.381694],[22.980827,39.381725],[22.98086,39.381758],[22.980918,39.381803],[22.980952,39.381828],[22.981014,39.381875],[22.981093,39.381925],[22.981127,39.381945],[22.981202,39.381989],[22.981319,39.382046],[22.981334,39.382054],[22.981518,39.382139],[22.981717,39.382231],[22.981794,39.382266],[22.98192,39.38232],[22.981922,39.38232],[22.982008,39.382355],[22.982084,39.382382],[22.98213,39.382395],[22.98219,39.382413],[22.982339,39.382452],[22.982349,39.382454],[22.982472,39.382478],[22.982576,39.382494],[22.982613,39.3825],[22.982731,39.382512],[22.982805,39.38252],[22.982852,39.382525],[22.982939,39.382539],[22.98299,39.382551],[22.983023,39.382565],[22.983029,39.382568],[22.983058,39.382583],[22.983077,39.382597],[22.983094,39.382611],[22.983104,39.38262],[22.983116,39.382637],[22.983126,39.382655],[22.98313,39.382673],[22.98313,39.382702],[22.983128,39.382709],[22.983126,39.382726],[22.983111,39.382759],[22.98308,39.382801],[22.983031,39.382858],[22.983024,39.382866],[22.982991,39.382908],[22.982949,39.382974],[22.982915,39.383026],[22.982912,39.38303],[22.982872,39.383094],[22.982819,39.383189],[22.982783,39.383254],[22.98272,39.383353],[22.982697,39.383389],[22.98264,39.383486],[22.982624,39.383516],[22.982613,39.383535],[22.982601,39.383561],[22.982589,39.383595],[22.982584,39.383622],[22.982581,39.383643],[22.982581,39.383665],[22.982584,39.383685],[22.982587,39.383691],[22.982593,39.383702],[22.982609,39.383722],[22.98262,39.383733],[22.982638,39.383748],[22.982656,39.383761],[22.982676,39.383773],[22.982701,39.383782],[22.982739,39.383792],[22.982763,39.383798],[22.982767,39.383798],[22.982791,39.3838],[22.98283,39.383796],[22.982859,39.383785],[22.982881,39.383773],[22.982906,39.383749],[22.982925,39.383721],[22.982931,39.383706],[22.982938,39.383691],[22.982946,39.383655],[22.982961,39.383568],[22.982969,39.38353],[22.98298,39.383472],[22.982993,39.383424],[22.983007,39.383369],[22.983012,39.383353],[22.983019,39.383331],[22.983038,39.383286],[22.983063,39.383233],[22.983088,39.383182],[22.983101,39.383157],[22.983168,39.38304],[22.983184,39.383018],[22.983249,39.382923],[22.983294,39.382859],[22.983328,39.382811],[22.98336,39.382777],[22.983391,39.382749],[22.983417,39.382732],[22.983436,39.382723],[22.983467,39.382707],[22.983504,39.382693],[22.983574,39.382676],[22.98365,39.382659],[22.983703,39.382648],[22.983835,39.382626],[22.983877,39.382619],[22.983962,39.382603],[22.98404,39.382587],[22.984092,39.382574],[22.984097,39.382572],[22.984162,39.382549],[22.98421,39.38253],[22.984244,39.382511],[22.984263,39.382495],[22.984276,39.38248],[22.984287,39.382452],[22.984288,39.382432],[22.984285,39.382412],[22.984279,39.382391],[22.984265,39.382365],[22.98424,39.382345],[22.984215,39.382333],[22.98419,39.382326],[22.984172,39.382324],[22.984146,39.382319],[22.984133,39.382317],[22.984092,39.382311],[22.98401,39.382305],[22.983922,39.382299],[22.98392,39.382299],[22.983805,39.382289],[22.983696,39.382269],[22.983614,39.382248],[22.983479,39.382207],[22.983273,39.38215],[22.983263,39.382147],[22.9831,39.382103],[22.983042,39.382089],[22.982976,39.382072],[22.982899,39.382053],[22.982828,39.382031],[22.982823,39.382029],[22.982766,39.382009],[22.982712,39.381989],[22.982663,39.381966],[22.982621,39.381943],[22.982619,39.381941],[22.982592,39.381921],[22.982568,39.381901],[22.982554,39.381885],[22.982535,39.38186],[22.982526,39.381836],[22.982522,39.381809],[22.982522,39.381792],[22.982523,39.381778],[22.982534,39.381742],[22.982565,39.381688],[22.982586,39.381662],[22.982611,39.381636],[22.982615,39.381632],[22.982677,39.381583],[22.982778,39.381515],[22.982795,39.381503],[22.982898,39.381433],[22.982955,39.381399],[22.983138,39.381288],[22.983321,39.381177],[22.983456,39.381095],[22.983505,39.381066],[22.98369,39.380958],[22.983874,39.380851],[22.983876,39.380849],[22.984067,39.380746],[22.984075,39.380742],[22.984206,39.380667],[22.984252,39.380639],[22.984337,39.380587],[22.98442,39.38054],[22.984441,39.380531],[22.984486,39.380511],[22.984564,39.380484],[22.984647,39.380462],[22.984653,39.38046],[22.984746,39.380439],[22.984855,39.380417],[22.984877,39.380412],[22.984969,39.380395],[22.985029,39.380383],[22.98507,39.380376],[22.985103,39.380367],[22.985153,39.380354],[22.985236,39.380326],[22.98526,39.380315],[22.985278,39.380305],[22.985302,39.380291],[22.98531,39.380286],[22.985322,39.380277],[22.98534,39.380255],[22.985361,39.380214],[22.985381,39.380167],[22.985396,39.380117],[22.9854,39.380104],[22.985423,39.38003],[22.985445,39.379942],[22.985447,39.379933],[22.985471,39.379822],[22.985483,39.379764],[22.985498,39.379688],[22.985521,39.379606],[22.985527,39.379587],[22.985542,39.379545],[22.985559,39.379509],[22.985585,39.379462],[22.985601,39.379439],[22.985617,39.379419],[22.985627,39.379407],[22.985651,39.379385],[22.985689,39.379355],[22.985778,39.379293],[22.985781,39.379291],[22.985874,39.37923],[22.985954,39.379171],[22.985986,39.379148],[22.986114,39.379056],[22.986123,39.379048],[22.986195,39.37899],[22.986251,39.378925],[22.986264,39.378906],[22.986327,39.378811],[22.986356,39.378742],[22.986388,39.378665],[22.986419,39.378569],[22.98643,39.378534],[22.986457,39.378462],[22.986485,39.3784],[22.986485,39.378399],[22.986518,39.378351],[22.986563,39.378305],[22.986604,39.378268],[22.986621,39.378256],[22.986698,39.378204],[22.986783,39.378156],[22.986806,39.378146],[22.986868,39.378118],[22.986963,39.378065],[22.986996,39.378045],[22.98706,39.378005],[22.987119,39.37796],[22.987151,39.37793],[22.987157,39.377923],[22.987179,39.3779],[22.987211,39.377861],[22.987234,39.377832],[22.987279,39.377772],[22.987283,39.377766],[22.987294,39.377754],[22.987308,39.377741],[22.98732,39.37773],[22.987333,39.377721],[22.98735,39.377712],[22.987372,39.377704],[22.987398,39.377701],[22.987426,39.377702],[22.987457,39.377707],[22.987495,39.377718],[22.987524,39.377732],[22.987547,39.377747],[22.987562,39.377764],[22.987571,39.377782],[22.987583,39.377808],[22.987589,39.377826],[22.987593,39.377854],[22.987592,39.377877],[22.987586,39.3779],[22.987576,39.377917],[22.987563,39.377932],[22.987536,39.377954],[22.987495,39.377979],[22.987477,39.377992],[22.987382,39.378052],[22.987317,39.378096],[22.987287,39.378117],[22.987175,39.378201],[22.987148,39.378221],[22.98711,39.378247],[22.987032,39.378308],[22.986983,39.378349],[22.986971,39.378358],[22.986917,39.378413],[22.986855,39.378499],[22.986853,39.378502],[22.98681,39.378585],[22.986773,39.378667],[22.986761,39.378695],[22.986724,39.378781],[22.986699,39.378837],[22.986683,39.378872],[22.986647,39.378954],[22.986622,39.379006],[22.986616,39.379019],[22.986565,39.379105],[22.986525,39.379168],[22.986499,39.379211],[22.986421,39.379328],[22.986387,39.379379],[22.986319,39.379491],[22.986286,39.379546],[22.986232,39.37964],[22.986224,39.379656],[22.986203,39.379696],[22.986186,39.379735],[22.986173,39.379812],[22.986173,39.379837],[22.986173,39.379842],[22.986174,39.379879],[22.986175,39.379895],[22.986177,39.379934],[22.986189,39.380017],[22.98619,39.380025],[22.98621,39.38012],[22.986228,39.380196],[22.986241,39.380246],[22.986245,39.380294],[22.986244,39.380335],[22.986239,39.380371],[22.986238,39.380382],[22.986232,39.380426],[22.986223,39.380462],[22.986205,39.380506],[22.986184,39.380543],[22.986179,39.380553],[22.986136,39.380612],[22.986065,39.380698],[22.985938,39.380849],[22.985935,39.380853],[22.98581,39.380998],[22.985774,39.38104],[22.985679,39.381147],[22.985671,39.381155],[22.985648,39.381189],[22.985638,39.381217],[22.985633,39.381249],[22.985632,39.381272],[22.985636,39.3813],[22.985639,39.381313],[22.985642,39.381323],[22.985651,39.381346],[22.985668,39.38137],[22.985685,39.381386],[22.985711,39.381401],[22.985739,39.381411],[22.98577,39.381418],[22.985796,39.381419],[22.985801,39.381419],[22.985833,39.381415],[22.985865,39.381411],[22.985889,39.381404],[22.985916,39.381392],[22.985931,39.381381],[22.985949,39.381368],[22.985963,39.381351],[22.985977,39.381332],[22.985982,39.381327],[22.986008,39.381288],[22.986052,39.381202],[22.986068,39.381167],[22.98614,39.381012],[22.986147,39.380998],[22.986187,39.380921],[22.986241,39.380833],[22.986243,39.380831],[22.986285,39.380779],[22.98634,39.38073],[22.986388,39.380698],[22.98639,39.380696],[22.986445,39.380664],[22.986513,39.380626],[22.986579,39.380593],[22.986593,39.380586],[22.986706,39.380525],[22.986769,39.380489],[22.986798,39.380473],[22.986865,39.38043],[22.986915,39.380392],[22.986938,39.380371],[22.986958,39.380352],[22.987,39.380308],[22.987038,39.380253],[22.987054,39.380218],[22.987059,39.380206],[22.987088,39.38012],[22.987113,39.380044],[22.987136,39.379976],[22.987168,39.379879],[22.987173,39.379869],[22.987207,39.379794],[22.987241,39.379727],[22.987255,39.379701],[22.987257,39.379697],[22.987268,39.379683],[22.987284,39.379664],[22.987303,39.379651],[22.987327,39.37964],[22.987345,39.379633],[22.987367,39.379626],[22.987393,39.379622],[22.987422,39.37962],[22.987447,39.379621],[22.987456,39.379622],[22.987492,39.379628],[22.987535,39.37964],[22.987571,39.379655],[22.987602,39.379676],[22.987623,39.379691],[22.987641,39.37971],[22.987646,39.379715],[22.98766,39.379739],[22.987669,39.379764],[22.987673,39.37979],[22.987675,39.379826],[22.987673,39.379854],[22.987665,39.379885],[22.987665,39.379886],[22.987647,39.379926],[22.987626,39.379953],[22.987548,39.380032],[22.987544,39.380036],[22.98747,39.380119],[22.98741,39.380183],[22.987272,39.380329],[22.987155,39.380453],[22.987135,39.380474],[22.986999,39.380619],[22.986863,39.380765],[22.986844,39.380785],[22.986771,39.38087],[22.986732,39.380914],[22.986723,39.380925],[22.986696,39.380967],[22.986675,39.381007],[22.986663,39.381048],[22.986659,39.38109],[22.986657,39.381108],[22.986664,39.381143],[22.986679,39.381189],[22.986695,39.381228],[22.986726,39.381264],[22.986731,39.381269],[22.986772,39.381305],[22.986831,39.381338],[22.986883,39.381359],[22.986916,39.381367],[22.986942,39.381374],[22.987013,39.38138],[22.987097,39.381377],[22.987146,39.381377],[22.987378,39.381374],[22.987425,39.381374],[22.987523,39.38138],[22.987589,39.381387],[22.987615,39.381391],[22.987657,39.381398],[22.987758,39.381421],[22.987841,39.381443],[22.987875,39.381452],[22.987988,39.381487],[22.988058,39.381513],[22.98807,39.381518],[22.988154,39.381561],[22.988207,39.381597],[22.988244,39.381628],[22.98826,39.381642],[22.988342,39.381719],[22.988392,39.381768],[22.988464,39.381838],[22.988537,39.381908],[22.988602,39.381971],[22.988688,39.382045],[22.988731,39.382082],[22.98883,39.382153],[22.988856,39.382168],[22.988982,39.382237],[22.989048,39.382269],[22.989168,39.382327],[22.989249,39.38236],[22.989356,39.382403],[22.989459,39.382437],[22.989464,39.382439],[22.989553,39.382458],[22.989646,39.382472],[22.989685,39.382477],[22.989855,39.382501],[22.989914,39.382509],[22.989961,39.382515],[22.990036,39.38253],[22.990139,39.382554],[22.990151,39.382557],[22.990211,39.382577],[22.990263,39.382601],[22.990302,39.382624],[22.990334,39.382649],[22.990337,39.382651],[22.990369,39.382679],[22.990416,39.382731],[22.990451,39.38278],[22.99046,39.382796],[22.990498,39.38286],[22.990552,39.38294],[22.990565,39.382958],[22.990587,39.382989],[22.990615,39.383022],[22.990639,39.383046],[22.990673,39.383073],[22.990695,39.383091],[22.990708,39.383099],[22.990745,39.383121],[22.99079,39.383144],[22.990876,39.383176],[22.99091,39.383185],[22.990923,39.383188],[22.99097,39.383198],[22.991044,39.383207],[22.991098,39.383211],[22.991135,39.383211],[22.991142,39.383211],[22.99117,39.38321],[22.991202,39.383206],[22.991221,39.383201],[22.991239,39.383193],[22.991253,39.383182],[22.991261,39.383171],[22.991268,39.383159],[22.991274,39.383142],[22.991277,39.383129],[22.99128,39.383113],[22.991282,39.383095],[22.99128,39.383078],[22.991273,39.383057],[22.991264,39.383039],[22.991249,39.383021],[22.991228,39.383003],[22.991198,39.382985],[22.991194,39.382982],[22.991158,39.382962],[22.991103,39.382935],[22.991022,39.382901],[22.990997,39.38289],[22.990968,39.382878],[22.990885,39.382836],[22.990855,39.382818],[22.990821,39.382793],[22.990815,39.382788],[22.99078,39.382756],[22.990738,39.382713],[22.990677,39.382644],[22.990623,39.382584],[22.990555,39.382491],[22.990486,39.382398],[22.990434,39.382337],[22.990424,39.382326],[22.990359,39.382267],[22.990309,39.382236],[22.990266,39.382216],[22.990228,39.382198],[22.990112,39.382151],[22.990061,39.382134],[22.989966,39.382103],[22.989864,39.382073],[22.989844,39.382066],[22.989773,39.38204],[22.989711,39.382016],[22.989663,39.38199],[22.989635,39.38197],[22.989631,39.38196],[22.989619,39.381934],[22.989609,39.381896],[22.989615,39.381848],[22.989631,39.38181],[22.98965,39.381789],[22.989674,39.381772],[22.989723,39.381762],[22.989768,39.381764],[22.989807,39.381771],[22.989855,39.381782],[22.989881,39.381788],[22.989967,39.381822],[22.990056,39.381861],[22.990065,39.381865],[22.990168,39.381902],[22.990236,39.381923],[22.990273,39.381933],[22.990307,39.381943],[22.990413,39.381963],[22.990497,39.381981],[22.990528,39.381988],[22.990625,39.382012],[22.990715,39.382038],[22.990735,39.382044],[22.990821,39.382078],[22.99092,39.38212],[22.991004,39.382156],[22.991116,39.382216],[22.991307,39.382318],[22.991498,39.382421],[22.991557,39.382452],[22.991688,39.382525],[22.991802,39.382589],[22.991875,39.382632],[22.99206,39.382741],[22.992098,39.382764],[22.992201,39.382816],[22.992253,39.382841],[22.992263,39.382846],[22.992335,39.382876],[22.992389,39.382894],[22.99244,39.382907],[22.992466,39.382912],[22.992506,39.38292],[22.992557,39.382927],[22.992602,39.382931],[22.992682,39.382932],[22.992696,39.382932],[22.992928,39.382932],[22.992934,39.382932],[22.992975,39.382885],[22.993024,39.382851],[22.993091,39.38281],[22.993288,39.382716],[22.993305,39.382707],[22.993479,39.38261],[22.993638,39.382521],[22.993667,39.382501],[22.993712,39.38247],[22.99384,39.382389],[22.993846,39.382384],[22.993984,39.382281],[22.994013,39.382262],[22.994136,39.382182],[22.994192,39.382148],[22.994223,39.382128],[22.994367,39.382048],[22.994377,39.382043],[22.994533,39.381967],[22.994573,39.381948],[22.994773,39.381855],[22.994854,39.381817],[22.994969,39.381758],[22.995033,39.381725],[22.995167,39.381666],[22.995264,39.381623],[22.99537,39.381581],[22.995435,39.381556],[22.99558,39.381506],[22.995608,39.381496],[22.995711,39.38146],[22.995792,39.381436],[22.995815,39.381429],[22.9959,39.381407],[22.995963,39.381395],[22.996003,39.381391],[22.996006,39.381391],[22.996047,39.38139],[22.996121,39.381391],[22.996236,39.381392],[22.996268,39.381393],[22.996425,39.3814],[22.996468,39.381402],[22.996544,39.381406],[22.996637,39.381416],[22.996694,39.381427],[22.996767,39.381442],[22.996854,39.381466],[22.996909,39.381486],[22.99693,39.381493],[22.996991,39.381517],[22.997058,39.381554],[22.997095,39.381578],[22.997104,39.381584],[22.997198,39.381659],[22.997255,39.381705],[22.997282,39.381727],[22.99733,39.381761],[22.997424,39.381829],[22.997434,39.381836],[22.997606,39.381937],[22.997607,39.381938],[22.997632,39.381959],[22.997658,39.381991],[22.997667,39.382017],[22.997667,39.382043],[22.997661,39.38206],[22.997647,39.382084],[22.997624,39.382102],[22.997597,39.382108],[22.997573,39.382109],[22.997551,39.382106],[22.997516,39.382095],[22.997476,39.382077],[22.997462,39.382068],[22.997404,39.382033],[22.997342,39.381994],[22.997284,39.381963],[22.997277,39.38196],[22.997223,39.381934],[22.997178,39.381916],[22.997136,39.381903],[22.997093,39.381895],[22.997064,39.381895],[22.997056,39.381895],[22.997021,39.381902],[22.996985,39.381915],[22.996956,39.381931],[22.996927,39.381959],[22.996913,39.381978],[22.9969,39.382005],[22.9969,39.382006],[22.996894,39.382042],[22.996895,39.38208],[22.996905,39.382123],[22.99693,39.382182],[22.99694,39.382206],[22.996954,39.382241],[22.99696,39.38227],[22.996967,39.382327],[22.99697,39.382358],[22.996974,39.382396],[22.99698,39.382538],[22.99698,39.382544],[22.996976,39.382572],[22.996968,39.382609],[22.996922,39.38271],[22.996898,39.382762],[22.996875,39.382814],[22.996848,39.382876],[22.996847,39.38288],[22.996816,39.382948],[22.996802,39.383009],[22.9968,39.383055],[22.996799,39.383058],[22.996804,39.383105],[22.996815,39.383178],[22.996824,39.383233],[22.996827,39.383251],[22.996832,39.383285],[22.996835,39.383398],[22.996837,39.383413],[22.996846,39.383497],[22.99686,39.383532],[22.996878,39.383576],[22.996886,39.383587],[22.996918,39.383631],[22.996981,39.383696],[22.997024,39.383731],[22.997102,39.383794],[22.997181,39.383857],[22.997185,39.38386],[22.997344,39.383991],[22.997373,39.384015],[22.99742,39.384043],[22.997457,39.384054],[22.997508,39.384054],[22.997545,39.384042],[22.997557,39.384039],[22.997617,39.38399],[22.997717,39.383922],[22.997744,39.383903],[22.997798,39.383866],[22.997858,39.383834],[22.997902,39.383819],[22.997935,39.383807],[22.99799,39.383796],[22.998082,39.383786],[22.998128,39.383779],[22.998179,39.383771],[22.998257,39.383759]]},"properties":{"line":"4","dir":"Τέρμα Κατηχώρη","headsign":"Τέρμα Κατηχώρη","mode":"bus","color":"#0059a9"}},{"type":"Feature","geometry":{"type":"LineString","coordinates":[[22.969121,39.381159],[22.969087,39.381129],[22.969068,39.381134],[22.96905,39.381135],[22.969031,39.381135],[22.969012,39.381132],[22.96899,39.381128],[22.968906,39.381105],[22.968686,39.381045],[22.968467,39.380986],[22.968247,39.380926],[22.96824,39.380924],[22.968028,39.380867],[22.967968,39.380851],[22.967809,39.380808],[22.967589,39.380748],[22.967447,39.38071],[22.967371,39.380688],[22.967275,39.38066],[22.967153,39.380625],[22.966935,39.380563],[22.966824,39.380531],[22.966718,39.3805],[22.966675,39.380487],[22.966607,39.380469],[22.966546,39.380456],[22.966495,39.380447],[22.966489,39.380446],[22.966444,39.380439],[22.966397,39.380433],[22.966359,39.380431],[22.966308,39.380432],[22.966261,39.380437],[22.966249,39.380438],[22.966199,39.380443],[22.966145,39.380446],[22.966101,39.380446],[22.966045,39.380442],[22.966019,39.380438],[22.965987,39.380434],[22.965943,39.380425],[22.965902,39.380414],[22.965865,39.380402],[22.965803,39.380376],[22.965803,39.380376],[22.965764,39.380355],[22.965724,39.38033],[22.965697,39.38031],[22.965631,39.380256],[22.965473,39.380124],[22.965314,39.379993],[22.965155,39.379861],[22.964997,39.37973],[22.964993,39.379726],[22.964839,39.379598],[22.964772,39.379542],[22.964757,39.379529],[22.964682,39.379464],[22.964651,39.379437],[22.964613,39.379405],[22.964528,39.37933],[22.964374,39.379195],[22.96422,39.37906],[22.964083,39.37894],[22.964067,39.378925],[22.963915,39.378789],[22.963861,39.378741],[22.963763,39.378653],[22.96361,39.378517],[22.963458,39.378381],[22.963306,39.378245],[22.963275,39.378217],[22.963149,39.378112],[22.963071,39.378046],[22.962986,39.377984],[22.962904,39.377924],[22.962817,39.37786],[22.962755,39.377814],[22.962647,39.37774],[22.962645,39.377739],[22.96255,39.377674],[22.962483,39.377632],[22.962467,39.377624],[22.962395,39.377584],[22.962278,39.37752],[22.962266,39.377513],[22.962081,39.377424],[22.961884,39.377328],[22.961795,39.377285],[22.961686,39.377234],[22.961512,39.377153],[22.961487,39.377142],[22.961285,39.377053],[22.961188,39.37701],[22.961083,39.376963],[22.96088,39.376874],[22.96088,39.376874],[22.960683,39.376779],[22.960565,39.376723],[22.960486,39.376684],[22.960417,39.376651],[22.960293,39.376584],[22.960196,39.376533],[22.960125,39.376493],[22.960103,39.37648],[22.96007,39.376459],[22.960012,39.376419],[22.959934,39.376357],[22.959929,39.376353],[22.95985,39.376289],[22.95978,39.376228],[22.959777,39.376224],[22.959641,39.376098],[22.959629,39.376085],[22.959494,39.375939],[22.959418,39.375857],[22.959358,39.375793],[22.95931,39.375743],[22.959222,39.375647],[22.959088,39.3755],[22.958954,39.375353],[22.958946,39.375345],[22.958815,39.375209],[22.958675,39.375065],[22.958674,39.375063],[22.958651,39.375039],[22.958535,39.374921],[22.958408,39.374791],[22.958395,39.374778],[22.958276,39.374654],[22.958257,39.374633],[22.958222,39.374595],[22.95819,39.374561],[22.958126,39.374493],[22.958121,39.374487],[22.958047,39.374408],[22.958013,39.374373],[22.957984,39.374342],[22.957983,39.37434],[22.957869,39.374219],[22.957848,39.374196],[22.957721,39.374061],[22.957711,39.374051],[22.957574,39.373905],[22.957529,39.373856],[22.957438,39.37376],[22.957301,39.373614],[22.957259,39.373569],[22.957164,39.373469],[22.957079,39.373377],[22.957028,39.373323],[22.956891,39.373177],[22.956819,39.3731],[22.956755,39.373032],[22.956709,39.372984],[22.956618,39.372886],[22.956482,39.372741],[22.956477,39.372736],[22.956345,39.372595],[22.956321,39.372569],[22.956208,39.37245],[22.956196,39.372437],[22.956072,39.372304],[22.956054,39.372285],[22.955935,39.372158],[22.955798,39.372013],[22.955692,39.371899],[22.955662,39.371867],[22.955569,39.371769],[22.955525,39.371722],[22.955426,39.371616],[22.955389,39.371576],[22.955285,39.371466],[22.955252,39.371431],[22.955115,39.371285],[22.954979,39.371139],[22.95497,39.37113],[22.954842,39.370994],[22.954706,39.370848],[22.954685,39.370827],[22.954569,39.370703],[22.954558,39.370691],[22.954485,39.370613],[22.954432,39.370557],[22.954377,39.370498],[22.954355,39.370474],[22.954296,39.370412],[22.954233,39.370345],[22.954183,39.370291],[22.954159,39.370266],[22.954087,39.370189],[22.954023,39.37012],[22.953886,39.369975],[22.953836,39.369922],[22.953774,39.369856],[22.953749,39.36983],[22.95361,39.369685],[22.953472,39.369541],[22.953378,39.369443],[22.953333,39.369396],[22.953195,39.369252],[22.953057,39.369107],[22.953041,39.36909],[22.952988,39.369035],[22.95292,39.368961],[22.952785,39.368815],[22.952649,39.368669],[22.952563,39.368576],[22.952514,39.368523],[22.952378,39.368376],[22.952243,39.36823],[22.9522,39.368184],[22.952106,39.368085],[22.951969,39.36794],[22.951831,39.367795],[22.951694,39.36765],[22.951669,39.367623],[22.951558,39.367504],[22.951422,39.367357],[22.951287,39.367211],[22.951224,39.367143],[22.951151,39.367065],[22.951015,39.366919],[22.950879,39.366773],[22.950792,39.366681],[22.950742,39.366628],[22.950724,39.366608],[22.950666,39.366545],[22.950606,39.366482],[22.950468,39.366337],[22.95033,39.366192],[22.950228,39.366085],[22.950192,39.366047],[22.950054,39.365903],[22.949916,39.365758],[22.949791,39.365627],[22.949778,39.365613],[22.949641,39.365468],[22.949504,39.365323],[22.949366,39.365178],[22.949273,39.365079],[22.94925,39.365054],[22.949229,39.365033],[22.94909,39.364888],[22.948952,39.364744],[22.948813,39.364599],[22.948733,39.364516],[22.948675,39.364455],[22.948537,39.36431],[22.948399,39.364165],[22.948261,39.364021],[22.948141,39.363895],[22.948123,39.363876],[22.948058,39.363808],[22.947985,39.363731],[22.947847,39.363586],[22.947828,39.363566],[22.947709,39.363442],[22.947581,39.363306],[22.947572,39.363297],[22.947532,39.363256],[22.947441,39.36315],[22.947311,39.363],[22.947258,39.362939],[22.947186,39.362856],[22.947182,39.362851],[22.947053,39.362701],[22.946923,39.362552],[22.946894,39.362518],[22.946799,39.3624],[22.946677,39.362247],[22.946566,39.362108],[22.946554,39.362094],[22.946432,39.361941],[22.946381,39.361878],[22.94631,39.361788],[22.946189,39.361635],[22.946184,39.361629],[22.946066,39.361482],[22.945943,39.361329],[22.94582,39.361176],[22.945729,39.361063],[22.945704,39.361032],[22.945693,39.361038],[22.945498,39.361135],[22.945437,39.361166],[22.945301,39.36123],[22.945205,39.361275],[22.945102,39.361324],[22.944986,39.361378],[22.944954,39.361394],[22.944904,39.361417],[22.944714,39.361506],[22.944705,39.36151],[22.944504,39.3616],[22.944462,39.361619],[22.944302,39.361689],[22.944168,39.361749],[22.9441,39.361779],[22.943957,39.361843],[22.943899,39.361868],[22.943697,39.361958],[22.943694,39.361959],[22.943508,39.362039],[22.943494,39.362045],[22.94333,39.362115],[22.94329,39.362132],[22.943095,39.362216],[22.943087,39.36222],[22.943004,39.362256],[22.942917,39.362264],[22.94287,39.362267],[22.94286,39.362268],[22.9428,39.362271],[22.942736,39.362275],[22.942684,39.362278],[22.942642,39.36228],[22.942615,39.362281],[22.94253,39.362284],[22.942509,39.362284],[22.942478,39.362284],[22.942453,39.362286],[22.942427,39.362288],[22.942411,39.362291],[22.942407,39.362291],[22.942382,39.362295],[22.942341,39.362303],[22.942309,39.362312],[22.942288,39.362319],[22.942246,39.362334],[22.942212,39.362347],[22.942203,39.36235],[22.94219,39.362365],[22.942175,39.362379],[22.942157,39.362391],[22.942138,39.362402],[22.942118,39.362411],[22.942097,39.362418],[22.942074,39.362423],[22.942051,39.362427],[22.942028,39.362428],[22.942005,39.362428],[22.941994,39.362426],[22.941981,39.362425],[22.941959,39.36242],[22.941937,39.362414],[22.941916,39.362405],[22.941897,39.362395],[22.941879,39.362384],[22.941866,39.362373],[22.941824,39.362361],[22.941801,39.362353],[22.941788,39.36235],[22.94177,39.362344],[22.941728,39.362334],[22.941683,39.362322],[22.941649,39.362316],[22.941613,39.362309],[22.941591,39.362307],[22.941565,39.362305],[22.941555,39.362305],[22.941522,39.362305],[22.941472,39.362305],[22.941393,39.362307],[22.941333,39.362307],[22.941179,39.362308],[22.941114,39.362308],[22.9411,39.362308],[22.940867,39.362307],[22.940635,39.362307],[22.940402,39.362307],[22.940391,39.362307],[22.940258,39.362306],[22.94017,39.362306],[22.939937,39.362306],[22.939704,39.362305],[22.939509,39.362305],[22.939472,39.362305],[22.939239,39.362304],[22.939118,39.362304],[22.939007,39.362304],[22.938774,39.362303],[22.938685,39.362303],[22.938648,39.362303],[22.938587,39.362304],[22.938539,39.362305],[22.938511,39.362306],[22.938497,39.362308],[22.938486,39.36231],[22.938476,39.362312],[22.938465,39.362315],[22.938453,39.362319],[22.938447,39.362327],[22.938437,39.362337],[22.938422,39.36235],[22.938404,39.362361],[22.938393,39.362368],[22.93838,39.362374],[22.93837,39.362378],[22.938348,39.362385],[22.938328,39.362389],[22.938322,39.36239],[22.938301,39.362392],[22.938268,39.362393],[22.938242,39.36239],[22.938237,39.362389],[22.938215,39.362384],[22.93819,39.362375],[22.938167,39.362367],[22.938149,39.362355],[22.938137,39.362353],[22.93812,39.36235],[22.938087,39.362345],[22.938047,39.362341],[22.938015,39.362338],[22.937978,39.362337],[22.93795,39.362336],[22.93792,39.362336],[22.937902,39.362337],[22.937886,39.362337],[22.93783,39.36234],[22.937754,39.362347],[22.937669,39.362354],[22.937666,39.362354],[22.937549,39.362368],[22.937458,39.362383],[22.937441,39.362386],[22.937318,39.362409],[22.937215,39.362429],[22.937029,39.362465],[22.936989,39.362473],[22.936768,39.362517],[22.936764,39.362518],[22.936719,39.362526],[22.936683,39.362531],[22.936643,39.362535],[22.936618,39.362537],[22.936547,39.362539],[22.936534,39.362539],[22.936501,39.36254],[22.936447,39.362537],[22.936398,39.362535],[22.936357,39.362532],[22.936302,39.362527],[22.936289,39.362526],[22.936223,39.362518],[22.936142,39.362506],[22.936105,39.362498],[22.936075,39.362489],[22.93586,39.362421],[22.93575,39.362386],[22.93569,39.362366],[22.935645,39.362352],[22.93543,39.362284],[22.935361,39.362262],[22.935215,39.362216],[22.935072,39.36217],[22.935,39.362147],[22.934785,39.362079],[22.93457,39.36201],[22.934561,39.362007],[22.934355,39.361942],[22.934192,39.36189],[22.93414,39.36188],[22.934131,39.361879],[22.934091,39.361869],[22.93405,39.361861],[22.934029,39.361859],[22.933993,39.361857],[22.933963,39.361858],[22.933927,39.361861],[22.933912,39.361863],[22.933886,39.361867],[22.933854,39.361873],[22.933828,39.361878],[22.933782,39.361888],[22.93377,39.361901],[22.933754,39.361914],[22.933728,39.361929],[22.933708,39.361937],[22.933698,39.361941],[22.933618,39.361977],[22.933536,39.362014],[22.933507,39.362027],[22.933482,39.362039],[22.933393,39.362082],[22.933308,39.36212],[22.933282,39.362132],[22.933109,39.362206],[22.933105,39.362208],[22.932902,39.362295],[22.932698,39.362382],[22.932495,39.362469],[22.93239,39.362514],[22.932292,39.362558],[22.932091,39.362647],[22.931889,39.362737],[22.931814,39.36277],[22.931683,39.36282],[22.931671,39.362824],[22.931478,39.362905],[22.931432,39.362924],[22.931391,39.362942],[22.931337,39.362972],[22.931286,39.363011],[22.931278,39.363032],[22.931266,39.363051],[22.93125,39.363069],[22.931231,39.363084],[22.931208,39.363097],[22.931183,39.363107],[22.931162,39.363112],[22.931139,39.363115],[22.931118,39.363116],[22.931099,39.363115],[22.931096,39.363115],[22.931075,39.363111],[22.93105,39.363104],[22.931026,39.363094],[22.931005,39.363081],[22.930987,39.363065],[22.930973,39.363047],[22.930962,39.363028],[22.930956,39.363008],[22.930953,39.362987],[22.930956,39.362965],[22.930962,39.362944],[22.930974,39.362925],[22.930989,39.362907],[22.930989,39.36288],[22.930984,39.362848],[22.930976,39.362821],[22.930942,39.36277],[22.930835,39.36261],[22.930729,39.36245],[22.930623,39.36229],[22.930517,39.36213],[22.930514,39.362125],[22.930408,39.361971],[22.930299,39.361812],[22.93019,39.361653],[22.930081,39.361494],[22.929972,39.361335],[22.929863,39.361177],[22.929754,39.361018],[22.929645,39.360859],[22.929536,39.3607],[22.929467,39.360599],[22.929427,39.360541],[22.929421,39.360533],[22.929388,39.360488],[22.929316,39.360383],[22.929271,39.360319],[22.929204,39.360225],[22.929191,39.360209],[22.929091,39.360068],[22.928979,39.35991],[22.928867,39.359753],[22.928842,39.359718],[22.928758,39.359594],[22.928651,39.359434],[22.928543,39.359275],[22.928436,39.359115],[22.9284,39.359062],[22.92833,39.358955],[22.928224,39.358795],[22.928132,39.358655],[22.928118,39.358635],[22.928117,39.358635],[22.928003,39.358478],[22.927993,39.358464],[22.927988,39.358458],[22.927893,39.35832],[22.927783,39.358162],[22.927673,39.358003],[22.927577,39.357864],[22.927563,39.357844],[22.927454,39.357686],[22.927382,39.357581],[22.927345,39.357527],[22.927234,39.357369],[22.927124,39.35721],[22.927092,39.357165],[22.927018,39.35705],[22.926943,39.356935],[22.926914,39.356889],[22.92688,39.356837],[22.926843,39.35678],[22.92681,39.356728],[22.926774,39.356672],[22.926774,39.356672]]},"properties":{"line":"4","dir":"Τορούτζα","headsign":"Τορούτζα","mode":"bus","color":"#0059a9"}},{"type":"Feature","geometry":{"type":"LineString","coordinates":[[22.97385,39.384681],[22.973759,39.384674],[22.973639,39.384674],[22.973618,39.384674],[22.97351,39.384672],[22.973385,39.384671],[22.97334,39.384671],[22.973169,39.384659],[22.973154,39.384657],[22.973056,39.384645],[22.972925,39.384623],[22.972908,39.38462],[22.972777,39.38459],[22.972704,39.384569],[22.972683,39.384563],[22.9726,39.384538],[22.972506,39.38451],[22.972487,39.384504],[22.972436,39.384488],[22.972376,39.384468],[22.972294,39.384443],[22.972271,39.384437],[22.972224,39.384427],[22.972129,39.384414],[22.972042,39.384413],[22.972025,39.384412],[22.971936,39.384416],[22.971877,39.384421],[22.971819,39.384428],[22.971811,39.38443],[22.971761,39.384442],[22.971719,39.384452],[22.971675,39.384463],[22.97161,39.384483],[22.971594,39.384489],[22.971537,39.384509],[22.971451,39.384544],[22.97139,39.384573],[22.971374,39.38458],[22.97131,39.384617],[22.971231,39.384669],[22.971214,39.384682],[22.971172,39.384713],[22.971136,39.384745],[22.971086,39.384788],[22.971059,39.384811],[22.971039,39.384829],[22.971011,39.38485],[22.970996,39.384856],[22.97098,39.384861],[22.970957,39.384863],[22.970931,39.384861],[22.970906,39.384854],[22.970893,39.384845],[22.970883,39.384834],[22.970875,39.384824],[22.970866,39.384807],[22.970862,39.384789],[22.97086,39.384771],[22.970861,39.384754],[22.970865,39.384734],[22.970877,39.384705],[22.970895,39.384671],[22.970901,39.384661],[22.970996,39.384497],[22.971085,39.384331],[22.971095,39.384312],[22.971171,39.384163],[22.971195,39.384117],[22.97126,39.383999],[22.971302,39.383924],[22.971326,39.38386],[22.971339,39.38383],[22.97136,39.383779],[22.971383,39.383697],[22.971393,39.383655],[22.971395,39.383645],[22.971399,39.383599],[22.971398,39.383549],[22.971391,39.383494],[22.971386,39.383476],[22.971376,39.38344],[22.971351,39.383383],[22.971303,39.383309],[22.971264,39.383248],[22.971191,39.383152],[22.97119,39.38315],[22.971102,39.383035],[22.971066,39.383],[22.970972,39.382912],[22.970913,39.382865],[22.970752,39.382735],[22.970592,39.382605],[22.970586,39.382601],[22.970429,39.382476],[22.970271,39.382351],[22.970267,39.382347],[22.970175,39.382265],[22.970112,39.382213],[22.970085,39.38219],[22.969981,39.382111],[22.969947,39.382087],[22.969875,39.382035],[22.969818,39.381999],[22.96977,39.381971],[22.969735,39.38195],[22.969637,39.381898],[22.969579,39.381868],[22.969387,39.381766],[22.969334,39.381739],[22.969191,39.381669],[22.969173,39.38166],[22.969138,39.381642],[22.969115,39.381628],[22.969095,39.381615],[22.969075,39.381598],[22.969058,39.381581],[22.969035,39.381555],[22.969029,39.381546],[22.969021,39.381532],[22.969017,39.38152],[22.969013,39.381505],[22.969014,39.38149],[22.969019,39.381466],[22.969025,39.38145],[22.969079,39.38138],[22.969131,39.381314],[22.969184,39.38125],[22.969191,39.381234],[22.96919,39.381224],[22.969188,39.381214],[22.969167,39.381197],[22.969141,39.381175],[22.969121,39.381159],[22.969087,39.381129],[22.969068,39.381134],[22.96905,39.381135],[22.969031,39.381135],[22.969012,39.381132],[22.969003,39.381131],[22.96899,39.381128],[22.968783,39.381072],[22.968564,39.381012],[22.968344,39.380952],[22.96824,39.380924],[22.968125,39.380893],[22.967968,39.380851],[22.967906,39.380834],[22.967686,39.380774],[22.967467,39.380715],[22.967447,39.38071],[22.967275,39.38066],[22.967249,39.380652],[22.967031,39.38059],[22.966824,39.380531],[22.966814,39.380528],[22.966675,39.380487],[22.966607,39.380469],[22.966591,39.380466],[22.966546,39.380456],[22.966495,39.380447],[22.966444,39.380439],[22.966397,39.380433],[22.966359,39.380431],[22.966308,39.380432],[22.966261,39.380437],[22.966199,39.380443],[22.966145,39.380446],[22.966122,39.380446],[22.966101,39.380446],[22.966045,39.380442],[22.965987,39.380434],[22.965943,39.380425],[22.965902,39.380414],[22.965895,39.380411],[22.965865,39.380402],[22.965803,39.380376],[22.965764,39.380355],[22.965724,39.38033],[22.965702,39.380314],[22.965697,39.38031],[22.965543,39.380182],[22.965384,39.380051],[22.965225,39.379919],[22.965067,39.379788],[22.964993,39.379726],[22.964908,39.379656],[22.964772,39.379542],[22.964757,39.379529],[22.964751,39.379524],[22.964651,39.379437],[22.964613,39.379405],[22.964596,39.379389],[22.964442,39.379255],[22.964288,39.37912],[22.964134,39.378985],[22.964083,39.37894],[22.963982,39.378849],[22.963861,39.378741],[22.96383,39.378713],[22.963678,39.378577],[22.963525,39.378441],[22.963373,39.378305],[22.963275,39.378217],[22.963219,39.37817],[22.963071,39.378046],[22.96306,39.378039],[22.962904,39.377924],[22.962892,39.377915],[22.962755,39.377814],[22.962722,39.377792],[22.962647,39.37774],[22.96255,39.377674],[22.962548,39.377673],[22.962483,39.377632],[22.962395,39.377584],[22.962362,39.377565],[22.962266,39.377513],[22.962168,39.377466],[22.961971,39.37737],[22.961795,39.377285],[22.961774,39.377275],[22.961575,39.377182],[22.961512,39.377153],[22.961374,39.377092],[22.961188,39.37701],[22.961172,39.377003],[22.96097,39.376914],[22.96088,39.376874],[22.96077,39.376821],[22.960573,39.376726],[22.960565,39.376723],[22.960417,39.376651],[22.960377,39.376629],[22.960196,39.376533],[22.960186,39.376527],[22.960125,39.376493],[22.96007,39.376459],[22.960012,39.376419],[22.960005,39.376414],[22.959929,39.376353],[22.95985,39.376289],[22.959844,39.376284],[22.95978,39.376228],[22.959693,39.376147],[22.959641,39.376098],[22.959554,39.376004],[22.959419,39.375857],[22.959418,39.375857],[22.95931,39.375743],[22.959282,39.375712],[22.959147,39.375565],[22.959013,39.375418],[22.958946,39.375345],[22.958876,39.375273],[22.958737,39.375128],[22.958674,39.375063],[22.958651,39.375039],[22.958597,39.374985],[22.958457,39.374841],[22.958408,39.374791],[22.958318,39.374697],[22.958276,39.374654],[22.958222,39.374595],[22.95819,39.374561],[22.958181,39.374552],[22.958126,39.374493],[22.958047,39.374408],[22.958045,39.374406],[22.958013,39.374373],[22.957983,39.37434],[22.957908,39.374261],[22.957869,39.374219],[22.957771,39.374115],[22.957721,39.374061],[22.957635,39.37397],[22.957529,39.373856],[22.957498,39.373824],[22.957361,39.373678],[22.957259,39.373569],[22.957225,39.373533],[22.957088,39.373387],[22.957079,39.373377],[22.956952,39.373242],[22.956819,39.3731],[22.956815,39.373096],[22.956709,39.372984],[22.956678,39.372951],[22.956542,39.372805],[22.956477,39.372736],[22.956405,39.372659],[22.956321,39.372569],[22.956269,39.372514],[22.956196,39.372437],[22.956132,39.372368],[22.956054,39.372285],[22.955995,39.372223],[22.955859,39.372077],[22.955722,39.371932],[22.955692,39.371899],[22.955586,39.371786],[22.955569,39.371769],[22.955449,39.37164],[22.955426,39.371616],[22.955312,39.371495],[22.955285,39.371466],[22.955176,39.371349],[22.955039,39.371204],[22.95497,39.37113],[22.954903,39.371058],[22.954766,39.370913],[22.954685,39.370827],[22.954629,39.370767],[22.954558,39.370691],[22.954493,39.370621],[22.954485,39.370613],[22.954377,39.370498],[22.954356,39.370476],[22.954355,39.370474],[22.954233,39.370345],[22.95422,39.37033],[22.954183,39.370291],[22.954087,39.370189],[22.954083,39.370185],[22.953946,39.370039],[22.953836,39.369922],[22.95381,39.369894],[22.953774,39.369856],[22.953672,39.369749],[22.953533,39.369605],[22.953394,39.36946],[22.953378,39.369443],[22.953256,39.369315],[22.953118,39.369171],[22.953041,39.36909],[22.952988,39.369035],[22.95298,39.369026],[22.952844,39.36888],[22.952709,39.368734],[22.952573,39.368587],[22.952563,39.368576],[22.952438,39.368441],[22.952303,39.368295],[22.9522,39.368184],[22.952167,39.368149],[22.952029,39.368004],[22.951892,39.367859],[22.951754,39.367714],[22.951669,39.367623],[22.951618,39.367568],[22.951482,39.367422],[22.951347,39.367276],[22.951224,39.367143],[22.951211,39.367129],[22.951075,39.366984],[22.950939,39.366838],[22.950803,39.366692],[22.950792,39.366681],[22.950724,39.366608],[22.950667,39.366546],[22.950666,39.366545],[22.950529,39.366401],[22.950391,39.366256],[22.950253,39.366111],[22.950228,39.366085],[22.950115,39.365967],[22.949977,39.365822],[22.949839,39.365677],[22.949791,39.365627],[22.949702,39.365532],[22.949564,39.365387],[22.949427,39.365242],[22.94929,39.365097],[22.949273,39.365079],[22.94925,39.365054],[22.949152,39.364952],[22.949013,39.364808],[22.948875,39.364663],[22.948736,39.364519],[22.948733,39.364516],[22.948598,39.364374],[22.94846,39.364229],[22.948322,39.364085],[22.948184,39.36394],[22.948141,39.363895],[22.948058,39.363808],[22.948046,39.363795],[22.947908,39.36365],[22.947828,39.363566],[22.94777,39.363505],[22.947632,39.363361],[22.947581,39.363306],[22.947532,39.363256],[22.947498,39.363216],[22.947368,39.363066],[22.947258,39.362939],[22.947239,39.362917],[22.947186,39.362856],[22.94711,39.362767],[22.94698,39.362618],[22.946894,39.362518],[22.946853,39.362467],[22.946731,39.362315],[22.946608,39.362162],[22.946566,39.362108],[22.946486,39.362009],[22.946381,39.361878],[22.946364,39.361856],[22.946242,39.361702],[22.946184,39.361629],[22.94612,39.361549],[22.945997,39.361397],[22.945874,39.361244],[22.945751,39.361091],[22.945729,39.361063],[22.945704,39.361032],[22.945584,39.361092],[22.945437,39.361166],[22.945389,39.361189],[22.945205,39.361275],[22.94519,39.361282],[22.944991,39.361376],[22.944986,39.361378],[22.944954,39.361394],[22.944793,39.361469],[22.944714,39.361506],[22.944593,39.36156],[22.944462,39.361619],[22.944391,39.36165],[22.944189,39.361739],[22.944168,39.361749],[22.943988,39.361829],[22.943957,39.361843],[22.943786,39.361918],[22.943694,39.361959],[22.943584,39.362006],[22.943508,39.362039],[22.94338,39.362094],[22.94333,39.362115],[22.943177,39.362181],[22.943095,39.362216],[22.943004,39.362256],[22.942971,39.362259],[22.942917,39.362264],[22.94286,39.362268],[22.9428,39.362271],[22.942743,39.362275],[22.942736,39.362275],[22.942684,39.362278],[22.942615,39.362281],[22.94253,39.362284],[22.942512,39.362284],[22.942509,39.362284],[22.942478,39.362284],[22.942453,39.362286],[22.942427,39.362288],[22.942407,39.362291],[22.942382,39.362295],[22.942341,39.362303],[22.942309,39.362312],[22.942288,39.362319],[22.942246,39.362334],[22.942212,39.362347],[22.942203,39.36235],[22.94219,39.362365],[22.942175,39.362379],[22.942157,39.362391],[22.942138,39.362402],[22.942118,39.362411],[22.942097,39.362418],[22.942074,39.362423],[22.942051,39.362427],[22.942028,39.362428],[22.942005,39.362428],[22.941981,39.362425],[22.941959,39.36242],[22.941937,39.362414],[22.941916,39.362405],[22.941897,39.362395],[22.941879,39.362384],[22.941866,39.362373],[22.941824,39.362361],[22.941801,39.362353],[22.94177,39.362344],[22.941728,39.362334],[22.941683,39.362322],[22.941666,39.362319],[22.941649,39.362316],[22.941613,39.362309],[22.941591,39.362307],[22.941555,39.362305],[22.941522,39.362305],[22.941472,39.362305],[22.941435,39.362306],[22.941393,39.362307],[22.941203,39.362308],[22.941179,39.362308],[22.941114,39.362308],[22.94097,39.362308],[22.940738,39.362307],[22.940505,39.362307],[22.940391,39.362307],[22.940272,39.362306],[22.940258,39.362306],[22.94004,39.362306],[22.939807,39.362305],[22.939575,39.362305],[22.939509,39.362305],[22.939342,39.362304],[22.939118,39.362304],[22.939109,39.362304],[22.938877,39.362303],[22.938685,39.362303],[22.938648,39.362303],[22.938644,39.362303],[22.938587,39.362304],[22.938539,39.362305],[22.938511,39.362306],[22.938497,39.362308],[22.938486,39.36231],[22.938476,39.362312],[22.938465,39.362315],[22.938453,39.362319],[22.938447,39.362327],[22.938437,39.362337],[22.938422,39.36235],[22.938421,39.362351],[22.938404,39.362361],[22.938393,39.362368],[22.93838,39.362374],[22.93837,39.362378],[22.938348,39.362385],[22.938328,39.362389],[22.938322,39.36239],[22.938301,39.362392],[22.938268,39.362393],[22.938242,39.36239],[22.938237,39.362389],[22.938215,39.362384],[22.93819,39.362375],[22.938167,39.362367],[22.938149,39.362355],[22.93812,39.36235],[22.938087,39.362345],[22.938047,39.362341],[22.938015,39.362338],[22.938006,39.362338],[22.937978,39.362337],[22.93795,39.362336],[22.93792,39.362336],[22.937886,39.362337],[22.93783,39.36234],[22.937771,39.362345],[22.937754,39.362347],[22.937666,39.362354],[22.937549,39.362368],[22.937541,39.36237],[22.937458,39.362383],[22.937318,39.362409],[22.937314,39.362409],[22.937089,39.362453],[22.937029,39.362465],[22.936864,39.362498],[22.936768,39.362517],[22.936719,39.362526],[22.936683,39.362531],[22.936643,39.362535],[22.936636,39.362535],[22.936618,39.362537],[22.936547,39.362539],[22.936501,39.36254],[22.936447,39.362537],[22.936404,39.362535],[22.936398,39.362535],[22.936357,39.362532],[22.936289,39.362526],[22.936223,39.362518],[22.936174,39.362511],[22.936142,39.362506],[22.936105,39.362498],[22.935955,39.362451],[22.93575,39.362386],[22.93574,39.362382],[22.93569,39.362366],[22.935525,39.362314],[22.935361,39.362262],[22.93531,39.362246],[22.935095,39.362178],[22.935072,39.36217],[22.93488,39.362109],[22.934665,39.362041],[22.934561,39.362007],[22.93445,39.361972],[22.934235,39.361904],[22.934192,39.36189],[22.934131,39.361879],[22.934091,39.361869],[22.93405,39.361861],[22.934029,39.361859],[22.934014,39.361858],[22.933993,39.361857],[22.933963,39.361858],[22.933927,39.361861],[22.933886,39.361867],[22.933854,39.361873],[22.933828,39.361878],[22.933786,39.361887],[22.933782,39.361888],[22.93377,39.361901],[22.933754,39.361914],[22.933728,39.361929],[22.933698,39.361941],[22.933618,39.361977],[22.933596,39.361987],[22.933536,39.362014],[22.933482,39.362039],[22.933397,39.36208],[22.933393,39.362082],[22.933282,39.362132],[22.933195,39.362169],[22.933109,39.362206],[22.932991,39.362256],[22.932788,39.362344],[22.932585,39.362431],[22.93239,39.362514],[22.932381,39.362518],[22.93218,39.362608],[22.931978,39.362697],[22.931814,39.36277],[22.931775,39.362785],[22.931671,39.362824],[22.931568,39.362867],[22.931432,39.362924],[22.931391,39.362942],[22.931365,39.362957],[22.931337,39.362972],[22.931286,39.363011],[22.931278,39.363032],[22.931266,39.363051],[22.93125,39.363069],[22.931231,39.363084],[22.931218,39.363092],[22.931208,39.363097],[22.931183,39.363107],[22.931162,39.363112],[22.931139,39.363115],[22.931118,39.363116],[22.931096,39.363115],[22.931075,39.363111],[22.93105,39.363104],[22.931026,39.363094],[22.931005,39.363081],[22.930987,39.363065],[22.930973,39.363047],[22.930962,39.363028],[22.930958,39.363016],[22.930956,39.363008],[22.930953,39.362987],[22.930956,39.362965],[22.930962,39.362944],[22.930974,39.362925],[22.930989,39.362907],[22.930989,39.36288],[22.930984,39.362848],[22.930976,39.362821],[22.930882,39.362681],[22.930776,39.362521],[22.93067,39.362361],[22.930564,39.362201],[22.930514,39.362125],[22.930456,39.362041],[22.930347,39.361882],[22.930238,39.361723],[22.930129,39.361565],[22.93002,39.361406],[22.929911,39.361247],[22.929802,39.361088],[22.929693,39.360929],[22.929584,39.36077],[22.929475,39.360611],[22.929467,39.360599],[22.929421,39.360533],[22.929388,39.360488],[22.929364,39.360453],[22.929271,39.360319],[22.929254,39.360295],[22.929191,39.360209],[22.929141,39.360138],[22.929028,39.35998],[22.928916,39.359822],[22.928842,39.359718],[22.928806,39.359664],[22.928698,39.359505],[22.928591,39.359345],[22.928483,39.359186],[22.9284,39.359062],[22.928376,39.359026],[22.928271,39.358866],[22.928165,39.358705],[22.928132,39.358655],[22.928118,39.358635],[22.928054,39.358548],[22.927993,39.358464],[22.927988,39.358458],[22.927941,39.35839],[22.927831,39.358232],[22.927722,39.358073],[22.927612,39.357914],[22.927577,39.357864],[22.927502,39.357756],[22.927393,39.357597],[22.927382,39.357581],[22.927283,39.357439],[22.927172,39.35728],[22.927092,39.357165],[22.927064,39.357121],[22.92696,39.35696],[22.926943,39.356935],[22.92688,39.356837],[22.926856,39.3568],[22.926843,39.35678],[22.926774,39.356672],[22.926774,39.356672]]},"properties":{"line":"4","dir":"Τορούτζα","headsign":"Τορούτζα","mode":"bus","color":"#0059a9"}},{"type":"Feature","geometry":{"type":"LineString","coordinates":[[22.971039,39.384829],[22.971011,39.38485],[22.970996,39.384856],[22.97098,39.384861],[22.970957,39.384863],[22.970931,39.384861],[22.970906,39.384854],[22.970893,39.384845],[22.970883,39.384834],[22.970875,39.384824],[22.970866,39.384807],[22.970862,39.384789],[22.97086,39.384771],[22.970861,39.384754],[22.970865,39.384734],[22.970877,39.384705],[22.970895,39.384671],[22.970905,39.384653],[22.970996,39.384497],[22.971,39.384489],[22.971089,39.384323],[22.971095,39.384312],[22.971176,39.384155],[22.971195,39.384117],[22.971264,39.383991],[22.971302,39.383924],[22.971326,39.38386],[22.971342,39.383822],[22.97136,39.383779],[22.971383,39.383697],[22.971394,39.383646],[22.971395,39.383645],[22.971399,39.383599],[22.971398,39.383549],[22.971391,39.383494],[22.971383,39.383468],[22.971376,39.38344],[22.971351,39.383383],[22.971298,39.383301],[22.971264,39.383248],[22.97119,39.38315],[22.971185,39.383144],[22.971102,39.383035],[22.971059,39.382994],[22.970972,39.382912],[22.970905,39.382859],[22.970745,39.382729],[22.970586,39.382601],[22.970584,39.382599],[22.970422,39.38247],[22.970271,39.382351],[22.97026,39.382341],[22.970175,39.382265],[22.970105,39.382207],[22.970085,39.38219],[22.969981,39.382111],[22.969939,39.382081],[22.969875,39.382035],[22.969818,39.381999],[22.969761,39.381965],[22.969735,39.38195],[22.969637,39.381898],[22.96957,39.381863],[22.969378,39.381761],[22.969334,39.381739],[22.969182,39.381664],[22.969173,39.38166],[22.969138,39.381642],[22.969115,39.381628],[22.969095,39.381615],[22.969075,39.381598],[22.969058,39.381581],[22.969035,39.381555],[22.969024,39.381538],[22.969021,39.381532],[22.969017,39.38152],[22.969013,39.381505],[22.969014,39.38149],[22.969019,39.381466],[22.969025,39.38145],[22.969085,39.381373],[22.969131,39.381314],[22.969184,39.38125],[22.969191,39.381234],[22.969189,39.381216],[22.969188,39.381214],[22.969167,39.381197],[22.969141,39.381175],[22.969121,39.381159],[22.969087,39.381129],[22.969068,39.381134],[22.96905,39.381135],[22.969031,39.381135],[22.969012,39.381132],[22.968993,39.381128],[22.96899,39.381128],[22.968773,39.381069],[22.968553,39.381009],[22.968334,39.38095],[22.96824,39.380924],[22.968114,39.38089],[22.967968,39.380851],[22.967895,39.380831],[22.967676,39.380772],[22.967456,39.380712],[22.967447,39.38071],[22.967275,39.38066],[22.967239,39.380649],[22.967021,39.380587],[22.966824,39.380531],[22.966803,39.380525],[22.966675,39.380487],[22.966607,39.380469],[22.966581,39.380463],[22.966546,39.380456],[22.966495,39.380447],[22.966444,39.380439],[22.966397,39.380433],[22.966359,39.380431],[22.966341,39.380432],[22.966308,39.380432],[22.966261,39.380437],[22.966199,39.380443],[22.966145,39.380446],[22.96611,39.380446],[22.966101,39.380446],[22.966045,39.380442],[22.965987,39.380434],[22.965943,39.380425],[22.965902,39.380414],[22.965884,39.380408],[22.965865,39.380402],[22.965803,39.380376],[22.965764,39.380355],[22.965724,39.38033],[22.965697,39.38031],[22.965694,39.380307],[22.965535,39.380176],[22.965377,39.380044],[22.965218,39.379913],[22.965059,39.379781],[22.964993,39.379726],[22.964901,39.37965],[22.964772,39.379542],[22.964757,39.379529],[22.964743,39.379517],[22.964651,39.379437],[22.964613,39.379405],[22.964589,39.379383],[22.964435,39.379248],[22.964281,39.379113],[22.964127,39.378978],[22.964083,39.37894],[22.963974,39.378843],[22.963861,39.378741],[22.963822,39.378706],[22.96367,39.37857],[22.963518,39.378434],[22.963366,39.378299],[22.963275,39.378217],[22.963211,39.378164],[22.963071,39.378046],[22.963052,39.378033],[22.962904,39.377924],[22.962884,39.377909],[22.962755,39.377814],[22.962714,39.377786],[22.962647,39.37774],[22.96255,39.377674],[22.962539,39.377668],[22.962483,39.377632],[22.962395,39.377584],[22.962353,39.37756],[22.962266,39.377513],[22.962159,39.377461],[22.961962,39.377366],[22.961795,39.377285],[22.961765,39.377271],[22.961566,39.377178],[22.961512,39.377153],[22.961364,39.377088],[22.961188,39.37701],[22.961162,39.376999],[22.96096,39.37691],[22.96088,39.376874],[22.960761,39.376817],[22.960565,39.376723],[22.960563,39.376722],[22.960417,39.376651],[22.960368,39.376624],[22.960196,39.376533],[22.960177,39.376522],[22.960125,39.376493],[22.96007,39.376459],[22.960012,39.376419],[22.959998,39.376408],[22.959929,39.376353],[22.95985,39.376289],[22.959837,39.376278],[22.95978,39.376228],[22.959686,39.37614],[22.959641,39.376098],[22.959547,39.375997],[22.959418,39.375857],[22.959412,39.37585],[22.95931,39.375743],[22.959275,39.375705],[22.959141,39.375558],[22.959007,39.375411],[22.958946,39.375345],[22.95887,39.375266],[22.95873,39.375122],[22.958674,39.375063],[22.958651,39.375039],[22.958591,39.374978],[22.95845,39.374834],[22.958408,39.374791],[22.958311,39.37469],[22.958276,39.374654],[22.958222,39.374595],[22.95819,39.374561],[22.958175,39.374545],[22.958126,39.374493],[22.958047,39.374408],[22.958038,39.374399],[22.958013,39.374373],[22.957983,39.37434],[22.957901,39.374254],[22.957869,39.374219],[22.957765,39.374108],[22.957721,39.374061],[22.957628,39.373963],[22.957529,39.373856],[22.957492,39.373817],[22.957355,39.373671],[22.957259,39.373569],[22.957218,39.373526],[22.957082,39.37338],[22.957079,39.373377],[22.956945,39.373235],[22.956819,39.3731],[22.956808,39.373089],[22.956709,39.372984],[22.956672,39.372944],[22.956535,39.372798],[22.956477,39.372736],[22.956399,39.372652],[22.956321,39.372569],[22.956262,39.372507],[22.956196,39.372437],[22.956125,39.372361],[22.956054,39.372285],[22.955989,39.372216],[22.955852,39.37207],[22.955716,39.371925],[22.955692,39.371899],[22.955579,39.371779],[22.955569,39.371769],[22.955442,39.371633],[22.955426,39.371616],[22.955306,39.371488],[22.955285,39.371466],[22.955169,39.371342],[22.955033,39.371197],[22.95497,39.37113],[22.954896,39.371051],[22.954759,39.370906],[22.954685,39.370827],[22.954623,39.37076],[22.954558,39.370691],[22.954486,39.370614],[22.954485,39.370613],[22.954377,39.370498],[22.954355,39.370474],[22.95435,39.370469],[22.954233,39.370345],[22.954213,39.370323],[22.954183,39.370291],[22.954087,39.370189],[22.954076,39.370178],[22.95394,39.370032],[22.953836,39.369922],[22.953803,39.369887],[22.953774,39.369856],[22.953665,39.369742],[22.953526,39.369598],[22.953388,39.369453],[22.953378,39.369443],[22.953249,39.369309],[22.953111,39.369164],[22.953041,39.36909],[22.952988,39.369035],[22.952973,39.369019],[22.952838,39.368873],[22.952702,39.368727],[22.952567,39.36858],[22.952563,39.368576],[22.952432,39.368434],[22.952296,39.368288],[22.9522,39.368184],[22.95216,39.368142],[22.952023,39.367997],[22.951885,39.367852],[22.951748,39.367707],[22.951669,39.367623],[22.951611,39.367561],[22.951476,39.367415],[22.95134,39.367269],[22.951224,39.367143],[22.951205,39.367122],[22.951069,39.366977],[22.950932,39.366831],[22.950796,39.366685],[22.950792,39.366681],[22.950724,39.366608],[22.950666,39.366545],[22.950661,39.366539],[22.950523,39.366394],[22.950385,39.366249],[22.950247,39.366104],[22.950228,39.366085],[22.950109,39.36596],[22.949971,39.365815],[22.949833,39.36567],[22.949791,39.365627],[22.949695,39.365525],[22.949558,39.36538],[22.94942,39.365235],[22.949283,39.36509],[22.949273,39.365079],[22.94925,39.365054],[22.949145,39.364945],[22.949006,39.364801],[22.948868,39.364656],[22.948733,39.364516],[22.948729,39.364512],[22.948591,39.364367],[22.948454,39.364222],[22.948316,39.364078],[22.948178,39.363933],[22.948141,39.363895],[22.948058,39.363808],[22.94804,39.363788],[22.947902,39.363643],[22.947828,39.363566],[22.947764,39.363499],[22.947626,39.363354],[22.947581,39.363306],[22.947532,39.363256],[22.947491,39.363208],[22.947362,39.363059],[22.947258,39.362939],[22.947233,39.36291],[22.947186,39.362856],[22.947103,39.36276],[22.946974,39.362611],[22.946894,39.362518],[22.946847,39.36246],[22.946725,39.362307],[22.946602,39.362154],[22.946566,39.362108],[22.94648,39.362001],[22.946381,39.361878],[22.946358,39.361848],[22.946236,39.361695],[22.946184,39.361629],[22.946114,39.361542],[22.945991,39.361389],[22.945868,39.361236],[22.945745,39.361084],[22.945729,39.361063],[22.945704,39.361032],[22.945575,39.361097],[22.945437,39.361166],[22.945379,39.361193],[22.945205,39.361275],[22.945181,39.361287],[22.944986,39.361378],[22.944982,39.36138],[22.944954,39.361394],[22.944783,39.361474],[22.944714,39.361506],[22.944583,39.361565],[22.944462,39.361619],[22.944382,39.361654],[22.94418,39.361743],[22.944168,39.361749],[22.943978,39.361833],[22.943957,39.361843],[22.943776,39.361922],[22.943694,39.361959],[22.943574,39.362011],[22.943508,39.362039],[22.943371,39.362098],[22.94333,39.362115],[22.943167,39.362185],[22.943095,39.362216],[22.943004,39.362256],[22.94296,39.36226],[22.942917,39.362264],[22.94286,39.362268],[22.9428,39.362271],[22.942736,39.362275],[22.942732,39.362275],[22.942684,39.362278],[22.942615,39.362281],[22.94253,39.362284],[22.942509,39.362284],[22.942501,39.362284],[22.942478,39.362284],[22.942453,39.362286],[22.942427,39.362288],[22.942407,39.362291],[22.942382,39.362295],[22.942341,39.362303],[22.942309,39.362312],[22.942288,39.362319],[22.942282,39.362321],[22.942246,39.362334],[22.942212,39.362347],[22.942203,39.36235],[22.94219,39.362365],[22.942175,39.362379],[22.942157,39.362391],[22.942138,39.362402],[22.942118,39.362411],[22.942097,39.362418],[22.94209,39.36242],[22.942074,39.362423],[22.942051,39.362427],[22.942028,39.362428],[22.942005,39.362428],[22.941981,39.362425],[22.941959,39.36242],[22.941937,39.362414],[22.941916,39.362405],[22.941897,39.362395],[22.941879,39.362384],[22.941866,39.362373],[22.941824,39.362361],[22.941801,39.362353],[22.94177,39.362344],[22.941728,39.362334],[22.941683,39.362322],[22.941655,39.362317],[22.941649,39.362316],[22.941613,39.362309],[22.941591,39.362307],[22.941555,39.362305],[22.941522,39.362305],[22.941472,39.362305],[22.941424,39.362306],[22.941393,39.362307],[22.941192,39.362308],[22.941179,39.362308],[22.941114,39.362308],[22.940959,39.362308],[22.940726,39.362307],[22.940494,39.362307],[22.940391,39.362307],[22.940261,39.362306],[22.940258,39.362306],[22.940029,39.362306],[22.939796,39.362305],[22.939563,39.362305],[22.939509,39.362305],[22.939331,39.362304],[22.939118,39.362304],[22.939098,39.362304],[22.938866,39.362303],[22.938685,39.362303],[22.938648,39.362303],[22.938633,39.362303],[22.938587,39.362304],[22.938539,39.362305],[22.938511,39.362306],[22.938497,39.362308],[22.938486,39.36231],[22.938476,39.362312],[22.938465,39.362315],[22.938453,39.362319],[22.938447,39.362327],[22.938437,39.362337],[22.938422,39.36235],[22.938404,39.362361],[22.938393,39.362368],[22.93838,39.362374],[22.93837,39.362378],[22.938348,39.362385],[22.938328,39.362389],[22.938322,39.36239],[22.938301,39.362392],[22.938268,39.362393],[22.938242,39.36239],[22.938237,39.362389],[22.938215,39.362384],[22.93819,39.362375],[22.938167,39.362367],[22.938149,39.362355],[22.93812,39.36235],[22.938087,39.362345],[22.938047,39.362341],[22.938015,39.362338],[22.937995,39.362337],[22.937978,39.362337],[22.93795,39.362336],[22.93792,39.362336],[22.937886,39.362337],[22.93783,39.36234],[22.93776,39.362346],[22.937754,39.362347],[22.937666,39.362354],[22.937549,39.362368],[22.93753,39.362371],[22.937458,39.362383],[22.937318,39.362409],[22.937304,39.362411],[22.937078,39.362456],[22.937029,39.362465],[22.936853,39.3625],[22.936768,39.362517],[22.936719,39.362526],[22.936683,39.362531],[22.936643,39.362535],[22.936625,39.362536],[22.936618,39.362537],[22.936547,39.362539],[22.936501,39.36254],[22.936447,39.362537],[22.936398,39.362535],[22.936393,39.362535],[22.936357,39.362532],[22.936289,39.362526],[22.936223,39.362518],[22.936163,39.362509],[22.936142,39.362506],[22.936105,39.362498],[22.935945,39.362448],[22.93575,39.362386],[22.93573,39.362379],[22.93569,39.362366],[22.935515,39.362311],[22.935361,39.362262],[22.9353,39.362243],[22.935085,39.362174],[22.935072,39.36217],[22.93487,39.362106],[22.934655,39.362037],[22.934561,39.362007],[22.93444,39.361969],[22.934225,39.361901],[22.934192,39.36189],[22.934131,39.361879],[22.934091,39.361869],[22.93405,39.361861],[22.934029,39.361859],[22.934003,39.361858],[22.933993,39.361857],[22.933963,39.361858],[22.933927,39.361861],[22.933886,39.361867],[22.933854,39.361873],[22.933828,39.361878],[22.933782,39.361888],[22.933778,39.361892],[22.93377,39.361901],[22.933754,39.361914],[22.933728,39.361929],[22.933698,39.361941],[22.933618,39.361977],[22.933586,39.361991],[22.933536,39.362014],[22.933482,39.362039],[22.933393,39.362082],[22.933387,39.362084],[22.933282,39.362132],[22.933185,39.362173],[22.933109,39.362206],[22.932982,39.36226],[22.932778,39.362348],[22.932575,39.362435],[22.93239,39.362514],[22.932372,39.362523],[22.93217,39.362612],[22.931968,39.362702],[22.931814,39.36277],[22.931765,39.362789],[22.931671,39.362824],[22.931558,39.362871],[22.931432,39.362924],[22.931391,39.362942],[22.931356,39.362962],[22.931337,39.362972],[22.931286,39.363011],[22.931278,39.363032],[22.931266,39.363051],[22.93125,39.363069],[22.931231,39.363084],[22.931208,39.363097],[22.931205,39.363099],[22.931183,39.363107],[22.931162,39.363112],[22.931139,39.363115],[22.931118,39.363116],[22.931096,39.363115],[22.931075,39.363111],[22.93105,39.363104],[22.931026,39.363094],[22.931005,39.363081],[22.930987,39.363065],[22.930973,39.363047],[22.930962,39.363028],[22.930956,39.363008],[22.930954,39.362998],[22.930953,39.362987],[22.930956,39.362965],[22.930962,39.362944],[22.930974,39.362925],[22.930989,39.362907],[22.930989,39.36288],[22.930984,39.362848],[22.93098,39.362833],[22.930976,39.362821],[22.930877,39.362673],[22.930771,39.362513],[22.930665,39.362353],[22.930558,39.362193],[22.930514,39.362125],[22.930451,39.362034],[22.930342,39.361875],[22.930233,39.361716],[22.930124,39.361557],[22.930015,39.361398],[22.929906,39.361239],[22.929797,39.36108],[22.929688,39.360921],[22.929579,39.360762],[22.92947,39.360604],[22.929467,39.360599],[22.929421,39.360533],[22.929388,39.360488],[22.929359,39.360445],[22.929271,39.360319],[22.929248,39.360287],[22.929191,39.360209],[22.929135,39.36013],[22.929023,39.359972],[22.928911,39.359815],[22.928842,39.359718],[22.9288,39.359657],[22.928693,39.359497],[22.928586,39.359338],[22.928478,39.359178],[22.9284,39.359062],[22.928371,39.359018],[22.928266,39.358858],[22.92816,39.358698],[22.928132,39.358655],[22.928118,39.358635],[22.928048,39.35854],[22.927993,39.358464],[22.927988,39.358458],[22.927936,39.358383],[22.927826,39.358224],[22.927716,39.358065],[22.927607,39.357907],[22.927577,39.357864],[22.927497,39.357748],[22.927388,39.357589],[22.927382,39.357581],[22.927278,39.357431],[22.927167,39.357273],[22.927092,39.357165],[22.927059,39.357114],[22.926955,39.356953],[22.926943,39.356935],[22.92688,39.356837],[22.926851,39.356792],[22.926843,39.35678],[22.926774,39.356672],[22.926774,39.356672]]},"properties":{"line":"4","dir":"Τορούτζα","headsign":"Τορούτζα","mode":"bus","color":"#0059a9"}},{"type":"Feature","geometry":{"type":"LineString","coordinates":[[23.057931,39.328833],[23.057749,39.328945],[23.057715,39.328965],[23.057571,39.329061],[23.05743,39.329155],[23.057394,39.329177],[23.057332,39.329214],[23.057226,39.32926],[23.057203,39.329278],[23.057037,39.329404],[23.056871,39.32953],[23.056862,39.329537],[23.056726,39.329671],[23.056583,39.329812],[23.056445,39.329948],[23.056439,39.329954],[23.056309,39.330103],[23.056178,39.330251],[23.056112,39.330327],[23.056035,39.330393],[23.05588,39.330527],[23.055725,39.330661],[23.055571,39.330795],[23.055432,39.330916],[23.055416,39.330931],[23.055388,39.330958],[23.05524,39.331041],[23.055095,39.331123],[23.055059,39.331122],[23.054921,39.331122],[23.054854,39.331091],[23.054779,39.331057],[23.054707,39.330989],[23.054701,39.330976],[23.054685,39.330937],[23.054671,39.330893],[23.05467,39.330837],[23.054681,39.330795],[23.054685,39.330783],[23.054768,39.330625],[23.054856,39.330458],[23.054943,39.330292],[23.055031,39.330125],[23.05505,39.33009],[23.055074,39.329949],[23.055089,39.329861],[23.055073,39.329771],[23.05507,39.329754],[23.054971,39.32961],[23.054862,39.329452],[23.05478,39.329332],[23.054752,39.329293],[23.054723,39.329253],[23.054636,39.329137],[23.054519,39.328982],[23.054494,39.328947],[23.054411,39.328822],[23.054356,39.328739],[23.054336,39.328655],[23.054334,39.328645],[23.054323,39.328558],[23.054317,39.328475],[23.054316,39.328457],[23.054305,39.32833],[23.054305,39.328297],[23.054307,39.328198],[23.054307,39.328117],[23.054308,39.327937],[23.054308,39.327904],[23.054296,39.327802],[23.054285,39.327759],[23.054254,39.327635],[23.054237,39.327583],[23.054181,39.327409],[23.054181,39.327408],[23.054132,39.327232],[23.054114,39.327163],[23.054095,39.327055],[23.054087,39.327011],[23.054082,39.326875],[23.05408,39.326824],[23.054066,39.326696],[23.054065,39.32668],[23.054042,39.326592],[23.054019,39.326548],[23.054001,39.326527],[23.053974,39.326497],[23.05392,39.326448],[23.053846,39.326394],[23.053817,39.326373],[23.053673,39.326274],[23.053532,39.326176],[23.0535,39.326154],[23.053365,39.326059],[23.053328,39.326035],[23.053242,39.325979],[23.053173,39.32592],[23.053159,39.325909],[23.053002,39.325778],[23.053001,39.325777],[23.052899,39.325696],[23.052852,39.325738],[23.052842,39.325748],[23.052753,39.325813],[23.052681,39.325858],[23.052637,39.325886],[23.05256,39.32594],[23.052511,39.32598],[23.052511,39.325981],[23.052488,39.326014],[23.052481,39.326024],[23.05245,39.326089],[23.052428,39.326148],[23.05241,39.326196],[23.052359,39.326318],[23.052359,39.326319],[23.052341,39.326359],[23.052323,39.326401],[23.052307,39.326431],[23.052271,39.326485],[23.052254,39.326511],[23.052148,39.326638],[23.052022,39.326789],[23.051897,39.326941],[23.051894,39.326944],[23.05177,39.327092],[23.051735,39.327133],[23.051668,39.327216],[23.05164,39.32724],[23.051585,39.32729],[23.051525,39.327337],[23.051482,39.327359],[23.051472,39.327363],[23.051416,39.327385],[23.051327,39.327407],[23.051254,39.327418],[23.051207,39.327426],[23.051046,39.327455],[23.051027,39.327458],[23.050801,39.327496],[23.050764,39.327503],[23.050572,39.327529],[23.050434,39.327548],[23.050343,39.327558],[23.050113,39.327585],[23.050033,39.327595],[23.049883,39.327615],[23.049766,39.327632],[23.049655,39.32765],[23.049543,39.327668],[23.049429,39.327693],[23.049206,39.327742],[23.049197,39.327744],[23.048983,39.327794],[23.04876,39.327847],[23.048576,39.32789],[23.048538,39.3279],[23.048382,39.327943],[23.048321,39.327964],[23.048225,39.327996],[23.048113,39.328044],[23.048075,39.32806],[23.047977,39.328108],[23.047918,39.328142],[23.047791,39.328215],[23.04773,39.328248],[23.047658,39.328287],[23.047536,39.328346],[23.047484,39.328371],[23.047341,39.328439],[23.047337,39.32844],[23.047136,39.328516],[23.047128,39.328518],[23.046914,39.328589],[23.046862,39.328607],[23.046698,39.328654],[23.046673,39.328661],[23.046492,39.328709],[23.046478,39.328712],[23.04633,39.328752],[23.046256,39.328767],[23.046153,39.328788],[23.046028,39.328805],[23.045799,39.328836],[23.04557,39.328868],[23.045526,39.328874],[23.04537,39.328896],[23.045343,39.328901],[23.045253,39.328919],[23.045131,39.328949],[23.045124,39.328952],[23.044968,39.329005],[23.044914,39.329027],[23.044751,39.329093],[23.044707,39.329109],[23.044498,39.329187],[23.044358,39.329239],[23.04429,39.329268],[23.044086,39.329355],[23.043883,39.329442],[23.04368,39.32953],[23.043668,39.329534],[23.043613,39.329625],[23.043583,39.329573],[23.043476,39.329617],[23.043462,39.329623],[23.043432,39.329636],[23.043274,39.329705],[23.043072,39.329795],[23.04287,39.329884],[23.042849,39.329893],[23.042708,39.329972],[23.042681,39.329987],[23.042588,39.330039],[23.0425,39.330099],[23.042461,39.330126],[23.04236,39.330205],[23.042336,39.330225],[23.042244,39.330302],[23.042179,39.330357],[23.042023,39.330488],[23.042021,39.330489],[23.041966,39.330536],[23.041904,39.33058],[23.041851,39.330611],[23.041837,39.330619],[23.041777,39.330648],[23.041713,39.330674],[23.041657,39.330694],[23.041647,39.330697],[23.041615,39.330706],[23.041569,39.330715],[23.041528,39.330723],[23.041432,39.330735],[23.041421,39.330736],[23.041276,39.330751],[23.041189,39.330754],[23.041119,39.330756],[23.040963,39.330752],[23.040957,39.330751],[23.040807,39.330738],[23.040726,39.330732],[23.040714,39.330732],[23.040647,39.330729],[23.04058,39.330728],[23.040493,39.330729],[23.040466,39.330729],[23.040353,39.330732],[23.040261,39.330737],[23.040029,39.330749],[23.039797,39.330762],[23.039711,39.330766],[23.039565,39.330774],[23.039364,39.330785],[23.039333,39.330787],[23.039101,39.330799],[23.038869,39.330811],[23.038637,39.330824],[23.038405,39.330836],[23.038244,39.330845],[23.038173,39.330849],[23.037941,39.330861],[23.037709,39.330874],[23.037477,39.330886],[23.037245,39.330899],[23.037212,39.3309],[23.037129,39.330902],[23.037046,39.330908],[23.037011,39.330911],[23.036964,39.330916],[23.036883,39.330928],[23.036783,39.330949],[23.036558,39.330994],[23.03639,39.331028],[23.036333,39.331039],[23.036254,39.331055],[23.036108,39.331085],[23.035883,39.33113],[23.035658,39.331175],[23.035528,39.331201],[23.035483,39.331212],[23.035435,39.331226],[23.035421,39.331229],[23.03538,39.331243],[23.035329,39.331267],[23.035268,39.3313],[23.035238,39.33132],[23.035217,39.331334],[23.035171,39.331371],[23.035083,39.331454],[23.034978,39.331554],[23.034935,39.331593],[23.034895,39.331629],[23.034821,39.331685],[23.034771,39.331718],[23.034741,39.331738],[23.03463,39.331801],[23.034586,39.331823],[23.034391,39.331921],[23.034276,39.331979],[23.034196,39.332018],[23.034102,39.332065],[23.034,39.332115],[23.033809,39.332209],[23.033803,39.332213],[23.033701,39.332268],[23.033615,39.332323],[23.033604,39.33233],[23.033499,39.332404],[23.033443,39.332448],[23.033394,39.332486],[23.03328,39.332576],[23.033252,39.332598],[23.033116,39.332703],[23.033086,39.332726],[23.033041,39.332748],[23.032996,39.332767],[23.032955,39.332779],[23.032929,39.332784],[23.032895,39.33279],[23.032832,39.332795],[23.032774,39.332793],[23.032717,39.332785],[23.032707,39.332782],[23.032548,39.332737],[23.032487,39.332724],[23.032454,39.332717],[23.03237,39.3327],[23.032282,39.33269],[23.032259,39.332688],[23.032183,39.332684],[23.032027,39.332685],[23.031794,39.332687],[23.031562,39.332688],[23.031448,39.332689],[23.031329,39.332691],[23.031281,39.332692],[23.031128,39.33269],[23.0311,39.332687],[23.030996,39.332679],[23.030872,39.332654],[23.030845,39.332648],[23.030706,39.332604],[23.030658,39.332586],[23.030557,39.332547],[23.030457,39.332499],[23.030421,39.332483],[23.030262,39.332403],[23.030067,39.332306],[23.029872,39.332208],[23.029801,39.332172],[23.029705,39.332132],[23.029673,39.332121],[23.029606,39.332098],[23.029504,39.332069],[23.029457,39.332059],[23.029399,39.332047],[23.029293,39.332031],[23.029231,39.332026],[23.029185,39.332021],[23.029077,39.332018],[23.028998,39.33202],[23.028968,39.332021],[23.02886,39.332031],[23.028766,39.332045],[23.028754,39.332047],[23.028649,39.332069],[23.028547,39.332097],[23.028537,39.3321],[23.028448,39.332131],[23.028352,39.332171],[23.028324,39.332185],[23.028261,39.332216],[23.028174,39.332267],[23.028132,39.332292],[23.02795,39.332402],[23.027947,39.332404],[23.027839,39.332456],[23.027748,39.332483],[23.027721,39.332491],[23.027597,39.332509],[23.027524,39.332509],[23.02747,39.332509],[23.027293,39.3325],[23.027219,39.332497],[23.02706,39.332491],[23.026927,39.332487],[23.026827,39.332486],[23.026595,39.332484],[23.026499,39.332483],[23.026362,39.332485],[23.026129,39.332488],[23.025897,39.332491],[23.025884,39.332491],[23.025715,39.3325],[23.025662,39.332505],[23.025547,39.332518],[23.025431,39.332536],[23.025381,39.332544],[23.025253,39.332571],[23.025204,39.332582],[23.025039,39.332622],[23.024982,39.332637],[23.024762,39.332695],[23.024542,39.332753],[23.024349,39.332804],[23.024322,39.332813],[23.024197,39.332852],[23.024108,39.332883],[23.024051,39.332903],[23.02398,39.332931],[23.023914,39.332957],[23.023899,39.332963],[23.023757,39.333022],[23.023695,39.33305],[23.023615,39.333087],[23.023495,39.333142],[23.023296,39.333235],[23.023218,39.333272],[23.023098,39.33333],[23.022901,39.333427],[23.022827,39.333463],[23.022707,39.333526],[23.022514,39.333627],[23.022321,39.333728],[23.022129,39.333829],[23.021936,39.33393],[23.021744,39.33403],[23.021587,39.334112],[23.021551,39.334131],[23.02138,39.334218],[23.021357,39.334229],[23.021162,39.334327],[23.021155,39.33433],[23.020964,39.33442],[23.020838,39.33448],[23.020765,39.334512],[23.02064,39.334567],[23.020562,39.334599],[23.020449,39.334646],[23.020357,39.334684],[23.020235,39.334734],[23.02015,39.334765],[23.02006,39.334797],[23.019939,39.334839],[23.019726,39.334912],[23.019564,39.334968],[23.019514,39.334986],[23.019438,39.335013],[23.019327,39.335058],[23.019304,39.335069],[23.019264,39.335088],[23.019159,39.335146],[23.019111,39.335179],[23.019044,39.335227],[23.018942,39.335304],[23.018776,39.33543],[23.01861,39.335556],[23.018527,39.33562],[23.018498,39.33564],[23.018443,39.335682],[23.018354,39.335749],[23.018279,39.335809],[23.018232,39.335846],[23.018115,39.335936],[23.01795,39.336063],[23.017786,39.33619],[23.017649,39.336296],[23.017621,39.33632],[23.017534,39.336395],[23.017469,39.336458],[23.017429,39.336497],[23.017325,39.336598],[23.017228,39.336692],[23.017175,39.336735],[23.017138,39.336766],[23.017039,39.336838],[23.017008,39.336857],[23.016923,39.336909],[23.016824,39.336965],[23.016804,39.336976],[23.016652,39.337054],[23.016633,39.337063],[23.016435,39.337158],[23.016238,39.337253],[23.016066,39.337335],[23.01604,39.337348],[23.015843,39.337443],[23.015645,39.337538],[23.015448,39.337634],[23.015359,39.337677],[23.015323,39.337733],[23.015288,39.337785],[23.015183,39.337946],[23.015078,39.338106],[23.015063,39.338129],[23.014974,39.338267],[23.014869,39.338427],[23.014764,39.338588],[23.014659,39.338748],[23.014616,39.338814],[23.014554,39.338909],[23.014449,39.339069],[23.014344,39.33923],[23.014239,39.33939],[23.014196,39.339457],[23.014148,39.339531],[23.014134,39.339551],[23.014029,39.339712],[23.013924,39.339872],[23.013819,39.340033],[23.013762,39.34012],[23.013714,39.340193],[23.01361,39.340354],[23.013505,39.340514],[23.0134,39.340675],[23.013392,39.340687],[23.013295,39.340835],[23.01319,39.340996],[23.013184,39.341005],[23.013085,39.341156],[23.013051,39.341208],[23.012981,39.341317],[23.012926,39.341403],[23.012875,39.341477],[23.012766,39.341636],[23.012657,39.341794],[23.012645,39.341811],[23.012454,39.34181],[23.01228,39.34181],[23.012222,39.34181],[23.012097,39.34181],[23.011989,39.34181],[23.011757,39.34181],[23.011684,39.34181],[23.011524,39.34181],[23.011291,39.341809],[23.011182,39.341809],[23.011059,39.341809],[23.010826,39.341809],[23.010594,39.341809],[23.010564,39.341809],[23.010361,39.341808],[23.01016,39.341808],[23.010129,39.341808],[23.00997,39.341808],[23.009896,39.341808],[23.009663,39.341808],[23.009463,39.341807],[23.009431,39.341807],[23.009198,39.341807],[23.008966,39.341807],[23.008908,39.341807],[23.008733,39.341807],[23.0085,39.341806],[23.008268,39.341806],[23.008173,39.341806],[23.008035,39.341806],[23.008021,39.341806],[23.007803,39.341806],[23.00757,39.341805],[23.007338,39.341805],[23.007221,39.341805],[23.007105,39.341805],[23.006872,39.341805],[23.00664,39.341805],[23.00644,39.341804],[23.006407,39.341804],[23.006175,39.341804],[23.005942,39.341804],[23.005869,39.341804],[23.005757,39.341804],[23.005709,39.341804],[23.005477,39.341803],[23.005244,39.341803],[23.005012,39.341803],[23.004866,39.341803],[23.004829,39.341803],[23.004779,39.341803],[23.004696,39.341803],[23.004547,39.341802],[23.004314,39.341801],[23.004247,39.3418],[23.004081,39.3418],[23.003849,39.3418],[23.003681,39.3418],[23.003616,39.3418],[23.003574,39.3418],[23.003508,39.34181],[23.00344,39.34183],[23.003395,39.341848],[23.003385,39.341853],[23.003331,39.341883],[23.003284,39.341915],[23.00322,39.341965],[23.003058,39.342094],[23.002979,39.342156],[23.002904,39.342215],[23.002894,39.342222],[23.00273,39.342349],[23.002565,39.342477],[23.002401,39.342604],[23.002369,39.342629],[23.002235,39.34273],[23.002068,39.342855],[23.001901,39.34298],[23.001879,39.342996],[23.001832,39.343037],[23.0018,39.343073],[23.001779,39.343106],[23.001771,39.343128],[23.001764,39.343144],[23.001752,39.343194],[23.001749,39.343277],[23.001749,39.343309],[23.001747,39.343488],[23.001746,39.343575],[23.001744,39.343668],[23.00174,39.343848],[23.001737,39.344028],[23.001733,39.344208],[23.001733,39.34422],[23.001555,39.344203],[23.001324,39.344182],[23.001093,39.344161],[23.000862,39.344139],[23.000856,39.344139],[23.000631,39.344118],[23.0004,39.344096],[23.000169,39.344075],[22.999938,39.344054],[22.999884,39.344049],[22.999707,39.344032],[22.999476,39.344011],[22.999383,39.344002],[22.999245,39.34399],[22.999242,39.343989],[22.999215,39.344131],[22.999209,39.344164],[22.999176,39.344342],[22.999145,39.344511],[22.999143,39.34452],[22.999111,39.344699],[22.99908,39.344877],[22.999049,39.345055],[22.999025,39.34519],[22.999021,39.345233],[22.999002,39.345413],[22.998984,39.345592],[22.998965,39.345771],[22.998947,39.345951],[22.998931,39.346105],[22.998928,39.34613],[22.998918,39.346222],[22.998905,39.346298],[22.998902,39.346309],[22.998889,39.346364],[22.998861,39.346443],[22.998846,39.346483],[22.998833,39.346516],[22.998803,39.346585],[22.998771,39.346653],[22.998765,39.346665],[22.998693,39.346785],[22.998672,39.346816],[22.998627,39.346883],[22.998559,39.346967],[22.998555,39.346971],[22.998489,39.347044],[22.998414,39.347114],[22.998277,39.347228],[22.998254,39.347244],[22.998175,39.347298],[22.998077,39.347361],[22.998048,39.347381],[22.9979,39.347478],[22.997752,39.347575],[22.997724,39.347595],[22.99767,39.347635],[22.997614,39.347687],[22.997574,39.347732],[22.997536,39.347776],[22.997449,39.347884],[22.997441,39.347894],[22.99733,39.348038],[22.997259,39.348131],[22.99721,39.348192],[22.997099,39.34833],[22.997087,39.348345],[22.997043,39.348396],[22.996998,39.348446],[22.996955,39.348487],[22.996951,39.348491],[22.996909,39.348529],[22.996839,39.348582],[22.996787,39.348618],[22.996723,39.348663],[22.996617,39.34873],[22.99661,39.348734],[22.996495,39.348806],[22.996427,39.348845],[22.996386,39.348869],[22.996312,39.348912],[22.99624,39.348952],[22.996238,39.348953],[22.996161,39.34899],[22.996039,39.349043],[22.995836,39.349131],[22.995775,39.349158],[22.99563,39.349214],[22.995423,39.349295],[22.995305,39.349341],[22.995218,39.34938],[22.995169,39.349402],[22.995095,39.349439],[22.995067,39.349454],[22.995024,39.349479],[22.995024,39.34948],[22.994963,39.349524],[22.994925,39.349553],[22.994886,39.349587],[22.994864,39.34961],[22.994842,39.349633],[22.994767,39.349718],[22.994735,39.349759],[22.994694,39.34981],[22.994617,39.349914],[22.994516,39.350049],[22.9945,39.35007],[22.994383,39.350225],[22.994377,39.350233],[22.994252,39.350374],[22.994233,39.350395],[22.994143,39.350483],[22.994107,39.350514],[22.994074,39.350544],[22.993999,39.350605],[22.993947,39.350644],[22.99394,39.35065],[22.993856,39.350702],[22.993765,39.350757],[22.993662,39.350818],[22.993579,39.350865],[22.993391,39.35097],[22.99336,39.350988],[22.993284,39.351028],[22.993199,39.351072],[22.993184,39.35108],[22.993092,39.351127],[22.993011,39.351167],[22.993003,39.35117],[22.992921,39.351207],[22.992858,39.351232],[22.992798,39.351255],[22.992781,39.351262],[22.992705,39.351289],[22.992648,39.351307],[22.99259,39.351333],[22.99254,39.351355],[22.992456,39.351388],[22.99238,39.351414],[22.992249,39.351459],[22.992181,39.351488],[22.992177,39.351489],[22.992142,39.351508],[22.992098,39.351536],[22.992058,39.351569],[22.992011,39.351614],[22.992011,39.351621],[22.992011,39.351657],[22.991993,39.351698],[22.99196,39.351734],[22.991915,39.351759],[22.9919,39.351763],[22.991862,39.351773],[22.991806,39.351774],[22.991752,39.351761],[22.991706,39.351736],[22.991672,39.351701],[22.991653,39.35166],[22.991625,39.351629],[22.991606,39.351615],[22.991571,39.351596],[22.991545,39.351587],[22.991529,39.351581],[22.991458,39.351567],[22.991387,39.351559],[22.991339,39.351557],[22.99129,39.351555],[22.991206,39.351552],[22.991122,39.351548],[22.991101,39.351545],[22.990992,39.351532],[22.990877,39.35153],[22.990864,39.351529],[22.990643,39.35152],[22.990411,39.351511],[22.990179,39.351501],[22.989946,39.351492],[22.989718,39.351482],[22.989714,39.351482],[22.989482,39.351471],[22.989475,39.35147],[22.989293,39.351458],[22.989249,39.351455],[22.989018,39.351436],[22.988882,39.351425],[22.988786,39.351419],[22.988712,39.351414],[22.988586,39.351411],[22.988556,39.351411],[22.98847,39.351413],[22.988372,39.351418],[22.988326,39.351424],[22.988274,39.35143],[22.988182,39.351448],[22.988108,39.351465],[22.988102,39.351466],[22.987993,39.351491],[22.98788,39.351518],[22.987658,39.351571],[22.987613,39.351582],[22.987498,39.351611],[22.987436,39.351626],[22.987422,39.351629],[22.987355,39.351642],[22.987284,39.351653],[22.987226,39.35166],[22.987207,39.351661],[22.987164,39.351663],[22.987095,39.35166],[22.987025,39.351656],[22.986973,39.351651],[22.986909,39.351645],[22.986742,39.351624],[22.986513,39.351595],[22.986283,39.351567],[22.986053,39.351538],[22.985967,39.351528],[22.985824,39.35151],[22.985594,39.351481],[22.985364,39.351453],[22.985135,39.351424],[22.984905,39.351396],[22.984676,39.351367],[22.984446,39.351338],[22.984216,39.35131],[22.984108,39.351297],[22.983987,39.351278],[22.98388,39.351262],[22.983759,39.35124],[22.983661,39.351223],[22.983533,39.351194],[22.98331,39.351143],[22.983087,39.351092],[22.982864,39.351041],[22.982641,39.35099],[22.982418,39.350938],[22.982195,39.350887],[22.981972,39.350836],[22.981749,39.350785],[22.981526,39.350734],[22.981303,39.350683],[22.98108,39.350632],[22.980857,39.350581],[22.980634,39.35053],[22.980488,39.350496],[22.980413,39.350476],[22.980347,39.350459],[22.980233,39.350423],[22.980198,39.350408],[22.98015,39.350388],[22.980021,39.35033],[22.979997,39.350317],[22.979895,39.35026],[22.979809,39.350212],[22.97962,39.350107],[22.979431,39.350002],[22.979242,39.349897],[22.979204,39.349875],[22.979117,39.349824],[22.97906,39.349786],[22.97906,39.349785],[22.979011,39.349752],[22.978978,39.349728],[22.978959,39.349715],[22.97893,39.349691],[22.978906,39.34967],[22.978897,39.349657],[22.978883,39.34964],[22.978837,39.349566],[22.978788,39.349499],[22.978762,39.349464],[22.978713,39.349405],[22.978667,39.349346],[22.978666,39.349345],[22.978599,39.349281],[22.978522,39.349223],[22.978509,39.349214],[22.978455,39.349178],[22.978393,39.349147],[22.978343,39.349123],[22.978317,39.349113],[22.978276,39.349097],[22.978225,39.349081],[22.97817,39.349065],[22.978121,39.349055],[22.978099,39.349051],[22.978058,39.349044],[22.977994,39.349035],[22.977924,39.349028],[22.977869,39.349026],[22.977866,39.349026],[22.977785,39.349031],[22.977701,39.349038],[22.977639,39.349049],[22.977625,39.349051],[22.977413,39.349093],[22.9774,39.349095],[22.977297,39.349117],[22.977257,39.349124],[22.977195,39.349131],[22.977187,39.349132],[22.977129,39.349135],[22.977079,39.349134],[22.97703,39.349128],[22.976975,39.349115],[22.976959,39.34911],[22.976939,39.349104],[22.976908,39.349094],[22.976884,39.349083],[22.976855,39.34907],[22.97683,39.349058],[22.976804,39.349045],[22.976778,39.349027],[22.976762,39.349016],[22.976755,39.349011],[22.976729,39.348989],[22.9767,39.348961],[22.976682,39.348935],[22.976659,39.348895],[22.976644,39.348865],[22.976643,39.348864],[22.97663,39.34883],[22.976618,39.348782],[22.976604,39.348727],[22.976599,39.348688],[22.976595,39.348657],[22.976575,39.348564],[22.976569,39.348519],[22.976567,39.34851],[22.976553,39.348448],[22.976539,39.348407],[22.976514,39.348359],[22.976501,39.348338],[22.976485,39.348311],[22.976451,39.348267],[22.976423,39.348235],[22.976389,39.348203],[22.976372,39.348189],[22.976358,39.348178],[22.976323,39.348152],[22.976291,39.348128],[22.976242,39.348098],[22.9762,39.348074],[22.976197,39.348072],[22.976168,39.348057],[22.976116,39.348036],[22.976059,39.34802],[22.975984,39.348001],[22.975982,39.348],[22.97592,39.347988],[22.975854,39.347979],[22.975777,39.347968],[22.975756,39.347967],[22.975699,39.347963],[22.975642,39.34796],[22.975524,39.347963],[22.975292,39.34797],[22.975265,39.347971],[22.97506,39.347982],[22.974845,39.347995],[22.974828,39.347995],[22.974595,39.348],[22.974526,39.348002],[22.974449,39.348002],[22.974393,39.347998],[22.974364,39.347993],[22.974339,39.347988],[22.974267,39.347973],[22.974201,39.347956],[22.974141,39.34794],[22.974066,39.34792],[22.973921,39.347882],[22.973874,39.34787],[22.97378,39.347847],[22.973704,39.347834],[22.973698,39.347833],[22.973651,39.347825],[22.97359,39.347813],[22.973526,39.347802],[22.973478,39.347794],[22.973471,39.347794],[22.973397,39.347785],[22.973296,39.347777],[22.97324,39.347775],[22.973163,39.347772],[22.973023,39.347768],[22.973007,39.347768],[22.972775,39.347768],[22.972563,39.347767],[22.972542,39.347768],[22.972458,39.34777],[22.972393,39.347772],[22.972313,39.347778],[22.97231,39.347778],[22.972247,39.347786],[22.972178,39.3478],[22.972096,39.347819],[22.972085,39.347823],[22.971996,39.347852],[22.971901,39.347888],[22.971875,39.347899],[22.971797,39.347929],[22.971673,39.347988],[22.971641,39.348002],[22.971521,39.348063],[22.971477,39.348085],[22.971472,39.348087],[22.971425,39.348108],[22.971395,39.34812],[22.971355,39.348135],[22.971317,39.348147],[22.97127,39.348158],[22.971266,39.348158],[22.971228,39.348164],[22.971193,39.348167],[22.97115,39.348168],[22.971106,39.348167],[22.971049,39.348162],[22.971035,39.34816],[22.970994,39.348154],[22.970928,39.348145],[22.970808,39.34812],[22.970737,39.348104],[22.970711,39.348101],[22.970684,39.348098],[22.970632,39.348094],[22.970584,39.348091],[22.97058,39.348091],[22.970531,39.348091],[22.970483,39.348092],[22.970431,39.348097],[22.970376,39.348106],[22.970351,39.348114],[22.97032,39.348124],[22.970264,39.348145],[22.97022,39.348167],[22.970154,39.348207],[22.970153,39.348207],[22.970079,39.348253],[22.969976,39.348324],[22.969933,39.348353],[22.969878,39.348386],[22.969804,39.348427],[22.969792,39.348434],[22.969741,39.348462],[22.969693,39.348485],[22.969631,39.348509],[22.969592,39.348525],[22.969534,39.348547],[22.969416,39.348592],[22.969383,39.348604],[22.969286,39.34864],[22.969189,39.348678],[22.969175,39.348684],[22.969082,39.348725],[22.969001,39.348765],[22.968978,39.348779],[22.968927,39.348808],[22.968869,39.348845],[22.968798,39.348893],[22.968795,39.348895],[22.96874,39.348937],[22.968678,39.348987],[22.968637,39.349022],[22.968612,39.349044],[22.968561,39.349085],[22.968518,39.349116],[22.968477,39.349138],[22.968466,39.349143],[22.968424,39.349161],[22.968369,39.34918],[22.96831,39.349197],[22.968251,39.349211],[22.968233,39.349215],[22.968154,39.349234],[22.968075,39.349254],[22.968031,39.349268],[22.967969,39.349289],[22.967841,39.349335],[22.96782,39.349344],[22.967724,39.349385],[22.967645,39.349421],[22.967619,39.349434],[22.967578,39.349455],[22.967506,39.349501],[22.967438,39.349547],[22.96743,39.349552],[22.967352,39.349611],[22.967274,39.349674],[22.967254,39.34969],[22.96712,39.349809],[22.966966,39.349944],[22.966966,39.349944],[22.966816,39.350082],[22.966667,39.350219],[22.966517,39.350357],[22.966367,39.350495],[22.966218,39.350632],[22.966216,39.350634],[22.966171,39.350672],[22.966148,39.350694],[22.966062,39.350766],[22.966037,39.350786],[22.965948,39.350857],[22.965926,39.350874],[22.965904,39.350895],[22.965898,39.350902],[22.965882,39.350919],[22.965857,39.350939],[22.965834,39.350957],[22.965798,39.350982],[22.965773,39.351003],[22.96575,39.351025],[22.965726,39.351053],[22.965708,39.351079],[22.965696,39.351098],[22.965694,39.351117],[22.965687,39.351136],[22.96568,39.351149],[22.96567,39.351162],[22.965648,39.351181],[22.965628,39.351192],[22.965603,39.351202],[22.965584,39.351206],[22.96557,39.351208],[22.965558,39.351209],[22.965544,39.351208],[22.965528,39.351207],[22.965507,39.351202],[22.965487,39.351196],[22.965462,39.351183],[22.965448,39.351173],[22.965438,39.351163],[22.965432,39.351156],[22.965427,39.351149],[22.965422,39.351141],[22.965416,39.351125],[22.965412,39.351104],[22.965412,39.351089],[22.965414,39.351079],[22.965417,39.351068],[22.965421,39.351058],[22.965427,39.351048],[22.965438,39.351035],[22.965384,39.351037],[22.965346,39.351036],[22.965264,39.351033],[22.965233,39.351032],[22.96518,39.35103],[22.965131,39.351033],[22.965097,39.35104],[22.965034,39.351029],[22.96496,39.351017],[22.964901,39.351011],[22.964864,39.351009],[22.964827,39.351007],[22.964806,39.351008],[22.964783,39.351008],[22.964746,39.351011],[22.964705,39.351017],[22.964645,39.351031],[22.964592,39.351048],[22.964591,39.351048],[22.964567,39.351058],[22.964542,39.351068],[22.964388,39.351134],[22.964272,39.351184],[22.96423,39.351207],[22.964193,39.35123],[22.964193,39.35123],[22.964162,39.351252],[22.964131,39.35128],[22.9641,39.351309],[22.964039,39.351365],[22.963954,39.351443],[22.963896,39.351507],[22.963762,39.351653],[22.963731,39.351687],[22.963618,39.351794],[22.963471,39.351934],[22.963324,39.352073],[22.963247,39.352146],[22.963177,39.352212],[22.963028,39.352351],[22.96288,39.352489],[22.962744,39.352617],[22.962732,39.352628],[22.962584,39.352767],[22.962436,39.352905],[22.962288,39.353044],[22.96214,39.353183],[22.96211,39.353211],[22.962023,39.353292],[22.961992,39.353321],[22.961983,39.35333],[22.961844,39.35346],[22.961804,39.353498],[22.961696,39.353599],[22.961659,39.353633],[22.961571,39.353717],[22.961549,39.353738],[22.961538,39.353748],[22.961514,39.353768],[22.96147,39.3538],[22.961378,39.353862],[22.961358,39.353876],[22.961195,39.353973],[22.961194,39.353973],[22.96101,39.354082],[22.960981,39.3541],[22.960824,39.35419],[22.960638,39.354298],[22.960452,39.354406],[22.960398,39.354437],[22.960266,39.354514],[22.960081,39.354623],[22.959896,39.354732],[22.959819,39.354778],[22.959708,39.354838],[22.959538,39.354929],[22.959517,39.35494],[22.959324,39.355041],[22.959301,39.355054],[22.95913,39.35514],[22.959048,39.355182],[22.958936,39.355239],[22.958791,39.355313],[22.958741,39.355338],[22.958661,39.355378],[22.958589,39.355413],[22.958546,39.355436],[22.958528,39.355445],[22.958353,39.355536],[22.95816,39.355637],[22.958001,39.35572],[22.957967,39.355736],[22.95777,39.355832],[22.957573,39.355928],[22.957434,39.355995],[22.957377,39.356024],[22.957181,39.356122],[22.957081,39.356172],[22.956986,39.35622],[22.956791,39.356317],[22.956791,39.356317],[22.956594,39.356413],[22.956397,39.356509],[22.956201,39.356605],[22.956115,39.356647],[22.956005,39.356703],[22.95581,39.356801],[22.955616,39.356899],[22.955499,39.356958],[22.955421,39.356998],[22.955228,39.357098],[22.955035,39.357199],[22.954999,39.357217],[22.95484,39.357297],[22.954645,39.357395],[22.954586,39.357425],[22.954504,39.357466],[22.954463,39.357487],[22.95445,39.357493],[22.95443,39.357503],[22.954255,39.357591],[22.95406,39.357689],[22.953947,39.357746],[22.953865,39.357787],[22.953745,39.357848],[22.953671,39.357885],[22.953502,39.35797],[22.953476,39.357983],[22.953462,39.35799],[22.953281,39.358082],[22.953094,39.358176],[22.953086,39.35818],[22.952891,39.358278],[22.952838,39.358304],[22.9527,39.358374],[22.952505,39.358472],[22.95231,39.35857],[22.952215,39.358617],[22.95217,39.358561],[22.952047,39.358409],[22.951924,39.358256],[22.951801,39.358104],[22.951702,39.357981],[22.951625,39.358021],[22.95143,39.358119],[22.951236,39.358218],[22.951118,39.358278],[22.95107,39.358303],[22.951042,39.358317],[22.950848,39.358416],[22.950653,39.358515],[22.950565,39.35856],[22.950459,39.358613],[22.950341,39.358673],[22.950265,39.358712],[22.950109,39.358792],[22.95007,39.358811],[22.949927,39.358884],[22.949876,39.35891],[22.949682,39.359009],[22.94963,39.359035],[22.949488,39.359108],[22.94938,39.359162],[22.949293,39.359206],[22.949099,39.359305],[22.948905,39.359404],[22.948901,39.359406],[22.94871,39.359503],[22.948704,39.359506],[22.948516,39.359602],[22.948496,39.359612],[22.948322,39.359701],[22.948221,39.359752],[22.948127,39.359799],[22.947979,39.359875],[22.947933,39.359898],[22.947745,39.359994],[22.947739,39.359997],[22.947545,39.360096],[22.947487,39.360125],[22.94735,39.360195],[22.947221,39.360261],[22.947156,39.360294],[22.947008,39.360369],[22.946962,39.360393],[22.946768,39.360492],[22.946704,39.360525],[22.946574,39.360591],[22.946379,39.360689],[22.946314,39.360722],[22.946185,39.360788],[22.946062,39.36085],[22.94599,39.360887],[22.945796,39.360985],[22.945734,39.361017],[22.945704,39.361032],[22.945601,39.361084],[22.945437,39.361166],[22.945406,39.361181],[22.945207,39.361274],[22.945205,39.361275],[22.945009,39.361368],[22.944986,39.361378],[22.944954,39.361394],[22.94481,39.361461],[22.944714,39.361506],[22.94461,39.361552],[22.944462,39.361619],[22.944409,39.361642],[22.944207,39.361731],[22.944168,39.361749],[22.944005,39.361821],[22.943957,39.361843],[22.943803,39.36191],[22.943694,39.361959],[22.943601,39.361999],[22.943508,39.362039],[22.943398,39.362086],[22.94333,39.362115],[22.943195,39.362174],[22.943095,39.362216],[22.943004,39.362256],[22.942991,39.362257],[22.942917,39.362264],[22.94286,39.362268],[22.9428,39.362271],[22.942762,39.362274],[22.942736,39.362275],[22.942684,39.362278],[22.942615,39.362281],[22.942532,39.362283],[22.94253,39.362284],[22.942509,39.362284],[22.942478,39.362284],[22.942453,39.362286],[22.942427,39.362288],[22.942407,39.362291],[22.942382,39.362295],[22.942341,39.362303],[22.942309,39.362312],[22.942288,39.362319],[22.942246,39.362334],[22.942212,39.362347],[22.942203,39.36235],[22.94219,39.362365],[22.942175,39.362379],[22.942157,39.362391],[22.942138,39.362402],[22.942122,39.362409],[22.942118,39.362411],[22.942097,39.362418],[22.942074,39.362423],[22.942051,39.362427],[22.942028,39.362428],[22.942005,39.362428],[22.941981,39.362425],[22.941959,39.36242],[22.941937,39.362414],[22.941916,39.362405],[22.941897,39.362395],[22.94189,39.362391],[22.941879,39.362384],[22.941866,39.362373],[22.941824,39.362361],[22.941801,39.362353],[22.94177,39.362344],[22.941728,39.362334],[22.941685,39.362323],[22.941683,39.362322],[22.941649,39.362316],[22.941613,39.362309],[22.941591,39.362307],[22.941555,39.362305],[22.941522,39.362305],[22.941472,39.362305],[22.941455,39.362305],[22.941393,39.362307],[22.941223,39.362308],[22.941179,39.362308],[22.941114,39.362308],[22.94099,39.362308],[22.940758,39.362307],[22.940525,39.362307],[22.940391,39.362307],[22.940292,39.362306],[22.940258,39.362306],[22.94006,39.362306],[22.939827,39.362305],[22.939595,39.362305],[22.939509,39.362305],[22.939362,39.362304],[22.93913,39.362304],[22.939118,39.362304],[22.938897,39.362303],[22.938685,39.362303],[22.938664,39.362303],[22.938648,39.362303],[22.938587,39.362304],[22.938539,39.362305],[22.938511,39.362306],[22.938497,39.362308],[22.938486,39.36231],[22.938476,39.362312],[22.938465,39.362315],[22.938453,39.362319],[22.938447,39.362327],[22.938437,39.362337],[22.938422,39.36235],[22.938404,39.362361],[22.938393,39.362368],[22.93838,39.362374],[22.93837,39.362378],[22.938348,39.362385],[22.938328,39.362389],[22.938322,39.36239],[22.938301,39.362392],[22.938268,39.362393],[22.938242,39.36239],[22.938237,39.362389],[22.938215,39.362384],[22.93819,39.362375],[22.938167,39.362367],[22.938149,39.362355],[22.93812,39.36235],[22.938087,39.362345],[22.938047,39.362341],[22.938026,39.362339],[22.938015,39.362338],[22.937978,39.362337],[22.93795,39.362336],[22.93792,39.362336],[22.937886,39.362337],[22.93783,39.36234],[22.937791,39.362343],[22.937754,39.362347],[22.937666,39.362354],[22.937561,39.362367],[22.937549,39.362368],[22.937458,39.362383],[22.937334,39.362406],[22.937318,39.362409],[22.937108,39.36245],[22.937029,39.362465],[22.936883,39.362494],[22.936768,39.362517],[22.936719,39.362526],[22.936683,39.362531],[22.936656,39.362533],[22.936643,39.362535],[22.936618,39.362537],[22.936547,39.362539],[22.936501,39.36254],[22.936447,39.362537],[22.936424,39.362536],[22.936398,39.362535],[22.936357,39.362532],[22.936289,39.362526],[22.936223,39.362518],[22.936194,39.362514],[22.936142,39.362506],[22.936105,39.362498],[22.935974,39.362457],[22.935759,39.362388],[22.93575,39.362386],[22.93569,39.362366],[22.935544,39.36232],[22.935361,39.362262],[22.935329,39.362252],[22.935114,39.362184],[22.935072,39.36217],[22.934898,39.362115],[22.934684,39.362047],[22.934561,39.362007],[22.934469,39.361978],[22.934254,39.36191],[22.934192,39.36189],[22.934131,39.361879],[22.934091,39.361869],[22.93405,39.361861],[22.934034,39.361859],[22.934029,39.361859],[22.933993,39.361857],[22.933963,39.361858],[22.933927,39.361861],[22.933886,39.361867],[22.933854,39.361873],[22.933828,39.361878],[22.933806,39.361883],[22.933782,39.361888],[22.93377,39.361901],[22.933754,39.361914],[22.933728,39.361929],[22.933698,39.361941],[22.933679,39.361945],[22.933665,39.361948],[22.933649,39.361949],[22.933637,39.361949],[22.933626,39.361949],[22.93361,39.361948],[22.933602,39.361947],[22.933591,39.361945],[22.933572,39.36194],[22.933552,39.361933],[22.933534,39.361925],[22.933518,39.361915],[22.933504,39.361903],[22.933494,39.361894],[22.933483,39.36188],[22.933474,39.361867],[22.933467,39.361853],[22.933462,39.361837],[22.933461,39.361821],[22.93346,39.361812],[22.933461,39.361794],[22.933469,39.361771],[22.933477,39.361753],[22.933493,39.361734],[22.933531,39.361705],[22.933577,39.361686],[22.933585,39.361684],[22.933617,39.361679],[22.933658,39.361679],[22.933697,39.361687],[22.933733,39.361701],[22.933764,39.361721],[22.933783,39.361723],[22.933801,39.361724],[22.93381,39.361724],[22.933832,39.361724],[22.933854,39.361722],[22.933873,39.361719],[22.933889,39.361713],[22.933917,39.3617],[22.933961,39.361676],[22.933976,39.361666],[22.933989,39.361655],[22.933999,39.361644],[22.934004,39.361637],[22.93411,39.361486],[22.93422,39.361327],[22.93433,39.361169],[22.934338,39.361158],[22.934209,39.361105],[22.934166,39.361088],[22.934147,39.36108],[22.933941,39.360996],[22.933736,39.360912],[22.933689,39.360893],[22.933622,39.360865],[22.933553,39.360837],[22.93353,39.360828],[22.933324,39.360743],[22.933131,39.360664],[22.933119,39.360659],[22.932913,39.360575],[22.932817,39.360536],[22.932774,39.360627],[22.932692,39.360795],[22.932611,39.360964],[22.93253,39.361132],[22.932527,39.361137],[22.932494,39.361206],[22.932447,39.3613],[22.932441,39.361312],[22.932367,39.36146],[22.932432,39.361481],[22.932494,39.361498],[22.932553,39.36151],[22.932568,39.361513]]},"properties":{"line":"5","dir":"Κεντρική Αφετηρία","headsign":"Κεντρική Αφετηρία","mode":"bus","color":"#0059a9"}},{"type":"Feature","geometry":{"type":"LineString","coordinates":[[23.048714,39.314808],[23.048644,39.314838],[23.048714,39.314975],[23.048799,39.315142],[23.048862,39.315265],[23.048888,39.315308],[23.048985,39.315471],[23.049083,39.315635],[23.049093,39.315652],[23.049182,39.315797],[23.049281,39.31596],[23.04938,39.316123],[23.04941,39.316171],[23.049474,39.316287],[23.049535,39.316398],[23.049554,39.316431],[23.049566,39.316453],[23.049656,39.316618],[23.049704,39.316705],[23.049754,39.316782],[23.049858,39.316943],[23.049962,39.317103],[23.050067,39.317264],[23.050171,39.317425],[23.050275,39.317585],[23.05038,39.317746],[23.050391,39.317763],[23.050487,39.317906],[23.050594,39.318065],[23.050648,39.318145],[23.050692,39.318218],[23.050695,39.318227],[23.050751,39.318373],[23.050764,39.318399],[23.050821,39.318519],[23.050847,39.318567],[23.050863,39.318596],[23.050897,39.318642],[23.050924,39.318669],[23.050973,39.318717],[23.051095,39.318836],[23.051117,39.318858],[23.051263,39.318998],[23.051362,39.319094],[23.051406,39.31914],[23.051543,39.319286],[23.051679,39.319431],[23.051789,39.319548],[23.051813,39.319578],[23.051935,39.319731],[23.052057,39.319885],[23.052084,39.319919],[23.052175,39.320039],[23.052199,39.320072],[23.052296,39.320193],[23.052299,39.320197],[23.052395,39.320356],[23.052413,39.320386],[23.052497,39.320517],[23.0526,39.320679],[23.052613,39.320699],[23.0527,39.320841],[23.0528,39.321003],[23.052805,39.321011],[23.052889,39.32117],[23.052978,39.321336],[23.053044,39.32146],[23.053066,39.321502],[23.0531,39.321568],[23.053131,39.321627],[23.053148,39.321671],[23.05319,39.321779],[23.053215,39.321843],[23.053254,39.321941],[23.053282,39.322015],[23.053304,39.322074],[23.053363,39.322183],[23.053379,39.322212],[23.053438,39.322302],[23.053464,39.322345],[23.053548,39.322486],[23.053563,39.322508],[23.053668,39.322669],[23.053772,39.322829],[23.053775,39.322833],[23.053889,39.322985],[23.053969,39.323092],[23.054009,39.323139],[23.054136,39.32329],[23.054263,39.32344],[23.054296,39.32348],[23.054221,39.323599],[23.054119,39.323761],[23.054052,39.323868],[23.054018,39.323918],[23.054016,39.323922],[23.053908,39.324081],[23.053883,39.324118],[23.053799,39.32424],[23.053752,39.32431],[23.053688,39.324398],[23.053603,39.324518],[23.053572,39.324554],[23.053459,39.324687],[23.053442,39.324703],[23.053328,39.324817],[23.053303,39.324847],[23.053279,39.324875],[23.053249,39.324938],[23.053217,39.325014],[23.053213,39.325023],[23.053173,39.325117],[23.053145,39.325185],[23.053124,39.325238],[23.05307,39.325355],[23.052993,39.325523],[23.052966,39.325582],[23.052905,39.325685],[23.052899,39.325696],[23.052842,39.325748],[23.052755,39.325811],[23.052753,39.325813],[23.052637,39.325886],[23.052577,39.325927],[23.05256,39.32594],[23.052511,39.325981],[23.052488,39.326014],[23.052481,39.326024],[23.052456,39.326077],[23.05245,39.326089],[23.05241,39.326196],[23.052388,39.326249],[23.052359,39.326318],[23.052341,39.326359],[23.052323,39.326401],[23.052313,39.32642],[23.052307,39.326431],[23.052254,39.326511],[23.052199,39.326576],[23.052074,39.326727],[23.051948,39.326879],[23.051894,39.326944],[23.051822,39.32703],[23.051735,39.327133],[23.051696,39.327181],[23.051668,39.327216],[23.051585,39.32729],[23.051548,39.327319],[23.051525,39.327337],[23.051482,39.327359],[23.051416,39.327385],[23.051345,39.327402],[23.051327,39.327407],[23.051207,39.327426],[23.05112,39.327441],[23.051046,39.327455],[23.050893,39.327481],[23.050764,39.327503],[23.050666,39.327516],[23.050437,39.327547],[23.050434,39.327548],[23.050207,39.327574],[23.050033,39.327595],[23.049977,39.327602],[23.049766,39.327632],[23.049748,39.327634],[23.049543,39.327668],[23.049521,39.327673],[23.049297,39.327722],[23.049197,39.327744],[23.049074,39.327773],[23.048851,39.327825],[23.048629,39.327877],[23.048576,39.32789],[23.048409,39.327936],[23.048382,39.327943],[23.048225,39.327996],[23.048196,39.328008],[23.048075,39.32806],[23.047996,39.328099],[23.047977,39.328108],[23.047808,39.328205],[23.047791,39.328215],[23.047658,39.328287],[23.047616,39.328307],[23.047484,39.328371],[23.047419,39.328402],[23.047341,39.328439],[23.047214,39.328486],[23.047136,39.328516],[23.047002,39.32856],[23.046862,39.328607],[23.046787,39.328628],[23.046673,39.328661],[23.046568,39.328689],[23.046492,39.328709],[23.046348,39.328747],[23.04633,39.328752],[23.046153,39.328788],[23.046121,39.328792],[23.045892,39.328824],[23.045663,39.328855],[23.045526,39.328874],[23.045435,39.328887],[23.04537,39.328896],[23.045253,39.328919],[23.045212,39.328929],[23.045131,39.328949],[23.044998,39.328995],[23.044968,39.329005],[23.044792,39.329076],[23.044751,39.329093],[23.044583,39.329155],[23.044374,39.329233],[23.044358,39.329239],[23.04417,39.32932],[23.043966,39.329407],[23.043763,39.329494],[23.043668,39.329534],[23.043613,39.329625],[23.043583,39.329573],[23.04356,39.329583],[23.043462,39.329623],[23.043432,39.329636],[23.043357,39.329669],[23.043155,39.329758],[23.042953,39.329847],[23.042849,39.329893],[23.042758,39.329944],[23.042708,39.329972],[23.042588,39.330039],[23.042572,39.33005],[23.042461,39.330126],[23.042401,39.330172],[23.04236,39.330205],[23.042244,39.330302],[23.042243,39.330303],[23.042086,39.330435],[23.042023,39.330488],[23.041966,39.330536],[23.041925,39.330565],[23.041904,39.33058],[23.041837,39.330619],[23.041777,39.330648],[23.041733,39.330666],[23.041713,39.330674],[23.041657,39.330694],[23.041615,39.330706],[23.041569,39.330715],[23.041528,39.330723],[23.041514,39.330725],[23.041432,39.330735],[23.041284,39.33075],[23.041276,39.330751],[23.041119,39.330756],[23.041052,39.330754],[23.040963,39.330752],[23.04082,39.330739],[23.040807,39.330738],[23.040714,39.330732],[23.040647,39.330729],[23.040588,39.330728],[23.04058,39.330728],[23.040466,39.330729],[23.040356,39.330732],[23.040353,39.330732],[23.040124,39.330744],[23.039892,39.330757],[23.039711,39.330766],[23.03966,39.330769],[23.039428,39.330782],[23.039364,39.330785],[23.039196,39.330794],[23.038964,39.330806],[23.038732,39.330819],[23.0385,39.330831],[23.038268,39.330844],[23.038244,39.330845],[23.038036,39.330856],[23.037804,39.330869],[23.037571,39.330881],[23.037339,39.330893],[23.037212,39.3309],[23.037129,39.330902],[23.037107,39.330904],[23.037046,39.330908],[23.036964,39.330916],[23.036883,39.330928],[23.036875,39.33093],[23.03665,39.330975],[23.036425,39.331021],[23.03639,39.331028],[23.036254,39.331055],[23.0362,39.331066],[23.035975,39.331111],[23.03575,39.331156],[23.035528,39.331201],[23.035524,39.331202],[23.035483,39.331212],[23.035421,39.331229],[23.03538,39.331243],[23.035329,39.331267],[23.035313,39.331275],[23.035268,39.3313],[23.035217,39.331334],[23.035171,39.331371],[23.035143,39.331397],[23.034996,39.331536],[23.034978,39.331554],[23.034895,39.331629],[23.034841,39.33167],[23.034821,39.331685],[23.034741,39.331738],[23.034663,39.331782],[23.03463,39.331801],[23.034471,39.331881],[23.034276,39.331979],[23.034102,39.332065],[23.03408,39.332076],[23.033884,39.332172],[23.033809,39.332209],[23.033701,39.332268],[23.033688,39.332276],[23.033604,39.33233],[23.033512,39.332395],[23.033499,39.332404],[23.033394,39.332486],[23.033347,39.332523],[23.033252,39.332598],[23.033184,39.332651],[23.033086,39.332726],[23.033041,39.332748],[23.033012,39.332761],[23.032996,39.332767],[23.032955,39.332779],[23.032895,39.33279],[23.032832,39.332795],[23.032798,39.332794],[23.032774,39.332793],[23.032717,39.332785],[23.032577,39.332746],[23.032548,39.332737],[23.032454,39.332717],[23.03237,39.3327],[23.032353,39.332698],[23.032282,39.33269],[23.032183,39.332684],[23.032122,39.332684],[23.031889,39.332686],[23.031657,39.332688],[23.031448,39.332689],[23.031424,39.33269],[23.031281,39.332692],[23.031193,39.33269],[23.031128,39.33269],[23.030996,39.332679],[23.030964,39.332673],[23.030845,39.332648],[23.030744,39.332616],[23.030706,39.332604],[23.030557,39.332547],[23.030538,39.332537],[23.030421,39.332483],[23.030342,39.332443],[23.030147,39.332345],[23.029952,39.332248],[23.029801,39.332172],[23.029756,39.332153],[23.029705,39.332132],[23.029606,39.332098],[23.029547,39.332081],[23.029504,39.332069],[23.029399,39.332047],[23.029324,39.332036],[23.029293,39.332031],[23.029185,39.332021],[23.029094,39.332019],[23.029077,39.332018],[23.028968,39.332021],[23.02886,39.332031],[23.028859,39.332031],[23.028754,39.332047],[23.028649,39.332069],[23.028629,39.332074],[23.028547,39.332097],[23.028448,39.332131],[23.02841,39.332147],[23.028352,39.332171],[23.028261,39.332216],[23.028208,39.332247],[23.028174,39.332267],[23.028024,39.332357],[23.027947,39.332404],[23.027839,39.332456],[23.027837,39.332456],[23.027721,39.332491],[23.027617,39.332506],[23.027597,39.332509],[23.02747,39.332509],[23.027388,39.332505],[23.027219,39.332497],[23.027155,39.332494],[23.026927,39.332487],[23.026922,39.332486],[23.02669,39.332485],[23.026499,39.332483],[23.026457,39.332484],[23.026224,39.332487],[23.025992,39.33249],[23.025884,39.332491],[23.025758,39.332498],[23.025715,39.3325],[23.025547,39.332518],[23.025524,39.332521],[23.025381,39.332544],[23.025296,39.332562],[23.025253,39.332571],[23.025073,39.332614],[23.025039,39.332622],[23.024852,39.332672],[23.024632,39.33273],[23.024412,39.332788],[23.024349,39.332804],[23.024197,39.332852],[23.024194,39.332853],[23.024051,39.332903],[23.023984,39.332929],[23.02398,39.332931],[23.023914,39.332957],[23.023778,39.333013],[23.023757,39.333022],[23.023615,39.333087],[23.023577,39.333104],[23.023377,39.333197],[23.023218,39.333272],[23.023178,39.333291],[23.022982,39.333387],[23.022827,39.333463],[23.022785,39.333485],[23.022593,39.333586],[23.0224,39.333687],[23.022208,39.333788],[23.022015,39.333888],[23.021822,39.333989],[23.02163,39.33409],[23.021587,39.334112],[23.021436,39.334189],[23.02138,39.334218],[23.021242,39.334287],[23.021155,39.33433],[23.021045,39.334382],[23.020847,39.334476],[23.020838,39.33448],[23.020645,39.334565],[23.02064,39.334567],[23.020449,39.334646],[23.020441,39.334649],[23.020235,39.334734],[23.020235,39.334734],[23.02006,39.334797],[23.020026,39.334809],[23.019813,39.334882],[23.019601,39.334955],[23.019564,39.334968],[23.019438,39.335013],[23.019389,39.335033],[23.019327,39.335058],[23.019264,39.335088],[23.019188,39.33513],[23.019159,39.335146],[23.019044,39.335227],[23.01901,39.335253],[23.018844,39.335379],[23.018678,39.335505],[23.018527,39.33562],[23.018513,39.33563],[23.018498,39.33564],[23.018354,39.335749],[23.018345,39.335757],[23.018232,39.335846],[23.018182,39.335884],[23.018018,39.336012],[23.017853,39.336139],[23.017688,39.336266],[23.017649,39.336296],[23.017534,39.336395],[23.017528,39.3364],[23.017429,39.336497],[23.017384,39.336541],[23.017239,39.336681],[23.017228,39.336692],[23.017138,39.336766],[23.017078,39.33681],[23.017039,39.336838],[23.016923,39.336909],[23.016901,39.336922],[23.016804,39.336976],[23.016711,39.337024],[23.016652,39.337054],[23.016516,39.337119],[23.016318,39.337214],[23.016121,39.337309],[23.016066,39.337335],[23.015923,39.337404],[23.015726,39.3375],[23.015529,39.337595],[23.015359,39.337677],[23.015331,39.33772],[23.015323,39.337733],[23.015226,39.33788],[23.015121,39.338041],[23.015063,39.338129],[23.015016,39.338201],[23.014912,39.338362],[23.014807,39.338522],[23.014702,39.338683],[23.014616,39.338814],[23.014597,39.338843],[23.014492,39.339004],[23.014387,39.339164],[23.014282,39.339325],[23.014196,39.339457],[23.014177,39.339485],[23.014148,39.339531],[23.014072,39.339646],[23.013967,39.339806],[23.013862,39.339967],[23.013762,39.34012],[23.013757,39.340127],[23.013652,39.340288],[23.013547,39.340448],[23.013443,39.340609],[23.013392,39.340687],[23.013338,39.34077],[23.013233,39.34093],[23.013184,39.341005],[23.013128,39.341091],[23.013051,39.341208],[23.013023,39.341251],[23.012926,39.341403],[23.01292,39.341412],[23.012811,39.341571],[23.012701,39.341729],[23.012645,39.341811],[23.012549,39.341811],[23.012317,39.34181],[23.01228,39.34181],[23.012097,39.34181],[23.012084,39.34181],[23.011852,39.34181],[23.011684,39.34181],[23.011619,39.34181],[23.011386,39.341809],[23.011182,39.341809],[23.011154,39.341809],[23.010921,39.341809],[23.010689,39.341809],[23.010564,39.341809],[23.010456,39.341808],[23.010224,39.341808],[23.01016,39.341808],[23.009991,39.341808],[23.00997,39.341808],[23.009758,39.341808],[23.009526,39.341807],[23.009463,39.341807],[23.009293,39.341807],[23.009061,39.341807],[23.008908,39.341807],[23.008828,39.341807],[23.008596,39.341807],[23.008363,39.341806],[23.008173,39.341806],[23.00813,39.341806],[23.008021,39.341806],[23.007898,39.341806],[23.007665,39.341806],[23.007433,39.341805],[23.007221,39.341805],[23.0072,39.341805],[23.006967,39.341805],[23.006735,39.341805],[23.006502,39.341804],[23.00644,39.341804],[23.00627,39.341804],[23.006037,39.341804],[23.005869,39.341804],[23.005805,39.341804],[23.005757,39.341804],[23.005572,39.341803],[23.005339,39.341803],[23.005107,39.341803],[23.004874,39.341803],[23.004866,39.341803],[23.004829,39.341803],[23.004696,39.341803],[23.004642,39.341803],[23.004409,39.341801],[23.004247,39.3418],[23.004176,39.3418],[23.003944,39.3418],[23.003711,39.3418],[23.003681,39.3418],[23.003574,39.3418],[23.003508,39.34181],[23.003482,39.341818],[23.00344,39.34183],[23.003385,39.341853],[23.003331,39.341883],[23.003287,39.341913],[23.003284,39.341915],[23.003124,39.342041],[23.002979,39.342156],[23.002961,39.34217],[23.002904,39.342215],[23.002797,39.342297],[23.002633,39.342425],[23.002468,39.342552],[23.002369,39.342629],[23.002303,39.342678],[23.002136,39.342804],[23.001969,39.342929],[23.001879,39.342996],[23.001832,39.343037],[23.001812,39.34306],[23.0018,39.343073],[23.001779,39.343106],[23.001764,39.343144],[23.001752,39.343194],[23.001751,39.343235],[23.001749,39.343277],[23.001748,39.343415],[23.001746,39.343575],[23.001746,39.343595],[23.001742,39.343775],[23.001738,39.343954],[23.001735,39.344134],[23.001733,39.34422],[23.001649,39.344212],[23.001418,39.344191],[23.001187,39.344169],[23.000956,39.344148],[23.000856,39.344139],[23.000725,39.344127],[23.000495,39.344105],[23.000264,39.344084],[23.000033,39.344063],[22.999884,39.344049],[22.999802,39.344041],[22.999571,39.34402],[22.999383,39.344002],[22.99934,39.343998],[22.999242,39.343989],[22.999223,39.344092],[22.999215,39.344131],[22.999189,39.34427],[22.999156,39.344448],[22.999145,39.344511],[22.999124,39.344626],[22.999093,39.344804],[22.999062,39.344982],[22.99903,39.34516],[22.999025,39.34519],[22.99901,39.345339],[22.998991,39.345519],[22.998973,39.345698],[22.998954,39.345877],[22.998936,39.346057],[22.998931,39.346105],[22.998918,39.346222],[22.998916,39.346236],[22.998905,39.346298],[22.998889,39.346364],[22.998872,39.346412],[22.998861,39.346443],[22.998833,39.346516],[22.998804,39.346584],[22.998803,39.346585],[22.998765,39.346665],[22.998714,39.34675],[22.998693,39.346785],[22.998627,39.346883],[22.998606,39.346909],[22.998559,39.346967],[22.998489,39.347044],[22.998475,39.347057],[22.998414,39.347114],[22.998321,39.347192],[22.998277,39.347228],[22.998175,39.347298],[22.99815,39.347314],[22.998048,39.347381],[22.997972,39.34743],[22.997795,39.347547],[22.997752,39.347575],[22.99767,39.347635],[22.997629,39.347672],[22.997614,39.347687],[22.997536,39.347776],[22.997499,39.347821],[22.997441,39.347894],[22.997379,39.347975],[22.99726,39.34813],[22.997259,39.348131],[22.997137,39.348282],[22.997099,39.34833],[22.997043,39.348396],[22.99701,39.348433],[22.996998,39.348446],[22.996955,39.348487],[22.996909,39.348529],[22.996857,39.348568],[22.996839,39.348582],[22.996723,39.348663],[22.996683,39.348688],[22.996617,39.34873],[22.996503,39.348801],[22.996495,39.348806],[22.996386,39.348869],[22.996317,39.348909],[22.996312,39.348912],[22.996238,39.348953],[22.996161,39.34899],[22.996122,39.349007],[22.995919,39.349095],[22.995775,39.349158],[22.995715,39.349181],[22.995508,39.349262],[22.995305,39.349341],[22.9953,39.349343],[22.995169,39.349402],[22.9951,39.349436],[22.995095,39.349439],[22.995067,39.349454],[22.995024,39.34948],[22.994963,39.349524],[22.994925,39.349553],[22.994925,39.349553],[22.994886,39.349587],[22.994842,39.349633],[22.994786,39.349697],[22.994767,39.349718],[22.994694,39.34981],[22.994664,39.34985],[22.994548,39.350006],[22.994516,39.350049],[22.994431,39.350161],[22.994377,39.350233],[22.994306,39.350313],[22.994233,39.350395],[22.994168,39.350458],[22.994143,39.350483],[22.994074,39.350544],[22.994014,39.350593],[22.993999,39.350605],[22.99394,39.35065],[22.993856,39.350702],[22.99384,39.350712],[22.993662,39.350818],[22.993656,39.350822],[22.993467,39.350927],[22.99336,39.350988],[22.993284,39.351028],[22.993278,39.351031],[22.993184,39.35108],[22.993092,39.351127],[22.993084,39.351131],[22.993011,39.351167],[22.992921,39.351207],[22.992883,39.351222],[22.992858,39.351232],[22.992781,39.351262],[22.992705,39.351289],[22.992672,39.351299],[22.992648,39.351307],[22.99254,39.351355],[22.992468,39.351384],[22.992456,39.351388],[22.992256,39.351457],[22.992249,39.351459],[22.992181,39.351488],[22.992142,39.351508],[22.992098,39.351536],[22.992073,39.351557],[22.992058,39.351569],[22.992011,39.351614],[22.992011,39.351657],[22.991993,39.351698],[22.991976,39.351716],[22.99196,39.351734],[22.991915,39.351759],[22.991862,39.351773],[22.991806,39.351774],[22.991755,39.351762],[22.991752,39.351761],[22.991706,39.351736],[22.991672,39.351701],[22.991653,39.35166],[22.991625,39.351629],[22.991606,39.351615],[22.991571,39.351596],[22.991529,39.351581],[22.991458,39.351567],[22.991428,39.351564],[22.991387,39.351559],[22.99129,39.351555],[22.991206,39.351552],[22.991202,39.351551],[22.991122,39.351548],[22.990992,39.351532],[22.990972,39.351531],[22.990864,39.351529],[22.990738,39.351524],[22.990506,39.351515],[22.990274,39.351505],[22.990041,39.351495],[22.989809,39.351486],[22.989718,39.351482],[22.989577,39.351475],[22.989475,39.35147],[22.989344,39.351462],[22.989293,39.351458],[22.989112,39.351444],[22.988882,39.351425],[22.988881,39.351425],[22.988712,39.351414],[22.98865,39.351412],[22.988586,39.351411],[22.98847,39.351413],[22.988419,39.351415],[22.988372,39.351418],[22.988274,39.35143],[22.988192,39.351446],[22.988182,39.351448],[22.988108,39.351465],[22.987993,39.351491],[22.987971,39.351496],[22.987749,39.351549],[22.987613,39.351582],[22.987527,39.351604],[22.987498,39.351611],[22.987422,39.351629],[22.987355,39.351642],[22.987302,39.35165],[22.987284,39.351653],[22.987226,39.35166],[22.987164,39.351663],[22.987095,39.35166],[22.987068,39.351659],[22.987025,39.351656],[22.986909,39.351645],[22.986836,39.351636],[22.986606,39.351607],[22.986377,39.351579],[22.986147,39.35155],[22.985967,39.351528],[22.985918,39.351521],[22.985688,39.351493],[22.985458,39.351464],[22.985229,39.351436],[22.984999,39.351407],[22.984769,39.351379],[22.98454,39.35135],[22.98431,39.351322],[22.984108,39.351297],[22.98408,39.351292],[22.98388,39.351262],[22.983852,39.351257],[22.983661,39.351223],[22.983624,39.351215],[22.983401,39.351164],[22.983178,39.351113],[22.982955,39.351061],[22.982732,39.35101],[22.982509,39.350959],[22.982286,39.350908],[22.982063,39.350857],[22.98184,39.350806],[22.981617,39.350755],[22.981394,39.350704],[22.981171,39.350653],[22.980948,39.350602],[22.980726,39.350551],[22.980503,39.3505],[22.980488,39.350496],[22.980347,39.350459],[22.980284,39.350439],[22.980233,39.350423],[22.98015,39.350388],[22.980078,39.350356],[22.980021,39.35033],[22.979895,39.35026],[22.979886,39.350255],[22.979697,39.35015],[22.979508,39.350045],[22.979319,39.34994],[22.979204,39.349875],[22.979132,39.349833],[22.979117,39.349824],[22.97906,39.349786],[22.979011,39.349752],[22.978978,39.349728],[22.978959,39.349715],[22.978958,39.349714],[22.97893,39.349691],[22.978906,39.34967],[22.978883,39.34964],[22.978837,39.349566],[22.978834,39.349563],[22.978762,39.349464],[22.978715,39.349408],[22.978713,39.349405],[22.978667,39.349346],[22.978599,39.349281],[22.978578,39.349264],[22.978522,39.349223],[22.978455,39.349178],[22.978399,39.34915],[22.978393,39.349147],[22.978343,39.349123],[22.978276,39.349097],[22.978225,39.349081],[22.978191,39.349071],[22.97817,39.349065],[22.978121,39.349055],[22.978058,39.349044],[22.977994,39.349035],[22.977964,39.349032],[22.977924,39.349028],[22.977866,39.349026],[22.977785,39.349031],[22.977733,39.349036],[22.977701,39.349038],[22.977625,39.349051],[22.977506,39.349075],[22.9774,39.349095],[22.977297,39.349117],[22.977281,39.34912],[22.977257,39.349124],[22.977195,39.349131],[22.977129,39.349135],[22.977079,39.349134],[22.97705,39.349131],[22.97703,39.349128],[22.976975,39.349115],[22.976939,39.349104],[22.976908,39.349094],[22.976884,39.349083],[22.976855,39.34907],[22.976837,39.349061],[22.97683,39.349058],[22.976804,39.349045],[22.976778,39.349027],[22.976755,39.349011],[22.976729,39.348989],[22.9767,39.348961],[22.976682,39.348935],[22.97668,39.348932],[22.976659,39.348895],[22.976644,39.348865],[22.97663,39.34883],[22.976618,39.348782],[22.976612,39.34876],[22.976604,39.348727],[22.976595,39.348657],[22.976579,39.348583],[22.976575,39.348564],[22.976569,39.348519],[22.976553,39.348448],[22.976539,39.348407],[22.976539,39.348406],[22.976514,39.348359],[22.976485,39.348311],[22.976451,39.348267],[22.976432,39.348246],[22.976423,39.348235],[22.976389,39.348203],[22.976358,39.348178],[22.976323,39.348152],[22.976291,39.348128],[22.976272,39.348117],[22.976242,39.348098],[22.9762,39.348074],[22.976168,39.348057],[22.976116,39.348036],[22.976074,39.348024],[22.976059,39.34802],[22.975982,39.348],[22.97592,39.347988],[22.975854,39.347979],[22.97585,39.347978],[22.975777,39.347968],[22.975699,39.347963],[22.975642,39.34796],[22.975619,39.347961],[22.975387,39.347967],[22.975265,39.347971],[22.975155,39.347977],[22.974923,39.34799],[22.974845,39.347995],[22.97469,39.347998],[22.974526,39.348002],[22.974458,39.348002],[22.974449,39.348002],[22.974393,39.347998],[22.974339,39.347988],[22.974267,39.347973],[22.974231,39.347964],[22.974201,39.347956],[22.974066,39.34792],[22.974011,39.347906],[22.973874,39.34787],[22.97379,39.34785],[22.97378,39.347847],[22.973704,39.347834],[22.973651,39.347825],[22.97359,39.347813],[22.973564,39.347809],[22.973526,39.347802],[22.973478,39.347794],[22.973397,39.347785],[22.973335,39.34778],[22.973296,39.347777],[22.973163,39.347772],[22.973102,39.34777],[22.973023,39.347768],[22.97287,39.347768],[22.972637,39.347768],[22.972563,39.347767],[22.972458,39.34777],[22.972405,39.347772],[22.972393,39.347772],[22.972313,39.347778],[22.972247,39.347786],[22.972178,39.3478],[22.972176,39.347801],[22.972096,39.347819],[22.971996,39.347852],[22.97196,39.347866],[22.971901,39.347888],[22.971797,39.347929],[22.971754,39.347949],[22.971641,39.348002],[22.971557,39.348045],[22.971521,39.348063],[22.971472,39.348087],[22.971425,39.348108],[22.971395,39.34812],[22.971356,39.348135],[22.971355,39.348135],[22.971317,39.348147],[22.97127,39.348158],[22.971228,39.348164],[22.971193,39.348167],[22.97115,39.348168],[22.971129,39.348167],[22.971106,39.348167],[22.971049,39.348162],[22.970994,39.348154],[22.970928,39.348145],[22.9709,39.348139],[22.970737,39.348104],[22.970711,39.348101],[22.970684,39.348098],[22.970674,39.348097],[22.970632,39.348094],[22.970584,39.348091],[22.970531,39.348091],[22.970483,39.348092],[22.970442,39.348096],[22.970431,39.348097],[22.970376,39.348106],[22.97032,39.348124],[22.970264,39.348145],[22.970229,39.348162],[22.97022,39.348167],[22.970154,39.348207],[22.970079,39.348253],[22.970047,39.348275],[22.969933,39.348353],[22.969878,39.348386],[22.969869,39.348391],[22.969804,39.348427],[22.969741,39.348462],[22.969693,39.348485],[22.969677,39.348491],[22.969631,39.348509],[22.969534,39.348547],[22.969469,39.348572],[22.969416,39.348592],[22.969286,39.34864],[22.969259,39.34865],[22.969189,39.348678],[22.969082,39.348725],[22.969056,39.348738],[22.969001,39.348765],[22.968927,39.348808],[22.96887,39.348844],[22.968869,39.348845],[22.968795,39.348895],[22.96874,39.348937],[22.968701,39.348968],[22.968678,39.348987],[22.968612,39.349044],[22.968561,39.349085],[22.968542,39.349099],[22.968518,39.349116],[22.968477,39.349138],[22.968424,39.349161],[22.968369,39.34918],[22.968341,39.349188],[22.96831,39.349197],[22.968233,39.349215],[22.968154,39.349234],[22.96812,39.349242],[22.968075,39.349254],[22.967969,39.349289],[22.967905,39.349312],[22.967841,39.349335],[22.967724,39.349385],[22.9677,39.349396],[22.967645,39.349421],[22.967578,39.349455],[22.96751,39.349499],[22.967506,39.349501],[22.96743,39.349552],[22.967352,39.349611],[22.967339,39.349621],[22.967254,39.34969],[22.967182,39.349754],[22.967029,39.349889],[22.966966,39.349944],[22.966878,39.350025],[22.966728,39.350163],[22.966578,39.350301],[22.966428,39.350438],[22.966279,39.350576],[22.966216,39.350634],[22.966171,39.350672],[22.966148,39.350694],[22.966126,39.350712],[22.966037,39.350786],[22.965967,39.350842],[22.965948,39.350857],[22.965926,39.350874],[22.96588,39.350886],[22.965833,39.3509],[22.96577,39.350925],[22.965675,39.350969],[22.965622,39.351003],[22.96564,39.351011],[22.965655,39.351022],[22.96567,39.351036],[22.96568,39.351048],[22.965686,39.351058],[22.965693,39.351076],[22.965696,39.351098],[22.965694,39.351117],[22.965687,39.351136],[22.96568,39.351149],[22.96567,39.351162],[22.965648,39.351181],[22.965628,39.351192],[22.965603,39.351202],[22.965584,39.351206],[22.96557,39.351208],[22.965558,39.351209],[22.965544,39.351208],[22.965528,39.351207],[22.965507,39.351202],[22.965487,39.351196],[22.965462,39.351183],[22.965448,39.351173],[22.965438,39.351163],[22.965432,39.351156],[22.965427,39.351149],[22.965422,39.351141],[22.965416,39.351125],[22.965375,39.351115],[22.965357,39.35111],[22.965314,39.351101],[22.965222,39.351082],[22.96517,39.35107],[22.965127,39.351055],[22.965097,39.35104],[22.96496,39.351017],[22.964901,39.351011],[22.964864,39.351009],[22.964827,39.351007],[22.964783,39.351008],[22.964746,39.351011],[22.964705,39.351017],[22.964676,39.351024],[22.964645,39.351031],[22.964592,39.351048],[22.964567,39.351058],[22.964542,39.351068],[22.964471,39.351098],[22.964272,39.351184],[22.964268,39.351186],[22.96423,39.351207],[22.964193,39.35123],[22.964162,39.351252],[22.964131,39.35128],[22.9641,39.351308],[22.9641,39.351309],[22.963954,39.351443],[22.963951,39.351447],[22.963816,39.351593],[22.963731,39.351687],[22.963678,39.351737],[22.963531,39.351877],[22.963384,39.352016],[22.963247,39.352146],[22.963237,39.352155],[22.963089,39.352294],[22.962941,39.352433],[22.962793,39.352571],[22.962744,39.352617],[22.962645,39.35271],[22.962497,39.352849],[22.962349,39.352987],[22.962201,39.353126],[22.96211,39.353211],[22.962053,39.353265],[22.962023,39.353292],[22.961983,39.35333],[22.961905,39.353403],[22.961804,39.353498],[22.961756,39.353542],[22.961659,39.353633],[22.961609,39.353681],[22.961571,39.353717],[22.961538,39.353748],[22.961514,39.353768],[22.96147,39.3538],[22.96145,39.353814],[22.961358,39.353876],[22.96127,39.353928],[22.961194,39.353973],[22.961086,39.354038],[22.960981,39.3541],[22.9609,39.354146],[22.960714,39.354254],[22.960528,39.354362],[22.960398,39.354437],[22.960342,39.35447],[22.960157,39.354579],[22.959972,39.354688],[22.959819,39.354778],[22.959786,39.354796],[22.959595,39.354898],[22.959538,39.354929],[22.959403,39.355],[22.959301,39.355054],[22.95921,39.3551],[22.959048,39.355182],[22.959015,39.355199],[22.958821,39.355298],[22.958791,39.355313],[22.958661,39.355378],[22.958625,39.355395],[22.958589,39.355413],[22.958528,39.355445],[22.958432,39.355495],[22.958239,39.355596],[22.958046,39.355696],[22.958001,39.35572],[22.95785,39.355793],[22.957653,39.355889],[22.957457,39.355984],[22.957434,39.355995],[22.957261,39.356082],[22.957081,39.356172],[22.957066,39.35618],[22.956871,39.356277],[22.956791,39.356317],[22.956675,39.356374],[22.956478,39.35647],[22.956281,39.356566],[22.956115,39.356647],[22.956085,39.356662],[22.95589,39.356761],[22.955695,39.356859],[22.9555,39.356957],[22.955499,39.356958],[22.955307,39.357057],[22.955114,39.357158],[22.954999,39.357217],[22.95492,39.357257],[22.954725,39.357355],[22.954586,39.357425],[22.95453,39.357453],[22.954504,39.357466],[22.954463,39.357487],[22.95443,39.357503],[22.954335,39.357551],[22.95414,39.357649],[22.953947,39.357746],[22.953945,39.357747],[22.95375,39.357845],[22.953745,39.357848],[22.953555,39.357943],[22.953502,39.35797],[22.953462,39.35799],[22.95336,39.358041],[22.953166,39.35814],[22.953094,39.358176],[22.952971,39.358238],[22.952838,39.358304],[22.952776,39.358336],[22.952581,39.358434],[22.952386,39.358531],[22.952215,39.358617],[22.952168,39.358559],[22.952047,39.358409],[22.951924,39.358257],[22.951801,39.358104],[22.951702,39.357981],[22.951593,39.358036],[22.951399,39.358135],[22.951205,39.358234],[22.951118,39.358278],[22.95107,39.358303],[22.951011,39.358333],[22.950817,39.358431],[22.950623,39.35853],[22.950565,39.35856],[22.950428,39.358629],[22.950341,39.358673],[22.950234,39.358728],[22.950109,39.358792],[22.95004,39.358827],[22.949927,39.358884],[22.949846,39.358926],[22.949651,39.359024],[22.94963,39.359035],[22.949457,39.359123],[22.94938,39.359162],[22.949263,39.359222],[22.949068,39.359321],[22.948901,39.359406],[22.948874,39.35942],[22.948704,39.359506],[22.94868,39.359519],[22.948496,39.359612],[22.948485,39.359617],[22.948291,39.359716],[22.948221,39.359752],[22.948097,39.359815],[22.947979,39.359875],[22.947903,39.359914],[22.947745,39.359994],[22.947708,39.360013],[22.947514,39.360112],[22.947487,39.360125],[22.94732,39.36021],[22.947221,39.360261],[22.947125,39.360309],[22.947008,39.360369],[22.946931,39.360408],[22.946738,39.360508],[22.946704,39.360525],[22.946543,39.360606],[22.946348,39.360705],[22.946314,39.360722],[22.946154,39.360803],[22.946062,39.36085],[22.94596,39.360902],[22.945765,39.361001],[22.945734,39.361017],[22.945704,39.361032],[22.945571,39.361099],[22.945437,39.361166],[22.945375,39.361195],[22.945205,39.361275],[22.945176,39.361289],[22.944986,39.361378],[22.944977,39.361382],[22.944954,39.361394],[22.944779,39.361476],[22.944714,39.361506],[22.944579,39.361567],[22.944462,39.361619],[22.944377,39.361656],[22.944175,39.361745],[22.944168,39.361749],[22.943973,39.361835],[22.943957,39.361843],[22.943772,39.361925],[22.943694,39.361959],[22.943569,39.362013],[22.943508,39.362039],[22.943366,39.3621],[22.94333,39.362115],[22.943163,39.362187],[22.943095,39.362216],[22.943004,39.362256],[22.942955,39.36226],[22.942917,39.362264],[22.94286,39.362268],[22.9428,39.362271],[22.942736,39.362275],[22.942727,39.362276],[22.942684,39.362278],[22.942615,39.362281],[22.94253,39.362284],[22.942509,39.362284],[22.942496,39.362284],[22.942478,39.362284],[22.942453,39.362286],[22.942427,39.362288],[22.942407,39.362291],[22.942382,39.362295],[22.942341,39.362303],[22.942309,39.362312],[22.942288,39.362319],[22.942277,39.362323],[22.942246,39.362334],[22.942212,39.362347],[22.942203,39.36235],[22.94219,39.362365],[22.942175,39.362379],[22.942157,39.362391],[22.942138,39.362402],[22.942118,39.362411],[22.942097,39.362418],[22.942085,39.362421],[22.942074,39.362423],[22.942051,39.362427],[22.942028,39.362428],[22.942005,39.362428],[22.941981,39.362425],[22.941959,39.36242],[22.941937,39.362414],[22.941916,39.362405],[22.941897,39.362395],[22.941879,39.362384],[22.941866,39.362373],[22.941824,39.362361],[22.941801,39.362353],[22.94177,39.362344],[22.941728,39.362334],[22.941683,39.362322],[22.941649,39.362316],[22.941613,39.362309],[22.941591,39.362307],[22.941555,39.362305],[22.941522,39.362305],[22.941472,39.362305],[22.941419,39.362306],[22.941393,39.362307],[22.941186,39.362308],[22.941179,39.362308],[22.941114,39.362308],[22.940954,39.362308],[22.940721,39.362307],[22.940488,39.362307],[22.940391,39.362307],[22.940258,39.362306],[22.940256,39.362306],[22.940023,39.362306],[22.939791,39.362305],[22.939558,39.362305],[22.939509,39.362305],[22.939326,39.362304],[22.939118,39.362304],[22.939093,39.362304],[22.93886,39.362303],[22.938685,39.362303],[22.938648,39.362303],[22.938628,39.362303],[22.938587,39.362304],[22.938539,39.362305],[22.938511,39.362306],[22.938497,39.362308],[22.938486,39.36231],[22.938476,39.362312],[22.938465,39.362315],[22.938453,39.362319],[22.938447,39.362327],[22.938437,39.362337],[22.938422,39.36235],[22.938404,39.362361],[22.938393,39.362368],[22.93838,39.362374],[22.93837,39.362378],[22.938348,39.362385],[22.938328,39.362389],[22.938322,39.36239],[22.938301,39.362392],[22.938268,39.362393],[22.938242,39.36239],[22.938237,39.362389],[22.938215,39.362384],[22.93819,39.362375],[22.938167,39.362367],[22.938149,39.362355],[22.93812,39.36235],[22.938087,39.362345],[22.938047,39.362341],[22.938015,39.362338],[22.937989,39.362337],[22.937978,39.362337],[22.93795,39.362336],[22.93792,39.362336],[22.937886,39.362337],[22.93783,39.36234],[22.937755,39.362346],[22.937754,39.362347],[22.937666,39.362354],[22.937549,39.362368],[22.937525,39.362372],[22.937458,39.362383],[22.937318,39.362409],[22.937298,39.362412],[22.937073,39.362457],[22.937029,39.362465],[22.936848,39.362501],[22.936768,39.362517],[22.936719,39.362526],[22.936683,39.362531],[22.936643,39.362535],[22.93662,39.362537],[22.936618,39.362537],[22.936547,39.362539],[22.936501,39.36254],[22.936447,39.362537],[22.936398,39.362535],[22.936388,39.362534],[22.936357,39.362532],[22.936289,39.362526],[22.936223,39.362518],[22.936158,39.362508],[22.936142,39.362506],[22.936105,39.362498],[22.93594,39.362446],[22.93575,39.362386],[22.935725,39.362378],[22.93569,39.362366],[22.93551,39.362309],[22.935361,39.362262],[22.935295,39.362241],[22.93508,39.362173],[22.935072,39.36217],[22.934865,39.362104],[22.93465,39.362036],[22.934561,39.362007],[22.934435,39.361967],[22.93422,39.361899],[22.934192,39.36189],[22.934131,39.361879],[22.934091,39.361869],[22.93405,39.361861],[22.934029,39.361859],[22.933993,39.361857],[22.933963,39.361858],[22.933927,39.361861],[22.933886,39.361867],[22.933854,39.361873],[22.933828,39.361878],[22.933782,39.361888],[22.93377,39.361901],[22.933754,39.361914],[22.933728,39.361929],[22.933698,39.361941],[22.933679,39.361945],[22.933665,39.361948],[22.933649,39.361949],[22.933637,39.361949],[22.933626,39.361949],[22.93361,39.361948],[22.933591,39.361945],[22.933572,39.36194],[22.933567,39.361938],[22.933552,39.361933],[22.933534,39.361925],[22.933518,39.361915],[22.933504,39.361903],[22.933494,39.361894],[22.933483,39.36188],[22.933474,39.361867],[22.933467,39.361853],[22.933462,39.361837],[22.93346,39.361812],[22.933461,39.361794],[22.933461,39.361792],[22.933469,39.361771],[22.933477,39.361753],[22.933493,39.361734],[22.933531,39.361705],[22.933577,39.361686],[22.933617,39.361679],[22.933621,39.361679],[22.933658,39.361679],[22.933697,39.361687],[22.933733,39.361701],[22.933764,39.361721],[22.933783,39.361723],[22.93381,39.361724],[22.933832,39.361724],[22.933838,39.361723],[22.933854,39.361722],[22.933873,39.361719],[22.933889,39.361713],[22.933917,39.3617],[22.933961,39.361676],[22.933976,39.361666],[22.933989,39.361655],[22.934004,39.361637],[22.934017,39.361619],[22.934127,39.361461],[22.934237,39.361302],[22.934338,39.361158],[22.93432,39.361151],[22.934209,39.361105],[22.934166,39.361088],[22.934114,39.361067],[22.933909,39.360982],[22.933703,39.360898],[22.933689,39.360893],[22.933622,39.360865],[22.933553,39.360837],[22.933498,39.360814],[22.933292,39.36073],[22.933131,39.360664],[22.933087,39.360646],[22.932881,39.360562],[22.932817,39.360536],[22.93276,39.360655],[22.932679,39.360823],[22.932597,39.360992],[22.932527,39.361137],[22.932516,39.36116],[22.932494,39.361206],[22.932441,39.361312],[22.932433,39.361328],[22.932367,39.36146],[22.932421,39.361477],[22.932432,39.361481],[22.932494,39.361498],[22.932553,39.36151],[22.932567,39.361513]]},"properties":{"line":"5","dir":"Κεντρική Αφετηρία","headsign":"Κεντρική Αφετηρία","mode":"bus","color":"#0059a9"}},{"type":"Feature","geometry":{"type":"LineString","coordinates":[[22.932609,39.36152],[22.932656,39.361527],[22.932702,39.36153],[22.932754,39.361532],[22.93278,39.36153],[22.9328,39.361528],[22.932828,39.36152],[22.932837,39.361516],[22.932845,39.361512],[22.932861,39.361499],[22.932874,39.361486],[22.932891,39.361462],[22.93294,39.36137],[22.932953,39.361375],[22.933162,39.361454],[22.933206,39.36147],[22.933241,39.361484],[22.933315,39.361522],[22.933359,39.361548],[22.933417,39.361582],[22.933469,39.361613],[22.93354,39.361661],[22.933577,39.361686],[22.933617,39.361679],[22.933658,39.361679],[22.933697,39.361687],[22.933733,39.361701],[22.933749,39.361712],[22.933764,39.361721],[22.933775,39.361732],[22.93379,39.361749],[22.933822,39.361752],[22.933854,39.361758],[22.933879,39.361763],[22.933912,39.361772],[22.933949,39.361784],[22.933963,39.36179],[22.934018,39.361811],[22.934077,39.36184],[22.934113,39.361857],[22.934146,39.361871],[22.934192,39.36189],[22.934365,39.361945],[22.934561,39.362007],[22.93458,39.362014],[22.934792,39.362081],[22.935007,39.36215],[22.935072,39.36217],[22.935222,39.362218],[22.935361,39.362262],[22.935437,39.362286],[22.935652,39.362354],[22.93569,39.362366],[22.93575,39.362386],[22.935867,39.362423],[22.936082,39.362491],[22.936105,39.362498],[22.936142,39.362506],[22.936223,39.362518],[22.936289,39.362526],[22.936309,39.362528],[22.936357,39.362532],[22.936398,39.362535],[22.936447,39.362537],[22.936501,39.36254],[22.936541,39.362539],[22.936547,39.362539],[22.936618,39.362537],[22.936643,39.362535],[22.936683,39.362531],[22.936719,39.362526],[22.936768,39.362517],[22.936771,39.362516],[22.936997,39.362472],[22.937029,39.362465],[22.937222,39.362427],[22.937318,39.362409],[22.937448,39.362385],[22.937458,39.362383],[22.937549,39.362368],[22.937563,39.362356],[22.937586,39.362341],[22.93761,39.36233],[22.937633,39.362321],[22.937656,39.362313],[22.937657,39.362313],[22.937687,39.362306],[22.937756,39.362289],[22.93788,39.362265],[22.93793,39.362256],[22.937966,39.362249],[22.938088,39.362215],[22.938093,39.362198],[22.938095,39.362193],[22.938106,39.362171],[22.93812,39.362154],[22.938141,39.362134],[22.938162,39.36212],[22.938188,39.362106],[22.938203,39.362101],[22.938214,39.362097],[22.938244,39.36209],[22.938256,39.362088],[22.938272,39.362087],[22.938304,39.362087],[22.938333,39.362092],[22.938365,39.3621],[22.938395,39.362113],[22.938419,39.362127],[22.938442,39.362146],[22.938452,39.362158],[22.938457,39.362164],[22.93855,39.362173],[22.938648,39.362179],[22.938685,39.362178],[22.938918,39.362177],[22.93915,39.362177],[22.939383,39.362176],[22.939616,39.362175],[22.939848,39.362174],[22.940081,39.362173],[22.940256,39.362172],[22.940313,39.362172],[22.940546,39.362171],[22.940778,39.36217],[22.941011,39.362169],[22.941244,39.362168],[22.941279,39.362168],[22.941326,39.362174],[22.941383,39.36218],[22.941438,39.362184],[22.941475,39.362186],[22.941491,39.362187],[22.941544,39.36219],[22.941591,39.362191],[22.941665,39.362191],[22.941687,39.36219],[22.941708,39.362188],[22.941722,39.362187],[22.941752,39.362184],[22.941776,39.362179],[22.941807,39.362172],[22.941829,39.362166],[22.941846,39.362161],[22.941873,39.362151],[22.941894,39.362137],[22.941917,39.362125],[22.941927,39.362121],[22.941941,39.362116],[22.941967,39.362109],[22.941994,39.362104],[22.942044,39.362062],[22.942062,39.362046],[22.942083,39.362027],[22.942103,39.362005],[22.94211,39.361999],[22.942131,39.361973],[22.942143,39.361959],[22.942166,39.361928],[22.942185,39.361902],[22.942208,39.361871],[22.942225,39.361851],[22.942227,39.361848],[22.942241,39.361833],[22.942257,39.361817],[22.942275,39.361801],[22.942291,39.361787],[22.942319,39.361765],[22.94235,39.361741],[22.942379,39.36172],[22.942389,39.361713],[22.942433,39.361682],[22.942506,39.361629],[22.942559,39.361615],[22.942778,39.361555],[22.94284,39.361539],[22.942998,39.361497],[22.943159,39.361456],[22.943216,39.361439],[22.943218,39.361438],[22.943317,39.361405],[22.943426,39.36136],[22.943554,39.361307],[22.943629,39.361273],[22.943755,39.361215],[22.943829,39.361181],[22.94403,39.361089],[22.944049,39.361081],[22.944225,39.361],[22.94423,39.360998],[22.9443,39.360966],[22.94443,39.360906],[22.944534,39.360858],[22.94463,39.360814],[22.944789,39.360741],[22.94483,39.360722],[22.94499,39.360649],[22.94503,39.36063],[22.94523,39.360538],[22.945287,39.360512],[22.945316,39.360499],[22.945429,39.360446],[22.945622,39.360357],[22.945629,39.360354],[22.945828,39.360262],[22.945883,39.360236],[22.946029,39.36017],[22.946229,39.360079],[22.946269,39.360061],[22.946426,39.359984],[22.946588,39.359905],[22.946623,39.359888],[22.946821,39.359793],[22.946825,39.359791],[22.947018,39.359698],[22.947095,39.359661],[22.947216,39.359603],[22.947374,39.359527],[22.947414,39.359508],[22.947596,39.359421],[22.947611,39.359413],[22.947796,39.359325],[22.947809,39.359318],[22.948007,39.359224],[22.948126,39.359168],[22.948205,39.35913],[22.948295,39.359088],[22.948404,39.359037],[22.948524,39.358979],[22.948602,39.358943],[22.9488,39.358849],[22.948999,39.358755],[22.949009,39.35875],[22.949197,39.358661],[22.949396,39.358567],[22.949595,39.358474],[22.949621,39.358462],[22.949792,39.358379],[22.949989,39.358283],[22.950186,39.358188],[22.950196,39.358183],[22.950249,39.358158],[22.950383,39.358092],[22.95058,39.357997],[22.950777,39.357901],[22.950813,39.357884],[22.950973,39.357803],[22.951167,39.357705],[22.95118,39.357699],[22.951208,39.35769],[22.951236,39.357683],[22.951264,39.357679],[22.951294,39.357676],[22.951321,39.357675],[22.951346,39.357675],[22.95137,39.357676],[22.951391,39.357678],[22.951393,39.357679],[22.951416,39.357682],[22.951438,39.357687],[22.95146,39.357697],[22.951478,39.357708],[22.951491,39.357719],[22.951503,39.357732],[22.951553,39.357795],[22.951675,39.357947],[22.951679,39.357952],[22.951702,39.357981],[22.951798,39.3581],[22.951921,39.358253],[22.952044,39.358405],[22.952161,39.35855],[22.952215,39.358617],[22.952458,39.358495],[22.952653,39.358397],[22.952838,39.358304],[22.952844,39.358301],[22.953039,39.358203],[22.953094,39.358176],[22.953234,39.358105],[22.953429,39.358007],[22.953462,39.35799],[22.953502,39.35797],[22.953624,39.357909],[22.953745,39.357848],[22.953819,39.357811],[22.953947,39.357746],[22.954014,39.357713],[22.954209,39.357615],[22.954404,39.357517],[22.95443,39.357503],[22.954463,39.357487],[22.954504,39.357466],[22.954586,39.357425],[22.954599,39.357419],[22.954794,39.357321],[22.954989,39.357222],[22.954999,39.357217],[22.955182,39.357122],[22.955375,39.357022],[22.955499,39.356958],[22.955569,39.356923],[22.955764,39.356824],[22.955958,39.356726],[22.956115,39.356647],[22.956154,39.356628],[22.95635,39.356532],[22.956547,39.356436],[22.956744,39.35634],[22.956791,39.356317],[22.956939,39.356243],[22.957081,39.356172],[22.957135,39.356145],[22.95733,39.356048],[22.957434,39.355995],[22.957526,39.355951],[22.957723,39.355855],[22.95792,39.355759],[22.958001,39.35572],[22.958114,39.355661],[22.958307,39.35556],[22.9585,39.35546],[22.958528,39.355445],[22.958589,39.355413],[22.958661,39.355378],[22.958694,39.355361],[22.958791,39.355313],[22.958889,39.355263],[22.959048,39.355182],[22.959083,39.355164],[22.959278,39.355065],[22.959301,39.355054],[22.959471,39.354965],[22.959538,39.354929],[22.959662,39.354862],[22.959819,39.354778],[22.959852,39.354759],[22.960037,39.35465],[22.960222,39.354541],[22.960398,39.354437],[22.960407,39.354432],[22.960593,39.354324],[22.96078,39.354216],[22.960966,39.354109],[22.960981,39.3541],[22.96115,39.353999],[22.961194,39.353973],[22.961335,39.35389],[22.961358,39.353876],[22.96147,39.3538],[22.96151,39.353771],[22.961514,39.353768],[22.961538,39.353748],[22.961571,39.353717],[22.961659,39.353633],[22.961661,39.353632],[22.961804,39.353498],[22.961808,39.353493],[22.961957,39.353355],[22.961983,39.35333],[22.962023,39.353292],[22.962105,39.353216],[22.96211,39.353211],[22.962253,39.353077],[22.962401,39.352939],[22.962549,39.3528],[22.962697,39.352661],[22.962744,39.352617],[22.962845,39.352523],[22.962993,39.352384],[22.963141,39.352245],[22.963247,39.352146],[22.963289,39.352107],[22.963436,39.351967],[22.963582,39.351828],[22.963729,39.351688],[22.963731,39.351687],[22.963864,39.351542],[22.963954,39.351443],[22.964004,39.351398],[22.9641,39.351309],[22.964131,39.35128],[22.964153,39.35126],[22.964162,39.351252],[22.964193,39.35123],[22.96423,39.351207],[22.964272,39.351184],[22.964339,39.351155],[22.964542,39.351068],[22.964567,39.351058],[22.964592,39.351048],[22.964645,39.351031],[22.964705,39.351017],[22.964746,39.351011],[22.964751,39.351011],[22.964783,39.351008],[22.964827,39.351007],[22.964864,39.351009],[22.964901,39.351011],[22.96496,39.351017],[22.96498,39.35102],[22.965097,39.35104],[22.965131,39.351033],[22.96518,39.35103],[22.965209,39.351031],[22.965233,39.351032],[22.965346,39.351036],[22.965384,39.351037],[22.965435,39.351035],[22.965438,39.351035],[22.965452,39.351022],[22.965472,39.351008],[22.965493,39.350999],[22.965521,39.350992],[22.965543,39.350989],[22.965574,39.35099],[22.965591,39.350993],[22.96561,39.350998],[22.965622,39.351003],[22.965634,39.350995],[22.965675,39.350969],[22.96577,39.350925],[22.965833,39.3509],[22.965837,39.350898],[22.96588,39.350886],[22.965926,39.350874],[22.965948,39.350857],[22.966023,39.350797],[22.966037,39.350786],[22.966148,39.350694],[22.966171,39.350672],[22.96618,39.350664],[22.966216,39.350634],[22.966331,39.350528],[22.966481,39.35039],[22.966631,39.350252],[22.966781,39.350115],[22.96693,39.349977],[22.966966,39.349944],[22.967083,39.349841],[22.967236,39.349706],[22.967254,39.34969],[22.967352,39.349611],[22.967397,39.349576],[22.96743,39.349552],[22.967506,39.349501],[22.967573,39.349459],[22.967578,39.349455],[22.967645,39.349421],[22.967724,39.349385],[22.967771,39.349365],[22.967841,39.349335],[22.967969,39.349289],[22.96798,39.349286],[22.968075,39.349254],[22.968154,39.349234],[22.968198,39.349224],[22.968233,39.349215],[22.96831,39.349197],[22.968369,39.34918],[22.968417,39.349164],[22.968424,39.349161],[22.968477,39.349138],[22.968518,39.349116],[22.968561,39.349085],[22.968599,39.349054],[22.968612,39.349044],[22.968678,39.348987],[22.96874,39.348937],[22.968758,39.348923],[22.968795,39.348895],[22.968869,39.348845],[22.968927,39.348808],[22.968933,39.348805],[22.969001,39.348765],[22.969082,39.348725],[22.969127,39.348705],[22.969189,39.348678],[22.969286,39.34864],[22.969333,39.348622],[22.969416,39.348592],[22.969534,39.348547],[22.969542,39.348544],[22.969631,39.348509],[22.969693,39.348485],[22.969741,39.348462],[22.969747,39.348459],[22.969804,39.348427],[22.969878,39.348386],[22.969933,39.348353],[22.969934,39.348352],[22.970079,39.348253],[22.97011,39.348234],[22.970154,39.348207],[22.97022,39.348167],[22.970264,39.348145],[22.9703,39.348132],[22.97032,39.348124],[22.970376,39.348106],[22.970431,39.348097],[22.970483,39.348092],[22.970524,39.348091],[22.970531,39.348091],[22.970584,39.348091],[22.970632,39.348094],[22.970684,39.348098],[22.970711,39.348101],[22.970737,39.348104],[22.970755,39.348108],[22.970928,39.348145],[22.97098,39.348152],[22.970994,39.348154],[22.971049,39.348162],[22.971106,39.348167],[22.97115,39.348168],[22.971193,39.348167],[22.971211,39.348165],[22.971228,39.348164],[22.97127,39.348158],[22.971317,39.348147],[22.971355,39.348135],[22.971395,39.34812],[22.971425,39.348108],[22.971429,39.348106],[22.971472,39.348087],[22.971521,39.348063],[22.971625,39.34801],[22.971641,39.348002],[22.971797,39.347929],[22.971825,39.347918],[22.971901,39.347888],[22.971996,39.347852],[22.972034,39.34784],[22.972096,39.347819],[22.972178,39.3478],[22.972247,39.347786],[22.972255,39.347785],[22.972313,39.347778],[22.972393,39.347772],[22.972458,39.34777],[22.972486,39.347769],[22.972563,39.347767],[22.972719,39.347768],[22.972952,39.347768],[22.973023,39.347768],[22.973163,39.347772],[22.973184,39.347772],[22.973296,39.347777],[22.973397,39.347785],[22.973416,39.347787],[22.973478,39.347794],[22.973526,39.347802],[22.97359,39.347813],[22.973644,39.347823],[22.973651,39.347825],[22.973704,39.347834],[22.97378,39.347847],[22.973868,39.347869],[22.973874,39.34787],[22.974066,39.34792],[22.974089,39.347926],[22.974201,39.347956],[22.974267,39.347973],[22.97431,39.347982],[22.974339,39.347988],[22.974393,39.347998],[22.974449,39.348002],[22.974526,39.348002],[22.97454,39.348001],[22.974772,39.347996],[22.974845,39.347995],[22.975004,39.347986],[22.975236,39.347972],[22.975265,39.347971],[22.975468,39.347965],[22.975642,39.34796],[22.975699,39.347963],[22.975701,39.347963],[22.975777,39.347968],[22.975854,39.347979],[22.97592,39.347988],[22.97593,39.34799],[22.975982,39.348],[22.976059,39.34802],[22.976116,39.348036],[22.976149,39.34805],[22.976168,39.348057],[22.9762,39.348074],[22.976242,39.348098],[22.976291,39.348128],[22.976323,39.348152],[22.976333,39.348159],[22.976358,39.348178],[22.976389,39.348203],[22.976423,39.348235],[22.976451,39.348267],[22.976476,39.3483],[22.976485,39.348311],[22.976514,39.348359],[22.976539,39.348407],[22.976553,39.348448],[22.976558,39.348467],[22.976569,39.348519],[22.976575,39.348564],[22.976592,39.348645],[22.976595,39.348657],[22.976604,39.348727],[22.976618,39.348782],[22.976628,39.348822],[22.97663,39.34883],[22.976644,39.348865],[22.976659,39.348895],[22.976682,39.348935],[22.9767,39.348961],[22.976724,39.348985],[22.976729,39.348989],[22.976755,39.349011],[22.976778,39.349027],[22.976804,39.349045],[22.97683,39.349058],[22.976855,39.34907],[22.976884,39.349083],[22.976907,39.349093],[22.976908,39.349094],[22.976939,39.349104],[22.976975,39.349115],[22.97703,39.349128],[22.977079,39.349134],[22.977129,39.349135],[22.977131,39.349135],[22.977195,39.349131],[22.977257,39.349124],[22.977297,39.349117],[22.97736,39.349104],[22.9774,39.349095],[22.977585,39.349059],[22.977625,39.349051],[22.977701,39.349038],[22.977785,39.349031],[22.977814,39.349029],[22.977866,39.349026],[22.977924,39.349028],[22.977994,39.349035],[22.978045,39.349042],[22.978058,39.349044],[22.978121,39.349055],[22.97817,39.349065],[22.978225,39.349081],[22.978267,39.349094],[22.978276,39.349097],[22.978343,39.349123],[22.978393,39.349147],[22.978455,39.349178],[22.978467,39.349186],[22.978522,39.349223],[22.978599,39.349281],[22.978631,39.349312],[22.978667,39.349346],[22.978713,39.349405],[22.97876,39.349461],[22.978762,39.349464],[22.978837,39.349566],[22.97887,39.34962],[22.978883,39.34964],[22.978906,39.34967],[22.97893,39.349691],[22.978959,39.349715],[22.978978,39.349728],[22.979011,39.349752],[22.979018,39.349757],[22.97906,39.349786],[22.979117,39.349824],[22.979197,39.349871],[22.979204,39.349875],[22.979386,39.349977],[22.979575,39.350082],[22.979763,39.350187],[22.979895,39.35026],[22.979952,39.350292],[22.980021,39.35033],[22.980149,39.350387],[22.98015,39.350388],[22.980233,39.350423],[22.980347,39.350459],[22.98036,39.350462],[22.980488,39.350496],[22.980581,39.350518],[22.980804,39.350569],[22.981027,39.35062],[22.98125,39.350671],[22.981473,39.350722],[22.981696,39.350773],[22.981919,39.350824],[22.982142,39.350875],[22.982365,39.350926],[22.982588,39.350977],[22.982811,39.351028],[22.983034,39.351079],[22.983257,39.351131],[22.98348,39.351182],[22.983661,39.351223],[22.983705,39.351231],[22.98388,39.351262],[22.983932,39.35127],[22.984108,39.351297],[22.984161,39.351303],[22.984391,39.351332],[22.98462,39.35136],[22.98485,39.351389],[22.98508,39.351417],[22.985309,39.351446],[22.985539,39.351474],[22.985769,39.351503],[22.985967,39.351528],[22.985998,39.351532],[22.986228,39.35156],[22.986458,39.351589],[22.986687,39.351617],[22.986909,39.351645],[22.986917,39.351646],[22.987025,39.351656],[22.987095,39.35166],[22.98715,39.351662],[22.987164,39.351663],[22.987226,39.35166],[22.987284,39.351653],[22.987355,39.351642],[22.987382,39.351636],[22.987422,39.351629],[22.987498,39.351611],[22.987605,39.351584],[22.987613,39.351582],[22.987827,39.351531],[22.987993,39.351491],[22.988049,39.351478],[22.988108,39.351465],[22.988182,39.351448],[22.988272,39.351431],[22.988274,39.35143],[22.988372,39.351418],[22.98847,39.351413],[22.9885,39.351412],[22.988586,39.351411],[22.988712,39.351414],[22.988731,39.351415],[22.988882,39.351425],[22.988962,39.351432],[22.989193,39.35145],[22.989293,39.351458],[22.989425,39.351467],[22.989475,39.35147],[22.989658,39.351479],[22.989718,39.351482],[22.989891,39.351489],[22.990123,39.351499],[22.990355,39.351508],[22.990588,39.351518],[22.99082,39.351527],[22.990864,39.351529],[22.990992,39.351532],[22.991057,39.351528],[22.991096,39.351526],[22.991195,39.351524],[22.991287,39.351524],[22.991384,39.351523],[22.99152,39.351522],[22.991528,39.351522],[22.991641,39.351515],[22.991754,39.351503],[22.991776,39.351501],[22.991827,39.351494],[22.99194,39.351481],[22.99198,39.351473],[22.992052,39.35146],[22.992143,39.351437],[22.992204,39.351422],[22.992231,39.351416],[22.992419,39.351361],[22.992447,39.351353],[22.99255,39.351324],[22.992639,39.351308],[22.992648,39.351307],[22.992705,39.351289],[22.992781,39.351262],[22.992854,39.351233],[22.992858,39.351232],[22.992921,39.351207],[22.993011,39.351167],[22.993057,39.351144],[22.993092,39.351127],[22.993184,39.35108],[22.993251,39.351045],[22.993284,39.351028],[22.99336,39.350988],[22.993441,39.350942],[22.99363,39.350836],[22.993662,39.350818],[22.993814,39.350727],[22.993856,39.350702],[22.99394,39.35065],[22.993992,39.350611],[22.993999,39.350605],[22.994074,39.350544],[22.994143,39.350483],[22.994148,39.350477],[22.994233,39.350395],[22.994288,39.350334],[22.994377,39.350233],[22.994414,39.350183],[22.994516,39.350049],[22.994532,39.350028],[22.994648,39.349872],[22.994694,39.34981],[22.994767,39.349718],[22.994767,39.349718],[22.994842,39.349633],[22.994886,39.349587],[22.994903,39.349572],[22.994925,39.349553],[22.994963,39.349524],[22.995024,39.34948],[22.995067,39.349454],[22.995074,39.34945],[22.995095,39.349439],[22.995169,39.349402],[22.995272,39.349356],[22.995305,39.349341],[22.995479,39.349273],[22.995686,39.349192],[22.995775,39.349158],[22.995891,39.349107],[22.996094,39.349019],[22.996161,39.34899],[22.996238,39.348953],[22.996291,39.348924],[22.996312,39.348912],[22.996386,39.348869],[22.996477,39.348816],[22.996495,39.348806],[22.996617,39.34873],[22.996658,39.348703],[22.996723,39.348663],[22.996834,39.348586],[22.996839,39.348582],[22.996909,39.348529],[22.996955,39.348487],[22.996991,39.348453],[22.996998,39.348446],[22.997043,39.348396],[22.997099,39.34833],[22.99712,39.348304],[22.997243,39.348151],[22.997259,39.348131],[22.997362,39.347996],[22.997441,39.347894],[22.997482,39.347842],[22.997536,39.347776],[22.997609,39.347692],[22.997614,39.347687],[22.99767,39.347635],[22.997752,39.347575],[22.997771,39.347563],[22.997948,39.347446],[22.998048,39.347381],[22.998125,39.34733],[22.998175,39.347298],[22.998277,39.347228],[22.998299,39.34721],[22.998414,39.347114],[22.998454,39.347076],[22.998489,39.347044],[22.998559,39.346967],[22.998589,39.34693],[22.998627,39.346883],[22.998693,39.346785],[22.998701,39.346773],[22.998765,39.346665],[22.998793,39.346608],[22.998803,39.346585],[22.998833,39.346516],[22.998861,39.346443],[22.998863,39.346436],[22.998889,39.346364],[22.998905,39.346298],[22.998912,39.346261],[22.998918,39.346222],[22.998931,39.346105],[22.998933,39.346081],[22.998952,39.345902],[22.99897,39.345723],[22.998989,39.345544],[22.999007,39.345364],[22.999025,39.34519],[22.999026,39.345185],[22.999057,39.345007],[22.999089,39.344829],[22.99912,39.34465],[22.999145,39.344511],[22.999152,39.344472],[22.999185,39.344294],[22.999215,39.344131],[22.999218,39.344116],[22.999242,39.343989],[22.999251,39.343938],[22.999285,39.34376],[22.999289,39.343737],[22.999328,39.343591],[22.99933,39.343584],[22.999388,39.34341],[22.9994,39.343371],[22.99943,39.343299],[22.999463,39.34324],[22.999554,39.343074],[22.999646,39.342909],[22.999656,39.34289],[22.999753,39.342749],[22.999847,39.342612],[22.999865,39.342592],[22.999902,39.342551],[22.999973,39.342491],[23.000021,39.34246],[23.000043,39.342446],[23.000128,39.342401],[23.000215,39.34236],[23.000217,39.342359],[23.00033,39.342317],[23.000429,39.342291],[23.000455,39.342284],[23.000536,39.342266],[23.000627,39.34225],[23.000656,39.342247],[23.000885,39.342218],[23.001115,39.342189],[23.001344,39.34216],[23.001379,39.342155],[23.00143,39.342147],[23.001485,39.342137],[23.001534,39.342125],[23.00157,39.342115],[23.001579,39.342113],[23.00163,39.342093],[23.001674,39.342074],[23.00173,39.34204],[23.001765,39.342018],[23.001766,39.342017],[23.001932,39.341893],[23.002099,39.341768],[23.002266,39.341642],[23.002282,39.341631],[23.00243,39.341515],[23.002595,39.341388],[23.002625,39.341364],[23.00271,39.341296],[23.002747,39.341253],[23.002747,39.341252],[23.002806,39.341184],[23.00285,39.341119],[23.002862,39.341097],[23.002889,39.34105],[23.002938,39.340927],[23.002939,39.340924],[23.00298,39.340802],[23.002999,39.340754],[23.003013,39.340719],[23.003056,39.34064],[23.003088,39.340587],[23.003097,39.340572],[23.003145,39.34051],[23.003204,39.340438],[23.003208,39.340433],[23.003291,39.34035],[23.003362,39.340299],[23.003395,39.340276],[23.003464,39.340234],[23.00355,39.340194],[23.003554,39.340192],[23.003626,39.340167],[23.003659,39.340159],[23.003747,39.340136],[23.003768,39.340132],[23.003814,39.340123],[23.003994,39.340091],[23.004221,39.34005],[23.004263,39.340042],[23.004448,39.340014],[23.004677,39.339979],[23.004832,39.339955],[23.004905,39.339946],[23.004995,39.339935],[23.005029,39.339931],[23.005069,39.339927],[23.005134,39.339921],[23.005135,39.33992],[23.005194,39.339917],[23.005279,39.339915],[23.005368,39.339914],[23.0056,39.339914],[23.005764,39.339913],[23.005833,39.339914],[23.006066,39.339916],[23.006298,39.339918],[23.006445,39.33992],[23.006531,39.339921],[23.006763,39.339923],[23.006935,39.339924],[23.006996,39.339926],[23.007171,39.33993],[23.007228,39.339932],[23.007288,39.339934],[23.007438,39.339945],[23.00746,39.339947],[23.007691,39.339966],[23.007923,39.339985],[23.007926,39.339985],[23.008154,39.340005],[23.0082,39.340009],[23.008385,39.340023],[23.008453,39.340028],[23.008617,39.340038],[23.008623,39.340039],[23.008849,39.340048],[23.008901,39.340051],[23.009016,39.340053],[23.009082,39.340052],[23.009127,39.340052],[23.009239,39.34005],[23.009314,39.340046],[23.009381,39.340043],[23.009388,39.340042],[23.009398,39.340042],[23.009546,39.34003],[23.009601,39.340026],[23.009775,39.340004],[23.00979,39.340002],[23.010004,39.339969],[23.010088,39.339956],[23.010231,39.339931],[23.010302,39.339919],[23.010458,39.33989],[23.010486,39.339885],[23.010685,39.339851],[23.01074,39.339842],[23.010839,39.339824],[23.010898,39.33981],[23.01091,39.339807],[23.010969,39.33979],[23.011029,39.339771],[23.011087,39.339746],[23.011119,39.33973],[23.011144,39.339717],[23.011245,39.339652],[23.011298,39.339615],[23.011352,39.339577],[23.011443,39.339509],[23.011465,39.33949],[23.011533,39.339433],[23.011623,39.339358],[23.011663,39.339324],[23.011776,39.339222],[23.011905,39.339105],[23.011926,39.339085],[23.01199,39.339023],[23.012045,39.338976],[23.012077,39.338949],[23.012097,39.338932],[23.012145,39.338902],[23.012194,39.338878],[23.012257,39.338855],[23.01227,39.338851],[23.012338,39.338832],[23.012424,39.338813],[23.012493,39.338801],[23.012516,39.338796],[23.01272,39.338762],[23.012948,39.338724],[23.013175,39.338686],[23.013185,39.338684],[23.013344,39.338654],[23.0134,39.33864],[23.013457,39.338625],[23.013568,39.338595],[23.013618,39.338579],[23.013702,39.338552],[23.013776,39.338526],[23.013829,39.338503],[23.013874,39.338483],[23.013878,39.338481],[23.014008,39.338419],[23.014031,39.338407],[23.014223,39.338305],[23.014394,39.338215],[23.014415,39.338204],[23.014552,39.338127],[23.014604,39.338098],[23.014695,39.338047],[23.014792,39.337993],[23.014904,39.337931],[23.014981,39.337888],[23.015168,39.337783],[23.015359,39.337677],[23.01536,39.337676],[23.015557,39.337581],[23.015754,39.337486],[23.015952,39.337391],[23.016066,39.337335],[23.016149,39.337296],[23.016347,39.337201],[23.016544,39.337106],[23.016652,39.337054],[23.016739,39.337009],[23.016804,39.336976],[23.016923,39.336909],[23.016927,39.336907],[23.017039,39.336838],[23.017102,39.336792],[23.017138,39.336766],[23.017228,39.336692],[23.01726,39.336661],[23.017404,39.336521],[23.017429,39.336497],[23.017383,39.336469],[23.017429,39.336497],[23.017525,39.336403],[23.017534,39.336395],[23.017649,39.336296],[23.017685,39.336268],[23.017849,39.336141],[23.018014,39.336014],[23.018179,39.335887],[23.018232,39.335846],[23.018342,39.335759],[23.018354,39.335749],[23.018498,39.33564],[23.018509,39.335632],[23.018527,39.33562],[23.018675,39.335507],[23.018841,39.335381],[23.019006,39.335255],[23.019044,39.335227],[23.019159,39.335146],[23.019184,39.335132],[23.019264,39.335088],[23.019327,39.335058],[23.019384,39.335035],[23.019438,39.335013],[23.019564,39.334968],[23.019596,39.334956],[23.019809,39.334884],[23.020021,39.334811],[23.02006,39.334797],[23.020232,39.334735],[23.020235,39.334734],[23.020437,39.334651],[23.020449,39.334646],[23.02064,39.334567],[23.020641,39.334566],[23.020838,39.33448],[23.020843,39.334478],[23.021041,39.334384],[23.021155,39.33433],[23.021237,39.334289],[23.02138,39.334218],[23.021432,39.334191],[23.021587,39.334112],[23.021626,39.334092],[23.021818,39.333991],[23.022011,39.33389],[23.022203,39.33379],[23.022396,39.333689],[23.022589,39.333588],[23.022781,39.333487],[23.022827,39.333463],[23.022978,39.333389],[23.023174,39.333293],[23.023218,39.333272],[23.023373,39.333199],[23.023572,39.333106],[23.023615,39.333087],[23.023757,39.333022],[23.023774,39.333015],[23.023914,39.332957],[23.02398,39.332931],[23.024051,39.332903],[23.02419,39.332855],[23.024197,39.332852],[23.024349,39.332804],[23.024407,39.332789],[23.024627,39.332731],[23.024847,39.332673],[23.025039,39.332622],[23.025068,39.332615],[23.025253,39.332571],[23.025291,39.332563],[23.025381,39.332544],[23.02552,39.332522],[23.025547,39.332518],[23.025715,39.3325],[23.025753,39.332498],[23.025884,39.332491],[23.025987,39.33249],[23.026219,39.332487],[23.026452,39.332484],[23.026499,39.332483],[23.026685,39.332485],[23.026918,39.332486],[23.026927,39.332487],[23.027151,39.332494],[23.027219,39.332497],[23.027383,39.332505],[23.02747,39.332509],[23.027597,39.332509],[23.027612,39.332507],[23.027721,39.332491],[23.027832,39.332458],[23.027839,39.332456],[23.027947,39.332404],[23.028021,39.332359],[23.028174,39.332267],[23.028204,39.332249],[23.028261,39.332216],[23.028352,39.332171],[23.028405,39.332149],[23.028448,39.332131],[23.028547,39.332097],[23.028624,39.332075],[23.028649,39.332069],[23.028754,39.332047],[23.028854,39.332032],[23.02886,39.332031],[23.028968,39.332021],[23.029077,39.332018],[23.029089,39.332019],[23.029185,39.332021],[23.029293,39.332031],[23.02932,39.332035],[23.029399,39.332047],[23.029504,39.332069],[23.029542,39.33208],[23.029606,39.332098],[23.029705,39.332132],[23.029752,39.332152],[23.029801,39.332172],[23.029948,39.332246],[23.030143,39.332343],[23.030337,39.332441],[23.030421,39.332483],[23.030534,39.332536],[23.030557,39.332547],[23.030706,39.332604],[23.03074,39.332615],[23.030845,39.332648],[23.030959,39.332672],[23.030996,39.332679],[23.031128,39.33269],[23.031188,39.33269],[23.031281,39.332692],[23.03142,39.33269],[23.031448,39.332689],[23.031652,39.332688],[23.031885,39.332686],[23.032117,39.332684],[23.032183,39.332684],[23.032282,39.33269],[23.032349,39.332698],[23.03237,39.3327],[23.032454,39.332717],[23.032548,39.332737],[23.032573,39.332744],[23.032717,39.332785],[23.032774,39.332793],[23.032793,39.332794],[23.032832,39.332795],[23.032895,39.33279],[23.032955,39.332779],[23.032996,39.332767],[23.033008,39.332762],[23.033041,39.332748],[23.033086,39.332726],[23.03318,39.332654],[23.033252,39.332598],[23.033343,39.332526],[23.033394,39.332486],[23.033499,39.332404],[23.033508,39.332398],[23.033604,39.33233],[23.033684,39.332278],[23.033701,39.332268],[23.033809,39.332209],[23.03388,39.332174],[23.034076,39.332078],[23.034102,39.332065],[23.034272,39.331981],[23.034276,39.331979],[23.034467,39.331883],[23.03463,39.331801],[23.03466,39.331784],[23.034741,39.331738],[23.034821,39.331685],[23.034838,39.331672],[23.034895,39.331629],[23.034978,39.331554],[23.034993,39.331539],[23.03514,39.3314],[23.035171,39.331371],[23.035217,39.331334],[23.035268,39.3313],[23.035309,39.331278],[23.035329,39.331267],[23.03538,39.331243],[23.035421,39.331229],[23.035483,39.331212],[23.03552,39.331203],[23.035528,39.331201],[23.035745,39.331157],[23.03597,39.331112],[23.036195,39.331067],[23.036254,39.331055],[23.03639,39.331028],[23.03642,39.331022],[23.036645,39.330976],[23.03687,39.330931],[23.036883,39.330928],[23.037064,39.330884],[23.03709,39.330875],[23.037131,39.330862],[23.037184,39.33084],[23.03725,39.33081],[23.037293,39.330788],[23.037346,39.330762],[23.037432,39.330721],[23.037492,39.330694],[23.037525,39.33068],[23.037584,39.330659],[23.037635,39.330645],[23.037708,39.330631],[23.037727,39.330627],[23.037772,39.33062],[23.03784,39.330611],[23.037938,39.330604],[23.03817,39.330589],[23.038211,39.330586],[23.03832,39.330575],[23.038401,39.330568],[23.038632,39.33055],[23.038776,39.330538],[23.038863,39.330531],[23.039095,39.330512],[23.039326,39.330494],[23.039479,39.330481],[23.039557,39.330475],[23.039629,39.330469],[23.039692,39.330465],[23.039789,39.330457],[23.03981,39.330456],[23.039857,39.330456],[23.039896,39.330461],[23.039958,39.330471],[23.039996,39.330481],[23.040016,39.330487],[23.040064,39.330501],[23.040133,39.330524],[23.040227,39.330562],[23.040233,39.330565],[23.040385,39.33063],[23.040432,39.330646],[23.040487,39.330666],[23.040573,39.330692],[23.040649,39.330711],[23.04065,39.330711],[23.040713,39.330722],[23.040807,39.330738],[23.040877,39.330744],[23.040963,39.330752],[23.041109,39.330756],[23.041119,39.330756],[23.041276,39.330751],[23.041341,39.330744],[23.041432,39.330735],[23.041528,39.330723],[23.041569,39.330715],[23.04157,39.330715],[23.041615,39.330706],[23.041657,39.330694],[23.041713,39.330674],[23.041777,39.330648],[23.041784,39.330645],[23.041837,39.330619],[23.041904,39.33058],[23.041966,39.330536],[23.041967,39.330535],[23.042023,39.330488],[23.042124,39.330403],[23.042244,39.330302],[23.042282,39.33027],[23.04236,39.330205],[23.042442,39.33014],[23.042461,39.330126],[23.042588,39.330039],[23.042616,39.330023],[23.042708,39.329972],[23.042804,39.329918],[23.042849,39.329893],[23.043002,39.329825],[23.043204,39.329736],[23.043406,39.329647],[23.043432,39.329636],[23.043462,39.329623],[23.043583,39.329573],[23.043611,39.329561],[23.043668,39.329534],[23.043813,39.329472],[23.044016,39.329385],[23.04422,39.329298],[23.044358,39.329239],[23.044426,39.329214],[23.044635,39.329136],[23.044751,39.329093],[23.044843,39.329056],[23.044968,39.329005],[23.045051,39.328977],[23.045131,39.328949],[23.045253,39.328919],[23.045265,39.328916],[23.04537,39.328896],[23.045491,39.328879],[23.045526,39.328874],[23.04572,39.328847],[23.045949,39.328816],[23.046153,39.328788],[23.046178,39.328783],[23.04633,39.328752],[23.046402,39.328733],[23.046492,39.328709],[23.046622,39.328675],[23.046673,39.328661],[23.04684,39.328613],[23.046862,39.328607],[23.047055,39.328543],[23.047136,39.328516],[23.047265,39.328467],[23.047341,39.328439],[23.047468,39.328379],[23.047484,39.328371],[23.047658,39.328287],[23.047665,39.328283],[23.047791,39.328215],[23.047854,39.328179],[23.047977,39.328108],[23.048044,39.328075],[23.048075,39.32806],[23.048225,39.327996],[23.048248,39.327988],[23.048382,39.327943],[23.048463,39.327921],[23.048576,39.32789],[23.048684,39.327864],[23.048906,39.327812],[23.049129,39.32776],[23.049197,39.327744],[23.049352,39.32771],[23.049543,39.327668],[23.049577,39.327663],[23.049766,39.327632],[23.049804,39.327626],[23.050033,39.327595],[23.050033,39.327595],[23.050263,39.327568],[23.050434,39.327548],[23.050493,39.327539],[23.050722,39.327508],[23.050764,39.327503],[23.050949,39.327471],[23.051046,39.327455],[23.051176,39.327431],[23.051207,39.327426],[23.051327,39.327407],[23.0514,39.327389],[23.051416,39.327385],[23.051482,39.327359],[23.051525,39.327337],[23.051585,39.32729],[23.051588,39.327287],[23.051668,39.327216],[23.051727,39.327144],[23.051735,39.327133],[23.051853,39.326993],[23.051894,39.326944],[23.051979,39.326841],[23.052105,39.32669],[23.05223,39.326539],[23.052254,39.326511],[23.052307,39.326431],[23.052323,39.326401],[23.052333,39.326378],[23.052341,39.326359],[23.052359,39.326318],[23.052405,39.326207],[23.05241,39.326196],[23.05245,39.326089],[23.052475,39.326036],[23.052481,39.326024],[23.052488,39.326014],[23.052511,39.325981],[23.05256,39.32594],[23.05262,39.325898],[23.052637,39.325886],[23.052753,39.325813],[23.052796,39.325781],[23.052842,39.325748],[23.052899,39.325696],[23.052945,39.325733],[23.053002,39.325778],[23.053105,39.325863],[23.053173,39.32592],[23.053242,39.325979],[23.053267,39.325995],[23.053365,39.326059],[23.053441,39.326112],[23.053532,39.326176],[23.053614,39.326233],[23.053787,39.326352],[23.053817,39.326373],[23.05392,39.326448],[23.053953,39.326478],[23.053974,39.326497],[23.054019,39.326548],[23.054042,39.326592],[23.054053,39.326635],[23.054065,39.32668],[23.054079,39.326813],[23.05408,39.326824],[23.054086,39.326993],[23.054087,39.327011],[23.054114,39.327163],[23.054116,39.327172],[23.054164,39.327348],[23.054181,39.327409],[23.054217,39.327523],[23.054254,39.327635],[23.054269,39.327698],[23.054296,39.327802],[23.054305,39.327875],[23.054308,39.327904],[23.054307,39.328055],[23.054307,39.328198],[23.054306,39.328235],[23.054305,39.32833],[23.054312,39.328415],[23.054316,39.328457],[23.054379,39.328502],[23.054424,39.328515],[23.054468,39.328522],[23.054494,39.328522],[23.054531,39.328522],[23.054585,39.328511],[23.054659,39.32846],[23.054687,39.328432],[23.054763,39.328354],[23.054828,39.328289],[23.05488,39.328236],[23.054976,39.32815],[23.055025,39.328107],[23.05513,39.328016],[23.055172,39.32798],[23.055293,39.327887],[23.055354,39.327841],[23.055437,39.327794],[23.055479,39.327784],[23.055576,39.327761],[23.055699,39.327725],[23.055775,39.327703],[23.055892,39.327678],[23.055921,39.327671],[23.056041,39.327639],[23.05614,39.327612],[23.056163,39.327606],[23.056282,39.327591],[23.05637,39.327587],[23.056548,39.327579],[23.056602,39.327577],[23.056835,39.327569],[23.056905,39.327567],[23.057067,39.327565],[23.057299,39.327562],[23.057314,39.327562],[23.057432,39.327583],[23.057505,39.327619],[23.057519,39.327633],[23.057567,39.32768],[23.057656,39.327775],[23.057657,39.327776],[23.057724,39.327861],[23.057771,39.327931],[23.057771,39.327932],[23.057819,39.328032],[23.057853,39.328101],[23.057912,39.328221],[23.057934,39.328269],[23.057998,39.328408],[23.058012,39.328439],[23.058087,39.328598],[23.058092,39.328608],[23.058106,39.328635],[23.058159,39.328695],[23.058058,39.328756],[23.057931,39.328833]]},"properties":{"line":"5","dir":"Τέρμα Λεχώνια","headsign":"Τέρμα Λεχώνια","mode":"bus","color":"#0059a9"}},{"type":"Feature","geometry":{"type":"LineString","coordinates":[[22.932609,39.36152],[22.932656,39.361527],[22.932702,39.36153],[22.932754,39.361532],[22.93278,39.36153],[22.9328,39.361528],[22.932828,39.36152],[22.932837,39.361516],[22.932845,39.361512],[22.932861,39.361499],[22.932874,39.361486],[22.932891,39.361462],[22.93294,39.36137],[22.932953,39.361375],[22.933162,39.361454],[22.933206,39.36147],[22.933241,39.361484],[22.933315,39.361522],[22.933359,39.361548],[22.933417,39.361582],[22.933469,39.361613],[22.93354,39.361661],[22.933577,39.361686],[22.933617,39.361679],[22.933658,39.361679],[22.933697,39.361687],[22.933733,39.361701],[22.933749,39.361712],[22.933764,39.361721],[22.933775,39.361732],[22.93379,39.361749],[22.933822,39.361752],[22.933854,39.361758],[22.933879,39.361763],[22.933912,39.361772],[22.933949,39.361784],[22.933963,39.36179],[22.934018,39.361811],[22.934077,39.36184],[22.934113,39.361857],[22.934146,39.361871],[22.934192,39.36189],[22.934365,39.361945],[22.934561,39.362007],[22.93458,39.362014],[22.934792,39.362081],[22.935007,39.36215],[22.935072,39.36217],[22.935222,39.362218],[22.935361,39.362262],[22.935437,39.362286],[22.935652,39.362354],[22.93569,39.362366],[22.93575,39.362386],[22.935867,39.362423],[22.936082,39.362491],[22.936105,39.362498],[22.936142,39.362506],[22.936223,39.362518],[22.936289,39.362526],[22.936309,39.362528],[22.936357,39.362532],[22.936398,39.362535],[22.936447,39.362537],[22.936501,39.36254],[22.936541,39.362539],[22.936547,39.362539],[22.936618,39.362537],[22.936643,39.362535],[22.936683,39.362531],[22.936719,39.362526],[22.936768,39.362517],[22.936771,39.362516],[22.936997,39.362472],[22.937029,39.362465],[22.937222,39.362427],[22.937318,39.362409],[22.937448,39.362385],[22.937458,39.362383],[22.937549,39.362368],[22.937563,39.362356],[22.937586,39.362341],[22.93761,39.36233],[22.937633,39.362321],[22.937656,39.362313],[22.937657,39.362313],[22.937687,39.362306],[22.937756,39.362289],[22.93788,39.362265],[22.93793,39.362256],[22.937966,39.362249],[22.938088,39.362215],[22.938093,39.362198],[22.938095,39.362193],[22.938106,39.362171],[22.93812,39.362154],[22.938141,39.362134],[22.938162,39.36212],[22.938188,39.362106],[22.938203,39.362101],[22.938214,39.362097],[22.938244,39.36209],[22.938256,39.362088],[22.938272,39.362087],[22.938304,39.362087],[22.938333,39.362092],[22.938365,39.3621],[22.938395,39.362113],[22.938419,39.362127],[22.938442,39.362146],[22.938452,39.362158],[22.938457,39.362164],[22.93855,39.362173],[22.938648,39.362179],[22.938685,39.362178],[22.938918,39.362177],[22.93915,39.362177],[22.939383,39.362176],[22.939616,39.362175],[22.939848,39.362174],[22.940081,39.362173],[22.940256,39.362172],[22.940313,39.362172],[22.940546,39.362171],[22.940778,39.36217],[22.941011,39.362169],[22.941244,39.362168],[22.941279,39.362168],[22.941326,39.362174],[22.941383,39.36218],[22.941438,39.362184],[22.941475,39.362186],[22.941491,39.362187],[22.941544,39.36219],[22.941591,39.362191],[22.941665,39.362191],[22.941687,39.36219],[22.941708,39.362188],[22.941722,39.362187],[22.941752,39.362184],[22.941776,39.362179],[22.941807,39.362172],[22.941829,39.362166],[22.941846,39.362161],[22.941873,39.362151],[22.941894,39.362137],[22.941917,39.362125],[22.941927,39.362121],[22.941941,39.362116],[22.941967,39.362109],[22.941994,39.362104],[22.942044,39.362062],[22.942062,39.362046],[22.942083,39.362027],[22.942103,39.362005],[22.94211,39.361999],[22.942131,39.361973],[22.942143,39.361959],[22.942166,39.361928],[22.942185,39.361902],[22.942208,39.361871],[22.942225,39.361851],[22.942227,39.361848],[22.942241,39.361833],[22.942257,39.361817],[22.942275,39.361801],[22.942291,39.361787],[22.942319,39.361765],[22.94235,39.361741],[22.942379,39.36172],[22.942389,39.361713],[22.942433,39.361682],[22.942506,39.361629],[22.942559,39.361615],[22.942778,39.361555],[22.94284,39.361539],[22.942998,39.361497],[22.943159,39.361456],[22.943216,39.361439],[22.943218,39.361438],[22.943317,39.361405],[22.943426,39.36136],[22.943554,39.361307],[22.943629,39.361273],[22.943755,39.361215],[22.943829,39.361181],[22.94403,39.361089],[22.944049,39.361081],[22.944225,39.361],[22.94423,39.360998],[22.9443,39.360966],[22.94443,39.360906],[22.944534,39.360858],[22.94463,39.360814],[22.944789,39.360741],[22.94483,39.360722],[22.94499,39.360649],[22.94503,39.36063],[22.94523,39.360538],[22.945287,39.360512],[22.945316,39.360499],[22.945429,39.360446],[22.945622,39.360357],[22.945629,39.360354],[22.945828,39.360262],[22.945883,39.360236],[22.946029,39.36017],[22.946229,39.360079],[22.946269,39.360061],[22.946426,39.359984],[22.946588,39.359905],[22.946623,39.359888],[22.946821,39.359793],[22.946825,39.359791],[22.947018,39.359698],[22.947095,39.359661],[22.947216,39.359603],[22.947374,39.359527],[22.947414,39.359508],[22.947596,39.359421],[22.947611,39.359413],[22.947796,39.359325],[22.947809,39.359318],[22.948007,39.359224],[22.948126,39.359168],[22.948205,39.35913],[22.948295,39.359088],[22.948404,39.359037],[22.948524,39.358979],[22.948602,39.358943],[22.9488,39.358849],[22.948999,39.358755],[22.949009,39.35875],[22.949197,39.358661],[22.949396,39.358567],[22.949595,39.358474],[22.949621,39.358462],[22.949792,39.358379],[22.949989,39.358283],[22.950186,39.358188],[22.950196,39.358183],[22.950249,39.358158],[22.950383,39.358092],[22.95058,39.357997],[22.950777,39.357901],[22.950813,39.357884],[22.950973,39.357803],[22.951167,39.357705],[22.95118,39.357699],[22.951208,39.35769],[22.951236,39.357683],[22.951264,39.357679],[22.951294,39.357676],[22.951321,39.357675],[22.951346,39.357675],[22.95137,39.357676],[22.951391,39.357678],[22.951393,39.357679],[22.951416,39.357682],[22.951438,39.357687],[22.95146,39.357697],[22.951478,39.357708],[22.951491,39.357719],[22.951503,39.357732],[22.951553,39.357795],[22.951675,39.357947],[22.951679,39.357952],[22.951702,39.357981],[22.951798,39.3581],[22.951921,39.358253],[22.952044,39.358405],[22.952161,39.35855],[22.952215,39.358617],[22.952458,39.358495],[22.952653,39.358397],[22.952838,39.358304],[22.952844,39.358301],[22.953039,39.358203],[22.953094,39.358176],[22.953234,39.358105],[22.953429,39.358007],[22.953462,39.35799],[22.953502,39.35797],[22.953624,39.357909],[22.953745,39.357848],[22.953819,39.357811],[22.953947,39.357746],[22.954014,39.357713],[22.954209,39.357615],[22.954404,39.357517],[22.95443,39.357503],[22.954463,39.357487],[22.954504,39.357466],[22.954586,39.357425],[22.954599,39.357419],[22.954794,39.357321],[22.954989,39.357222],[22.954999,39.357217],[22.955182,39.357122],[22.955375,39.357022],[22.955499,39.356958],[22.955569,39.356923],[22.955764,39.356824],[22.955958,39.356726],[22.956115,39.356647],[22.956154,39.356628],[22.95635,39.356532],[22.956547,39.356436],[22.956744,39.35634],[22.956791,39.356317],[22.956939,39.356243],[22.957081,39.356172],[22.957135,39.356145],[22.95733,39.356048],[22.957434,39.355995],[22.957526,39.355951],[22.957723,39.355855],[22.95792,39.355759],[22.958001,39.35572],[22.958114,39.355661],[22.958307,39.35556],[22.9585,39.35546],[22.958528,39.355445],[22.958589,39.355413],[22.958661,39.355378],[22.958694,39.355361],[22.958791,39.355313],[22.958889,39.355263],[22.959048,39.355182],[22.959083,39.355164],[22.959278,39.355065],[22.959301,39.355054],[22.959471,39.354965],[22.959538,39.354929],[22.959662,39.354862],[22.959819,39.354778],[22.959852,39.354759],[22.960037,39.35465],[22.960222,39.354541],[22.960398,39.354437],[22.960407,39.354432],[22.960593,39.354324],[22.96078,39.354216],[22.960966,39.354109],[22.960981,39.3541],[22.96115,39.353999],[22.961194,39.353973],[22.961335,39.35389],[22.961358,39.353876],[22.96147,39.3538],[22.96151,39.353771],[22.961514,39.353768],[22.961538,39.353748],[22.961571,39.353717],[22.961659,39.353633],[22.961661,39.353632],[22.961804,39.353498],[22.961808,39.353493],[22.961957,39.353355],[22.961983,39.35333],[22.962023,39.353292],[22.962105,39.353216],[22.96211,39.353211],[22.962253,39.353077],[22.962401,39.352939],[22.962549,39.3528],[22.962697,39.352661],[22.962744,39.352617],[22.962845,39.352523],[22.962993,39.352384],[22.963141,39.352245],[22.963247,39.352146],[22.963289,39.352107],[22.963436,39.351967],[22.963582,39.351828],[22.963729,39.351688],[22.963731,39.351687],[22.963864,39.351542],[22.963954,39.351443],[22.964004,39.351398],[22.9641,39.351309],[22.964131,39.35128],[22.964153,39.35126],[22.964162,39.351252],[22.964193,39.35123],[22.96423,39.351207],[22.964272,39.351184],[22.964339,39.351155],[22.964542,39.351068],[22.964567,39.351058],[22.964592,39.351048],[22.964645,39.351031],[22.964705,39.351017],[22.964746,39.351011],[22.964751,39.351011],[22.964783,39.351008],[22.964827,39.351007],[22.964864,39.351009],[22.964901,39.351011],[22.96496,39.351017],[22.96498,39.35102],[22.965097,39.35104],[22.965131,39.351033],[22.96518,39.35103],[22.965209,39.351031],[22.965233,39.351032],[22.965346,39.351036],[22.965384,39.351037],[22.965435,39.351035],[22.965438,39.351035],[22.965452,39.351022],[22.965472,39.351008],[22.965493,39.350999],[22.965521,39.350992],[22.965543,39.350989],[22.965574,39.35099],[22.965591,39.350993],[22.96561,39.350998],[22.965622,39.351003],[22.965634,39.350995],[22.965675,39.350969],[22.96577,39.350925],[22.965833,39.3509],[22.965837,39.350898],[22.96588,39.350886],[22.965926,39.350874],[22.965948,39.350857],[22.966023,39.350797],[22.966037,39.350786],[22.966148,39.350694],[22.966171,39.350672],[22.96618,39.350664],[22.966216,39.350634],[22.966331,39.350528],[22.966481,39.35039],[22.966631,39.350252],[22.966781,39.350115],[22.96693,39.349977],[22.966966,39.349944],[22.967083,39.349841],[22.967236,39.349706],[22.967254,39.34969],[22.967352,39.349611],[22.967397,39.349576],[22.96743,39.349552],[22.967506,39.349501],[22.967573,39.349459],[22.967578,39.349455],[22.967645,39.349421],[22.967724,39.349385],[22.967771,39.349365],[22.967841,39.349335],[22.967969,39.349289],[22.96798,39.349286],[22.968075,39.349254],[22.968154,39.349234],[22.968198,39.349224],[22.968233,39.349215],[22.96831,39.349197],[22.968369,39.34918],[22.968417,39.349164],[22.968424,39.349161],[22.968477,39.349138],[22.968518,39.349116],[22.968561,39.349085],[22.968599,39.349054],[22.968612,39.349044],[22.968678,39.348987],[22.96874,39.348937],[22.968758,39.348923],[22.968795,39.348895],[22.968869,39.348845],[22.968927,39.348808],[22.968933,39.348805],[22.969001,39.348765],[22.969082,39.348725],[22.969127,39.348705],[22.969189,39.348678],[22.969286,39.34864],[22.969333,39.348622],[22.969416,39.348592],[22.969534,39.348547],[22.969542,39.348544],[22.969631,39.348509],[22.969693,39.348485],[22.969741,39.348462],[22.969747,39.348459],[22.969804,39.348427],[22.969878,39.348386],[22.969933,39.348353],[22.969934,39.348352],[22.970079,39.348253],[22.97011,39.348234],[22.970154,39.348207],[22.97022,39.348167],[22.970264,39.348145],[22.9703,39.348132],[22.97032,39.348124],[22.970376,39.348106],[22.970431,39.348097],[22.970483,39.348092],[22.970524,39.348091],[22.970531,39.348091],[22.970584,39.348091],[22.970632,39.348094],[22.970684,39.348098],[22.970711,39.348101],[22.970737,39.348104],[22.970755,39.348108],[22.970928,39.348145],[22.97098,39.348152],[22.970994,39.348154],[22.971049,39.348162],[22.971106,39.348167],[22.97115,39.348168],[22.971193,39.348167],[22.971211,39.348165],[22.971228,39.348164],[22.97127,39.348158],[22.971317,39.348147],[22.971355,39.348135],[22.971395,39.34812],[22.971425,39.348108],[22.971429,39.348106],[22.971472,39.348087],[22.971521,39.348063],[22.971625,39.34801],[22.971641,39.348002],[22.971797,39.347929],[22.971825,39.347918],[22.971901,39.347888],[22.971996,39.347852],[22.972034,39.34784],[22.972096,39.347819],[22.972178,39.3478],[22.972247,39.347786],[22.972255,39.347785],[22.972313,39.347778],[22.972393,39.347772],[22.972458,39.34777],[22.972486,39.347769],[22.972563,39.347767],[22.972719,39.347768],[22.972952,39.347768],[22.973023,39.347768],[22.973163,39.347772],[22.973184,39.347772],[22.973296,39.347777],[22.973397,39.347785],[22.973416,39.347787],[22.973478,39.347794],[22.973526,39.347802],[22.97359,39.347813],[22.973644,39.347823],[22.973651,39.347825],[22.973704,39.347834],[22.97378,39.347847],[22.973868,39.347869],[22.973874,39.34787],[22.974066,39.34792],[22.974089,39.347926],[22.974201,39.347956],[22.974267,39.347973],[22.97431,39.347982],[22.974339,39.347988],[22.974393,39.347998],[22.974449,39.348002],[22.974526,39.348002],[22.97454,39.348001],[22.974772,39.347996],[22.974845,39.347995],[22.975004,39.347986],[22.975236,39.347972],[22.975265,39.347971],[22.975468,39.347965],[22.975642,39.34796],[22.975699,39.347963],[22.975701,39.347963],[22.975777,39.347968],[22.975854,39.347979],[22.97592,39.347988],[22.97593,39.34799],[22.975982,39.348],[22.976059,39.34802],[22.976116,39.348036],[22.976149,39.34805],[22.976168,39.348057],[22.9762,39.348074],[22.976242,39.348098],[22.976291,39.348128],[22.976323,39.348152],[22.976333,39.348159],[22.976358,39.348178],[22.976389,39.348203],[22.976423,39.348235],[22.976451,39.348267],[22.976476,39.3483],[22.976485,39.348311],[22.976514,39.348359],[22.976539,39.348407],[22.976553,39.348448],[22.976558,39.348467],[22.976569,39.348519],[22.976575,39.348564],[22.976592,39.348645],[22.976595,39.348657],[22.976604,39.348727],[22.976618,39.348782],[22.976628,39.348822],[22.97663,39.34883],[22.976644,39.348865],[22.976659,39.348895],[22.976682,39.348935],[22.9767,39.348961],[22.976724,39.348985],[22.976729,39.348989],[22.976755,39.349011],[22.976778,39.349027],[22.976804,39.349045],[22.97683,39.349058],[22.976855,39.34907],[22.976884,39.349083],[22.976907,39.349093],[22.976908,39.349094],[22.976939,39.349104],[22.976975,39.349115],[22.97703,39.349128],[22.977079,39.349134],[22.977129,39.349135],[22.977131,39.349135],[22.977195,39.349131],[22.977257,39.349124],[22.977297,39.349117],[22.97736,39.349104],[22.9774,39.349095],[22.977585,39.349059],[22.977625,39.349051],[22.977701,39.349038],[22.977785,39.349031],[22.977814,39.349029],[22.977866,39.349026],[22.977924,39.349028],[22.977994,39.349035],[22.978045,39.349042],[22.978058,39.349044],[22.978121,39.349055],[22.97817,39.349065],[22.978225,39.349081],[22.978267,39.349094],[22.978276,39.349097],[22.978343,39.349123],[22.978393,39.349147],[22.978455,39.349178],[22.978467,39.349186],[22.978522,39.349223],[22.978599,39.349281],[22.978631,39.349312],[22.978667,39.349346],[22.978713,39.349405],[22.97876,39.349461],[22.978762,39.349464],[22.978837,39.349566],[22.97887,39.34962],[22.978883,39.34964],[22.978906,39.34967],[22.97893,39.349691],[22.978959,39.349715],[22.978978,39.349728],[22.979011,39.349752],[22.979018,39.349757],[22.97906,39.349786],[22.979117,39.349824],[22.979197,39.349871],[22.979204,39.349875],[22.979386,39.349977],[22.979575,39.350082],[22.979763,39.350187],[22.979895,39.35026],[22.979952,39.350292],[22.980021,39.35033],[22.980149,39.350387],[22.98015,39.350388],[22.980233,39.350423],[22.980347,39.350459],[22.98036,39.350462],[22.980488,39.350496],[22.980581,39.350518],[22.980804,39.350569],[22.981027,39.35062],[22.98125,39.350671],[22.981473,39.350722],[22.981696,39.350773],[22.981919,39.350824],[22.982142,39.350875],[22.982365,39.350926],[22.982588,39.350977],[22.982811,39.351028],[22.983034,39.351079],[22.983257,39.351131],[22.98348,39.351182],[22.983661,39.351223],[22.983705,39.351231],[22.98388,39.351262],[22.983932,39.35127],[22.984108,39.351297],[22.984161,39.351303],[22.984391,39.351332],[22.98462,39.35136],[22.98485,39.351389],[22.98508,39.351417],[22.985309,39.351446],[22.985539,39.351474],[22.985769,39.351503],[22.985967,39.351528],[22.985998,39.351532],[22.986228,39.35156],[22.986458,39.351589],[22.986687,39.351617],[22.986909,39.351645],[22.986917,39.351646],[22.987025,39.351656],[22.987095,39.35166],[22.98715,39.351662],[22.987164,39.351663],[22.987226,39.35166],[22.987284,39.351653],[22.987355,39.351642],[22.987382,39.351636],[22.987422,39.351629],[22.987498,39.351611],[22.987605,39.351584],[22.987613,39.351582],[22.987827,39.351531],[22.987993,39.351491],[22.988049,39.351478],[22.988108,39.351465],[22.988182,39.351448],[22.988272,39.351431],[22.988274,39.35143],[22.988372,39.351418],[22.98847,39.351413],[22.9885,39.351412],[22.988586,39.351411],[22.988712,39.351414],[22.988731,39.351415],[22.988882,39.351425],[22.988962,39.351432],[22.989193,39.35145],[22.989293,39.351458],[22.989425,39.351467],[22.989475,39.35147],[22.989658,39.351479],[22.989718,39.351482],[22.989891,39.351489],[22.990123,39.351499],[22.990355,39.351508],[22.990588,39.351518],[22.99082,39.351527],[22.990864,39.351529],[22.990992,39.351532],[22.991057,39.351528],[22.991096,39.351526],[22.991195,39.351524],[22.991287,39.351524],[22.991384,39.351523],[22.99152,39.351522],[22.991528,39.351522],[22.991641,39.351515],[22.991754,39.351503],[22.991776,39.351501],[22.991827,39.351494],[22.99194,39.351481],[22.99198,39.351473],[22.992052,39.35146],[22.992143,39.351437],[22.992204,39.351422],[22.992231,39.351416],[22.992419,39.351361],[22.992447,39.351353],[22.99255,39.351324],[22.992639,39.351308],[22.992648,39.351307],[22.992705,39.351289],[22.992781,39.351262],[22.992854,39.351233],[22.992858,39.351232],[22.992921,39.351207],[22.993011,39.351167],[22.993057,39.351144],[22.993092,39.351127],[22.993184,39.35108],[22.993251,39.351045],[22.993284,39.351028],[22.99336,39.350988],[22.993441,39.350942],[22.99363,39.350836],[22.993662,39.350818],[22.993814,39.350727],[22.993856,39.350702],[22.99394,39.35065],[22.993992,39.350611],[22.993999,39.350605],[22.994074,39.350544],[22.994143,39.350483],[22.994148,39.350477],[22.994233,39.350395],[22.994288,39.350334],[22.994377,39.350233],[22.994414,39.350183],[22.994516,39.350049],[22.994532,39.350028],[22.994648,39.349872],[22.994694,39.34981],[22.994767,39.349718],[22.994767,39.349718],[22.994842,39.349633],[22.994886,39.349587],[22.994903,39.349572],[22.994925,39.349553],[22.994963,39.349524],[22.995024,39.34948],[22.995067,39.349454],[22.995074,39.34945],[22.995095,39.349439],[22.995169,39.349402],[22.995272,39.349356],[22.995305,39.349341],[22.995479,39.349273],[22.995686,39.349192],[22.995775,39.349158],[22.995891,39.349107],[22.996094,39.349019],[22.996161,39.34899],[22.996238,39.348953],[22.996291,39.348924],[22.996312,39.348912],[22.996386,39.348869],[22.996477,39.348816],[22.996495,39.348806],[22.996617,39.34873],[22.996658,39.348703],[22.996723,39.348663],[22.996834,39.348586],[22.996839,39.348582],[22.996909,39.348529],[22.996955,39.348487],[22.996991,39.348453],[22.996998,39.348446],[22.997043,39.348396],[22.997099,39.34833],[22.99712,39.348304],[22.997243,39.348151],[22.997259,39.348131],[22.997362,39.347996],[22.997441,39.347894],[22.997482,39.347842],[22.997536,39.347776],[22.997609,39.347692],[22.997614,39.347687],[22.99767,39.347635],[22.997752,39.347575],[22.997771,39.347563],[22.997948,39.347446],[22.998048,39.347381],[22.998125,39.34733],[22.998175,39.347298],[22.998277,39.347228],[22.998299,39.34721],[22.998414,39.347114],[22.998454,39.347076],[22.998489,39.347044],[22.998559,39.346967],[22.998589,39.34693],[22.998627,39.346883],[22.998693,39.346785],[22.998701,39.346773],[22.998765,39.346665],[22.998793,39.346608],[22.998803,39.346585],[22.998833,39.346516],[22.998861,39.346443],[22.998863,39.346436],[22.998889,39.346364],[22.998905,39.346298],[22.998912,39.346261],[22.998918,39.346222],[22.998931,39.346105],[22.998933,39.346081],[22.998952,39.345902],[22.99897,39.345723],[22.998989,39.345544],[22.999007,39.345364],[22.999025,39.34519],[22.999026,39.345185],[22.999057,39.345007],[22.999089,39.344829],[22.99912,39.34465],[22.999145,39.344511],[22.999152,39.344472],[22.999185,39.344294],[22.999215,39.344131],[22.999218,39.344116],[22.999242,39.343989],[22.999251,39.343938],[22.999285,39.34376],[22.999289,39.343737],[22.999328,39.343591],[22.99933,39.343584],[22.999388,39.34341],[22.9994,39.343371],[22.99943,39.343299],[22.999463,39.34324],[22.999554,39.343074],[22.999646,39.342909],[22.999656,39.34289],[22.999753,39.342749],[22.999847,39.342612],[22.999865,39.342592],[22.999902,39.342551],[22.999973,39.342491],[23.000021,39.34246],[23.000043,39.342446],[23.000128,39.342401],[23.000215,39.34236],[23.000217,39.342359],[23.00033,39.342317],[23.000429,39.342291],[23.000455,39.342284],[23.000536,39.342266],[23.000627,39.34225],[23.000656,39.342247],[23.000885,39.342218],[23.001115,39.342189],[23.001344,39.34216],[23.001379,39.342155],[23.00143,39.342147],[23.001485,39.342137],[23.001534,39.342125],[23.00157,39.342115],[23.001579,39.342113],[23.00163,39.342093],[23.001674,39.342074],[23.00173,39.34204],[23.001765,39.342018],[23.001766,39.342017],[23.001932,39.341893],[23.002099,39.341768],[23.002266,39.341642],[23.002282,39.341631],[23.00243,39.341515],[23.002595,39.341388],[23.002625,39.341364],[23.00271,39.341296],[23.002747,39.341253],[23.002747,39.341252],[23.002806,39.341184],[23.00285,39.341119],[23.002862,39.341097],[23.002889,39.34105],[23.002938,39.340927],[23.002939,39.340924],[23.00298,39.340802],[23.002999,39.340754],[23.003013,39.340719],[23.003056,39.34064],[23.003088,39.340587],[23.003097,39.340572],[23.003145,39.34051],[23.003204,39.340438],[23.003208,39.340433],[23.003291,39.34035],[23.003362,39.340299],[23.003395,39.340276],[23.003464,39.340234],[23.00355,39.340194],[23.003554,39.340192],[23.003626,39.340167],[23.003659,39.340159],[23.003747,39.340136],[23.003768,39.340132],[23.003814,39.340123],[23.003994,39.340091],[23.004221,39.34005],[23.004263,39.340042],[23.004448,39.340014],[23.004677,39.339979],[23.004832,39.339955],[23.004905,39.339946],[23.004995,39.339935],[23.005029,39.339931],[23.005069,39.339927],[23.005134,39.339921],[23.005135,39.33992],[23.005194,39.339917],[23.005279,39.339915],[23.005368,39.339914],[23.0056,39.339914],[23.005764,39.339913],[23.005833,39.339914],[23.006066,39.339916],[23.006298,39.339918],[23.006445,39.33992],[23.006531,39.339921],[23.006763,39.339923],[23.006935,39.339924],[23.006996,39.339926],[23.007171,39.33993],[23.007228,39.339932],[23.007288,39.339934],[23.007438,39.339945],[23.00746,39.339947],[23.007691,39.339966],[23.007923,39.339985],[23.007926,39.339985],[23.008154,39.340005],[23.0082,39.340009],[23.008385,39.340023],[23.008453,39.340028],[23.008617,39.340038],[23.008623,39.340039],[23.008849,39.340048],[23.008901,39.340051],[23.009016,39.340053],[23.009082,39.340052],[23.009127,39.340052],[23.009239,39.34005],[23.009314,39.340046],[23.009381,39.340043],[23.009388,39.340042],[23.009398,39.340042],[23.009546,39.34003],[23.009601,39.340026],[23.009775,39.340004],[23.00979,39.340002],[23.010004,39.339969],[23.010088,39.339956],[23.010231,39.339931],[23.010302,39.339919],[23.010458,39.33989],[23.010486,39.339885],[23.010685,39.339851],[23.01074,39.339842],[23.010839,39.339824],[23.010898,39.33981],[23.01091,39.339807],[23.010969,39.33979],[23.011029,39.339771],[23.011087,39.339746],[23.011119,39.33973],[23.011144,39.339717],[23.011245,39.339652],[23.011298,39.339615],[23.011352,39.339577],[23.011443,39.339509],[23.011465,39.33949],[23.011533,39.339433],[23.011623,39.339358],[23.011663,39.339324],[23.011776,39.339222],[23.011905,39.339105],[23.011926,39.339085],[23.01199,39.339023],[23.012045,39.338976],[23.012077,39.338949],[23.012097,39.338932],[23.012145,39.338902],[23.012194,39.338878],[23.012257,39.338855],[23.01227,39.338851],[23.012338,39.338832],[23.012424,39.338813],[23.012493,39.338801],[23.012516,39.338796],[23.01272,39.338762],[23.012948,39.338724],[23.013175,39.338686],[23.013185,39.338684],[23.013344,39.338654],[23.0134,39.33864],[23.013457,39.338625],[23.013568,39.338595],[23.013618,39.338579],[23.013702,39.338552],[23.013776,39.338526],[23.013829,39.338503],[23.013874,39.338483],[23.013878,39.338481],[23.014008,39.338419],[23.014031,39.338407],[23.014223,39.338305],[23.014394,39.338215],[23.014415,39.338204],[23.014552,39.338127],[23.014604,39.338098],[23.014695,39.338047],[23.014792,39.337993],[23.014904,39.337931],[23.014981,39.337888],[23.015168,39.337783],[23.015359,39.337677],[23.01536,39.337676],[23.015557,39.337581],[23.015754,39.337486],[23.015952,39.337391],[23.016066,39.337335],[23.016149,39.337296],[23.016347,39.337201],[23.016544,39.337106],[23.016652,39.337054],[23.016739,39.337009],[23.016804,39.336976],[23.016923,39.336909],[23.016927,39.336907],[23.017039,39.336838],[23.017102,39.336792],[23.017138,39.336766],[23.017228,39.336692],[23.01726,39.336661],[23.017404,39.336521],[23.017429,39.336497],[23.017383,39.336469],[23.017429,39.336497],[23.017525,39.336403],[23.017534,39.336395],[23.017649,39.336296],[23.017685,39.336268],[23.017849,39.336141],[23.018014,39.336014],[23.018179,39.335887],[23.018232,39.335846],[23.018342,39.335759],[23.018354,39.335749],[23.018498,39.33564],[23.018509,39.335632],[23.018527,39.33562],[23.018675,39.335507],[23.018841,39.335381],[23.019006,39.335255],[23.019044,39.335227],[23.019159,39.335146],[23.019184,39.335132],[23.019264,39.335088],[23.019327,39.335058],[23.019384,39.335035],[23.019438,39.335013],[23.019564,39.334968],[23.019596,39.334956],[23.019809,39.334884],[23.020021,39.334811],[23.02006,39.334797],[23.020232,39.334735],[23.020235,39.334734],[23.020437,39.334651],[23.020449,39.334646],[23.02064,39.334567],[23.020641,39.334566],[23.020838,39.33448],[23.020843,39.334478],[23.021041,39.334384],[23.021155,39.33433],[23.021237,39.334289],[23.02138,39.334218],[23.021432,39.334191],[23.021587,39.334112],[23.021626,39.334092],[23.021818,39.333991],[23.022011,39.33389],[23.022203,39.33379],[23.022396,39.333689],[23.022589,39.333588],[23.022781,39.333487],[23.022827,39.333463],[23.022978,39.333389],[23.023174,39.333293],[23.023218,39.333272],[23.023373,39.333199],[23.023572,39.333106],[23.023615,39.333087],[23.023757,39.333022],[23.023774,39.333015],[23.023914,39.332957],[23.02398,39.332931],[23.024051,39.332903],[23.02419,39.332855],[23.024197,39.332852],[23.024349,39.332804],[23.024407,39.332789],[23.024627,39.332731],[23.024847,39.332673],[23.025039,39.332622],[23.025068,39.332615],[23.025253,39.332571],[23.025291,39.332563],[23.025381,39.332544],[23.02552,39.332522],[23.025547,39.332518],[23.025715,39.3325],[23.025753,39.332498],[23.025884,39.332491],[23.025987,39.33249],[23.026219,39.332487],[23.026452,39.332484],[23.026499,39.332483],[23.026685,39.332485],[23.026918,39.332486],[23.026927,39.332487],[23.027151,39.332494],[23.027219,39.332497],[23.027383,39.332505],[23.02747,39.332509],[23.027597,39.332509],[23.027612,39.332507],[23.027721,39.332491],[23.027832,39.332458],[23.027839,39.332456],[23.027947,39.332404],[23.028021,39.332359],[23.028174,39.332267],[23.028204,39.332249],[23.028261,39.332216],[23.028352,39.332171],[23.028405,39.332149],[23.028448,39.332131],[23.028547,39.332097],[23.028624,39.332075],[23.028649,39.332069],[23.028754,39.332047],[23.028854,39.332032],[23.02886,39.332031],[23.028968,39.332021],[23.029077,39.332018],[23.029089,39.332019],[23.029185,39.332021],[23.029293,39.332031],[23.02932,39.332035],[23.029399,39.332047],[23.029504,39.332069],[23.029542,39.33208],[23.029606,39.332098],[23.029705,39.332132],[23.029752,39.332152],[23.029801,39.332172],[23.029948,39.332246],[23.030143,39.332343],[23.030337,39.332441],[23.030421,39.332483],[23.030534,39.332536],[23.030557,39.332547],[23.030706,39.332604],[23.03074,39.332615],[23.030845,39.332648],[23.030959,39.332672],[23.030996,39.332679],[23.031128,39.33269],[23.031188,39.33269],[23.031281,39.332692],[23.03142,39.33269],[23.031448,39.332689],[23.031652,39.332688],[23.031885,39.332686],[23.032117,39.332684],[23.032183,39.332684],[23.032282,39.33269],[23.032349,39.332698],[23.03237,39.3327],[23.032454,39.332717],[23.032548,39.332737],[23.032573,39.332744],[23.032717,39.332785],[23.032774,39.332793],[23.032793,39.332794],[23.032832,39.332795],[23.032895,39.33279],[23.032955,39.332779],[23.032996,39.332767],[23.033008,39.332762],[23.033041,39.332748],[23.033086,39.332726],[23.03318,39.332654],[23.033252,39.332598],[23.033343,39.332526],[23.033394,39.332486],[23.033499,39.332404],[23.033508,39.332398],[23.033604,39.33233],[23.033684,39.332278],[23.033701,39.332268],[23.033809,39.332209],[23.03388,39.332174],[23.034076,39.332078],[23.034102,39.332065],[23.034272,39.331981],[23.034276,39.331979],[23.034467,39.331883],[23.03463,39.331801],[23.03466,39.331784],[23.034741,39.331738],[23.034821,39.331685],[23.034838,39.331672],[23.034895,39.331629],[23.034978,39.331554],[23.034993,39.331539],[23.03514,39.3314],[23.035171,39.331371],[23.035217,39.331334],[23.035268,39.3313],[23.035309,39.331278],[23.035329,39.331267],[23.03538,39.331243],[23.035421,39.331229],[23.035483,39.331212],[23.03552,39.331203],[23.035528,39.331201],[23.035745,39.331157],[23.03597,39.331112],[23.036195,39.331067],[23.036254,39.331055],[23.03639,39.331028],[23.03642,39.331022],[23.036645,39.330976],[23.03687,39.330931],[23.036883,39.330928],[23.037064,39.330884],[23.03709,39.330875],[23.037131,39.330862],[23.037184,39.33084],[23.03725,39.33081],[23.037293,39.330788],[23.037346,39.330762],[23.037432,39.330721],[23.037492,39.330694],[23.037525,39.33068],[23.037584,39.330659],[23.037635,39.330645],[23.037708,39.330631],[23.037727,39.330627],[23.037772,39.33062],[23.03784,39.330611],[23.037938,39.330604],[23.03817,39.330589],[23.038211,39.330586],[23.03832,39.330575],[23.038401,39.330568],[23.038632,39.33055],[23.038776,39.330538],[23.038863,39.330531],[23.039095,39.330512],[23.039326,39.330494],[23.039479,39.330481],[23.039557,39.330475],[23.039629,39.330469],[23.039692,39.330465],[23.039789,39.330457],[23.03981,39.330456],[23.039857,39.330456],[23.039896,39.330461],[23.039958,39.330471],[23.039996,39.330481],[23.040016,39.330487],[23.040064,39.330501],[23.040133,39.330524],[23.040227,39.330562],[23.040233,39.330565],[23.040385,39.33063],[23.040432,39.330646],[23.040487,39.330666],[23.040573,39.330692],[23.040649,39.330711],[23.04065,39.330711],[23.040713,39.330722],[23.040807,39.330738],[23.040877,39.330744],[23.040963,39.330752],[23.041109,39.330756],[23.041119,39.330756],[23.041276,39.330751],[23.041341,39.330744],[23.041432,39.330735],[23.041528,39.330723],[23.041569,39.330715],[23.04157,39.330715],[23.041615,39.330706],[23.041657,39.330694],[23.041713,39.330674],[23.041777,39.330648],[23.041784,39.330645],[23.041837,39.330619],[23.041904,39.33058],[23.041966,39.330536],[23.041967,39.330535],[23.042023,39.330488],[23.042124,39.330403],[23.042244,39.330302],[23.042282,39.33027],[23.04236,39.330205],[23.042442,39.33014],[23.042461,39.330126],[23.042588,39.330039],[23.042616,39.330023],[23.042708,39.329972],[23.042804,39.329918],[23.042849,39.329893],[23.043002,39.329825],[23.043204,39.329736],[23.043406,39.329647],[23.043432,39.329636],[23.043462,39.329623],[23.043583,39.329573],[23.043611,39.329561],[23.043668,39.329534],[23.043813,39.329472],[23.044016,39.329385],[23.04422,39.329298],[23.044358,39.329239],[23.044426,39.329214],[23.044635,39.329136],[23.044751,39.329093],[23.044843,39.329056],[23.044968,39.329005],[23.045051,39.328977],[23.045131,39.328949],[23.045253,39.328919],[23.045265,39.328916],[23.04537,39.328896],[23.045491,39.328879],[23.045526,39.328874],[23.04572,39.328847],[23.045949,39.328816],[23.046153,39.328788],[23.046178,39.328783],[23.04633,39.328752],[23.046402,39.328733],[23.046492,39.328709],[23.046622,39.328675],[23.046673,39.328661],[23.04684,39.328613],[23.046862,39.328607],[23.047055,39.328543],[23.047136,39.328516],[23.047265,39.328467],[23.047341,39.328439],[23.047468,39.328379],[23.047484,39.328371],[23.047658,39.328287],[23.047665,39.328283],[23.047791,39.328215],[23.047854,39.328179],[23.047977,39.328108],[23.048044,39.328075],[23.048075,39.32806],[23.048225,39.327996],[23.048248,39.327988],[23.048382,39.327943],[23.048463,39.327921],[23.048576,39.32789],[23.048684,39.327864],[23.048906,39.327812],[23.049129,39.32776],[23.049197,39.327744],[23.049352,39.32771],[23.049543,39.327668],[23.049577,39.327663],[23.049766,39.327632],[23.049804,39.327626],[23.050033,39.327595],[23.050033,39.327595],[23.050263,39.327568],[23.050434,39.327548],[23.050493,39.327539],[23.050722,39.327508],[23.050764,39.327503],[23.050949,39.327471],[23.051046,39.327455],[23.051176,39.327431],[23.051207,39.327426],[23.051327,39.327407],[23.0514,39.327389],[23.051416,39.327385],[23.051482,39.327359],[23.051525,39.327337],[23.051585,39.32729],[23.051588,39.327287],[23.051668,39.327216],[23.051727,39.327144],[23.051735,39.327133],[23.051853,39.326993],[23.051894,39.326944],[23.051979,39.326841],[23.052105,39.32669],[23.05223,39.326539],[23.052254,39.326511],[23.052307,39.326431],[23.052323,39.326401],[23.052333,39.326378],[23.052341,39.326359],[23.052359,39.326318],[23.052405,39.326207],[23.05241,39.326196],[23.05245,39.326089],[23.052475,39.326036],[23.052481,39.326024],[23.052488,39.326014],[23.052511,39.325981],[23.05256,39.32594],[23.05262,39.325898],[23.052637,39.325886],[23.052753,39.325813],[23.052796,39.325781],[23.052842,39.325748],[23.052899,39.325696],[23.052928,39.325646],[23.052966,39.325582],[23.053012,39.325482],[23.053089,39.325313],[23.053124,39.325238],[23.053162,39.325143],[23.053173,39.325117],[23.053213,39.325023],[23.053235,39.324972],[23.053249,39.324938],[23.053279,39.324875],[23.053328,39.324817],[23.053335,39.32481],[23.053459,39.324687],[23.053476,39.324667],[23.053603,39.324518],[23.053604,39.324517],[23.053716,39.32436],[23.053752,39.32431],[23.053826,39.324201],[23.053883,39.324118],[23.053934,39.324042],[23.054018,39.323918],[23.054042,39.323883],[23.054052,39.323868],[23.054144,39.323721],[23.054246,39.323559],[23.054296,39.32348],[23.054232,39.323403],[23.054104,39.323252],[23.053977,39.323102],[23.053969,39.323092],[23.05386,39.322946],[23.053775,39.322833],[23.053746,39.32279],[23.053642,39.322629],[23.053548,39.322486],[23.053538,39.322468],[23.05344,39.322305],[23.053438,39.322302],[23.053379,39.322212],[23.053341,39.322142],[23.053304,39.322074],[23.053265,39.321972],[23.053254,39.321941],[23.053198,39.3218],[23.05319,39.321779],[23.053131,39.321628],[23.053131,39.321627],[23.0531,39.321568],[23.053045,39.321461],[23.053044,39.32146],[23.052956,39.321295],[23.052867,39.321128],[23.052805,39.321011],[23.052775,39.320963],[23.052675,39.320801],[23.052613,39.320699],[23.052574,39.320639],[23.052471,39.320478],[23.052413,39.320386],[23.052371,39.320316],[23.052299,39.320197],[23.052266,39.320155],[23.052199,39.320072],[23.052146,39.320001],[23.052084,39.319919],[23.052027,39.319847],[23.051905,39.319694],[23.051789,39.319548],[23.051782,39.319541],[23.051646,39.319395],[23.051509,39.31925],[23.051372,39.319104],[23.051362,39.319094],[23.051227,39.318964],[23.051095,39.318836],[23.051082,39.318823],[23.050937,39.318682],[23.050924,39.318669],[23.050897,39.318642],[23.050863,39.318596],[23.050825,39.318526],[23.050821,39.318519],[23.050751,39.318373],[23.050745,39.318357],[23.050692,39.318218],[23.050673,39.318186],[23.050648,39.318145],[23.050568,39.318026],[23.05046,39.317866],[23.050391,39.317763],[23.050354,39.317707],[23.05025,39.317546],[23.050145,39.317385],[23.050041,39.317224],[23.049936,39.317064],[23.049832,39.316903],[23.049728,39.316742],[23.049704,39.316705],[23.049634,39.316578],[23.049554,39.316431],[23.049543,39.316412],[23.049535,39.316398],[23.049452,39.316247],[23.04941,39.316171],[23.049356,39.316083],[23.049257,39.31592],[23.049157,39.315757],[23.049093,39.315652],[23.049059,39.315594],[23.048961,39.315431],[23.048864,39.315268],[23.048862,39.315265],[23.048778,39.315101],[23.048692,39.314933],[23.048644,39.314838],[23.048714,39.314808]]},"properties":{"line":"5","dir":"Τέρμα Πλατανίδια","headsign":"Τέρμα Πλατανίδια","mode":"bus","color":"#0059a9"}},{"type":"Feature","geometry":{"type":"LineString","coordinates":[[22.926347,39.357176],[22.926425,39.357114],[22.92651,39.357047],[22.926673,39.356919],[22.926733,39.356872],[22.926832,39.356789],[22.926843,39.35678],[22.926774,39.356672],[22.926749,39.356633],[22.926646,39.356472],[22.926543,39.356311],[22.926447,39.356162],[22.92644,39.35615],[22.92634,39.355988],[22.92624,39.355825],[22.926207,39.355772],[22.926139,39.355663],[22.926039,39.355501],[22.925938,39.355338],[22.925838,39.355176],[22.925737,39.355014],[22.925658,39.354886],[22.925635,39.354853],[22.925525,39.354694],[22.925417,39.35454],[22.925415,39.354536],[22.925304,39.354377],[22.925194,39.354219],[22.925084,39.354061],[22.925033,39.353988],[22.92497,39.353904],[22.924855,39.353748],[22.924739,39.353592],[22.924712,39.353555],[22.924625,39.353435],[22.924517,39.353285],[22.924512,39.353278],[22.924397,39.353121],[22.924317,39.353012],[22.924286,39.352963],[22.92418,39.352803],[22.924171,39.352789],[22.924092,39.352653],[22.924085,39.352639],[22.924006,39.352472],[22.924006,39.35247],[22.923943,39.352307],[22.92394,39.352297],[22.923883,39.352133],[22.92388,39.352124],[22.923859,39.352047],[22.923844,39.351987],[22.923836,39.351947],[22.923833,39.351931],[22.923823,39.351844],[22.923818,39.351768],[22.923813,39.351663],[22.923815,39.351588],[22.923817,39.351527],[22.923819,39.351408],[22.92382,39.351364],[22.923834,39.351229],[22.923835,39.351223],[22.923845,39.351164],[22.923865,39.351079],[22.923873,39.351051],[22.923889,39.350988],[22.923928,39.350877],[22.923934,39.350862],[22.923996,39.350705],[22.924003,39.350686],[22.924073,39.350549],[22.924079,39.350537],[22.924172,39.350382],[22.924177,39.350374],[22.924284,39.350214],[22.924295,39.350197],[22.92439,39.350054],[22.924443,39.349974],[22.924499,39.349895],[22.924586,39.349773],[22.924616,39.34974],[22.924721,39.349626],[22.92474,39.349592],[22.924743,39.349588],[22.924764,39.349551],[22.924788,39.349508],[22.92482,39.34945],[22.924837,39.349423],[22.924935,39.34926],[22.925034,39.349097],[22.925065,39.349045],[22.925137,39.348936],[22.925243,39.348776],[22.925291,39.348703],[22.925342,39.348614],[22.9254,39.348513],[22.925437,39.348449],[22.925498,39.348343],[22.925526,39.348283],[22.92554,39.348252],[22.925571,39.348182],[22.925583,39.348154],[22.9256,39.348113],[22.925601,39.348112],[22.925621,39.348066],[22.925638,39.348019],[22.925649,39.347979],[22.925658,39.347939],[22.925658,39.347938],[22.925664,39.347904],[22.925675,39.347854],[22.925689,39.347783],[22.925691,39.347761],[22.9257,39.347691],[22.925705,39.347625],[22.92571,39.347582],[22.925713,39.347547],[22.925727,39.347402],[22.925738,39.347291],[22.925743,39.347223],[22.925755,39.347043],[22.925766,39.346892],[22.925767,39.346864],[22.925771,39.346813],[22.925779,39.346684],[22.925783,39.346619],[22.925795,39.346505],[22.925814,39.346325],[22.925819,39.346284],[22.925822,39.34624],[22.92583,39.346146],[22.925845,39.345966],[22.92586,39.345787],[22.925863,39.345757],[22.925867,39.345721],[22.925867,39.345637],[22.925869,39.345607],[22.925869,39.345605],[22.92587,39.345555],[22.925871,39.3455],[22.925869,39.345446],[22.925869,39.345427],[22.925868,39.345388],[22.925862,39.345305],[22.925856,39.345248],[22.925852,39.345206],[22.925843,39.345125],[22.925836,39.345069],[22.925828,39.345002],[22.925812,39.34489],[22.925806,39.344851],[22.925791,39.34475],[22.925784,39.344712],[22.925776,39.344669],[22.925763,39.344601],[22.92575,39.344548],[22.925746,39.344534],[22.92574,39.344512],[22.925698,39.344379],[22.925692,39.34436],[22.925649,39.344231],[22.925628,39.344187],[22.925597,39.344121],[22.925547,39.344018],[22.925529,39.343981],[22.925464,39.34385],[22.925381,39.343682],[22.925298,39.343514],[22.925215,39.343346],[22.92519,39.343295],[22.925135,39.343177],[22.925055,39.343008],[22.924976,39.342839],[22.924958,39.3428],[22.924897,39.34267],[22.924817,39.342501],[22.92475,39.342361],[22.924737,39.342332],[22.924661,39.342162],[22.924648,39.342134],[22.924581,39.341993],[22.924543,39.341914],[22.924502,39.341824],[22.924484,39.341783],[22.924452,39.341708],[22.924431,39.341653],[22.924423,39.341632],[22.924375,39.341494],[22.924371,39.34148],[22.924338,39.341368],[22.924323,39.341304],[22.9243,39.341199],[22.924284,39.341126],[22.92428,39.341104],[22.924265,39.341],[22.924253,39.340948],[22.924214,39.340771],[22.924195,39.340684],[22.924182,39.340622],[22.924214,39.340614],[22.924345,39.340586],[22.924435,39.340561],[22.924518,39.340537],[22.924636,39.340474],[22.924706,39.340437],[22.924834,39.340379],[22.925036,39.340289],[22.925187,39.340222],[22.925238,39.340201],[22.925444,39.340118],[22.925651,39.340035],[22.925813,39.33997],[22.925857,39.339952],[22.925966,39.339909],[22.926065,39.339871],[22.926273,39.33979],[22.926481,39.33971],[22.926689,39.339629],[22.926897,39.339549],[22.927105,39.339468],[22.927218,39.339425],[22.927312,39.339386],[22.92749,39.339313],[22.927517,39.339302],[22.927722,39.339217],[22.927914,39.339138],[22.927927,39.339132],[22.928117,39.339052],[22.92813,39.339045],[22.928264,39.338976],[22.928315,39.338951],[22.928324,39.338946],[22.928389,39.338911],[22.928436,39.33888],[22.928485,39.338844],[22.928502,39.33883],[22.92851,39.338824],[22.928531,39.338805],[22.92855,39.338784],[22.928577,39.338756],[22.928642,39.338687],[22.928646,39.338682],[22.928747,39.338569],[22.928772,39.338538],[22.928801,39.338502],[22.928846,39.338446],[22.928899,39.338387],[22.928934,39.338355],[22.929011,39.338291],[22.929057,39.338255],[22.92906,39.338253],[22.929113,39.338216],[22.929156,39.338191],[22.929211,39.33816],[22.929241,39.338145],[22.929376,39.338079],[22.929439,39.338052],[22.929474,39.338036],[22.929641,39.337963],[22.929765,39.337908],[22.929845,39.337876],[22.93005,39.337792],[22.930256,39.337708],[22.930462,39.337624],[22.930668,39.33754],[22.93069,39.337531],[22.930871,39.337453],[22.930906,39.337438],[22.931076,39.337367],[22.93128,39.337281],[22.931484,39.337195],[22.931689,39.33711],[22.931712,39.3371],[22.931893,39.337024],[22.931999,39.336979],[22.932099,39.33694],[22.932103,39.336938],[22.932218,39.336885],[22.932267,39.336861],[22.932297,39.336846],[22.932303,39.336842],[22.932351,39.336815],[22.932385,39.336795],[22.932413,39.336777],[22.932454,39.336746],[22.932474,39.33673],[22.932502,39.336707],[22.932548,39.336665],[22.932585,39.336625],[22.932618,39.336589],[22.932621,39.336586],[22.932648,39.336552],[22.932681,39.336506],[22.932713,39.33645],[22.932725,39.336429],[22.932735,39.336411],[22.932751,39.336379],[22.932771,39.336329],[22.932785,39.336289],[22.932794,39.336258],[22.932843,39.336082],[22.932845,39.336073],[22.932874,39.335947],[22.932884,39.335905],[22.932915,39.335769],[22.932924,39.335728],[22.932962,39.335551],[22.933001,39.335374],[22.933039,39.335196],[22.933058,39.335109],[22.933081,39.335019],[22.933126,39.334843],[22.933171,39.334666],[22.933193,39.334578],[22.933215,39.334504],[22.933219,39.33449],[22.933233,39.334444],[22.933249,39.334383],[22.933261,39.334323],[22.933262,39.334314],[22.93327,39.334271],[22.933273,39.334237],[22.933277,39.334199],[22.933278,39.334137],[22.933278,39.334134],[22.933271,39.33406],[22.933262,39.334003],[22.933253,39.333956],[22.93325,39.333939],[22.933194,39.333782],[22.933188,39.333766],[22.933154,39.333677],[22.933131,39.333609],[22.933089,39.333487],[22.93307,39.333435],[22.933006,39.333262],[22.932975,39.333179],[22.932948,39.333088],[22.932894,39.332913],[22.932886,39.332886],[22.932842,39.332804],[22.932815,39.332759],[22.932806,39.332747],[22.932788,39.33272],[22.932748,39.33267],[22.932718,39.332636],[22.932683,39.332598],[22.932678,39.332594],[22.932648,39.332568],[22.932605,39.332536],[22.932558,39.332501],[22.932523,39.33248],[22.932508,39.332471],[22.932434,39.332428],[22.932304,39.332388],[22.932293,39.332385],[22.932156,39.332338],[22.932094,39.332313],[22.932093,39.332312],[22.932036,39.332284],[22.931994,39.33225],[22.931961,39.33221],[22.931941,39.332181],[22.931834,39.332021],[22.931726,39.331862],[22.931678,39.331791],[22.93162,39.331702],[22.931513,39.331542],[22.931487,39.331502],[22.931402,39.331384],[22.931298,39.331242],[22.931287,39.331228],[22.931169,39.331073],[22.931087,39.330966],[22.931051,39.330918],[22.931028,39.330886],[22.930982,39.33082],[22.930938,39.330761],[22.930863,39.330661],[22.930822,39.330605],[22.930707,39.330448],[22.930618,39.330327],[22.930593,39.330292],[22.930479,39.330135],[22.93042,39.330053],[22.93039,39.330062],[22.930364,39.330066],[22.93034,39.330065],[22.930312,39.330062],[22.930278,39.330058],[22.93025,39.33005],[22.930216,39.330036],[22.93019,39.330021],[22.930149,39.329993],[22.930121,39.329966],[22.930111,39.329956],[22.930035,39.329861],[22.929998,39.329813],[22.92988,39.329658],[22.92979,39.329541],[22.929763,39.329502],[22.92965,39.329345],[22.929587,39.329256],[22.929538,39.329187],[22.929425,39.32903],[22.929393,39.328986],[22.929365,39.328976],[22.92935,39.328968],[22.929317,39.328946],[22.929296,39.32893],[22.92927,39.328902],[22.929134,39.328755],[22.92909,39.328707],[22.928998,39.328609],[22.928932,39.328539],[22.9289,39.328508],[22.928859,39.328465],[22.928722,39.32832],[22.928627,39.328219],[22.928583,39.328176],[22.928441,39.328033],[22.928299,39.327891],[22.928157,39.327749],[22.928016,39.327606],[22.927982,39.327572],[22.927899,39.327502],[22.927861,39.327474],[22.927759,39.327398],[22.927733,39.327365],[22.927714,39.327336],[22.927709,39.327329],[22.927688,39.327285],[22.92767,39.327221],[22.927656,39.327163],[22.927645,39.327117],[22.927615,39.326987],[22.927607,39.326954],[22.92758,39.326867],[22.927567,39.326811],[22.927567,39.326809],[22.927546,39.32674],[22.927532,39.3267],[22.927506,39.326638],[22.927506,39.326637],[22.927458,39.326534],[22.927426,39.32647],[22.927399,39.326417],[22.927357,39.326332],[22.927341,39.326303],[22.927296,39.326218],[22.927244,39.32614],[22.927138,39.325981],[22.927033,39.325822],[22.926994,39.325764],[22.926927,39.325661],[22.926823,39.3255],[22.926719,39.32534],[22.926702,39.325314],[22.926619,39.325175],[22.926521,39.325012],[22.926423,39.324849],[22.926326,39.324686],[22.926228,39.324523],[22.92613,39.324359],[22.926082,39.32428],[22.926036,39.324194],[22.926002,39.324131],[22.925944,39.324029],[22.92585,39.323864],[22.925846,39.323857],[22.925761,39.323697],[22.925719,39.323618],[22.92568,39.323526],[22.925632,39.32341],[22.925608,39.323355],[22.925561,39.323246],[22.92553,39.323188],[22.925511,39.323152],[22.92546,39.32305],[22.925445,39.32302],[22.925404,39.322938],[22.925353,39.322857],[22.92527,39.322722],[22.925253,39.322695],[22.925153,39.322532],[22.925094,39.322437],[22.925053,39.32237],[22.925042,39.322351],[22.924977,39.322253],[22.92495,39.322208],[22.924912,39.322145],[22.92486,39.322039],[22.924858,39.322034],[22.924846,39.322],[22.924836,39.321954],[22.92482,39.321862],[22.924819,39.321848],[22.924806,39.321668],[22.924803,39.321631],[22.924796,39.321487],[22.92479,39.321356],[22.924788,39.321307],[22.924782,39.321128],[22.924781,39.321108],[22.924773,39.320975],[22.924771,39.320949],[22.92476,39.320783],[22.924759,39.320769],[22.924752,39.320629],[22.924748,39.32059],[22.924741,39.320508],[22.924743,39.320408],[22.924744,39.320359],[22.924749,39.320228],[22.924752,39.320135],[22.924752,39.320049],[22.924752,39.320046],[22.924746,39.31987],[22.924745,39.319828],[22.924739,39.31969],[22.924731,39.319515],[22.924731,39.319512],[22.924717,39.319411],[22.924856,39.319429],[22.924875,39.319431],[22.924979,39.319445],[22.925059,39.319454],[22.925086,39.319457],[22.925152,39.319465],[22.925177,39.319343],[22.925179,39.319339],[22.925199,39.319287],[22.925233,39.319228],[22.925269,39.319168],[22.92528,39.31915],[22.925351,39.319054],[22.925383,39.319009],[22.925421,39.318956],[22.925449,39.31892],[22.925505,39.318853],[22.925579,39.318767],[22.925619,39.318702],[22.925666,39.318624],[22.925711,39.318538],[22.925718,39.318524],[22.925778,39.318416],[22.925801,39.318372],[22.925858,39.318266],[22.925894,39.318206],[22.925969,39.318084],[22.926001,39.318044],[22.926017,39.318024],[22.92609,39.317944],[22.926138,39.317898],[22.926147,39.317889],[22.926213,39.317836],[22.926298,39.317777],[22.92631,39.317771],[22.926461,39.317698],[22.926506,39.317676],[22.926548,39.317656],[22.926674,39.3176],[22.926708,39.317587],[22.926802,39.317549],[22.926863,39.317525],[22.926914,39.317504],[22.926951,39.317489],[22.927091,39.317428],[22.927112,39.317411],[22.927144,39.317386],[22.927165,39.317364],[22.927184,39.317337],[22.927202,39.317307],[22.92722,39.31727],[22.927226,39.317257],[22.927244,39.317213],[22.927265,39.317152],[22.927288,39.317084],[22.927298,39.317058],[22.927335,39.316947],[22.927349,39.31691],[22.927399,39.316781],[22.927418,39.316738],[22.927473,39.316611],[22.927494,39.316568],[22.927532,39.316491],[22.927578,39.316407],[22.927582,39.316401],[22.927627,39.316328],[22.927668,39.316269],[22.927692,39.316241],[22.927711,39.316219],[22.927745,39.316186],[22.927796,39.316137],[22.927839,39.3161],[22.927841,39.316098],[22.927921,39.316034],[22.927999,39.315973],[22.928,39.315972],[22.928086,39.315918],[22.92817,39.315859],[22.928176,39.315854],[22.928253,39.315797],[22.928319,39.315744],[22.928339,39.315727],[22.928362,39.315708],[22.928414,39.315663],[22.928435,39.315644],[22.928452,39.315631],[22.928472,39.315617],[22.928487,39.315607],[22.928503,39.315602],[22.928505,39.315601],[22.928527,39.315596],[22.928543,39.315596],[22.928568,39.315595],[22.928602,39.315595],[22.928731,39.315601],[22.928878,39.315607],[22.928963,39.315611],[22.929191,39.31562],[22.929195,39.31562],[22.929268,39.31562],[22.929343,39.315618],[22.929405,39.315615],[22.929426,39.315612],[22.929549,39.315597],[22.929656,39.315583],[22.929693,39.315579],[22.929885,39.315556],[22.929904,39.315554],[22.930116,39.315532],[22.930184,39.315525],[22.930345,39.315503],[22.930412,39.315494],[22.930489,39.315481],[22.930551,39.31547],[22.930572,39.315465],[22.930632,39.315451],[22.930779,39.315414],[22.930794,39.31541],[22.930912,39.315379],[22.931003,39.31535],[22.931011,39.315347],[22.931135,39.3153],[22.931217,39.315264],[22.931244,39.315252],[22.93136,39.315198],[22.931417,39.315172],[22.931481,39.315145],[22.931601,39.315098],[22.931624,39.315089],[22.931752,39.315041],[22.931835,39.315014],[22.931901,39.314993],[22.932041,39.314954],[22.932053,39.314952],[22.932146,39.314934],[22.932281,39.314918],[22.932292,39.314916],[22.93237,39.314921],[22.932443,39.314934],[22.932504,39.314952],[22.932511,39.314956],[22.932548,39.314977],[22.93259,39.315015],[22.932615,39.315043],[22.932632,39.315069],[22.932646,39.315103],[22.932647,39.315106],[22.932661,39.315156],[22.932685,39.31524],[22.932699,39.315278],[22.932715,39.315321],[22.93275,39.315388],[22.93279,39.315442],[22.932796,39.315449],[22.932831,39.315488],[22.932884,39.315527],[22.932964,39.315554],[22.932966,39.315555],[22.93304,39.315568],[22.933126,39.315568],[22.933194,39.31556],[22.933204,39.315558],[22.933275,39.315543],[22.933351,39.31551],[22.933398,39.315479],[22.933485,39.315423],[22.93357,39.315359],[22.933601,39.315336],[22.933698,39.315269],[22.933743,39.315239],[22.933764,39.315225],[22.933822,39.315192],[22.933877,39.315169],[22.933944,39.315153],[22.933951,39.315152],[22.934008,39.315142],[22.934114,39.315133],[22.934174,39.31513],[22.934216,39.315128],[22.934329,39.315128],[22.934406,39.315125],[22.93446,39.315124],[22.934602,39.315119],[22.934638,39.315116],[22.934728,39.315109],[22.934845,39.315096],[22.934867,39.315091],[22.93493,39.315078],[22.935011,39.315053],[22.935083,39.315026],[22.935121,39.315011],[22.93522,39.314967],[22.935284,39.314937],[22.935409,39.31488],[22.935485,39.314846],[22.935583,39.314803],[22.935685,39.314755],[22.93571,39.314743],[22.935815,39.314686],[22.935871,39.314648],[22.935927,39.314611],[22.936023,39.314539],[22.936041,39.314525],[22.936112,39.31447],[22.936196,39.314392],[22.936249,39.314343],[22.936337,39.314263],[22.936345,39.314254],[22.936433,39.314159],[22.936478,39.314106],[22.936534,39.314042],[22.936599,39.313953],[22.936617,39.313928],[22.936706,39.313793],[22.936803,39.313646],[22.936811,39.313633],[22.936912,39.313471],[22.937012,39.313309],[22.937113,39.313146],[22.937193,39.313016],[22.937212,39.312984],[22.937305,39.312819],[22.937365,39.312711],[22.937399,39.312654],[22.937424,39.312614],[22.93747,39.312539],[22.937488,39.312489],[22.937494,39.312473],[22.93749,39.312395],[22.93747,39.312329],[22.937461,39.312313],[22.937429,39.312256],[22.937353,39.312176],[22.937336,39.312163],[22.937252,39.312102],[22.937163,39.312043],[22.937152,39.312036],[22.937057,39.311981],[22.93697,39.311943],[22.936939,39.31193],[22.936821,39.31189],[22.936756,39.311873],[22.93666,39.311848],[22.936536,39.311814],[22.936522,39.31181],[22.936416,39.311774],[22.936344,39.311734],[22.936336,39.311726],[22.936296,39.311691],[22.936277,39.311615],[22.93627,39.31156],[22.936265,39.311523],[22.936244,39.311397],[22.936241,39.311381],[22.936216,39.31127],[22.936198,39.311204],[22.936158,39.311056],[22.936145,39.31103],[22.936072,39.310878],[22.936065,39.310861],[22.936023,39.310756],[22.935988,39.310708],[22.935974,39.310697],[22.935938,39.310669],[22.935867,39.310648],[22.935787,39.310631],[22.935765,39.31063],[22.935532,39.310628],[22.935505,39.310628],[22.9353,39.31063],[22.935199,39.310632],[22.935067,39.310631],[22.934863,39.310629],[22.934835,39.310629],[22.934647,39.310634],[22.934602,39.310635],[22.934539,39.310636],[22.93448,39.310636],[22.934433,39.310626],[22.93438,39.310602],[22.934372,39.310599],[22.934354,39.310548],[22.93435,39.310483],[22.934372,39.31043],[22.934384,39.310401],[22.934477,39.310271],[22.93459,39.310113],[22.934671,39.310001],[22.934703,39.309956],[22.934815,39.309798],[22.93484,39.309763],[22.934934,39.309644],[22.934958,39.309614],[22.934987,39.309576],[22.935012,39.309546],[22.935057,39.309503],[22.935065,39.309496],[22.93509,39.309474],[22.93512,39.309451],[22.935158,39.309422],[22.935217,39.309385],[22.935236,39.309374],[22.935284,39.309345],[22.935349,39.309309],[22.93542,39.309266],[22.935472,39.309234],[22.935575,39.309173],[22.935605,39.309156],[22.935654,39.309129],[22.935793,39.30905],[22.935796,39.309049],[22.935983,39.308946],[22.936011,39.308931],[22.93617,39.30884],[22.936331,39.308747],[22.936356,39.308732],[22.936538,39.308621],[22.936543,39.308618],[22.936719,39.308511],[22.936721,39.308509],[22.936849,39.308431],[22.936901,39.308396],[22.936969,39.30835],[22.937017,39.308316],[22.93707,39.308272],[22.937081,39.308264],[22.937128,39.308221],[22.937192,39.308156],[22.937215,39.308133],[22.93731,39.308038],[22.937359,39.307992],[22.93741,39.307943],[22.93751,39.307854],[22.937514,39.307851],[22.937632,39.307754],[22.937674,39.307723],[22.937725,39.307686],[22.937846,39.307604],[22.937847,39.307603],[22.937953,39.307532],[22.938021,39.307484],[22.938054,39.307462],[22.938109,39.307413],[22.938158,39.307363],[22.938169,39.30735],[22.938199,39.307316],[22.938228,39.307282],[22.938245,39.307255],[22.938267,39.307216],[22.938276,39.307194],[22.938325,39.30708],[22.938347,39.307023],[22.938392,39.30691],[22.938413,39.306851],[22.938463,39.306708],[22.938475,39.306677],[22.938539,39.306504],[22.938541,39.306501],[22.93857,39.306421],[22.938604,39.306349],[22.938613,39.306333],[22.938642,39.306281],[22.938686,39.30621],[22.938713,39.306171],[22.938717,39.306166],[22.938755,39.306118],[22.938792,39.306079],[22.938856,39.306025],[22.938922,39.305968],[22.938971,39.305926],[22.939013,39.305893],[22.939044,39.305868],[22.939138,39.305803],[22.939163,39.305788],[22.939161,39.305758],[22.939153,39.305652],[22.939145,39.305579],[22.939135,39.305486],[22.93912,39.305399],[22.939109,39.305333],[22.939085,39.305221],[22.939084,39.305214],[22.939058,39.305127],[22.93903,39.30506],[22.939024,39.305046],[22.939001,39.304995],[22.938969,39.304936],[22.938941,39.304889],[22.938934,39.304879],[22.938915,39.304853],[22.938885,39.304817],[22.938852,39.304783],[22.938805,39.30474],[22.938803,39.304739],[22.938753,39.304702],[22.938694,39.304664],[22.938647,39.304638],[22.93862,39.304625],[22.938577,39.304605],[22.938508,39.304578],[22.938441,39.304555],[22.93841,39.304547],[22.938289,39.304516],[22.938192,39.304486],[22.938106,39.304461],[22.937979,39.304417],[22.937942,39.304404],[22.937907,39.304389],[22.937864,39.304369],[22.937814,39.304343],[22.937787,39.304328],[22.937762,39.304313],[22.937717,39.304284],[22.937677,39.304255],[22.937621,39.304209],[22.93762,39.304209],[22.937557,39.304152],[22.937537,39.304132],[22.937504,39.304097],[22.937483,39.304074],[22.937474,39.304063],[22.937452,39.30403],[22.937434,39.303998],[22.937416,39.303954],[22.937404,39.303916],[22.937403,39.303909],[22.937399,39.303874],[22.937395,39.303814],[22.937395,39.30375],[22.937396,39.303728],[22.937399,39.303675],[22.937408,39.303597],[22.937417,39.30355],[22.937425,39.303515],[22.937448,39.303455],[22.93748,39.303392],[22.93749,39.303377],[22.937546,39.303288],[22.937603,39.30322],[22.937683,39.303124],[22.93773,39.30307],[22.937861,39.302921],[22.937907,39.30287],[22.937993,39.302774],[22.938125,39.302626],[22.938146,39.302602],[22.938234,39.30251],[22.938266,39.302476],[22.938334,39.302513],[22.938474,39.302582],[22.938513,39.302602],[22.938644,39.30267],[22.938667,39.302683],[22.938733,39.302719],[22.938792,39.302754],[22.938842,39.302789],[22.938851,39.302796],[22.938879,39.302818],[22.93889,39.302826],[22.938879,39.302818],[22.938847,39.302793]]},"properties":{"line":"6","dir":"Άγιος Στέφανος","headsign":"Άγιος Στέφανος","mode":"bus","color":"#0059a9"}},{"type":"Feature","geometry":{"type":"LineString","coordinates":[[22.926347,39.357176],[22.926425,39.357114],[22.92651,39.357047],[22.926673,39.356919],[22.926733,39.356872],[22.926832,39.356789],[22.926843,39.35678],[22.926774,39.356672],[22.926749,39.356633],[22.926646,39.356472],[22.926543,39.356311],[22.926447,39.356162],[22.92644,39.35615],[22.92634,39.355988],[22.92624,39.355825],[22.926207,39.355772],[22.926139,39.355663],[22.926039,39.355501],[22.925938,39.355338],[22.925838,39.355176],[22.925737,39.355014],[22.925658,39.354886],[22.925635,39.354853],[22.925525,39.354694],[22.925417,39.35454],[22.925415,39.354536],[22.925304,39.354377],[22.925194,39.354219],[22.925084,39.354061],[22.925033,39.353988],[22.92497,39.353904],[22.924855,39.353748],[22.924739,39.353592],[22.924712,39.353555],[22.924625,39.353435],[22.924517,39.353285],[22.924512,39.353278],[22.924397,39.353121],[22.924317,39.353012],[22.924286,39.352963],[22.92418,39.352803],[22.924171,39.352789],[22.924092,39.352653],[22.924085,39.352639],[22.924006,39.352472],[22.924006,39.35247],[22.923943,39.352307],[22.92394,39.352297],[22.923883,39.352133],[22.92388,39.352124],[22.923859,39.352047],[22.923844,39.351987],[22.923836,39.351947],[22.923833,39.351931],[22.923823,39.351844],[22.923818,39.351768],[22.923813,39.351663],[22.923815,39.351588],[22.923817,39.351527],[22.923819,39.351408],[22.92382,39.351364],[22.923834,39.351229],[22.923835,39.351223],[22.923845,39.351164],[22.923865,39.351079],[22.923873,39.351051],[22.923889,39.350988],[22.923928,39.350877],[22.923934,39.350862],[22.923996,39.350705],[22.924003,39.350686],[22.924073,39.350549],[22.924079,39.350537],[22.924172,39.350382],[22.924177,39.350374],[22.924284,39.350214],[22.924295,39.350197],[22.92439,39.350054],[22.924443,39.349974],[22.924499,39.349895],[22.924586,39.349773],[22.924616,39.34974],[22.924721,39.349626],[22.92474,39.349592],[22.924743,39.349588],[22.924764,39.349551],[22.924788,39.349508],[22.92482,39.34945],[22.924837,39.349423],[22.924935,39.34926],[22.925034,39.349097],[22.925065,39.349045],[22.925137,39.348936],[22.925243,39.348776],[22.925291,39.348703],[22.925342,39.348614],[22.9254,39.348513],[22.925437,39.348449],[22.925498,39.348343],[22.925526,39.348283],[22.92554,39.348252],[22.925571,39.348182],[22.925583,39.348154],[22.9256,39.348113],[22.925601,39.348112],[22.925621,39.348066],[22.925638,39.348019],[22.925649,39.347979],[22.925658,39.347939],[22.925658,39.347938],[22.925664,39.347904],[22.925675,39.347854],[22.925689,39.347783],[22.925691,39.347761],[22.9257,39.347691],[22.925705,39.347625],[22.92571,39.347582],[22.925713,39.347547],[22.925727,39.347402],[22.925738,39.347291],[22.925743,39.347223],[22.925755,39.347043],[22.925766,39.346892],[22.925767,39.346864],[22.925771,39.346813],[22.925779,39.346684],[22.925783,39.346619],[22.925795,39.346505],[22.925814,39.346325],[22.925819,39.346284],[22.925822,39.34624],[22.92583,39.346146],[22.925845,39.345966],[22.92586,39.345787],[22.925863,39.345757],[22.925867,39.345721],[22.925867,39.345637],[22.925869,39.345607],[22.925869,39.345605],[22.92587,39.345555],[22.925871,39.3455],[22.925869,39.345446],[22.925869,39.345427],[22.925868,39.345388],[22.925862,39.345305],[22.925856,39.345248],[22.925852,39.345206],[22.925843,39.345125],[22.925836,39.345069],[22.925828,39.345002],[22.925812,39.34489],[22.925806,39.344851],[22.925791,39.34475],[22.925784,39.344712],[22.925776,39.344669],[22.925763,39.344601],[22.92575,39.344548],[22.925746,39.344534],[22.92574,39.344512],[22.925698,39.344379],[22.925692,39.34436],[22.925649,39.344231],[22.925628,39.344187],[22.925597,39.344121],[22.925547,39.344018],[22.925529,39.343981],[22.925464,39.34385],[22.925381,39.343682],[22.925298,39.343514],[22.925215,39.343346],[22.92519,39.343295],[22.925135,39.343177],[22.925055,39.343008],[22.924976,39.342839],[22.924958,39.3428],[22.924897,39.34267],[22.924817,39.342501],[22.92475,39.342361],[22.924737,39.342332],[22.924661,39.342162],[22.924648,39.342134],[22.924581,39.341993],[22.924543,39.341914],[22.924502,39.341824],[22.924484,39.341783],[22.924452,39.341708],[22.924431,39.341653],[22.924423,39.341632],[22.924375,39.341494],[22.924371,39.34148],[22.924338,39.341368],[22.924323,39.341304],[22.9243,39.341199],[22.924284,39.341126],[22.92428,39.341104],[22.924265,39.341],[22.924253,39.340948],[22.924214,39.340771],[22.924195,39.340684],[22.924182,39.340622],[22.924214,39.340614],[22.924345,39.340586],[22.924435,39.340561],[22.924518,39.340537],[22.924636,39.340474],[22.924706,39.340437],[22.924834,39.340379],[22.925036,39.340289],[22.925187,39.340222],[22.925238,39.340201],[22.925444,39.340118],[22.925651,39.340035],[22.925813,39.33997],[22.925857,39.339952],[22.925966,39.339909],[22.926065,39.339871],[22.926273,39.33979],[22.926481,39.33971],[22.926689,39.339629],[22.926897,39.339549],[22.927105,39.339468],[22.927218,39.339425],[22.927312,39.339386],[22.92749,39.339313],[22.927517,39.339302],[22.927722,39.339217],[22.927914,39.339138],[22.927927,39.339132],[22.928117,39.339052],[22.92813,39.339045],[22.928264,39.338976],[22.928315,39.338951],[22.928324,39.338946],[22.928389,39.338911],[22.928436,39.33888],[22.928485,39.338844],[22.928502,39.33883],[22.92851,39.338824],[22.928531,39.338805],[22.92855,39.338784],[22.928577,39.338756],[22.928642,39.338687],[22.928646,39.338682],[22.928747,39.338569],[22.928772,39.338538],[22.928801,39.338502],[22.928846,39.338446],[22.928899,39.338387],[22.928934,39.338355],[22.929011,39.338291],[22.929057,39.338255],[22.92906,39.338253],[22.929113,39.338216],[22.929156,39.338191],[22.929211,39.33816],[22.929241,39.338145],[22.929376,39.338079],[22.929439,39.338052],[22.929474,39.338036],[22.929641,39.337963],[22.929765,39.337908],[22.929845,39.337876],[22.93005,39.337792],[22.930256,39.337708],[22.930462,39.337624],[22.930668,39.33754],[22.93069,39.337531],[22.930871,39.337453],[22.930906,39.337438],[22.931076,39.337367],[22.93128,39.337281],[22.931484,39.337195],[22.931689,39.33711],[22.931712,39.3371],[22.931893,39.337024],[22.931999,39.336979],[22.932099,39.33694],[22.932103,39.336938],[22.932218,39.336885],[22.932267,39.336861],[22.932297,39.336846],[22.932303,39.336842],[22.932351,39.336815],[22.932385,39.336795],[22.932413,39.336777],[22.932454,39.336746],[22.932474,39.33673],[22.932502,39.336707],[22.932548,39.336665],[22.932585,39.336625],[22.932618,39.336589],[22.932621,39.336586],[22.932648,39.336552],[22.932681,39.336506],[22.932713,39.33645],[22.932725,39.336429],[22.932735,39.336411],[22.932751,39.336379],[22.932771,39.336329],[22.932785,39.336289],[22.932794,39.336258],[22.932843,39.336082],[22.932845,39.336073],[22.932874,39.335947],[22.932884,39.335905],[22.932915,39.335769],[22.932924,39.335728],[22.932962,39.335551],[22.933001,39.335374],[22.933039,39.335196],[22.933058,39.335109],[22.933081,39.335019],[22.933126,39.334843],[22.933171,39.334666],[22.933193,39.334578],[22.933215,39.334504],[22.933219,39.33449],[22.933233,39.334444],[22.933249,39.334383],[22.933261,39.334323],[22.933262,39.334314],[22.93327,39.334271],[22.933273,39.334237],[22.933277,39.334199],[22.933278,39.334137],[22.933278,39.334134],[22.933271,39.33406],[22.933262,39.334003],[22.933253,39.333956],[22.93325,39.333939],[22.933194,39.333782],[22.933188,39.333766],[22.933154,39.333677],[22.933131,39.333609],[22.933089,39.333487],[22.93307,39.333435],[22.933006,39.333262],[22.932975,39.333179],[22.932948,39.333088],[22.932894,39.332913],[22.932886,39.332886],[22.932842,39.332804],[22.932815,39.332759],[22.932806,39.332747],[22.932788,39.33272],[22.932748,39.33267],[22.932718,39.332636],[22.932683,39.332598],[22.932678,39.332594],[22.932648,39.332568],[22.932605,39.332536],[22.932558,39.332501],[22.932523,39.33248],[22.932508,39.332471],[22.932434,39.332428],[22.932304,39.332388],[22.932293,39.332385],[22.932156,39.332338],[22.932094,39.332313],[22.932093,39.332312],[22.932036,39.332284],[22.931994,39.33225],[22.931961,39.33221],[22.931941,39.332181],[22.931834,39.332021],[22.931726,39.331862],[22.931678,39.331791],[22.93162,39.331702],[22.931513,39.331542],[22.931487,39.331502],[22.931402,39.331384],[22.931298,39.331242],[22.931287,39.331228],[22.931169,39.331073],[22.931087,39.330966],[22.931051,39.330918],[22.931028,39.330886],[22.930982,39.33082],[22.930938,39.330761],[22.930863,39.330661],[22.930822,39.330605],[22.930707,39.330448],[22.930618,39.330327],[22.930593,39.330292],[22.930479,39.330135],[22.93042,39.330053],[22.93039,39.330062],[22.930364,39.330066],[22.93034,39.330065],[22.930312,39.330062],[22.930278,39.330058],[22.93025,39.33005],[22.930216,39.330036],[22.93019,39.330021],[22.930149,39.329993],[22.930121,39.329966],[22.930111,39.329956],[22.930035,39.329861],[22.929998,39.329813],[22.92988,39.329658],[22.92979,39.329541],[22.929763,39.329502],[22.92965,39.329345],[22.929587,39.329256],[22.929538,39.329187],[22.929425,39.32903],[22.929393,39.328986],[22.929365,39.328976],[22.92935,39.328968],[22.929317,39.328946],[22.929296,39.32893],[22.92927,39.328902],[22.929134,39.328755],[22.92909,39.328707],[22.928998,39.328609],[22.928932,39.328539],[22.9289,39.328508],[22.928859,39.328465],[22.928722,39.32832],[22.928627,39.328219],[22.928583,39.328176],[22.928441,39.328033],[22.928299,39.327891],[22.928157,39.327749],[22.928016,39.327606],[22.927982,39.327572],[22.927899,39.327502],[22.927861,39.327474],[22.927759,39.327398],[22.927733,39.327365],[22.927714,39.327336],[22.927709,39.327329],[22.927688,39.327285],[22.92767,39.327221],[22.927656,39.327163],[22.927645,39.327117],[22.927615,39.326987],[22.927607,39.326954],[22.92758,39.326867],[22.927567,39.326811],[22.927567,39.326809],[22.927546,39.32674],[22.927532,39.3267],[22.927506,39.326638],[22.927506,39.326637],[22.927458,39.326534],[22.927426,39.32647],[22.927399,39.326417],[22.927357,39.326332],[22.927341,39.326303],[22.927296,39.326218],[22.927244,39.32614],[22.927138,39.325981],[22.927033,39.325822],[22.926994,39.325764],[22.926927,39.325661],[22.926823,39.3255],[22.926719,39.32534],[22.926702,39.325314],[22.926619,39.325175],[22.926521,39.325012],[22.926423,39.324849],[22.926326,39.324686],[22.926228,39.324523],[22.92613,39.324359],[22.926082,39.32428],[22.926036,39.324194],[22.926002,39.324131],[22.925944,39.324029],[22.92585,39.323864],[22.925846,39.323857],[22.925761,39.323697],[22.925719,39.323618],[22.92568,39.323526],[22.925632,39.32341],[22.925608,39.323355],[22.925561,39.323246],[22.92553,39.323188],[22.925511,39.323152],[22.92546,39.32305],[22.925445,39.32302],[22.925404,39.322938],[22.925353,39.322857],[22.92527,39.322722],[22.925253,39.322695],[22.925153,39.322532],[22.925094,39.322437],[22.925053,39.32237],[22.925042,39.322351],[22.924977,39.322253],[22.92495,39.322208],[22.924912,39.322145],[22.92486,39.322039],[22.924858,39.322034],[22.924846,39.322],[22.924836,39.321954],[22.92482,39.321862],[22.924819,39.321848],[22.924806,39.321668],[22.924803,39.321631],[22.924796,39.321487],[22.92479,39.321356],[22.924788,39.321307],[22.924782,39.321128],[22.924781,39.321108],[22.924773,39.320975],[22.924771,39.320949],[22.92476,39.320783],[22.924759,39.320769],[22.924752,39.320629],[22.924748,39.32059],[22.924741,39.320508],[22.924743,39.320408],[22.924744,39.320359],[22.924749,39.320228],[22.924752,39.320135],[22.924752,39.320049],[22.924752,39.320046],[22.924746,39.31987],[22.924745,39.319828],[22.924739,39.31969],[22.924731,39.319515],[22.924731,39.319512],[22.924717,39.319411],[22.924856,39.319429],[22.924875,39.319431],[22.924979,39.319445],[22.925059,39.319454],[22.925086,39.319457],[22.925152,39.319465],[22.925177,39.319343],[22.925179,39.319339],[22.925199,39.319287],[22.925233,39.319228],[22.925269,39.319168],[22.92528,39.31915],[22.925351,39.319054],[22.925383,39.319009],[22.925421,39.318956],[22.925449,39.31892],[22.925505,39.318853]]},"properties":{"line":"6","dir":"Τέρμα Αλυκών","headsign":"Τέρμα Αλυκών","mode":"bus","color":"#0059a9"}},{"type":"Feature","geometry":{"type":"LineString","coordinates":[[22.925529,39.318826],[22.925579,39.318767],[22.925503,39.318709],[22.925476,39.318692],[22.925372,39.318624],[22.925301,39.318574],[22.92513,39.318452],[22.924988,39.31835],[22.92496,39.318329],[22.924792,39.318205],[22.924781,39.318197],[22.924686,39.318126],[22.924625,39.31808],[22.924536,39.318013],[22.924446,39.317966],[22.924444,39.317964],[22.924338,39.317929],[22.924231,39.317898],[22.924112,39.317863],[22.924008,39.317844],[22.923781,39.317803],[22.923579,39.317766],[22.923555,39.317762],[22.923329,39.317721],[22.923211,39.3177],[22.92312,39.317683],[22.923102,39.31768],[22.922876,39.317639],[22.922659,39.3176],[22.922649,39.317598],[22.922423,39.317557],[22.922197,39.317516],[22.922126,39.317504],[22.92197,39.317475],[22.921744,39.317434],[22.92166,39.317419],[22.921518,39.317393],[22.921291,39.317352],[22.921208,39.317337],[22.921065,39.317311],[22.920838,39.317271],[22.920728,39.317251],[22.920612,39.31723],[22.920385,39.317189],[22.920247,39.317164],[22.920159,39.317148],[22.91994,39.317108],[22.919933,39.317107],[22.919762,39.317076],[22.919706,39.317066],[22.91948,39.317025],[22.919254,39.316984],[22.9192,39.316974],[22.919071,39.316951],[22.919085,39.317023],[22.91912,39.317201],[22.919133,39.317263],[22.919164,39.317377],[22.919213,39.317553],[22.919213,39.317556],[22.919263,39.317729],[22.91928,39.317788],[22.919318,39.317904],[22.919342,39.317979],[22.919377,39.318077],[22.919397,39.318131],[22.919438,39.318251],[22.919441,39.318259],[22.919512,39.318422],[22.919586,39.318592],[22.91966,39.318763],[22.919712,39.318884],[22.919734,39.318933],[22.91981,39.319103],[22.919885,39.319273],[22.919961,39.319443],[22.920017,39.319569],[22.920038,39.319613],[22.920077,39.319695],[22.920119,39.319781],[22.920173,39.31989],[22.920201,39.319949],[22.920281,39.320118],[22.920361,39.320287],[22.92044,39.320456],[22.920455,39.320488],[22.92051,39.320628],[22.920577,39.3208],[22.920645,39.320972],[22.920712,39.321144],[22.920714,39.321147],[22.92078,39.321316],[22.920847,39.321488],[22.920899,39.32162],[22.920915,39.32166],[22.920982,39.321832],[22.921049,39.322005],[22.921088,39.322103],[22.921117,39.322177],[22.921184,39.322349],[22.921252,39.322521],[22.921319,39.322693],[22.921387,39.322865],[22.921454,39.323037],[22.921522,39.323209],[22.921533,39.323239],[22.921589,39.323381],[22.921594,39.323394],[22.921656,39.323553],[22.9217,39.323664],[22.921724,39.323726],[22.921791,39.323898],[22.921859,39.32407],[22.921926,39.324242],[22.921994,39.324414],[22.922061,39.324586],[22.922128,39.324758],[22.922155,39.324827],[22.922186,39.324906],[22.922196,39.32493],[22.922263,39.325102],[22.922331,39.325274],[22.922358,39.325345],[22.922386,39.325415],[22.922398,39.325447],[22.922465,39.325619],[22.922499,39.325709],[22.922531,39.325791],[22.922597,39.325964],[22.922663,39.326136],[22.922728,39.326309],[22.922749,39.326364],[22.922794,39.326481],[22.92285,39.326626],[22.92286,39.326654],[22.922881,39.32671],[22.922933,39.326825],[22.922972,39.326912],[22.923009,39.326995],[22.923078,39.327149],[22.923085,39.327165],[22.923155,39.327336],[22.923176,39.327388],[22.923219,39.327484],[22.92323,39.327506],[22.923258,39.327562],[22.923291,39.327623],[22.92332,39.327672],[22.923332,39.327693],[22.923377,39.327766],[22.92342,39.327831],[22.923422,39.327834],[22.923463,39.327888],[22.923502,39.327937],[22.923545,39.327986],[22.923595,39.328042],[22.923674,39.328136],[22.923697,39.328162],[22.923722,39.328191],[22.923801,39.328283],[22.923803,39.328285],[22.923896,39.328387],[22.923935,39.328433],[22.924061,39.328585],[22.924187,39.328736],[22.924199,39.328751],[22.924313,39.328887],[22.924366,39.328949],[22.924442,39.329036],[22.924572,39.329186],[22.924702,39.329335],[22.924832,39.329484],[22.924905,39.329568],[22.924961,39.329634],[22.925028,39.329712],[22.925088,39.329784],[22.925215,39.329935],[22.925342,39.330086],[22.925374,39.330124],[22.925462,39.33024],[22.925579,39.330395],[22.925598,39.33042],[22.925643,39.33048],[22.925667,39.330517],[22.925688,39.330553],[22.925698,39.33057],[22.92572,39.330612],[22.925738,39.330665],[22.925753,39.330713],[22.925755,39.330729],[22.925761,39.330763],[22.925765,39.330805],[22.925768,39.330849],[22.92577,39.330892],[22.925769,39.330909],[22.925767,39.330943],[22.925762,39.330984],[22.92575,39.33105],[22.92574,39.331087],[22.925731,39.331125],[22.925702,39.33121],[22.925677,39.331259],[22.925631,39.331347],[22.925589,39.331426],[22.9255,39.331592],[22.925412,39.331758],[22.925323,39.331925],[22.925234,39.332091],[22.925146,39.332257],[22.925094,39.332354],[22.925057,39.332424],[22.92499,39.33255],[22.924969,39.33259],[22.924882,39.332757],[22.924795,39.332924],[22.924708,39.33309],[22.924664,39.333175],[22.924616,39.333256],[22.924597,39.333288],[22.924551,39.333358],[22.924515,39.333418],[22.924503,39.333436],[22.924456,39.333512],[22.924407,39.333577],[22.924405,39.333579],[22.924333,39.333665],[22.924278,39.333726],[22.924269,39.333737],[22.92419,39.333823],[22.924143,39.333873],[22.924084,39.333936],[22.924034,39.333986],[22.924004,39.334017],[22.923865,39.334161],[22.923856,39.33417],[22.923827,39.334202],[22.923794,39.334242],[22.923761,39.334292],[22.923746,39.334315],[22.923737,39.334331],[22.923697,39.334399],[22.923683,39.334423],[22.923671,39.33445],[22.923657,39.334475],[22.923654,39.33448],[22.923641,39.334507],[22.923628,39.334538],[22.923618,39.334567],[22.92361,39.334593],[22.923603,39.334628],[22.923596,39.334654],[22.923594,39.334664],[22.923584,39.334834],[22.923574,39.335013],[22.923564,39.335185],[22.923563,39.335193],[22.923558,39.335348],[22.923557,39.335373],[22.923555,39.335428],[22.923555,39.335445],[22.923549,39.335553],[22.923544,39.335649],[22.923539,39.335732],[22.923536,39.335799],[22.923529,39.335912],[22.923518,39.336092],[22.923514,39.336147],[22.923505,39.336271],[22.923503,39.336295],[22.923487,39.336451],[22.923469,39.33663],[22.923469,39.336633],[22.92346,39.336787],[22.923459,39.33681],[22.923455,39.336863],[22.923453,39.336927],[22.923451,39.336989],[22.923451,39.33702],[22.923451,39.337074],[22.923456,39.337144],[22.923458,39.337169],[22.923464,39.337226],[22.923479,39.337329],[22.923482,39.337348],[22.923494,39.337423],[22.923512,39.337499],[22.923518,39.337526],[22.923556,39.337703],[22.923594,39.337881],[22.923632,39.338058],[22.92367,39.338236],[22.923707,39.338413],[22.923745,39.338591],[22.923766,39.338688],[22.923783,39.338768],[22.923821,39.338946],[22.923859,39.339123],[22.923896,39.339301],[22.923934,39.339478],[22.923972,39.339656],[22.924009,39.339833],[22.924021,39.339886],[22.924046,39.340011],[22.924081,39.340189],[22.924086,39.340211],[22.924122,39.340366],[22.924157,39.340518],[22.924186,39.34053],[22.924225,39.340546],[22.924272,39.340564],[22.924304,39.340575],[22.924345,39.340586],[22.924393,39.340572],[22.924518,39.340537],[22.924452,39.340594],[22.9244,39.340639],[22.92435,39.340722],[22.924338,39.340749],[22.924326,39.340779],[22.924308,39.340835],[22.924286,39.340909],[22.924283,39.340925],[22.924265,39.341],[22.924279,39.341103],[22.92428,39.341104],[22.9243,39.341199],[22.924318,39.34128],[22.924338,39.341368],[22.924364,39.341456],[22.924375,39.341494],[22.924422,39.34163],[22.924423,39.341632],[22.924452,39.341708],[22.924484,39.341783],[22.924492,39.341801],[22.924543,39.341914],[22.92457,39.341971],[22.924648,39.342134],[22.924651,39.34214],[22.924727,39.342309],[22.92475,39.342361],[22.924806,39.342479],[22.924886,39.342648],[22.924958,39.3428],[22.924966,39.342816],[22.925045,39.342986],[22.925124,39.343155],[22.92519,39.343295],[22.925204,39.343324],[22.925287,39.343492],[22.92537,39.34366],[22.925453,39.343828],[22.925529,39.343981],[22.925536,39.343996],[22.925597,39.344121],[22.925618,39.344164],[22.925649,39.344231],[22.925684,39.344336],[22.925698,39.344379],[22.92574,39.344511],[22.92574,39.344512],[22.92575,39.344548],[22.925763,39.344601],[22.925776,39.344669],[22.92578,39.344688],[22.925791,39.34475],[22.925806,39.344851],[22.925809,39.344866],[22.925828,39.345002],[22.925833,39.345045],[22.925843,39.345125],[22.925852,39.345206],[22.925854,39.345224],[22.925862,39.345305],[22.925868,39.345388],[22.925868,39.345403],[22.925869,39.345446],[22.925871,39.3455],[22.92587,39.345555],[22.925869,39.345583],[22.925869,39.345605],[22.925867,39.345637],[22.925867,39.345721],[22.925863,39.345757],[22.925862,39.345763],[22.925847,39.345942],[22.925832,39.346122],[22.925822,39.34624],[22.925819,39.346284],[22.925817,39.346301],[22.925798,39.346481],[22.925783,39.346619],[22.92578,39.34666],[22.925771,39.346813],[22.925769,39.34684],[22.925766,39.346892],[22.925757,39.347019],[22.925744,39.347199],[22.925738,39.347291],[22.92573,39.347378],[22.925713,39.347547],[22.925712,39.347558],[22.925705,39.347625],[22.9257,39.347691],[22.925694,39.347737],[22.925689,39.347783],[22.925675,39.347854],[22.925664,39.347904],[22.925662,39.347915],[22.925658,39.347938],[22.925649,39.347979],[22.925638,39.348019],[22.925621,39.348066],[22.92561,39.34809],[22.925601,39.348112],[22.925583,39.348154],[22.925571,39.348182],[22.92554,39.348252],[22.925536,39.34826],[22.925498,39.348343],[22.925449,39.348427],[22.9254,39.348513],[22.925355,39.348591],[22.925291,39.348703],[22.925257,39.348755],[22.925151,39.348915],[22.925065,39.349045],[22.925047,39.349075],[22.924948,39.349238],[22.92485,39.349401],[22.92482,39.34945],[22.924788,39.349508],[22.924764,39.349551],[22.924756,39.349566],[22.92474,39.349592],[22.924721,39.349626],[22.924685,39.349734],[22.924661,39.349807],[22.9246,39.3499],[22.92456,39.349962],[22.924498,39.350062],[22.924399,39.350224],[22.924374,39.350265],[22.924308,39.35039],[22.92422,39.350556],[22.924219,39.350558],[22.924139,39.350721],[22.924137,39.350724],[22.92407,39.350882],[22.924065,39.350895],[22.924025,39.351027],[22.924014,39.351071],[22.924009,39.351092],[22.923993,39.351174],[22.923979,39.351248],[22.923965,39.351323],[22.923957,39.351427],[22.923952,39.351483],[22.923953,39.351602],[22.923954,39.351607],[22.923961,39.351685],[22.923969,39.351767],[22.923972,39.351786],[22.923981,39.351847],[22.924002,39.351965],[22.92402,39.352061],[22.924043,39.352142],[22.924072,39.352246],[22.924095,39.352317],[22.924128,39.352422],[22.924159,39.352489],[22.924198,39.352574],[22.924245,39.352657],[22.924257,39.352679],[22.924344,39.352819],[22.924444,39.352982],[22.924449,39.352989],[22.924552,39.353141],[22.924625,39.353248],[22.924662,39.3533],[22.924772,39.353458],[22.924813,39.353516],[22.924887,39.353614],[22.925004,39.35377],[22.925121,39.353925],[22.925138,39.353948],[22.925234,39.354082],[22.925348,39.354239],[22.92546,39.354395],[22.925461,39.354396],[22.925576,39.354553],[22.925614,39.354604],[22.925687,39.354711],[22.925797,39.354869],[22.925906,39.355028],[22.926008,39.355175],[22.926015,39.355187],[22.926112,39.35535],[22.926209,39.355514],[22.926279,39.355632],[22.926307,39.355677],[22.926407,39.355839],[22.926508,39.356002],[22.926608,39.356164],[22.926708,39.356326],[22.926808,39.356489],[22.926842,39.356545],[22.926894,39.356622],[22.926856,39.356638],[22.926774,39.356672],[22.926673,39.356715]]},"properties":{"line":"6","dir":"Τορούτζα","headsign":"Τορούτζα","mode":"bus","color":"#0059a9"}},{"type":"Feature","geometry":{"type":"LineString","coordinates":[[22.9389,39.302834],[22.938879,39.302818],[22.938842,39.302789],[22.938792,39.302754],[22.938733,39.302719],[22.938725,39.302714],[22.938644,39.30267],[22.938534,39.302612],[22.938513,39.302602],[22.938338,39.302515],[22.938334,39.302513],[22.938266,39.302476],[22.938171,39.302576],[22.938146,39.302602],[22.938038,39.302723],[22.937907,39.30287],[22.937905,39.302871],[22.937774,39.30302],[22.937683,39.303124],[22.937645,39.303169],[22.937546,39.303288],[22.937524,39.303324],[22.93748,39.303392],[22.937448,39.303455],[22.937435,39.303488],[22.937425,39.303515],[22.937408,39.303597],[22.9374,39.303666],[22.937399,39.303675],[22.937395,39.30375],[22.937395,39.303814],[22.937397,39.303843],[22.937399,39.303874],[22.937404,39.303916],[22.937416,39.303954],[22.937434,39.303998],[22.937443,39.304014],[22.937452,39.30403],[22.937474,39.304063],[22.937504,39.304097],[22.937537,39.304132],[22.937557,39.304152],[22.937567,39.304161],[22.93762,39.304209],[22.937677,39.304255],[22.937717,39.304284],[22.937724,39.304289],[22.937762,39.304313],[22.937814,39.304343],[22.937864,39.304369],[22.937907,39.304389],[22.937911,39.304391],[22.937942,39.304404],[22.938106,39.304461],[22.938121,39.304465],[22.938289,39.304516],[22.938338,39.304528],[22.938441,39.304555],[22.938508,39.304578],[22.938552,39.304595],[22.938577,39.304605],[22.938647,39.304638],[22.938694,39.304664],[22.938745,39.304696],[22.938753,39.304702],[22.938805,39.30474],[22.938852,39.304783],[22.938885,39.304817],[22.938897,39.304831],[22.938915,39.304853],[22.938941,39.304889],[22.938969,39.304936],[22.939,39.304993],[22.939001,39.304995],[22.93903,39.30506],[22.939058,39.305127],[22.93907,39.305166],[22.939084,39.305214],[22.939109,39.305333],[22.939111,39.305344],[22.939135,39.305486],[22.939139,39.305524],[22.939153,39.305652],[22.939157,39.305702],[22.939163,39.305788],[22.939138,39.305803],[22.939069,39.305851],[22.939044,39.305868],[22.938971,39.305926],[22.938922,39.305968],[22.938909,39.30598],[22.938792,39.306079],[22.938756,39.306118],[22.938755,39.306118],[22.938717,39.306166],[22.938686,39.30621],[22.938644,39.306277],[22.938642,39.306281],[22.938604,39.306349],[22.93857,39.306421],[22.938561,39.306446],[22.938541,39.306501],[22.938497,39.306619],[22.938463,39.306708],[22.938434,39.306792],[22.938392,39.30691],[22.938371,39.306965],[22.938325,39.30708],[22.938301,39.307136],[22.938267,39.307216],[22.938245,39.307255],[22.938228,39.307282],[22.938213,39.3073],[22.938199,39.307316],[22.938158,39.307363],[22.938109,39.307413],[22.938075,39.307442],[22.938054,39.307462],[22.937953,39.307532],[22.937906,39.307563],[22.937846,39.307604],[22.937732,39.307682],[22.937725,39.307686],[22.937632,39.307754],[22.937564,39.307809],[22.937514,39.307851],[22.93741,39.307943],[22.937408,39.307944],[22.93731,39.308038],[22.937263,39.308085],[22.937192,39.308156],[22.937128,39.308221],[22.937122,39.308227],[22.937081,39.308264],[22.937017,39.308316],[22.936969,39.30835],[22.936961,39.308356],[22.936849,39.308431],[22.936783,39.308472],[22.936719,39.308511],[22.9366,39.308583],[22.936543,39.308618],[22.936418,39.308694],[22.936331,39.308747],[22.936233,39.308803],[22.936046,39.30891],[22.936011,39.308931],[22.935858,39.309015],[22.935796,39.309049],[22.935669,39.30912],[22.935654,39.309129],[22.935575,39.309173],[22.935482,39.309228],[22.935472,39.309234],[22.935349,39.309309],[22.935298,39.309337],[22.935284,39.309345],[22.935217,39.309385],[22.935158,39.309422],[22.93512,39.309451],[22.935119,39.309451],[22.93509,39.309474],[22.935057,39.309503],[22.935012,39.309546],[22.934987,39.309576],[22.934975,39.309592],[22.934958,39.309614],[22.934854,39.309745],[22.93484,39.309763],[22.934741,39.309903],[22.934671,39.310001],[22.934629,39.31006],[22.934516,39.310217],[22.934403,39.310375],[22.934384,39.310401],[22.93435,39.310483],[22.934354,39.310547],[22.934354,39.310548],[22.934372,39.310599],[22.934433,39.310626],[22.93448,39.310636],[22.934523,39.310636],[22.934539,39.310636],[22.934647,39.310634],[22.934756,39.310631],[22.934863,39.310629],[22.934988,39.31063],[22.935199,39.310632],[22.935221,39.310631],[22.935454,39.310628],[22.935505,39.310628],[22.935686,39.31063],[22.935787,39.310631],[22.935867,39.310648],[22.935912,39.310662],[22.935938,39.310669],[22.935988,39.310708],[22.936023,39.310756],[22.936042,39.310803],[22.936072,39.310878],[22.936118,39.310972],[22.936158,39.311056],[22.936182,39.311145],[22.936216,39.31127],[22.936227,39.311321],[22.936244,39.311397],[22.936261,39.311499],[22.936265,39.311523],[22.936277,39.311615],[22.936293,39.311677],[22.936296,39.311691],[22.936344,39.311734],[22.936416,39.311774],[22.936464,39.31179],[22.936522,39.31181],[22.93666,39.311848],[22.936681,39.311854],[22.936821,39.31189],[22.936899,39.311917],[22.936939,39.31193],[22.937057,39.311981],[22.9371,39.312006],[22.937152,39.312036],[22.937252,39.312102],[22.937278,39.312121],[22.937353,39.312176],[22.937429,39.312256],[22.93743,39.312257],[22.93747,39.312329],[22.93749,39.312395],[22.937491,39.312428],[22.937494,39.312473],[22.93747,39.312539],[22.937433,39.312599],[22.937424,39.312614],[22.937365,39.312711],[22.937336,39.312763],[22.937243,39.312928],[22.937193,39.313016],[22.937147,39.313091],[22.937046,39.313254],[22.936946,39.313416],[22.936845,39.313578],[22.936803,39.313646],[22.936742,39.313739],[22.936636,39.313899],[22.936617,39.313928],[22.936534,39.314042],[22.936522,39.314056],[22.936433,39.314159],[22.936391,39.314204],[22.936337,39.314263],[22.936249,39.314343],[22.936247,39.314345],[22.936112,39.31447],[22.936096,39.314482],[22.936023,39.314539],[22.935931,39.314608],[22.935927,39.314611],[22.935815,39.314686],[22.935751,39.314721],[22.93571,39.314743],[22.935583,39.314803],[22.935553,39.314816],[22.935409,39.31488],[22.935352,39.314906],[22.93522,39.314967],[22.935152,39.314997],[22.935121,39.315011],[22.935011,39.315053],[22.934942,39.315074],[22.93493,39.315078],[22.934845,39.315096],[22.934728,39.315109],[22.934716,39.31511],[22.934602,39.315119],[22.934485,39.315123],[22.93446,39.315124],[22.934329,39.315128],[22.934253,39.315128],[22.934216,39.315128],[22.934114,39.315133],[22.934021,39.315141],[22.934008,39.315142],[22.933951,39.315152],[22.933877,39.315169],[22.933822,39.315192],[22.933806,39.315201],[22.933764,39.315225],[22.933698,39.315269],[22.933628,39.315317],[22.933601,39.315336],[22.933485,39.315423],[22.933459,39.315441],[22.933351,39.31551],[22.933275,39.315543],[22.93327,39.315544],[22.933204,39.315558],[22.933126,39.315568],[22.933041,39.315568],[22.93304,39.315568],[22.932966,39.315555],[22.932884,39.315527],[22.932836,39.315492],[22.932831,39.315488],[22.932796,39.315449],[22.93275,39.315388],[22.932723,39.315336],[22.932715,39.315321],[22.932685,39.31524],[22.932663,39.315162],[22.932661,39.315156],[22.932647,39.315106],[22.932632,39.315069],[22.932615,39.315043],[22.93259,39.315015],[22.932571,39.314998],[22.932548,39.314977],[22.932504,39.314952],[22.932443,39.314934],[22.93237,39.314921],[22.932359,39.31492],[22.932292,39.314916],[22.932146,39.314934],[22.932129,39.314937],[22.932041,39.314954],[22.931908,39.314991],[22.931901,39.314993],[22.931752,39.315041],[22.931694,39.315062],[22.931601,39.315098],[22.931486,39.315143],[22.931481,39.315145],[22.93136,39.315198],[22.931285,39.315233],[22.931244,39.315252],[22.931135,39.3153],[22.931082,39.31532],[22.931003,39.31535],[22.930912,39.315379],[22.930868,39.31539],[22.930779,39.315414],[22.930647,39.315447],[22.930632,39.315451],[22.930551,39.31547],[22.930489,39.315481],[22.930423,39.315492],[22.930412,39.315494],[22.930194,39.315524],[22.930184,39.315525],[22.929963,39.315548],[22.929904,39.315554],[22.929733,39.315574],[22.929693,39.315579],[22.929549,39.315597],[22.929504,39.315602],[22.929405,39.315615],[22.929343,39.315618],[22.929274,39.315619],[22.929268,39.31562],[22.929191,39.31562],[22.929042,39.315614],[22.928878,39.315607],[22.92881,39.315604],[22.928602,39.315595],[22.928578,39.315595],[22.928568,39.315595],[22.928543,39.315596],[22.928527,39.315596],[22.928505,39.315601],[22.928487,39.315607],[22.928472,39.315617],[22.928452,39.315631],[22.928435,39.315644],[22.928414,39.315663],[22.928392,39.315682],[22.928362,39.315708],[22.928319,39.315744],[22.928253,39.315797],[22.928233,39.315812],[22.92817,39.315859],[22.928086,39.315918],[22.928061,39.315934],[22.927999,39.315973],[22.927921,39.316034],[22.927894,39.316056],[22.927841,39.316098],[22.927796,39.316137],[22.927745,39.316186],[22.927739,39.316191],[22.927711,39.316219],[22.927668,39.316269],[22.927627,39.316328],[22.927616,39.316346],[22.927578,39.316407],[22.927532,39.316491],[22.927522,39.316511],[22.927473,39.316611],[22.927443,39.31668],[22.927399,39.316781],[22.927372,39.316852],[22.927335,39.316947],[22.927308,39.317025],[22.927298,39.317058],[22.927265,39.317152],[22.927249,39.317199],[22.927244,39.317213],[22.92722,39.31727],[22.927202,39.317307],[22.927184,39.317337],[22.927165,39.317364],[22.927163,39.317365],[22.927144,39.317386],[22.927091,39.317428],[22.926983,39.317475],[22.926951,39.317489],[22.926863,39.317525],[22.926802,39.317549],[22.926777,39.317559],[22.926674,39.3176],[22.926573,39.317645],[22.926548,39.317656],[22.926461,39.317698],[22.926375,39.317739],[22.926298,39.317777],[22.926213,39.317836],[22.926194,39.317851],[22.926147,39.317889],[22.92609,39.317944],[22.926048,39.31799],[22.926017,39.318024],[22.925969,39.318084],[22.925931,39.318146],[22.925858,39.318266],[22.925835,39.318309],[22.925778,39.318416],[22.925745,39.318475],[22.925718,39.318524],[22.925666,39.318624],[22.925655,39.318641],[22.925579,39.318767],[22.925542,39.318738],[22.925503,39.318709],[22.925372,39.318624],[22.925366,39.31862],[22.925195,39.318498],[22.925024,39.318376],[22.924988,39.31835],[22.924856,39.318252],[22.924781,39.318197],[22.924688,39.318128],[22.924686,39.318126],[22.924536,39.318013],[22.924519,39.318004],[22.924444,39.317964],[22.924338,39.317929],[22.924314,39.317922],[22.924112,39.317863],[22.924094,39.31786],[22.923868,39.317819],[22.923641,39.317778],[22.923579,39.317766],[22.923415,39.317737],[22.923211,39.3177],[22.923189,39.317696],[22.92312,39.317683],[22.922962,39.317655],[22.922736,39.317614],[22.922659,39.3176],[22.922509,39.317573],[22.922283,39.317532],[22.922126,39.317504],[22.922057,39.317491],[22.92183,39.31745],[22.92166,39.317419],[22.921604,39.317409],[22.921378,39.317368],[22.921208,39.317337],[22.921151,39.317327],[22.920925,39.317286],[22.920728,39.317251],[22.920698,39.317245],[22.920472,39.317204],[22.920247,39.317164],[22.920245,39.317163],[22.920019,39.317122],[22.91994,39.317108],[22.919793,39.317081],[22.919762,39.317076],[22.919566,39.31704],[22.91934,39.317],[22.9192,39.316974],[22.919114,39.316959],[22.919071,39.316951],[22.919107,39.317133],[22.919133,39.317263],[22.919146,39.31731],[22.919194,39.317486],[22.919213,39.317556],[22.919244,39.317662],[22.91928,39.317788],[22.919296,39.317837],[22.919342,39.317979],[22.919354,39.318011],[22.919397,39.318131],[22.919415,39.318185],[22.919441,39.318259],[22.919483,39.318357],[22.919557,39.318527],[22.919631,39.318698],[22.919705,39.318868],[22.919712,39.318884],[22.919781,39.319038],[22.919856,39.319208],[22.919932,39.319378],[22.920008,39.319549],[22.920017,39.319569],[22.920077,39.319695],[22.920088,39.319717],[22.920171,39.319885],[22.920173,39.31989],[22.920251,39.320054],[22.92033,39.320223],[22.92041,39.320392],[22.920455,39.320488],[22.920484,39.320562],[22.920552,39.320734],[22.920619,39.320906],[22.920686,39.321078],[22.920714,39.321147],[22.920754,39.32125],[22.920821,39.321423],[22.920889,39.321595],[22.920899,39.32162],[22.920956,39.321767],[22.921024,39.321939],[22.921088,39.322103],[22.921091,39.322111],[22.921159,39.322283],[22.921226,39.322455],[22.921293,39.322627],[22.921361,39.322799],[22.921428,39.322972],[22.921496,39.323144],[22.921533,39.323239],[22.921563,39.323316],[22.921594,39.323394],[22.921631,39.323488],[22.921698,39.32366],[22.9217,39.323664],[22.921765,39.323832],[22.921833,39.324004],[22.9219,39.324176],[22.921968,39.324348],[22.922035,39.32452],[22.922103,39.324692],[22.922155,39.324827],[22.92217,39.324865],[22.922186,39.324906],[22.922238,39.325037],[22.922305,39.325209],[22.922358,39.325345],[22.922372,39.325381],[22.922386,39.325415],[22.922439,39.325553],[22.922499,39.325709],[22.922506,39.325725],[22.922572,39.325898],[22.922637,39.32607],[22.922703,39.326243],[22.922749,39.326364],[22.922769,39.326416],[22.922835,39.326588],[22.92285,39.326626],[22.922881,39.32671],[22.922904,39.32676],[22.922972,39.326912],[22.92298,39.32693],[22.923056,39.3271],[22.923078,39.327149],[22.923128,39.327271],[22.923176,39.327388],[22.9232,39.327442],[22.923219,39.327484],[22.923258,39.327562],[22.923284,39.327609],[22.923291,39.327623],[22.923332,39.327693],[22.923377,39.327766],[22.923381,39.327773],[22.92342,39.327831],[22.923463,39.327888],[22.923496,39.327929],[22.923502,39.327937],[22.923595,39.328042],[22.923626,39.328078],[22.923697,39.328162],[22.923722,39.328191],[22.923754,39.328228],[22.923801,39.328283],[22.923887,39.328376],[22.923896,39.328387],[22.924013,39.328527],[22.924139,39.328678],[22.924199,39.328751],[22.924265,39.328829],[22.924366,39.328949],[22.924393,39.32898],[22.924523,39.329129],[22.924652,39.329278],[22.924782,39.329427],[22.924905,39.329568],[22.924912,39.329576],[22.925028,39.329712],[22.92504,39.329727],[22.925167,39.329877],[22.925293,39.330028],[22.925374,39.330124],[22.925417,39.330181],[22.925535,39.330336],[22.925598,39.33042],[22.925643,39.33048],[22.92565,39.330492],[22.925667,39.330517],[22.925698,39.33057],[22.92572,39.330612],[22.925736,39.33066],[22.925738,39.330665],[22.925753,39.330713],[22.925761,39.330763],[22.925765,39.330805],[22.925768,39.33084],[22.925768,39.330849],[22.92577,39.330892],[22.925767,39.330943],[22.925762,39.330984],[22.925755,39.331019],[22.92575,39.33105],[22.925731,39.331125],[22.925707,39.331195],[22.925702,39.33121],[22.925631,39.331347],[22.925623,39.331362],[22.925534,39.331529],[22.925445,39.331695],[22.925357,39.331861],[22.925268,39.332028],[22.92518,39.332194],[22.925094,39.332354],[22.925091,39.33236],[22.925003,39.332527],[22.92499,39.33255],[22.924915,39.332693],[22.924828,39.33286],[22.924741,39.333027],[22.924664,39.333175],[22.924653,39.333193],[22.924597,39.333288],[22.924553,39.333356],[22.924551,39.333358],[22.924503,39.333436],[22.924456,39.333512],[22.924451,39.333517],[22.924405,39.333579],[22.924333,39.333665],[22.924328,39.33367],[22.924269,39.333737],[22.924195,39.333817],[22.92419,39.333823],[22.924084,39.333936],[22.924057,39.333962],[22.924034,39.333986],[22.923918,39.334106],[22.923856,39.33417],[22.923827,39.334202],[22.923794,39.334242],[22.923786,39.334254],[22.923761,39.334292],[22.923737,39.334331],[22.923697,39.334399],[22.923686,39.334416],[22.923683,39.334423],[22.923671,39.33445],[22.923657,39.334475],[22.923641,39.334507],[22.923628,39.334538],[22.923618,39.334567],[22.923612,39.334587],[22.92361,39.334593],[22.923603,39.334628],[22.923594,39.334664],[22.923588,39.334765],[22.923578,39.334945],[22.923567,39.335125],[22.923564,39.335185],[22.923559,39.335304],[22.923558,39.335348],[22.923555,39.335428],[22.923555,39.335445],[22.923552,39.335484],[22.923544,39.335649],[22.923543,39.335664],[22.923536,39.335799],[22.923533,39.335843],[22.923522,39.336023],[22.923514,39.336147],[22.92351,39.336203],[22.923503,39.336295],[22.923494,39.336382],[22.923476,39.336562],[22.923469,39.336633],[22.923463,39.336741],[22.92346,39.336787],[22.923455,39.336863],[22.923454,39.336921],[22.923453,39.336927],[22.923451,39.33702],[22.923451,39.337074],[22.923453,39.337101],[22.923456,39.337144],[22.923464,39.337226],[22.923472,39.33728],[22.923479,39.337329],[22.923494,39.337423],[22.923502,39.337458],[22.923512,39.337499],[22.923541,39.337636],[22.923579,39.337813],[22.923617,39.337991],[22.923655,39.338168],[22.923693,39.338346],[22.923731,39.338523],[22.923766,39.338688],[22.923769,39.3387],[22.923807,39.338878],[22.923844,39.339055],[22.923882,39.339233],[22.92392,39.33941],[22.923957,39.339588],[22.923995,39.339765],[22.924021,39.339886],[22.924032,39.339943],[22.924068,39.340121],[22.924086,39.340211],[22.924106,39.340298],[22.924147,39.340475],[22.924157,39.340518],[22.924225,39.340546],[22.924272,39.340564],[22.924304,39.340575],[22.924314,39.340578],[22.924345,39.340586],[22.924518,39.340537],[22.924512,39.340543],[22.9244,39.340639],[22.924372,39.340685],[22.92435,39.340722],[22.924326,39.340779],[22.924308,39.340835],[22.924301,39.340858],[22.924286,39.340909],[22.924265,39.341],[22.92427,39.341034],[22.92428,39.341104],[22.9243,39.341199],[22.924303,39.341212],[22.924338,39.341368],[22.924344,39.341389],[22.924375,39.341494],[22.924399,39.341564],[22.924423,39.341632],[22.924452,39.341708],[22.924464,39.341736],[22.924484,39.341783],[22.92454,39.341906],[22.924543,39.341914],[22.92462,39.342075],[22.924648,39.342134],[22.924698,39.342245],[22.92475,39.342361],[22.924775,39.342414],[22.924855,39.342583],[22.924935,39.342752],[22.924958,39.3428],[22.925015,39.342921],[22.925094,39.34309],[22.925173,39.343259],[22.92519,39.343295],[22.925255,39.343428],[22.925338,39.343596],[22.925421,39.343764],[22.925504,39.343932],[22.925529,39.343981],[22.925587,39.3441],[22.925597,39.344121],[22.925649,39.344231],[22.925662,39.34427],[22.925698,39.344379],[22.925719,39.344444],[22.92574,39.344512],[22.92575,39.344548],[22.925763,39.344601],[22.925767,39.34462],[22.925776,39.344669],[22.925791,39.34475],[22.925798,39.344798],[22.925806,39.344851],[22.925824,39.344977],[22.925828,39.345002],[22.925843,39.345125],[22.925846,39.345156],[22.925852,39.345206],[22.925862,39.345305],[22.925864,39.345335],[22.925868,39.345388],[22.925869,39.345446],[22.925871,39.3455],[22.925871,39.345515],[22.92587,39.345555],[22.925869,39.345605],[22.925867,39.345637],[22.925867,39.345694],[22.925867,39.345721],[22.925863,39.345757],[22.925853,39.345874],[22.925838,39.346053],[22.925823,39.346233],[22.925822,39.34624],[22.925819,39.346284],[22.925805,39.346412],[22.925786,39.346591],[22.925783,39.346619],[22.925773,39.346771],[22.925771,39.346813],[22.925766,39.346892],[22.925761,39.346951],[22.925749,39.34713],[22.925738,39.347291],[22.925736,39.34731],[22.925719,39.347489],[22.925713,39.347547],[22.925705,39.347625],[22.925701,39.347669],[22.9257,39.347691],[22.925689,39.347783],[22.925676,39.347847],[22.925675,39.347854],[22.925664,39.347904],[22.925658,39.347938],[22.925649,39.347979],[22.925638,39.348019],[22.925636,39.348024],[22.925621,39.348066],[22.925601,39.348112],[22.925583,39.348154],[22.925571,39.348182],[22.925565,39.348195],[22.92554,39.348252],[22.925498,39.348343],[22.925486,39.348365],[22.9254,39.348513],[22.925391,39.348529],[22.925297,39.348693],[22.925291,39.348703],[22.925192,39.348854],[22.925086,39.349014],[22.925065,39.349045],[22.924986,39.349176],[22.924888,39.349339],[22.92482,39.34945],[22.924791,39.349503],[22.924788,39.349508],[22.924764,39.349551],[22.92474,39.349592],[22.924721,39.349626],[22.924707,39.349667],[22.924661,39.349807],[22.92464,39.349839],[22.92456,39.349962],[22.924536,39.349999],[22.924437,39.350162],[22.924374,39.350265],[22.924342,39.350326],[22.924254,39.350493],[22.924219,39.350558],[22.924169,39.35066],[22.924139,39.350721],[22.924092,39.35083],[22.92407,39.350882],[22.924032,39.351003],[22.924025,39.351027],[22.924009,39.351092],[22.923993,39.351174],[22.923991,39.35118],[22.923965,39.351323],[22.923962,39.351359],[22.923952,39.351483],[22.923953,39.351538],[22.923953,39.351602],[22.923961,39.351685],[22.923964,39.351718],[22.923969,39.351767],[22.923981,39.351847],[22.92399,39.351897],[22.92402,39.352061],[22.924024,39.352075],[22.924072,39.352246],[22.924074,39.35225],[22.924128,39.352422],[22.92413,39.352425],[22.924198,39.352574],[22.924209,39.352594],[22.924257,39.352679],[22.924306,39.352757],[22.924406,39.35292],[22.924449,39.352989],[22.924511,39.35308],[22.924619,39.353239],[22.924625,39.353248],[22.92473,39.353397],[22.924813,39.353516],[22.924843,39.353555],[22.924959,39.35371],[22.925076,39.353866],[22.925138,39.353948],[22.925191,39.354022],[22.925305,39.354179],[22.925418,39.354336],[22.92546,39.354395],[22.925532,39.354493],[22.925614,39.354604],[22.925646,39.35465],[22.925755,39.354809],[22.925865,39.354967],[22.925974,39.355126],[22.926008,39.355175],[22.926075,39.355288],[22.926172,39.355451],[22.926269,39.355615],[22.926279,39.355632],[22.926369,39.355777],[22.926469,39.35594],[22.926569,39.356102],[22.92667,39.356264],[22.92677,39.356427],[22.926842,39.356545],[22.926872,39.356588],[22.926894,39.356622],[22.926774,39.356672],[22.92673,39.356691],[22.926673,39.356715]]},"properties":{"line":"6","dir":"Τορούτζα","headsign":"Τορούτζα","mode":"bus","color":"#0059a9"}},{"type":"Feature","geometry":{"type":"LineString","coordinates":[[22.932609,39.36152],[22.932656,39.361527],[22.932702,39.36153],[22.932754,39.361532],[22.93278,39.36153],[22.9328,39.361528],[22.932828,39.36152],[22.932837,39.361516],[22.932845,39.361512],[22.932861,39.361499],[22.932874,39.361486],[22.932891,39.361462],[22.93294,39.36137],[22.932953,39.361375],[22.933162,39.361454],[22.933206,39.36147],[22.933241,39.361484],[22.933315,39.361522],[22.933359,39.361548],[22.933417,39.361582],[22.933469,39.361613],[22.93354,39.361661],[22.933577,39.361686],[22.933617,39.361679],[22.933658,39.361679],[22.933697,39.361687],[22.933733,39.361701],[22.933749,39.361712],[22.933764,39.361721],[22.933775,39.361732],[22.93379,39.361749],[22.933822,39.361752],[22.933854,39.361758],[22.933879,39.361763],[22.933912,39.361772],[22.933949,39.361784],[22.933963,39.36179],[22.934018,39.361811],[22.934077,39.36184],[22.934113,39.361857],[22.934146,39.361871],[22.934192,39.36189],[22.934359,39.361943],[22.934561,39.362007],[22.934574,39.362012],[22.934789,39.36208],[22.935004,39.362149],[22.935072,39.36217],[22.93522,39.362217],[22.935361,39.362262],[22.935435,39.362285],[22.93565,39.362354],[22.93569,39.362366],[22.93575,39.362386],[22.935865,39.362422],[22.93608,39.36249],[22.936105,39.362498],[22.936142,39.362506],[22.936223,39.362518],[22.936289,39.362526],[22.936307,39.362527],[22.936357,39.362532],[22.936398,39.362535],[22.936447,39.362537],[22.936501,39.36254],[22.936539,39.362539],[22.936547,39.362539],[22.936618,39.362537],[22.936643,39.362535],[22.936683,39.362531],[22.936719,39.362526],[22.936768,39.362517],[22.936769,39.362517],[22.936994,39.362472],[22.937029,39.362465],[22.93722,39.362428],[22.937318,39.362409],[22.937445,39.362386],[22.937458,39.362383],[22.937549,39.362368],[22.937563,39.362356],[22.937586,39.362341],[22.93761,39.36233],[22.937633,39.362321],[22.937653,39.362314],[22.937657,39.362313],[22.937687,39.362306],[22.937756,39.362289],[22.937877,39.362266],[22.93793,39.362256],[22.937966,39.362249],[22.938088,39.362215],[22.938093,39.3622],[22.938095,39.362193],[22.938106,39.362171],[22.93812,39.362154],[22.938141,39.362134],[22.938162,39.36212],[22.938188,39.362106],[22.938203,39.362101],[22.938214,39.362097],[22.938244,39.36209],[22.938254,39.362089],[22.938272,39.362087],[22.938304,39.362087],[22.938333,39.362092],[22.938365,39.3621],[22.938395,39.362113],[22.938419,39.362127],[22.938442,39.362146],[22.938451,39.362157],[22.938457,39.362164],[22.93855,39.362173],[22.938648,39.362179],[22.938682,39.362178],[22.938915,39.362178],[22.939148,39.362177],[22.93938,39.362176],[22.939613,39.362175],[22.939845,39.362174],[22.940078,39.362173],[22.940256,39.362172],[22.940311,39.362172],[22.940543,39.362171],[22.940776,39.36217],[22.941008,39.362169],[22.941241,39.362168],[22.941279,39.362168],[22.941326,39.362174],[22.941383,39.36218],[22.941438,39.362184],[22.941472,39.362186],[22.941491,39.362187],[22.941544,39.36219],[22.941591,39.362191],[22.941665,39.362191],[22.941687,39.36219],[22.941706,39.362188],[22.941722,39.362187],[22.941752,39.362184],[22.941776,39.362179],[22.941807,39.362172],[22.941829,39.362166],[22.941846,39.362161],[22.941873,39.362151],[22.941894,39.362137],[22.941917,39.362125],[22.941925,39.362122],[22.941941,39.362116],[22.941967,39.362109],[22.941994,39.362104],[22.942044,39.362062],[22.942062,39.362046],[22.942083,39.362027],[22.942102,39.362007],[22.94211,39.361999],[22.942131,39.361973],[22.942143,39.361959],[22.942166,39.361928],[22.942185,39.361902],[22.942208,39.361871],[22.942224,39.361853],[22.942227,39.361848],[22.942241,39.361833],[22.942257,39.361817],[22.942275,39.361801],[22.942291,39.361787],[22.942319,39.361765],[22.94235,39.361741],[22.942377,39.361721],[22.942389,39.361713],[22.942433,39.361682],[22.942506,39.361629],[22.942556,39.361615],[22.942776,39.361556],[22.94284,39.361539],[22.942996,39.361498],[22.943159,39.361456],[22.943216,39.361439],[22.943216,39.361439],[22.943317,39.361405],[22.943424,39.361361],[22.943554,39.361307],[22.943627,39.361274],[22.943755,39.361215],[22.943827,39.361182],[22.944027,39.361091],[22.944049,39.361081],[22.944225,39.361],[22.944227,39.360999],[22.9443,39.360966],[22.944427,39.360907],[22.944534,39.360858],[22.944627,39.360815],[22.944789,39.360741],[22.944827,39.360724],[22.94499,39.360649],[22.945027,39.360631],[22.945227,39.36054],[22.945287,39.360512],[22.945316,39.360499],[22.945427,39.360447],[22.945622,39.360357],[22.945626,39.360355],[22.945826,39.360263],[22.945883,39.360236],[22.946026,39.360171],[22.946227,39.36008],[22.946269,39.360061],[22.946356,39.360154],[22.946493,39.3603],[22.946629,39.360445],[22.946648,39.360466],[22.946704,39.360525],[22.946766,39.360591],[22.946902,39.360737],[22.947039,39.360882],[22.947175,39.361028],[22.947262,39.36112],[22.947312,39.361174],[22.947448,39.361319],[22.947505,39.36138],[22.947584,39.361465],[22.947657,39.361543],[22.947721,39.361611],[22.947857,39.361756],[22.947994,39.361902],[22.947994,39.361902],[22.94813,39.362048],[22.948267,39.362193],[22.94836,39.362293],[22.948403,39.362339],[22.94854,39.362485],[22.94866,39.362613],[22.948676,39.36263],[22.948812,39.362776],[22.948949,39.362921],[22.949085,39.363067],[22.949222,39.363213],[22.949256,39.36325],[22.949358,39.363358],[22.949495,39.363504],[22.949631,39.36365],[22.949768,39.363795],[22.949847,39.36388],[22.949904,39.363941],[22.950041,39.364087],[22.950177,39.364232],[22.950314,39.364378],[22.950355,39.364423],[22.950384,39.364453],[22.95045,39.364524],[22.950587,39.364669],[22.950723,39.364815],[22.950859,39.364961],[22.9509,39.365004],[22.950996,39.365106],[22.951123,39.365242],[22.951132,39.365252],[22.951269,39.365397],[22.951328,39.365461],[22.951405,39.365543],[22.951542,39.365689],[22.951678,39.365834],[22.951766,39.365928],[22.951835,39.365888],[22.952023,39.365782],[22.952078,39.365751],[22.952211,39.365676],[22.9524,39.365571],[22.952477,39.365529],[22.95259,39.365467],[22.95278,39.365363],[22.952889,39.365304],[22.95295,39.365368],[22.952958,39.365377],[22.953093,39.365523],[22.953198,39.365636],[22.953216,39.365655],[22.953229,39.365667],[22.953231,39.365669],[22.953245,39.36568],[22.953259,39.365691],[22.953275,39.365702],[22.953317,39.365728],[22.953415,39.36577],[22.953501,39.365808],[22.953616,39.36586],[22.953693,39.365895],[22.953816,39.365952],[22.954017,39.366043],[22.954217,39.366134],[22.954417,39.366226],[22.95445,39.36624],[22.954616,39.36632],[22.954813,39.366415],[22.95501,39.366511],[22.955188,39.366596],[22.955208,39.366605],[22.955308,39.366648],[22.955413,39.366688],[22.955454,39.366704],[22.955606,39.366757],[22.955624,39.366763],[22.955718,39.366794],[22.955838,39.366832],[22.956052,39.366901],[22.9562,39.366949],[22.956267,39.366971],[22.956481,39.367041],[22.956558,39.367067],[22.956694,39.367113],[22.956722,39.367123],[22.956907,39.367186],[22.95704,39.367232],[22.957119,39.367259],[22.957157,39.367271],[22.957268,39.367311],[22.957306,39.367328],[22.957328,39.367338],[22.957335,39.367342],[22.95738,39.367365],[22.95742,39.367388],[22.957518,39.367441],[22.957709,39.367545],[22.957838,39.367615],[22.957898,39.367649],[22.958088,39.367753],[22.958171,39.367798],[22.95828,39.367855],[22.958416,39.367924],[22.958474,39.367954],[22.958656,39.368048],[22.958667,39.368054],[22.958713,39.368083],[22.95885,39.368165],[22.959033,39.368276],[22.959217,39.368386],[22.959238,39.3684],[22.959394,39.368503],[22.959571,39.36862],[22.95967,39.368686],[22.959746,39.368738],[22.959919,39.368858],[22.960092,39.368979],[22.96014,39.369012],[22.960234,39.369072],[22.960271,39.369093],[22.960321,39.369121],[22.960396,39.369158],[22.960466,39.369191],[22.960466,39.369191],[22.960559,39.369229],[22.960662,39.36927],[22.960672,39.369274],[22.960784,39.369316],[22.960883,39.369351],[22.961095,39.369424],[22.961176,39.369452],[22.961221,39.369467],[22.961311,39.369491],[22.961322,39.369495],[22.96143,39.369518],[22.961535,39.369539],[22.961549,39.369542],[22.961761,39.369579],[22.961987,39.369618],[22.961988,39.369618],[22.96206,39.369631],[22.962116,39.369639],[22.96218,39.369646],[22.962217,39.369649],[22.962221,39.36965],[22.962355,39.369655],[22.962449,39.369654],[22.962504,39.369654],[22.96266,39.369651],[22.962681,39.36965],[22.962914,39.369644],[22.962924,39.369644],[22.963055,39.369763],[22.963067,39.369776],[22.963156,39.369872],[22.963201,39.369924],[22.963328,39.370072],[22.963437,39.370198],[22.963453,39.370218],[22.963576,39.370371],[22.963699,39.370523],[22.963735,39.370567],[22.963835,39.370697],[22.96395,39.370651],[22.964135,39.370576],[22.964277,39.370518],[22.96434,39.370491],[22.964537,39.370407],[22.964544,39.370404],[22.964749,39.370319],[22.964852,39.370276],[22.964948,39.370227],[22.965143,39.37013],[22.965165,39.370119],[22.965332,39.370025],[22.965462,39.369953],[22.96552,39.369919],[22.965707,39.369813],[22.965737,39.369795],[22.965853,39.369714],[22.965881,39.369694],[22.966056,39.369575],[22.966105,39.369542],[22.966223,39.369452],[22.966388,39.369326],[22.966466,39.369266],[22.966545,39.369194],[22.966696,39.369057],[22.966737,39.36902],[22.966844,39.368919],[22.966858,39.368906],[22.966912,39.368852],[22.967014,39.368905],[22.967035,39.368916],[22.967097,39.368948],[22.967149,39.36897],[22.967198,39.368989],[22.967215,39.368995],[22.967243,39.369004],[22.96728,39.369014],[22.967302,39.369018],[22.967342,39.369028],[22.967421,39.369049],[22.967434,39.369053],[22.967466,39.369064],[22.967496,39.369076],[22.967573,39.369111],[22.967646,39.369123],[22.967873,39.369162],[22.9681,39.369202],[22.968291,39.369235],[22.968327,39.369242],[22.968492,39.369277],[22.968551,39.369291],[22.968773,39.369343],[22.968996,39.369395],[22.969219,39.369447],[22.969258,39.369456],[22.969442,39.369498],[22.969665,39.369549],[22.969888,39.369599],[22.969967,39.369618],[22.97011,39.369653],[22.970142,39.369661],[22.970273,39.369696],[22.970329,39.369713],[22.970529,39.369774],[22.970545,39.36978],[22.970593,39.3698],[22.970741,39.36986],[22.97075,39.369864],[22.970865,39.369918],[22.970957,39.369946],[22.971062,39.369978],[22.971176,39.370006],[22.971239,39.370021],[22.971403,39.370043],[22.971461,39.370051],[22.971634,39.370059],[22.971866,39.370071],[22.972033,39.370079],[22.972099,39.37008],[22.972331,39.370084],[22.972557,39.370088],[22.972564,39.370089],[22.972686,39.370096],[22.972796,39.370101],[22.972981,39.370109],[22.973028,39.370111],[22.973047,39.370111],[22.973108,39.370117],[22.973195,39.370129],[22.973258,39.370139],[22.973481,39.370174],[22.973485,39.370174],[22.973576,39.370185],[22.97366,39.370193],[22.973716,39.370195],[22.973892,39.370201],[22.973948,39.370203],[22.97418,39.370211],[22.974188,39.370212],[22.974238,39.370214],[22.974412,39.370223],[22.974444,39.370224],[22.974587,39.370232],[22.974644,39.370239],[22.974701,39.370245],[22.974872,39.370272],[22.9751,39.370307],[22.975184,39.370321],[22.975327,39.370345],[22.975338,39.370347],[22.975461,39.370368],[22.9755,39.370373],[22.975554,39.37038],[22.975606,39.370387],[22.975639,39.370392],[22.975679,39.370397],[22.97574,39.370401],[22.97578,39.370404],[22.975839,39.370408],[22.975987,39.370414],[22.976012,39.370415],[22.97613,39.370418],[22.976244,39.370419],[22.976477,39.370421],[22.976709,39.370422],[22.976942,39.370424],[22.977174,39.370426],[22.977197,39.370426],[22.977407,39.370428],[22.977629,39.37043],[22.97764,39.37043],[22.977712,39.370428],[22.977778,39.37042],[22.977844,39.370394],[22.977858,39.370384],[22.977893,39.37036],[22.977911,39.370328],[22.977921,39.370288],[22.977922,39.370248],[22.977918,39.37022],[22.977914,39.370189],[22.977905,39.37004],[22.977903,39.370004],[22.977905,39.369976],[22.977907,39.369944],[22.977915,39.369918],[22.977925,39.369897],[22.977946,39.369868],[22.977954,39.369858],[22.977982,39.369827],[22.978011,39.369803],[22.978053,39.369781],[22.978097,39.369762],[22.978119,39.369754],[22.978136,39.369749],[22.978167,39.369741],[22.978221,39.369734],[22.978265,39.369736],[22.978302,39.36974],[22.978346,39.36975],[22.978365,39.369755],[22.978416,39.369772],[22.978466,39.369803],[22.978498,39.369828],[22.978526,39.369857],[22.97853,39.369861],[22.978545,39.369879],[22.978625,39.369984],[22.978644,39.370011],[22.978676,39.370057],[22.978732,39.370127],[22.978761,39.37016],[22.978766,39.370164],[22.978813,39.370206],[22.978879,39.370236],[22.978921,39.37025],[22.978959,39.370256],[22.978978,39.370259],[22.979051,39.370265],[22.979105,39.370265],[22.979156,39.37026],[22.979189,39.370254],[22.979207,39.370251],[22.979407,39.370206],[22.979412,39.370205],[22.979636,39.370157],[22.979701,39.370143],[22.979758,39.370122],[22.979802,39.370095],[22.979832,39.370068],[22.979845,39.370055],[22.979869,39.37002],[22.979884,39.36998],[22.97991,39.3699],[22.979931,39.369838],[22.979941,39.369818],[22.979955,39.369799],[22.979982,39.369773],[22.979991,39.369768],[22.980011,39.369755],[22.980022,39.36975],[22.980039,39.369743],[22.980072,39.369734],[22.980132,39.369724],[22.980173,39.36972],[22.980246,39.369714],[22.980249,39.369714],[22.980274,39.369713],[22.980369,39.369708],[22.980412,39.369701],[22.980441,39.369692],[22.980475,39.369679],[22.980478,39.369678],[22.980515,39.369659],[22.980549,39.369635],[22.980605,39.369592],[22.980645,39.369559],[22.980666,39.369542],[22.980695,39.369523],[22.980728,39.369507],[22.980759,39.369494],[22.980794,39.369482],[22.980842,39.369469],[22.980849,39.369468],[22.980891,39.369462],[22.980953,39.369458],[22.981005,39.369457],[22.981082,39.369459],[22.981241,39.369462],[22.981315,39.369469],[22.981371,39.369474],[22.98144,39.369491],[22.981482,39.369511],[22.981513,39.369536],[22.981524,39.369551],[22.98154,39.369572],[22.981562,39.369609],[22.981616,39.369716],[22.981646,39.369774],[22.981656,39.369786],[22.981666,39.369793],[22.981689,39.369803],[22.981719,39.369815],[22.981746,39.369823],[22.981771,39.369829],[22.981785,39.369832],[22.981897,39.369858],[22.98195,39.369874],[22.981987,39.369886],[22.981992,39.369888],[22.982022,39.369901],[22.982062,39.369921],[22.982183,39.369983],[22.982188,39.369985],[22.982374,39.370093],[22.982391,39.370103],[22.982498,39.37017],[22.982553,39.370208],[22.982566,39.370217],[22.982647,39.370277],[22.982718,39.370332],[22.982766,39.370369],[22.982846,39.370436],[22.982866,39.370451],[22.982881,39.370463],[22.982895,39.370471],[22.982914,39.370482],[22.982944,39.370496],[22.982967,39.370506],[22.983012,39.37052],[22.983089,39.370541],[22.983139,39.370555],[22.983234,39.370581],[22.98331,39.3706],[22.983531,39.370654],[22.983629,39.370678],[22.983753,39.370708],[22.983876,39.370739],[22.983916,39.370748],[22.983943,39.370753],[22.98397,39.370757],[22.983978,39.370757],[22.98399,39.370758],[22.984014,39.370758],[22.984028,39.370757],[22.984047,39.370754],[22.984072,39.370749],[22.984092,39.370743],[22.984113,39.370733],[22.984143,39.370719],[22.984189,39.370696],[22.984191,39.370695],[22.984236,39.370671],[22.98426,39.37066],[22.98429,39.370651],[22.984327,39.370644],[22.984353,39.370641],[22.98438,39.37064],[22.984399,39.37064],[22.984406,39.37064],[22.984427,39.370641],[22.984454,39.370644],[22.984465,39.370646],[22.984477,39.370648],[22.984491,39.370651],[22.984514,39.370656],[22.984559,39.370668],[22.984603,39.37068],[22.984629,39.370688],[22.984644,39.370693],[22.984694,39.370709],[22.984774,39.370733],[22.984845,39.370755],[22.98486,39.370759],[22.984888,39.370768],[22.984946,39.370786],[22.984968,39.370792],[22.985061,39.370821],[22.985166,39.370853],[22.985211,39.370865],[22.985238,39.370873],[22.985279,39.370883],[22.985393,39.370912],[22.985499,39.370939],[22.985613,39.370969],[22.985719,39.370999],[22.985796,39.371022],[22.985932,39.371064],[22.985937,39.371066],[22.98607,39.371109],[22.986151,39.371138],[22.986325,39.3712],[22.986362,39.371214],[22.986498,39.371265],[22.986571,39.371291],[22.98667,39.371327],[22.986709,39.371341],[22.986728,39.371348],[22.986781,39.371368],[22.986809,39.371378],[22.986872,39.371401],[22.98692,39.37142],[22.986961,39.371437],[22.986985,39.371448],[22.987025,39.371466],[22.987167,39.371538],[22.987176,39.371543],[22.987366,39.371645],[22.987556,39.371749],[22.987662,39.371806],[22.987746,39.371853],[22.987934,39.371958],[22.988049,39.372023],[22.988072,39.372039],[22.988107,39.372065],[22.988114,39.372072],[22.988121,39.372077],[22.988133,39.372091],[22.988143,39.372112],[22.988146,39.372131],[22.988146,39.372146],[22.988144,39.372156],[22.988138,39.372168],[22.98813,39.372177],[22.988126,39.37218],[22.988119,39.372185],[22.988107,39.372191],[22.988095,39.372195],[22.988088,39.372197],[22.988077,39.372199],[22.988057,39.372202],[22.988056,39.372202],[22.988045,39.372202],[22.988023,39.3722],[22.988004,39.372197],[22.987996,39.372195],[22.987975,39.37219],[22.987953,39.37218],[22.987935,39.372171],[22.9879,39.37215],[22.987865,39.372123],[22.987859,39.372119],[22.987838,39.372103],[22.987811,39.372085],[22.987788,39.37207],[22.98777,39.372061],[22.987747,39.372052],[22.987725,39.372046],[22.9877,39.372041],[22.987676,39.372038],[22.98766,39.372037],[22.98765,39.372037],[22.987637,39.372037],[22.98761,39.372039],[22.987579,39.372042],[22.987543,39.372052],[22.987517,39.372062],[22.987495,39.37207],[22.98748,39.372077],[22.987459,39.372087],[22.987444,39.372096],[22.987437,39.372101],[22.987418,39.372113],[22.987397,39.37213],[22.987283,39.372228],[22.987136,39.372354],[22.987127,39.372362],[22.98707,39.372411],[22.987065,39.372415]]},"properties":{"line":"7","dir":"Άλλη Μεριά 4","headsign":"Άλλη Μεριά 4","mode":"bus","color":"#0059a9"}},{"type":"Feature","geometry":{"type":"LineString","coordinates":[[22.984707,39.370713],[22.984774,39.370733],[22.98486,39.370759],[22.984888,39.370768],[22.984921,39.370778],[22.984946,39.370786],[22.984968,39.370792],[22.985138,39.370844],[22.985166,39.370853],[22.985211,39.370865],[22.985238,39.370873],[22.985357,39.370903],[22.985393,39.370912],[22.985578,39.37096],[22.985613,39.370969],[22.985796,39.371022],[22.985797,39.371022],[22.985932,39.371064],[22.986012,39.37109],[22.98607,39.371109],[22.986224,39.371164],[22.986325,39.3712],[22.986434,39.371241],[22.986498,39.371265],[22.986645,39.371318],[22.98667,39.371327],[22.986709,39.371341],[22.986728,39.371348],[22.986809,39.371378],[22.986855,39.371395],[22.986872,39.371401],[22.98692,39.37142],[22.986961,39.371437],[22.987025,39.371466],[22.987057,39.371482],[22.987167,39.371538],[22.98725,39.371583],[22.98744,39.371686],[22.987631,39.371789],[22.987662,39.371806],[22.987819,39.371894],[22.988007,39.372],[22.988049,39.372023],[22.988072,39.372039],[22.988107,39.372065],[22.988121,39.372077],[22.988133,39.372091],[22.988143,39.372112],[22.988146,39.372131],[22.988146,39.372146],[22.988144,39.372156],[22.988138,39.372168],[22.98813,39.372177],[22.988126,39.37218],[22.988119,39.372185],[22.988107,39.372191],[22.988095,39.372195],[22.988088,39.372197],[22.988077,39.372199],[22.988057,39.372202],[22.988045,39.372202],[22.988023,39.3722],[22.988004,39.372197],[22.988,39.372196],[22.987996,39.372195],[22.987975,39.37219],[22.987953,39.37218],[22.987935,39.372171],[22.9879,39.37215],[22.987865,39.372123],[22.987838,39.372103],[22.987823,39.372093],[22.987811,39.372085],[22.987788,39.37207],[22.98777,39.372061],[22.987747,39.372052],[22.987725,39.372046],[22.9877,39.372041],[22.987676,39.372038],[22.98765,39.372037],[22.987637,39.372037],[22.987616,39.372038],[22.98761,39.372039],[22.987579,39.372042],[22.987543,39.372052],[22.987517,39.372062],[22.987495,39.37207],[22.98748,39.372077],[22.987459,39.372087],[22.987437,39.372101],[22.987418,39.372113],[22.987411,39.372119],[22.987397,39.37213],[22.987256,39.372251],[22.987136,39.372354],[22.9871,39.372385],[22.98707,39.372411],[22.986945,39.372518],[22.986789,39.372652],[22.986714,39.372716],[22.986627,39.37278],[22.986596,39.372803],[22.986461,39.372906],[22.986413,39.372943],[22.986384,39.372967],[22.986357,39.372992],[22.986333,39.373023],[22.986319,39.37305],[22.986319,39.373051],[22.9863,39.373092],[22.986281,39.373147],[22.98627,39.373195],[22.986265,39.373227],[22.986262,39.373248],[22.986258,39.373301],[22.98626,39.37335],[22.986266,39.373409],[22.986266,39.373411],[22.986278,39.373489],[22.986297,39.373587],[22.986319,39.373701],[22.986328,39.373765],[22.986328,39.373767],[22.986332,39.37382],[22.986329,39.373839],[22.986322,39.373878],[22.986311,39.373913],[22.9863,39.373937],[22.986295,39.373949],[22.986278,39.37398],[22.986252,39.374012],[22.986222,39.374037],[22.986184,39.374061],[22.986146,39.374076],[22.986139,39.374078],[22.98607,39.374094],[22.986019,39.3741],[22.985935,39.374102],[22.985904,39.374102],[22.985858,39.374103],[22.98576,39.374095],[22.985667,39.374083],[22.985534,39.374065],[22.985438,39.374051],[22.985392,39.374044],[22.985274,39.374028],[22.98521,39.374019],[22.98517,39.374014],[22.985095,39.374005],[22.985021,39.374001],[22.984982,39.374003],[22.984969,39.374003],[22.984907,39.374011],[22.984874,39.374019],[22.984845,39.374031],[22.984794,39.374067],[22.984778,39.374081],[22.984758,39.374099],[22.984716,39.374147],[22.984678,39.374192],[22.984654,39.374227],[22.984649,39.374234],[22.984621,39.37429],[22.984603,39.374348],[22.984595,39.374397],[22.984595,39.3744],[22.984588,39.374466],[22.984584,39.374528],[22.984585,39.374575],[22.984586,39.374596],[22.984592,39.37468],[22.984601,39.374754],[22.984605,39.374783],[22.984618,39.374893],[22.984623,39.374933],[22.984629,39.374983],[22.984632,39.375031],[22.984635,39.375072],[22.984634,39.375114],[22.984633,39.375142],[22.984629,39.375199],[22.984621,39.375234],[22.984606,39.37529],[22.984605,39.375295],[22.984586,39.375351],[22.984562,39.375411],[22.984538,39.375463],[22.984506,39.375536],[22.984468,39.37563],[22.984467,39.375634],[22.984434,39.375727],[22.984408,39.375808],[22.984404,39.375819],[22.984391,39.375889],[22.984378,39.375963],[22.984375,39.375985],[22.984372,39.376001],[22.984362,39.376039],[22.984348,39.376073],[22.98433,39.376104],[22.984313,39.376128],[22.984292,39.376147],[22.984272,39.376155],[22.984263,39.376157],[22.984238,39.376164],[22.984212,39.376165],[22.984168,39.376162],[22.98413,39.376156],[22.984091,39.376141],[22.984035,39.376107],[22.984033,39.376106],[22.983938,39.376045],[22.983857,39.375989],[22.983813,39.375958],[22.983704,39.375878],[22.983686,39.375867],[22.983612,39.375819],[22.983571,39.375797],[22.983539,39.37578],[22.983499,39.375765],[22.983484,39.37576],[22.983436,39.375747],[22.983394,39.375738],[22.983338,39.375733],[22.98329,39.375734],[22.983273,39.375736],[22.983252,39.375738],[22.983204,39.375751],[22.983154,39.375772],[22.983114,39.375795],[22.983086,39.375815],[22.983073,39.375827],[22.983051,39.375849],[22.983015,39.375893],[22.982987,39.375933],[22.982962,39.375974],[22.982957,39.375985],[22.982938,39.376024],[22.982919,39.376071],[22.982902,39.376117],[22.982897,39.376153],[22.982897,39.376159],[22.982898,39.376183],[22.982898,39.37625],[22.982881,39.37625],[22.982861,39.376252],[22.982841,39.376255],[22.982821,39.37626],[22.982805,39.376267],[22.98279,39.376276],[22.982779,39.376285],[22.982768,39.376296],[22.98276,39.376309],[22.982753,39.376328],[22.982748,39.37635],[22.982746,39.376364],[22.982746,39.376379],[22.98275,39.376398],[22.982756,39.376416],[22.982774,39.376459],[22.982794,39.376502],[22.98285,39.376611],[22.982859,39.376632],[22.982872,39.376663],[22.982898,39.376723],[22.982909,39.376755],[22.982918,39.376786],[22.982922,39.376804],[22.982933,39.376852],[22.982947,39.376905],[22.982959,39.376943],[22.982974,39.376981],[22.982975,39.376983],[22.98299,39.377011],[22.983033,39.377078],[22.983075,39.377146],[22.983093,39.377176],[22.983104,39.377207],[22.983108,39.377237],[22.983106,39.377254],[22.983097,39.377277],[22.983086,39.377298],[22.983076,39.377313],[22.98307,39.377318],[22.983064,39.377324],[22.983052,39.377333],[22.98304,39.377341],[22.983018,39.37735],[22.983001,39.377354],[22.982984,39.377355],[22.982964,39.377355],[22.982937,39.377352],[22.982909,39.377345],[22.982871,39.377332],[22.982827,39.37731],[22.982792,39.377289],[22.982756,39.377268],[22.982659,39.377203],[22.982618,39.377174],[22.982615,39.377173],[22.982547,39.377133],[22.982449,39.377075],[22.98243,39.377063],[22.98238,39.377032],[22.982293,39.37698],[22.982245,39.376955],[22.982224,39.376943],[22.982145,39.376904],[22.982048,39.376858],[22.981999,39.376835],[22.981844,39.376771],[22.981788,39.376748],[22.981637,39.376689],[22.981614,39.37668],[22.981532,39.376652],[22.981466,39.376634],[22.981419,39.376625],[22.981402,39.376621],[22.981357,39.376614],[22.981322,39.376611],[22.981279,39.376612],[22.981254,39.376616],[22.981219,39.376624],[22.981195,39.376631],[22.981184,39.376635],[22.981157,39.376645],[22.981124,39.376659],[22.981088,39.376675],[22.981033,39.376702],[22.980996,39.376722],[22.98096,39.376741],[22.980901,39.376777],[22.980862,39.376803],[22.980822,39.376836],[22.980819,39.376838],[22.980811,39.376846],[22.980796,39.376862],[22.980776,39.376883],[22.980753,39.376913],[22.980732,39.376948],[22.980715,39.376982],[22.98071,39.376996],[22.980699,39.377033],[22.98069,39.37707],[22.980679,39.377119],[22.980668,39.377171],[22.980655,39.377235],[22.980639,39.377312],[22.980631,39.377349],[22.980627,39.377367],[22.980621,39.377404],[22.980621,39.377426],[22.980627,39.377458],[22.980636,39.377484],[22.980649,39.377512],[22.980658,39.377527],[22.980671,39.37755],[22.980704,39.377587],[22.980725,39.377607],[22.980758,39.377631],[22.980776,39.377643],[22.980809,39.377661],[22.980855,39.377686],[22.980984,39.377759],[22.980997,39.377766],[22.981051,39.377798],[22.981107,39.377837],[22.981166,39.377882],[22.981169,39.377884],[22.9812,39.377913],[22.981217,39.377934],[22.981232,39.377962],[22.98124,39.377985],[22.981242,39.377998],[22.981243,39.378015],[22.981241,39.378036],[22.981239,39.378045],[22.981238,39.378049],[22.981234,39.378062],[22.981221,39.378089],[22.981204,39.37811],[22.981192,39.378121],[22.981173,39.378134],[22.981145,39.378151],[22.981086,39.378178],[22.981086,39.378178],[22.981001,39.378212],[22.980888,39.378259],[22.98088,39.378262],[22.980815,39.378287],[22.980779,39.378301],[22.980739,39.378316],[22.980711,39.378327],[22.980688,39.378337],[22.980677,39.378344],[22.98066,39.378353],[22.980599,39.378399],[22.980567,39.378428],[22.980536,39.378469],[22.980534,39.378472],[22.98052,39.378492],[22.980506,39.378523],[22.980498,39.378545],[22.980494,39.378564],[22.98049,39.378584],[22.980492,39.378606],[22.980497,39.378627],[22.980503,39.378642],[22.980505,39.378648],[22.98053,39.378688],[22.980555,39.378726],[22.980588,39.378773],[22.980609,39.3788],[22.980624,39.378818],[22.980652,39.378858],[22.980665,39.378884],[22.980669,39.37891],[22.980666,39.378928],[22.98066,39.378949],[22.980647,39.378967],[22.980631,39.378984],[22.98062,39.378994],[22.980615,39.378998],[22.980596,39.379009],[22.980558,39.379026],[22.980527,39.379037],[22.980489,39.379049],[22.980467,39.379054],[22.980421,39.379059],[22.980405,39.37906],[22.980371,39.379062],[22.980286,39.379054],[22.980198,39.379041],[22.98017,39.379036],[22.98008,39.379021],[22.979978,39.379001],[22.979943,39.378994],[22.979773,39.378959],[22.979718,39.378947],[22.979573,39.378914],[22.979495,39.378897],[22.979359,39.378868],[22.979272,39.378848],[22.97926,39.378845],[22.979173,39.378827],[22.97912,39.37882],[22.979056,39.378818],[22.979038,39.378818],[22.978982,39.378818],[22.978881,39.378821],[22.978807,39.378824],[22.978787,39.378825],[22.978684,39.378836],[22.978576,39.378858],[22.97843,39.378888],[22.978353,39.378904],[22.978267,39.378923],[22.978184,39.378946],[22.978135,39.378962],[22.978135,39.378962],[22.978078,39.378981],[22.978048,39.378994],[22.978019,39.379011],[22.977986,39.379034],[22.977972,39.379054],[22.977967,39.379061],[22.977955,39.37908],[22.977948,39.379097],[22.977945,39.379117],[22.977945,39.379152],[22.977954,39.379193],[22.977967,39.37923],[22.977971,39.37924],[22.977999,39.379302],[22.978043,39.3794],[22.978045,39.379404],[22.978082,39.379473],[22.978128,39.379567],[22.978132,39.379576],[22.978163,39.379646],[22.978179,39.379686],[22.978187,39.379718],[22.978191,39.379741],[22.978193,39.379751],[22.978194,39.379769],[22.978193,39.379784],[22.978189,39.379804],[22.978184,39.37982],[22.978178,39.379832],[22.978166,39.379852],[22.978151,39.37987],[22.978138,39.379881],[22.978123,39.37989],[22.978106,39.379896],[22.978084,39.379901],[22.978059,39.379903],[22.97803,39.379902],[22.977994,39.379896],[22.97796,39.379887],[22.977945,39.37988],[22.977931,39.379875],[22.977904,39.37986],[22.977867,39.379836],[22.977765,39.379771],[22.977712,39.379737],[22.977671,39.37972],[22.977639,39.379712],[22.977578,39.379705],[22.977561,39.379707],[22.977523,39.379711],[22.977457,39.379724],[22.977401,39.379742],[22.977346,39.379764],[22.977334,39.37977],[22.977228,39.379829],[22.977157,39.379866],[22.977124,39.379884],[22.977058,39.379916],[22.97698,39.379948],[22.976952,39.379958],[22.976847,39.379996],[22.976743,39.380036],[22.976655,39.38007],[22.976539,39.38012],[22.976526,39.380126],[22.976458,39.380162],[22.976426,39.380183],[22.976369,39.380223],[22.976356,39.380236],[22.976328,39.380263],[22.976293,39.380308],[22.976266,39.380353],[22.97624,39.380396],[22.9762,39.380462],[22.976176,39.380505],[22.976147,39.38054],[22.976134,39.380555],[22.976123,39.380566],[22.976102,39.380585],[22.976074,39.380606],[22.976048,39.380621],[22.976,39.380645],[22.975957,39.380667],[22.975946,39.380673],[22.97586,39.380713],[22.975795,39.380744],[22.975759,39.380762],[22.975751,39.380766],[22.975712,39.380788],[22.975682,39.380809],[22.975652,39.38083],[22.975613,39.38086],[22.975586,39.380881],[22.97558,39.380886],[22.975549,39.380913],[22.975523,39.380931],[22.975492,39.380949],[22.975459,39.380964],[22.975428,39.380977],[22.975401,39.380984],[22.975392,39.380987],[22.975366,39.380991],[22.975325,39.380993],[22.975264,39.380991],[22.975227,39.380987],[22.97519,39.38098],[22.975177,39.380976],[22.975138,39.380964],[22.975112,39.380952],[22.975073,39.38093],[22.97506,39.380918],[22.975045,39.380905],[22.975031,39.380883],[22.975009,39.380853],[22.975007,39.380849],[22.974977,39.380798],[22.974944,39.380732],[22.974921,39.380686],[22.974917,39.380678],[22.974899,39.38065],[22.974876,39.380623],[22.974847,39.380602],[22.974815,39.380586],[22.974768,39.380569],[22.974758,39.380566],[22.974691,39.380548],[22.974536,39.380516],[22.974514,39.380512],[22.974327,39.380471],[22.974312,39.380466],[22.974205,39.380434],[22.974127,39.380403],[22.974102,39.380391],[22.974064,39.380374],[22.973946,39.380318],[22.973902,39.3803],[22.973896,39.380297],[22.97386,39.380286],[22.973827,39.380278],[22.973798,39.380272],[22.973766,39.380269],[22.973738,39.380269],[22.973698,39.380275],[22.973671,39.380283],[22.973665,39.380285],[22.973634,39.380299],[22.973592,39.380324],[22.973556,39.380356],[22.97354,39.380382],[22.973523,39.380418],[22.973514,39.380438],[22.973472,39.380572],[22.973465,39.380593],[22.973409,39.380767],[22.9734,39.380795],[22.973386,39.380851],[22.973375,39.380896],[22.973368,39.380945],[22.973367,39.380952],[22.973362,39.381013],[22.973365,39.381043],[22.973374,39.381081],[22.973386,39.381113],[22.973393,39.381123],[22.973414,39.381156],[22.973447,39.381198],[22.973483,39.381235],[22.973524,39.38127],[22.973525,39.381271],[22.973568,39.381301],[22.973619,39.381332],[22.973669,39.381355],[22.973704,39.381369],[22.973715,39.381373],[22.97374,39.38138],[22.973805,39.381393],[22.973867,39.381401],[22.973932,39.38141],[22.973941,39.381412],[22.973965,39.381419],[22.973996,39.381434],[22.974033,39.381458],[22.974056,39.38148],[22.974071,39.3815],[22.974077,39.381515],[22.974085,39.381533],[22.974086,39.381536],[22.974089,39.381549],[22.97409,39.381566],[22.974087,39.381582],[22.974081,39.381599],[22.974067,39.381623],[22.974054,39.381637],[22.974036,39.381649],[22.974017,39.381657],[22.974003,39.381662],[22.973984,39.381665],[22.973977,39.381666],[22.973959,39.381667],[22.973935,39.381667],[22.973911,39.381665],[22.973893,39.381661],[22.973876,39.381656],[22.973857,39.381647],[22.973835,39.381635],[22.973805,39.381614],[22.973779,39.381594],[22.973739,39.381563],[22.973693,39.38153],[22.973665,39.381514],[22.973606,39.381485],[22.973597,39.381481],[22.973545,39.381457],[22.973501,39.38144],[22.973389,39.381401],[22.973224,39.381344],[22.973178,39.381325],[22.973124,39.381294],[22.973095,39.381271],[22.973077,39.381254],[22.97306,39.381228],[22.973047,39.381199],[22.973044,39.38119],[22.973033,39.381154],[22.973025,39.381118],[22.973024,39.381052],[22.973027,39.381013],[22.97303,39.380982],[22.973044,39.380873],[22.973051,39.380835],[22.973084,39.380657],[22.973117,39.380479],[22.97314,39.380354],[22.973141,39.380301],[22.973142,39.380281],[22.973137,39.380199],[22.973128,39.380123],[22.973124,39.380089],[22.973114,39.380014],[22.9731,39.379944],[22.973098,39.379935],[22.973056,39.379767],[22.973044,39.379718],[22.973026,39.379599],[22.973026,39.379589],[22.973025,39.379566],[22.973029,39.379533],[22.973036,39.379504],[22.973048,39.379476],[22.973077,39.379439],[22.973096,39.379421],[22.973119,39.379399],[22.973144,39.379377],[22.973164,39.379363],[22.973189,39.379351],[22.973212,39.379342],[22.973238,39.379334],[22.973268,39.379328],[22.973286,39.379326],[22.97333,39.379321],[22.973387,39.379317],[22.97346,39.379317],[22.973514,39.379316],[22.973536,39.379316],[22.973605,39.379318],[22.973679,39.379321],[22.973745,39.379326],[22.973746,39.379326],[22.973807,39.379334],[22.973847,39.379342],[22.973881,39.379355],[22.973926,39.379376],[22.973962,39.379399],[22.973965,39.379401],[22.974003,39.379431],[22.97409,39.379509],[22.974117,39.379534],[22.974122,39.379539],[22.974154,39.379557],[22.974202,39.379574],[22.974245,39.37958],[22.97428,39.37958],[22.974304,39.379577],[22.974312,39.379573],[22.974324,39.379569],[22.974341,39.379557],[22.974358,39.379536],[22.974368,39.379515],[22.974374,39.379491],[22.974373,39.379466],[22.974361,39.37943],[22.974344,39.37941],[22.974338,39.379403],[22.97431,39.379379],[22.974284,39.379363],[22.974242,39.379341],[22.974195,39.379321],[22.974165,39.379312],[22.97414,39.379305],[22.973945,39.379255],[22.973885,39.379239],[22.973724,39.379199],[22.973661,39.379184],[22.973504,39.379141],[22.973487,39.379136],[22.973402,39.379115],[22.973351,39.379106],[22.973315,39.379101],[22.973289,39.3791],[22.973275,39.379101],[22.973256,39.379102],[22.973226,39.379105],[22.973187,39.379114],[22.973133,39.379127],[22.973086,39.379143],[22.973059,39.379154],[22.973053,39.379156],[22.97302,39.379172],[22.973001,39.379182],[22.97295,39.37921],[22.972903,39.379244],[22.972873,39.379268],[22.972854,39.379283],[22.972809,39.379327],[22.97278,39.379359],[22.972754,39.379393],[22.972743,39.379414],[22.972733,39.379433],[22.972715,39.379477],[22.972702,39.379519],[22.97269,39.37956],[22.972684,39.37959],[22.972646,39.379768],[22.972608,39.379945],[22.972607,39.379949],[22.972571,39.380085],[22.972559,39.380121],[22.972557,39.380129],[22.972541,39.380165],[22.972518,39.380214],[22.972478,39.380288],[22.972399,39.380432],[22.972386,39.380453],[22.972287,39.380616],[22.972269,39.380646],[22.972181,39.380776],[22.972105,39.380887],[22.97208,39.380924],[22.972073,39.380934],[22.971956,39.38109],[22.971869,39.381207],[22.97184,39.381246],[22.971802,39.381297],[22.971766,39.381344],[22.971742,39.381371],[22.971722,39.381388],[22.971709,39.381394],[22.971696,39.381401],[22.97168,39.381408],[22.971663,39.381412],[22.971634,39.381416],[22.971603,39.381416],[22.97157,39.381414],[22.971537,39.38141],[22.971504,39.381403],[22.971483,39.381395],[22.971471,39.381391],[22.971432,39.381374],[22.971378,39.381347],[22.971326,39.381313],[22.971298,39.381292],[22.971278,39.381277],[22.971239,39.381242],[22.971208,39.38121],[22.971154,39.38115],[22.971123,39.381116],[22.971085,39.381077],[22.971043,39.38104],[22.971011,39.381013],[22.971007,39.38101],[22.97097,39.380986],[22.970932,39.380963],[22.970895,39.380942],[22.970858,39.380925],[22.97082,39.380912],[22.970817,39.380911],[22.970791,39.380905],[22.970759,39.380899],[22.970697,39.380896],[22.970622,39.380896],[22.970588,39.380896],[22.970545,39.380896],[22.97045,39.380895],[22.970395,39.380891],[22.970358,39.380888],[22.970357,39.380887],[22.970331,39.380881],[22.970309,39.380873],[22.970294,39.380867],[22.970277,39.380859],[22.970258,39.380846],[22.970236,39.380825],[22.970195,39.380777],[22.970172,39.38075],[22.970152,39.380724],[22.970138,39.380707],[22.970123,39.380692],[22.970112,39.380683],[22.970095,39.380671],[22.970073,39.380661],[22.970051,39.380653],[22.970033,39.38065],[22.970029,39.380649],[22.970003,39.380647],[22.969979,39.380648],[22.969947,39.380652],[22.969913,39.380661],[22.969874,39.380673],[22.969813,39.380699],[22.96981,39.380701],[22.969722,39.380742],[22.969619,39.380797],[22.969563,39.380826],[22.969444,39.38089],[22.969428,39.3809],[22.969365,39.380937],[22.969286,39.380989],[22.969249,39.381016],[22.969138,39.381097]]},"properties":{"line":"7","dir":"Αηδονοφωλιές","headsign":"Αηδονοφωλιές","mode":"bus","color":"#0059a9"}},{"type":"Feature","geometry":{"type":"LineString","coordinates":[[22.984709,39.370713],[22.984694,39.370709],[22.984644,39.370693],[22.984603,39.37068],[22.984559,39.370668],[22.984514,39.370656],[22.984491,39.370651],[22.984491,39.370651],[22.984477,39.370648],[22.984465,39.370646],[22.984454,39.370644],[22.984427,39.370641],[22.984399,39.37064],[22.98438,39.37064],[22.984353,39.370641],[22.984327,39.370644],[22.98429,39.370651],[22.984264,39.370659],[22.98426,39.37066],[22.984236,39.370671],[22.984189,39.370696],[22.984143,39.370719],[22.984113,39.370733],[22.984092,39.370743],[22.984072,39.370749],[22.984065,39.37075],[22.984047,39.370754],[22.984028,39.370757],[22.984014,39.370758],[22.98399,39.370758],[22.98397,39.370757],[22.983943,39.370753],[22.983916,39.370748],[22.983876,39.370739],[22.983836,39.370729],[22.983629,39.370678],[22.983614,39.370674],[22.983392,39.37062],[22.983234,39.370581],[22.983171,39.370564],[22.983139,39.370555],[22.983012,39.37052],[22.982967,39.370506],[22.982953,39.3705],[22.982944,39.370496],[22.982914,39.370482],[22.982895,39.370471],[22.982881,39.370463],[22.982866,39.370451],[22.982846,39.370436],[22.982779,39.37038],[22.982766,39.370369],[22.982647,39.370277],[22.982616,39.370254],[22.982566,39.370217],[22.982498,39.37017],[22.982442,39.370135],[22.982391,39.370103],[22.982257,39.370026],[22.982183,39.369983],[22.982066,39.369923],[22.982062,39.369921],[22.982022,39.369901],[22.981987,39.369886],[22.98195,39.369874],[22.981897,39.369858],[22.981854,39.369848],[22.981785,39.369832],[22.981746,39.369823],[22.981719,39.369815],[22.981689,39.369803],[22.981666,39.369793],[22.981656,39.369786],[22.981649,39.369778],[22.981646,39.369774],[22.981562,39.369609],[22.98154,39.369572],[22.981513,39.369536],[22.981482,39.369511],[22.98144,39.369491],[22.9814,39.369481],[22.981371,39.369474],[22.981241,39.369462],[22.981169,39.369461],[22.981005,39.369457],[22.980953,39.369458],[22.980939,39.369459],[22.980891,39.369462],[22.980842,39.369469],[22.980794,39.369482],[22.980759,39.369494],[22.980728,39.369507],[22.980722,39.369509],[22.980695,39.369523],[22.980666,39.369542],[22.980605,39.369592],[22.980551,39.369633],[22.980549,39.369635],[22.980515,39.369659],[22.980478,39.369678],[22.980441,39.369692],[22.980412,39.369701],[22.980369,39.369708],[22.980346,39.369709],[22.980274,39.369713],[22.980246,39.369714],[22.980173,39.36972],[22.980132,39.369724],[22.980115,39.369727],[22.980072,39.369734],[22.980039,39.369743],[22.980011,39.369755],[22.979991,39.369768],[22.979982,39.369773],[22.979955,39.369799],[22.979941,39.369818],[22.979936,39.369827],[22.979931,39.369838],[22.979884,39.36998],[22.979876,39.370001],[22.979869,39.37002],[22.979845,39.370055],[22.979802,39.370095],[22.979758,39.370122],[22.979729,39.370133],[22.979701,39.370143],[22.979506,39.370185],[22.979407,39.370206],[22.979283,39.370234],[22.979207,39.370251],[22.979156,39.37026],[22.979105,39.370265],[22.979056,39.370265],[22.979051,39.370265],[22.978978,39.370259],[22.978921,39.37025],[22.978879,39.370236],[22.978836,39.370216],[22.978813,39.370206],[22.978761,39.37016],[22.978732,39.370127],[22.978692,39.370077],[22.978676,39.370057],[22.978625,39.369984],[22.978577,39.369921],[22.978545,39.369879],[22.97853,39.369861],[22.978498,39.369828],[22.978466,39.369803],[22.978433,39.369783],[22.978416,39.369772],[22.978365,39.369755],[22.978302,39.36974],[22.978265,39.369736],[22.978221,39.369734],[22.978213,39.369735],[22.978167,39.369741],[22.978136,39.369749],[22.978097,39.369762],[22.978053,39.369781],[22.978011,39.369803],[22.978005,39.369808],[22.977982,39.369827],[22.977954,39.369858],[22.977925,39.369897],[22.977915,39.369918],[22.977907,39.369944],[22.977905,39.369965],[22.977905,39.369976],[22.977903,39.370004],[22.977911,39.370145],[22.977914,39.370189],[22.977922,39.370248],[22.977921,39.370288],[22.977912,39.370323],[22.977911,39.370328],[22.977893,39.37036],[22.977844,39.370394],[22.977778,39.37042],[22.977737,39.370425],[22.977712,39.370428],[22.977629,39.37043],[22.977505,39.370429],[22.977272,39.370427],[22.977197,39.370426],[22.97704,39.370425],[22.976807,39.370423],[22.976575,39.370421],[22.976342,39.37042],[22.97613,39.370418],[22.976109,39.370417],[22.975987,39.370414],[22.975877,39.37041],[22.975839,39.370408],[22.97574,39.370401],[22.975679,39.370397],[22.975649,39.370393],[22.975639,39.370392],[22.975606,39.370387],[22.9755,39.370373],[22.975461,39.370368],[22.975423,39.370361],[22.975338,39.370347],[22.975196,39.370323],[22.975184,39.370321],[22.974968,39.370287],[22.97474,39.370251],[22.974701,39.370245],[22.974587,39.370232],[22.97451,39.370228],[22.974444,39.370224],[22.974278,39.370216],[22.974238,39.370214],[22.974188,39.370212],[22.974046,39.370207],[22.973892,39.370201],[22.973813,39.370198],[22.97366,39.370193],[22.973582,39.370186],[22.973576,39.370185],[22.973481,39.370174],[22.973353,39.370154],[22.973195,39.370129],[22.973125,39.37012],[22.973108,39.370117],[22.973047,39.370111],[22.972981,39.370109],[22.972893,39.370105],[22.972686,39.370096],[22.972661,39.370094],[22.972557,39.370088],[22.972429,39.370086],[22.972196,39.370082],[22.972033,39.370079],[22.971964,39.370076],[22.971732,39.370064],[22.9715,39.370053],[22.971461,39.370051],[22.97127,39.370025],[22.971239,39.370021],[22.971062,39.369978],[22.971047,39.369974],[22.970865,39.369918],[22.970834,39.369904],[22.970741,39.36986],[22.970631,39.369816],[22.970593,39.3698],[22.970529,39.369774],[22.97042,39.369741],[22.970273,39.369696],[22.970202,39.369677],[22.970142,39.369661],[22.969982,39.369621],[22.969967,39.369618],[22.969759,39.36957],[22.969535,39.369519],[22.969312,39.369468],[22.969258,39.369456],[22.96909,39.369417],[22.968867,39.369365],[22.968644,39.369313],[22.968492,39.369277],[22.968421,39.369262],[22.968291,39.369235],[22.968196,39.369218],[22.967969,39.369179],[22.967742,39.36914],[22.967573,39.369111],[22.967513,39.369107],[22.967444,39.369104],[22.967377,39.369097],[22.967339,39.369091],[22.967311,39.369086],[22.967284,39.36908],[22.967272,39.369077],[22.967219,39.369063],[22.967142,39.369039],[22.967099,39.369024],[22.967084,39.369018],[22.967069,39.369012],[22.967049,39.369004],[22.966981,39.368972],[22.966874,39.368914],[22.966858,39.368906],[22.966751,39.368848],[22.966727,39.368831],[22.96669,39.368804],[22.966684,39.3688],[22.966577,39.36872],[22.966523,39.36868],[22.966356,39.368554],[22.966309,39.368519],[22.966284,39.368478],[22.96627,39.368442],[22.966215,39.368459],[22.966003,39.368525],[22.966,39.368528],[22.965984,39.368543],[22.965977,39.368562],[22.965976,39.368585],[22.965984,39.368702],[22.965996,39.368882],[22.966009,39.369061],[22.966022,39.369241],[22.96603,39.369358],[22.965978,39.369365],[22.96595,39.36937],[22.965932,39.369374],[22.965894,39.369382],[22.965865,39.369389],[22.965787,39.369412],[22.965732,39.369431],[22.965717,39.369437],[22.965602,39.369477],[22.965524,39.369508],[22.965523,39.369509],[22.965453,39.36954],[22.965384,39.369573],[22.965327,39.369604],[22.965264,39.369638],[22.965212,39.369666],[22.965161,39.369689],[22.965131,39.3697],[22.965111,39.369708],[22.96506,39.369724],[22.965011,39.369731],[22.964933,39.369735],[22.964906,39.369734],[22.964844,39.369734],[22.964771,39.36973],[22.964707,39.369726],[22.964674,39.369722],[22.964582,39.369711],[22.964445,39.369692],[22.964412,39.369688],[22.964235,39.369663],[22.964216,39.36966],[22.964117,39.369649],[22.963992,39.369636],[22.963986,39.369636],[22.963908,39.369629],[22.963831,39.369626],[22.963755,39.369623],[22.963734,39.369623],[22.963522,39.369626],[22.963433,39.369627],[22.96329,39.369632],[22.963058,39.369639],[22.962924,39.369644],[22.962825,39.369646],[22.96266,39.369651],[22.962593,39.369652],[22.962504,39.369654],[22.962361,39.369655],[22.962355,39.369655],[22.962221,39.36965],[22.96218,39.369646],[22.962129,39.36964],[22.962116,39.369639],[22.96206,39.369631],[22.961987,39.369618],[22.961902,39.369603],[22.961675,39.369564],[22.961549,39.369542],[22.961449,39.369522],[22.96143,39.369518],[22.961322,39.369495],[22.961227,39.369469],[22.961221,39.369467],[22.961176,39.369452],[22.961014,39.369396],[22.960802,39.369323],[22.960784,39.369316],[22.960662,39.36927],[22.960594,39.369243],[22.960559,39.369229],[22.960466,39.369191],[22.960396,39.369158],[22.96039,39.369155],[22.960321,39.369121],[22.960234,39.369072],[22.960201,39.369051],[22.96014,39.369012],[22.960026,39.368933],[22.959853,39.368813],[22.95968,39.368692],[22.95967,39.368686],[22.959504,39.368575],[22.959327,39.368458],[22.959238,39.3684],[22.959147,39.368344],[22.958964,39.368234],[22.95878,39.368123],[22.958713,39.368083],[22.958656,39.368048],[22.958594,39.368016],[22.958416,39.367924],[22.9584,39.367916],[22.958206,39.367817],[22.958171,39.367798],[22.958016,39.367713],[22.957838,39.367615],[22.957826,39.367609],[22.957636,39.367505],[22.957446,39.367402],[22.95742,39.367388],[22.95738,39.367365],[22.957335,39.367342],[22.957306,39.367328],[22.957268,39.367311],[22.957251,39.367305],[22.957157,39.367271],[22.95704,39.367232],[22.957038,39.367231],[22.956826,39.367158],[22.956722,39.367123],[22.956613,39.367086],[22.956558,39.367067],[22.956399,39.367014],[22.9562,39.366949],[22.956185,39.366944],[22.955971,39.366875],[22.955756,39.366806],[22.955718,39.366794],[22.955606,39.366757],[22.955543,39.366735],[22.955454,39.366704],[22.955334,39.366658],[22.955308,39.366648],[22.955188,39.366596],[22.955133,39.366569],[22.954935,39.366474],[22.954738,39.366379],[22.95454,39.366284],[22.95445,39.36624],[22.954341,39.366191],[22.954141,39.3661],[22.953941,39.366008],[22.95374,39.365917],[22.953693,39.365895],[22.95354,39.365825],[22.953501,39.365808],[22.953338,39.365737],[22.953317,39.365728],[22.95313,39.365661],[22.95292,39.365586],[22.952709,39.36551],[22.9527,39.365507],[22.952523,39.365605],[22.952518,39.365608],[22.952377,39.365687],[22.952329,39.365714],[22.952141,39.36582],[22.951953,39.365926],[22.95183,39.365996],[22.951765,39.366031],[22.951576,39.366136],[22.951426,39.366219],[22.951387,39.36624],[22.951198,39.366345],[22.951009,39.36645],[22.950841,39.366542],[22.950819,39.366555],[22.950724,39.366608],[22.950666,39.366545],[22.950658,39.366536],[22.95052,39.366391],[22.950382,39.366246],[22.950244,39.366101],[22.950228,39.366085],[22.950106,39.365956],[22.949968,39.365812],[22.949829,39.365667],[22.949791,39.365627],[22.949692,39.365522],[22.949555,39.365377],[22.949417,39.365232],[22.94928,39.365087],[22.949273,39.365079],[22.94925,39.365054],[22.949142,39.364942],[22.949003,39.364798],[22.948865,39.364653],[22.948733,39.364516],[22.948726,39.364509],[22.948588,39.364364],[22.94845,39.364219],[22.948313,39.364074],[22.948175,39.36393],[22.948141,39.363895],[22.948058,39.363808],[22.948037,39.363785],[22.947899,39.36364],[22.947828,39.363566],[22.947761,39.363495],[22.947623,39.363351],[22.947581,39.363306],[22.947532,39.363256],[22.947489,39.363205],[22.947359,39.363056],[22.947258,39.362939],[22.94723,39.362906],[22.947186,39.362856],[22.947101,39.362757],[22.946971,39.362607],[22.946894,39.362518],[22.946845,39.362457],[22.946722,39.362304],[22.9466,39.362151],[22.946566,39.362108],[22.946477,39.361998],[22.946381,39.361878],[22.946355,39.361845],[22.946234,39.361692],[22.946184,39.361629],[22.946111,39.361539],[22.945988,39.361386],[22.945866,39.361233],[22.945743,39.36108],[22.945729,39.361063],[22.945704,39.361032],[22.945571,39.361099],[22.945437,39.361166],[22.945375,39.361195],[22.945205,39.361275],[22.945176,39.361289],[22.944986,39.361378],[22.944977,39.361382],[22.944954,39.361394],[22.944779,39.361476],[22.944714,39.361506],[22.944579,39.361567],[22.944462,39.361619],[22.944377,39.361656],[22.944175,39.361745],[22.944168,39.361749],[22.943973,39.361835],[22.943957,39.361843],[22.943772,39.361924],[22.943694,39.361959],[22.943569,39.362013],[22.943508,39.362039],[22.943366,39.3621],[22.94333,39.362115],[22.943163,39.362187],[22.943095,39.362216],[22.943004,39.362256],[22.942955,39.36226],[22.942917,39.362264],[22.94286,39.362268],[22.9428,39.362271],[22.942736,39.362275],[22.942727,39.362276],[22.942684,39.362278],[22.942615,39.362281],[22.94253,39.362284],[22.942509,39.362284],[22.942496,39.362284],[22.942478,39.362284],[22.942453,39.362286],[22.942427,39.362288],[22.942407,39.362291],[22.942382,39.362295],[22.942341,39.362303],[22.942309,39.362312],[22.942288,39.362319],[22.942277,39.362323],[22.942246,39.362334],[22.942212,39.362347],[22.942203,39.36235],[22.94219,39.362365],[22.942175,39.362379],[22.942157,39.362391],[22.942138,39.362402],[22.942118,39.362411],[22.942097,39.362418],[22.942085,39.362421],[22.942074,39.362423],[22.942051,39.362427],[22.942028,39.362428],[22.942005,39.362428],[22.941981,39.362425],[22.941959,39.36242],[22.941937,39.362414],[22.941916,39.362405],[22.941897,39.362395],[22.941879,39.362384],[22.941866,39.362373],[22.941824,39.362361],[22.941801,39.362353],[22.94177,39.362344],[22.941728,39.362334],[22.941683,39.362322],[22.941649,39.362316],[22.941613,39.362309],[22.941591,39.362307],[22.941555,39.362305],[22.941522,39.362305],[22.941472,39.362305],[22.941419,39.362306],[22.941393,39.362307],[22.941186,39.362308],[22.941179,39.362308],[22.941114,39.362308],[22.940954,39.362308],[22.940721,39.362307],[22.940489,39.362307],[22.940391,39.362307],[22.940258,39.362306],[22.940256,39.362306],[22.940023,39.362306],[22.939791,39.362305],[22.939558,39.362305],[22.939509,39.362305],[22.939326,39.362304],[22.939118,39.362304],[22.939093,39.362304],[22.938861,39.362303],[22.938685,39.362303],[22.938648,39.362303],[22.938628,39.362303],[22.938587,39.362304],[22.938539,39.362305],[22.938511,39.362306],[22.938497,39.362308],[22.938486,39.36231],[22.938476,39.362312],[22.938465,39.362315],[22.938453,39.362319],[22.938447,39.362327],[22.938437,39.362337],[22.938422,39.36235],[22.938404,39.362361],[22.938393,39.362368],[22.93838,39.362374],[22.93837,39.362378],[22.938348,39.362385],[22.938328,39.362389],[22.938322,39.36239],[22.938301,39.362392],[22.938268,39.362393],[22.938242,39.36239],[22.938237,39.362389],[22.938215,39.362384],[22.93819,39.362375],[22.938167,39.362367],[22.938149,39.362355],[22.93812,39.36235],[22.938087,39.362345],[22.938047,39.362341],[22.938015,39.362338],[22.937989,39.362337],[22.937978,39.362337],[22.93795,39.362336],[22.93792,39.362336],[22.937886,39.362337],[22.93783,39.36234],[22.937755,39.362346],[22.937754,39.362347],[22.937666,39.362354],[22.937549,39.362368],[22.937525,39.362372],[22.937458,39.362383],[22.937318,39.362409],[22.937299,39.362412],[22.937073,39.362457],[22.937029,39.362465],[22.936848,39.362501],[22.936768,39.362517],[22.936719,39.362526],[22.936683,39.362531],[22.936643,39.362535],[22.93662,39.362537],[22.936618,39.362537],[22.936547,39.362539],[22.936501,39.36254],[22.936447,39.362537],[22.936398,39.362535],[22.936388,39.362534],[22.936357,39.362532],[22.936289,39.362526],[22.936223,39.362518],[22.936158,39.362508],[22.936142,39.362506],[22.936105,39.362498],[22.93594,39.362446],[22.93575,39.362386],[22.935725,39.362378],[22.93569,39.362366],[22.93551,39.362309],[22.935361,39.362262],[22.935295,39.362241],[22.93508,39.362173],[22.935072,39.36217],[22.934865,39.362104],[22.93465,39.362036],[22.934561,39.362007],[22.934435,39.361967],[22.93422,39.361899],[22.934192,39.36189],[22.934131,39.361879],[22.934091,39.361869],[22.93405,39.361861],[22.934029,39.361859],[22.933993,39.361857],[22.933963,39.361858],[22.933927,39.361861],[22.933886,39.361867],[22.933854,39.361873],[22.933828,39.361878],[22.933782,39.361888],[22.93377,39.361901],[22.933754,39.361914],[22.933728,39.361929],[22.933698,39.361941],[22.933679,39.361945],[22.933665,39.361948],[22.933649,39.361949],[22.933637,39.361949],[22.933626,39.361949],[22.93361,39.361948],[22.933591,39.361945],[22.933572,39.36194],[22.933568,39.361939],[22.933552,39.361933],[22.933534,39.361925],[22.933518,39.361915],[22.933504,39.361903],[22.933494,39.361894],[22.933483,39.36188],[22.933474,39.361867],[22.933467,39.361853],[22.933462,39.361837],[22.93346,39.361812],[22.933461,39.361794],[22.933461,39.361793],[22.933469,39.361771],[22.933477,39.361753],[22.933493,39.361734],[22.933531,39.361705],[22.933577,39.361686],[22.933617,39.361679],[22.933619,39.361679],[22.933658,39.361679],[22.933697,39.361687],[22.933733,39.361701],[22.933764,39.361721],[22.933783,39.361723],[22.93381,39.361724],[22.933832,39.361724],[22.933837,39.361724],[22.933854,39.361722],[22.933873,39.361719],[22.933889,39.361713],[22.933917,39.3617],[22.933961,39.361676],[22.933976,39.361666],[22.933989,39.361655],[22.934004,39.361637],[22.934016,39.36162],[22.934126,39.361462],[22.934237,39.361303],[22.934338,39.361158],[22.934321,39.361151],[22.934209,39.361105],[22.934166,39.361088],[22.934115,39.361067],[22.93391,39.360983],[22.933704,39.360899],[22.933689,39.360893],[22.933622,39.360865],[22.933553,39.360837],[22.933499,39.360815],[22.933293,39.360731],[22.933131,39.360664],[22.933112,39.360694],[22.933006,39.360855],[22.932967,39.360913],[22.932956,39.360931],[22.932943,39.360946],[22.93293,39.36096],[22.932913,39.360977],[22.932894,39.360993],[22.932878,39.361003],[22.932872,39.361007],[22.932848,39.36102],[22.932826,39.361031],[22.932789,39.36105],[22.932767,39.361063],[22.932752,39.361074],[22.932737,39.361087],[22.932731,39.361096],[22.932721,39.36111],[22.932714,39.361122],[22.932713,39.361124],[22.932644,39.361261],[22.932683,39.361275],[22.932893,39.361353],[22.93294,39.36137],[22.932891,39.361462],[22.932874,39.361486],[22.932864,39.361496],[22.932861,39.361499],[22.932845,39.361512],[22.932828,39.36152],[22.9328,39.361528],[22.93278,39.36153],[22.932754,39.361532],[22.932702,39.36153],[22.932656,39.361527]]},"properties":{"line":"7","dir":"Κεντρική Αφετηρία","headsign":"Κεντρική Αφετηρία","mode":"bus","color":"#0059a9"}},{"type":"Feature","geometry":{"type":"LineString","coordinates":[[22.984803,39.370742],[22.98486,39.370759],[22.984888,39.370768],[22.984946,39.370786],[22.984968,39.370792],[22.985019,39.370808],[22.985166,39.370853],[22.985211,39.370865],[22.985236,39.370872],[22.985238,39.370873],[22.985393,39.370912],[22.985457,39.370928],[22.985613,39.370969],[22.985677,39.370987],[22.985796,39.371022],[22.985895,39.371052],[22.985932,39.371064],[22.98607,39.371109],[22.98611,39.371124],[22.986321,39.371199],[22.986325,39.3712],[22.986498,39.371265],[22.986531,39.371277],[22.98667,39.371327],[22.986709,39.371341],[22.986728,39.371348],[22.986741,39.371353],[22.986809,39.371378],[22.986872,39.371401],[22.98692,39.37142],[22.986947,39.371432],[22.986961,39.371437],[22.987025,39.371466],[22.987141,39.371525],[22.987167,39.371538],[22.987329,39.371626],[22.987519,39.371729],[22.987662,39.371806],[22.987709,39.371833],[22.987898,39.371938],[22.988049,39.372023],[22.988072,39.372039],[22.988083,39.372047],[22.988107,39.372065],[22.988121,39.372077],[22.988133,39.372091],[22.988143,39.372112],[22.988146,39.372131],[22.988146,39.372146],[22.988144,39.372156],[22.988138,39.372168],[22.98813,39.372177],[22.988126,39.37218],[22.988119,39.372185],[22.988107,39.372191],[22.988099,39.372194],[22.988095,39.372195],[22.988088,39.372197],[22.988077,39.372199],[22.988057,39.372202],[22.988045,39.372202],[22.988023,39.3722],[22.988004,39.372197],[22.987996,39.372195],[22.987975,39.37219],[22.987953,39.37218],[22.987935,39.372171],[22.9879,39.37215],[22.987891,39.372143],[22.987865,39.372123],[22.987838,39.372103],[22.987811,39.372085],[22.987788,39.37207],[22.98777,39.372061],[22.987747,39.372052],[22.987725,39.372046],[22.987704,39.372042],[22.9877,39.372041],[22.987676,39.372038],[22.98765,39.372037],[22.987637,39.372037],[22.98761,39.372039],[22.987579,39.372042],[22.987543,39.372052],[22.987517,39.372062],[22.987495,39.37207],[22.987482,39.372076],[22.98748,39.372077],[22.987459,39.372087],[22.987437,39.372101],[22.987418,39.372113],[22.987397,39.37213],[22.987313,39.372203],[22.987157,39.372336],[22.987136,39.372354],[22.98707,39.372411],[22.987001,39.37247],[22.986846,39.372603],[22.986714,39.372716],[22.986688,39.372735],[22.986596,39.372803],[22.986521,39.37286],[22.986413,39.372943],[22.986384,39.372967],[22.98636,39.372989],[22.986357,39.372992],[22.986333,39.373023],[22.986319,39.37305],[22.9863,39.373092],[22.986281,39.373147],[22.986278,39.373158],[22.98627,39.373195],[22.986262,39.373248],[22.986258,39.373301],[22.98626,39.373338],[22.98626,39.37335],[22.986266,39.373411],[22.986278,39.373489],[22.986284,39.373518],[22.986318,39.373695],[22.986319,39.373701],[22.986328,39.373767],[22.986332,39.37382],[22.986329,39.373839],[22.986323,39.373875],[22.986322,39.373878],[22.986311,39.373913],[22.986295,39.373949],[22.986278,39.37398],[22.986252,39.374012],[22.986222,39.374037],[22.986212,39.374044],[22.986184,39.374061],[22.986146,39.374076],[22.98607,39.374094],[22.986019,39.3741],[22.985978,39.374101],[22.985935,39.374102],[22.985858,39.374103],[22.98576,39.374095],[22.985744,39.374093],[22.985534,39.374065],[22.985515,39.374063],[22.985392,39.374044],[22.985287,39.37403],[22.985274,39.374028],[22.98517,39.374014],[22.985095,39.374005],[22.98506,39.374003],[22.985021,39.374001],[22.984969,39.374003],[22.984907,39.374011],[22.984874,39.374019],[22.984845,39.374031],[22.984794,39.374067],[22.984758,39.374099],[22.984716,39.374147],[22.9847,39.374166],[22.984678,39.374192],[22.984649,39.374234],[22.984621,39.37429],[22.984608,39.374331],[22.984603,39.374348],[22.984595,39.3744],[22.984588,39.374466],[22.984585,39.374509],[22.984584,39.374528],[22.984586,39.374596],[22.984592,39.37468],[22.984593,39.374689],[22.984605,39.374783],[22.984615,39.374868],[22.984618,39.374893],[22.984629,39.374983],[22.984632,39.375031],[22.984633,39.375047],[22.984635,39.375072],[22.984633,39.375142],[22.984629,39.375199],[22.984622,39.37523],[22.984621,39.375234],[22.984605,39.375295],[22.984586,39.375351],[22.984564,39.375406],[22.984562,39.375411],[22.984506,39.375536],[22.984489,39.375577],[22.984468,39.37563],[22.984434,39.375727],[22.984427,39.375749],[22.984404,39.375819],[22.984391,39.375889],[22.984385,39.375925],[22.984378,39.375963],[22.984372,39.376001],[22.984362,39.376039],[22.984348,39.376073],[22.98433,39.376104],[22.984328,39.376106],[22.984313,39.376128],[22.984292,39.376147],[22.984272,39.376155],[22.984238,39.376164],[22.984212,39.376165],[22.984168,39.376162],[22.98413,39.376156],[22.984091,39.376141],[22.984082,39.376135],[22.984035,39.376107],[22.983938,39.376045],[22.983902,39.37602],[22.983813,39.375958],[22.983731,39.375898],[22.983704,39.375878],[22.983612,39.375819],[22.983571,39.375797],[22.983551,39.375786],[22.983539,39.37578],[22.983484,39.37576],[22.983436,39.375747],[22.983394,39.375738],[22.983338,39.375733],[22.98333,39.375733],[22.98329,39.375734],[22.983252,39.375738],[22.983204,39.375751],[22.983154,39.375772],[22.983116,39.375794],[22.983114,39.375795],[22.983086,39.375815],[22.983051,39.375849],[22.983015,39.375893],[22.982987,39.375933],[22.982982,39.375942],[22.982962,39.375974],[22.982938,39.376024],[22.982919,39.376071],[22.982904,39.376112],[22.982902,39.376117],[22.982897,39.376153],[22.982898,39.376183],[22.982898,39.37625],[22.982881,39.37625],[22.982861,39.376252],[22.982841,39.376255],[22.982821,39.37626],[22.982805,39.376267],[22.98279,39.376276],[22.982779,39.376285],[22.982768,39.376296],[22.98276,39.376309],[22.982753,39.376328],[22.982748,39.37635],[22.982746,39.376364],[22.982746,39.376379],[22.98275,39.376398],[22.982755,39.376415],[22.982756,39.376416],[22.982774,39.376459],[22.982794,39.376502],[22.982836,39.376584],[22.98285,39.376611],[22.982872,39.376663],[22.982898,39.376723],[22.982909,39.376755],[22.982909,39.376755],[22.982918,39.376786],[22.982933,39.376852],[22.982947,39.376905],[22.982955,39.376931],[22.982959,39.376943],[22.982974,39.376981],[22.98299,39.377011],[22.983033,39.377078],[22.983045,39.377097],[22.983093,39.377176],[22.983104,39.377207],[22.983108,39.377237],[22.983106,39.377254],[22.983099,39.377271],[22.983097,39.377277],[22.983086,39.377298],[22.983076,39.377313],[22.983064,39.377324],[22.983052,39.377333],[22.98304,39.377341],[22.983018,39.37735],[22.983001,39.377354],[22.982984,39.377355],[22.982964,39.377355],[22.982937,39.377352],[22.982909,39.377345],[22.982871,39.377332],[22.982859,39.377326],[22.982827,39.37731],[22.982756,39.377268],[22.982676,39.377214],[22.982659,39.377203],[22.982618,39.377174],[22.982547,39.377133],[22.982495,39.377102],[22.982449,39.377075],[22.98238,39.377032],[22.982312,39.376991],[22.982293,39.37698],[22.982224,39.376943],[22.982145,39.376904],[22.98212,39.376892],[22.981999,39.376835],[22.98192,39.376802],[22.981788,39.376748],[22.981714,39.376719],[22.981614,39.37668],[22.981532,39.376652],[22.981505,39.376645],[22.981466,39.376634],[22.981402,39.376621],[22.981357,39.376614],[22.981322,39.376611],[22.981282,39.376612],[22.981279,39.376612],[22.981254,39.376616],[22.981219,39.376624],[22.981184,39.376635],[22.981157,39.376645],[22.981124,39.376659],[22.981088,39.376675],[22.981077,39.37668],[22.981033,39.376702],[22.98096,39.376741],[22.980901,39.376777],[22.980892,39.376783],[22.980862,39.376803],[22.980822,39.376836],[22.980811,39.376846],[22.980796,39.376862],[22.980776,39.376883],[22.980753,39.376913],[22.98075,39.376917],[22.980732,39.376948],[22.980715,39.376982],[22.980699,39.377033],[22.98069,39.37707],[22.980686,39.377087],[22.980679,39.377119],[22.980655,39.377235],[22.980649,39.377264],[22.980639,39.377312],[22.980627,39.377367],[22.980621,39.377404],[22.980621,39.377426],[22.980624,39.377441],[22.980627,39.377458],[22.980636,39.377484],[22.980649,39.377512],[22.980671,39.37755],[22.980704,39.377587],[22.98072,39.377602],[22.980725,39.377607],[22.980758,39.377631],[22.980776,39.377643],[22.980855,39.377686],[22.980902,39.377712],[22.980984,39.377759],[22.981051,39.377798],[22.981087,39.377823],[22.981107,39.377837],[22.981166,39.377882],[22.9812,39.377913],[22.981217,39.377934],[22.981232,39.377962],[22.981235,39.377969],[22.98124,39.377985],[22.981242,39.377998],[22.981243,39.378015],[22.981241,39.378036],[22.981238,39.378049],[22.981234,39.378062],[22.981221,39.378089],[22.981204,39.37811],[22.981192,39.378121],[22.981173,39.378134],[22.981153,39.378146],[22.981145,39.378151],[22.981086,39.378178],[22.981001,39.378212],[22.980946,39.378235],[22.980888,39.378259],[22.980815,39.378287],[22.980779,39.378301],[22.980739,39.378316],[22.980711,39.378327],[22.980688,39.378337],[22.98066,39.378353],[22.980599,39.378399],[22.980573,39.378422],[22.980567,39.378428],[22.980536,39.378469],[22.98052,39.378492],[22.980506,39.378523],[22.980498,39.378545],[22.980494,39.378564],[22.980493,39.378568],[22.98049,39.378584],[22.980492,39.378606],[22.980497,39.378627],[22.980505,39.378648],[22.98053,39.378688],[22.980555,39.378726],[22.980557,39.378729],[22.980588,39.378773],[22.980624,39.378818],[22.980652,39.378858],[22.980665,39.378884],[22.980667,39.3789],[22.980669,39.37891],[22.980666,39.378928],[22.98066,39.378949],[22.980647,39.378967],[22.980631,39.378984],[22.980615,39.378998],[22.980596,39.379009],[22.980558,39.379026],[22.980527,39.379037],[22.98049,39.379048],[22.980489,39.379049],[22.980467,39.379054],[22.980421,39.379059],[22.980371,39.379062],[22.980286,39.379054],[22.980249,39.379048],[22.980198,39.379041],[22.98008,39.379021],[22.98002,39.379009],[22.979978,39.379001],[22.979795,39.378964],[22.979773,39.378959],[22.979573,39.378914],[22.979571,39.378914],[22.979359,39.378868],[22.979347,39.378865],[22.97926,39.378845],[22.979173,39.378827],[22.979124,39.378821],[22.97912,39.37882],[22.979056,39.378818],[22.978982,39.378818],[22.978896,39.378821],[22.978881,39.378821],[22.978787,39.378825],[22.978684,39.378836],[22.978671,39.378839],[22.978446,39.378884],[22.97843,39.378888],[22.978267,39.378923],[22.978226,39.378934],[22.978184,39.378946],[22.978135,39.378962],[22.978078,39.378981],[22.978048,39.378994],[22.978025,39.379008],[22.978019,39.379011],[22.977986,39.379034],[22.977972,39.379054],[22.977955,39.37908],[22.977948,39.379097],[22.977945,39.379117],[22.977945,39.379152],[22.977945,39.379154],[22.977954,39.379193],[22.977971,39.37924],[22.977999,39.379302],[22.97801,39.379327],[22.978045,39.379404],[22.978082,39.379473],[22.978093,39.379495],[22.978132,39.379576],[22.978163,39.379646],[22.97817,39.379664],[22.978179,39.379686],[22.978187,39.379718],[22.978193,39.379751],[22.978194,39.379769],[22.978193,39.379784],[22.978189,39.379804],[22.978184,39.37982],[22.978178,39.379832],[22.978166,39.379852],[22.978151,39.37987],[22.978138,39.379881],[22.978123,39.37989],[22.978106,39.379896],[22.978084,39.379901],[22.978067,39.379902],[22.978059,39.379903],[22.97803,39.379902],[22.977994,39.379896],[22.97796,39.379887],[22.977931,39.379875],[22.977904,39.37986],[22.977867,39.379836],[22.977808,39.379799],[22.977765,39.379771],[22.977712,39.379737],[22.977671,39.37972],[22.977639,39.379712],[22.977636,39.379711],[22.977578,39.379705],[22.977523,39.379711],[22.977457,39.379724],[22.977434,39.379731],[22.977401,39.379742],[22.977334,39.37977],[22.977242,39.379821],[22.977228,39.379829],[22.977124,39.379884],[22.977058,39.379916],[22.977046,39.379921],[22.97698,39.379948],[22.976847,39.379996],[22.976837,39.379999],[22.976655,39.38007],[22.97663,39.380081],[22.976526,39.380126],[22.976458,39.380162],[22.976437,39.380175],[22.976426,39.380183],[22.976369,39.380223],[22.976328,39.380263],[22.976293,39.380308],[22.976292,39.38031],[22.976266,39.380353],[22.9762,39.380462],[22.976193,39.380473],[22.976176,39.380505],[22.976147,39.38054],[22.976123,39.380566],[22.976102,39.380585],[22.976074,39.380606],[22.976059,39.380615],[22.976048,39.380621],[22.976,39.380645],[22.975946,39.380673],[22.975864,39.380712],[22.97586,39.380713],[22.975795,39.380744],[22.975751,39.380766],[22.975712,39.380788],[22.975682,39.380809],[22.975673,39.380815],[22.975652,39.38083],[22.975613,39.38086],[22.97558,39.380886],[22.975549,39.380913],[22.975523,39.380931],[22.975508,39.380939],[22.975492,39.380949],[22.975459,39.380964],[22.975428,39.380977],[22.975392,39.380987],[22.975366,39.380991],[22.975325,39.380993],[22.975297,39.380992],[22.975264,39.380991],[22.975263,39.380991],[22.975264,39.380991],[22.975325,39.380993],[22.975366,39.380991],[22.975392,39.380987],[22.975428,39.380977],[22.975459,39.380964],[22.975482,39.380954],[22.975492,39.380949],[22.975523,39.380931],[22.975549,39.380913],[22.975541,39.380898],[22.975539,39.380891],[22.975539,39.380883],[22.975541,39.380871],[22.975546,39.380854],[22.975556,39.380835],[22.975565,39.380818],[22.975568,39.380812],[22.975583,39.38079],[22.975597,39.380773],[22.975618,39.380746],[22.975662,39.380701],[22.975692,39.38067],[22.975692,39.38067],[22.975719,39.380642],[22.975746,39.380608],[22.975819,39.380519],[22.975833,39.380501],[22.975862,39.380462],[22.975883,39.380425],[22.975898,39.380374],[22.975903,39.380353],[22.975913,39.380306],[22.975921,39.380272],[22.975897,39.380274],[22.975864,39.380283],[22.975813,39.380301],[22.97571,39.380345],[22.975691,39.380351],[22.975627,39.380371],[22.975581,39.380382],[22.975564,39.380383],[22.975548,39.38038],[22.97553,39.38037],[22.975522,39.380356],[22.97552,39.380343],[22.975521,39.380331],[22.97552,39.380328],[22.975515,39.380314],[22.975499,39.380298],[22.975465,39.380277],[22.975423,39.380255],[22.975346,39.380215],[22.975277,39.380178],[22.975154,39.380113],[22.975034,39.38005],[22.974966,39.380008],[22.974928,39.379985],[22.974869,39.379945],[22.974809,39.379902],[22.974796,39.379893],[22.974737,39.379853],[22.974705,39.37984],[22.974661,39.379825],[22.974636,39.379819],[22.974593,39.379809],[22.974569,39.379802],[22.974558,39.379797],[22.974545,39.37979],[22.974527,39.379775],[22.974486,39.379734],[22.974453,39.379701],[22.974412,39.37966],[22.974324,39.379569],[22.974341,39.379557],[22.974349,39.379548],[22.974358,39.379536],[22.974368,39.379515],[22.974374,39.379491],[22.974373,39.379466],[22.974361,39.37943],[22.974338,39.379403],[22.974316,39.379385],[22.97431,39.379379],[22.974284,39.379363],[22.974242,39.379341],[22.974195,39.379321],[22.97414,39.379305],[22.974116,39.379298],[22.973895,39.379242],[22.973885,39.379239],[22.973674,39.379187],[22.973661,39.379184],[22.973487,39.379136],[22.973454,39.379128],[22.973402,39.379115],[22.973351,39.379106],[22.973315,39.379101],[22.973289,39.3791],[22.973256,39.379102],[22.973235,39.379104],[22.973226,39.379105],[22.973187,39.379114],[22.973133,39.379127],[22.973086,39.379143],[22.973059,39.379154],[22.973025,39.37917],[22.97302,39.379172],[22.973001,39.379182],[22.97295,39.37921],[22.972903,39.379244],[22.972854,39.379283],[22.972851,39.379287],[22.972809,39.379327],[22.97278,39.379359],[22.972754,39.379393],[22.972733,39.379433],[22.97273,39.379439],[22.972715,39.379477],[22.972702,39.379519],[22.97269,39.37956],[22.972679,39.379614],[22.972641,39.379792],[22.972607,39.379949],[22.972601,39.379969],[22.972571,39.380085],[22.972557,39.380129],[22.97255,39.380144],[22.972541,39.380165],[22.972518,39.380214],[22.972465,39.380311],[22.972399,39.380432],[22.972372,39.380476],[22.972273,39.380639],[22.972269,39.380646],[22.972165,39.380798],[22.972105,39.380887],[22.97208,39.380924],[22.972056,39.380957],[22.97194,39.381112],[22.971869,39.381207],[22.971823,39.381268],[22.971802,39.381297],[22.971766,39.381344],[22.971742,39.381371],[22.971722,39.381388],[22.971696,39.381401],[22.971682,39.381407],[22.97168,39.381408],[22.971663,39.381412],[22.971634,39.381416],[22.971603,39.381416],[22.97157,39.381414],[22.971537,39.38141],[22.971504,39.381403],[22.971471,39.381391],[22.971458,39.381386],[22.971432,39.381374],[22.971378,39.381347],[22.971326,39.381313],[22.971278,39.381277],[22.971275,39.381275],[22.971239,39.381242],[22.971208,39.38121],[22.971137,39.381131],[22.971123,39.381116],[22.971085,39.381077],[22.971043,39.38104],[22.971011,39.381013],[22.970985,39.380995],[22.97097,39.380986],[22.970932,39.380963],[22.970895,39.380942],[22.970858,39.380925],[22.97082,39.380912],[22.970791,39.380905],[22.970779,39.380903],[22.970759,39.380899],[22.970697,39.380896],[22.970622,39.380896],[22.970545,39.380896],[22.97045,39.380895],[22.970395,39.380891],[22.970358,39.380888],[22.970331,39.380881],[22.970328,39.38088],[22.970309,39.380873],[22.970294,39.380867],[22.970277,39.380859],[22.970258,39.380846],[22.970236,39.380825],[22.970172,39.38075],[22.970152,39.380724],[22.970138,39.380707],[22.970123,39.380692],[22.970112,39.380683],[22.970095,39.380671],[22.970073,39.380661],[22.970051,39.380653],[22.970029,39.380649],[22.970003,39.380647],[22.969979,39.380648],[22.969947,39.380652],[22.969913,39.380661],[22.969874,39.380673],[22.96981,39.380701],[22.96979,39.38071],[22.969722,39.380742],[22.969595,39.380809],[22.969563,39.380826],[22.969444,39.38089],[22.969405,39.380913],[22.969365,39.380937],[22.969286,39.380989],[22.969229,39.381031],[22.969133,39.381101],[22.969111,39.381117],[22.969098,39.381125],[22.969087,39.381129],[22.969068,39.381134],[22.969053,39.381135],[22.96905,39.381135],[22.969031,39.381135],[22.969012,39.381132],[22.96899,39.381128],[22.968832,39.381085],[22.968613,39.381025],[22.968393,39.380966],[22.96824,39.380924],[22.968174,39.380906],[22.967968,39.380851],[22.967954,39.380847],[22.967735,39.380788],[22.967516,39.380728],[22.967447,39.38071],[22.967298,39.380666],[22.967275,39.38066],[22.96708,39.380604],[22.966862,39.380542],[22.966824,39.380531],[22.966675,39.380487],[22.966643,39.380478],[22.966607,39.380469],[22.966546,39.380456],[22.966495,39.380447],[22.966444,39.380439],[22.96641,39.380435],[22.966397,39.380433],[22.966359,39.380431],[22.966308,39.380432],[22.966261,39.380437],[22.966199,39.380443],[22.966173,39.380444],[22.966145,39.380446],[22.966101,39.380446],[22.966045,39.380442],[22.965987,39.380434],[22.965943,39.380425],[22.965902,39.380414],[22.965865,39.380402],[22.965803,39.380376],[22.965764,39.380355],[22.965741,39.38034],[22.965724,39.38033],[22.965697,39.38031],[22.965578,39.380211],[22.965419,39.38008],[22.965261,39.379948],[22.965102,39.379817],[22.964993,39.379726],[22.964944,39.379685],[22.964785,39.379553],[22.964772,39.379542],[22.964757,39.379529],[22.964651,39.379437],[22.96463,39.379419],[22.964613,39.379405],[22.964476,39.379285],[22.964322,39.37915],[22.964169,39.379015],[22.964083,39.37894],[22.964016,39.378879],[22.963864,39.378743],[22.963861,39.378741],[22.963711,39.378607],[22.963559,39.378471],[22.963407,39.378335],[22.963275,39.378217],[22.963254,39.3782],[22.963096,39.378068],[22.963071,39.378046],[22.962929,39.377942],[22.962904,39.377924],[22.962761,39.377818],[22.962755,39.377814],[22.962647,39.37774],[22.962587,39.377699],[22.96255,39.377674],[22.962483,39.377632],[22.962404,39.377588],[22.962395,39.377584],[22.962266,39.377513],[22.962212,39.377487],[22.962015,39.377392],[22.961818,39.377296],[22.961795,39.377285],[22.961619,39.377203],[22.961512,39.377153],[22.961419,39.377112],[22.961217,39.377023],[22.961188,39.37701],[22.961015,39.376934],[22.96088,39.376874],[22.960814,39.376843],[22.960617,39.376748],[22.960565,39.376723],[22.96042,39.376652],[22.960417,39.376651],[22.960228,39.37655],[22.960196,39.376533],[22.960125,39.376493],[22.96007,39.376459],[22.960043,39.376441],[22.960012,39.376419],[22.959929,39.376353],[22.95988,39.376313],[22.95985,39.376289],[22.95978,39.376228],[22.959727,39.376178],[22.959641,39.376098],[22.959584,39.376036],[22.959449,39.37589],[22.959418,39.375857],[22.959311,39.375744],[22.95931,39.375743],[22.959177,39.375598],[22.959043,39.375451],[22.958946,39.375345],[22.958907,39.375305],[22.958768,39.37516],[22.958674,39.375063],[22.958651,39.375039],[22.958629,39.375017],[22.958488,39.374873],[22.958408,39.374791],[22.958349,39.374729],[22.958276,39.374654],[22.958222,39.374595],[22.958212,39.374584],[22.95819,39.374561],[22.958126,39.374493],[22.958075,39.374439],[22.958047,39.374408],[22.958013,39.374373],[22.957983,39.37434],[22.957938,39.374293],[22.957869,39.374219],[22.957802,39.374148],[22.957721,39.374061],[22.957665,39.374002],[22.957529,39.373856],[22.957392,39.373711],[22.957259,39.373569],[22.957255,39.373565],[22.957119,39.37342],[22.957079,39.373377],[22.956982,39.373274],[22.956845,39.373129],[22.956819,39.3731],[22.956709,39.372984],[22.956709,39.372983],[22.956572,39.372837],[22.956477,39.372736],[22.956436,39.372692],[22.956321,39.372569],[22.956299,39.372546],[22.956196,39.372437],[22.956162,39.372401],[22.956054,39.372285],[22.956026,39.372255],[22.955889,39.37211],[22.955753,39.371964],[22.955692,39.371899],[22.955616,39.371818],[22.955569,39.371769],[22.955479,39.371673],[22.955426,39.371616],[22.955343,39.371527],[22.955285,39.371466],[22.955206,39.371382],[22.95507,39.371236],[22.95497,39.37113],[22.954933,39.371091],[22.954796,39.370945],[22.954685,39.370827],[22.95466,39.370799],[22.954558,39.370691],[22.954523,39.370654],[22.954485,39.370613],[22.954387,39.370508],[22.954377,39.370498],[22.954355,39.370474],[22.95425,39.370363],[22.954233,39.370345],[22.954183,39.370291],[22.954113,39.370217],[22.954087,39.370189],[22.953977,39.370072],[22.95384,39.369926],[22.953836,39.369922],[22.953774,39.369856],[22.953702,39.369781],[22.953564,39.369637],[22.953425,39.369492],[22.953378,39.369443],[22.953287,39.369348],[22.953149,39.369203],[22.953041,39.36909],[22.95301,39.369058],[22.952988,39.369035],[22.952875,39.368912],[22.952739,39.368766],[22.952604,39.36862],[22.952563,39.368576],[22.952468,39.368474],[22.952333,39.368327],[22.9522,39.368184],[22.952198,39.368181],[22.95206,39.368036],[22.951922,39.367891],[22.951785,39.367746],[22.951669,39.367623],[22.951648,39.367601],[22.951512,39.367454],[22.951377,39.367308],[22.951242,39.367162],[22.951224,39.367143],[22.951105,39.367016],[22.950969,39.36687],[22.950833,39.366725],[22.950792,39.366681],[22.950724,39.366608],[22.950697,39.366578],[22.950666,39.366545],[22.95056,39.366433],[22.950422,39.366288],[22.950284,39.366144],[22.950228,39.366085],[22.950146,39.365999],[22.950008,39.365854],[22.94987,39.365709],[22.949791,39.365627],[22.949732,39.365564],[22.949595,39.365419],[22.949457,39.365274],[22.94932,39.365129],[22.949273,39.365079],[22.94925,39.365054],[22.949182,39.364984],[22.949044,39.36484],[22.948905,39.364695],[22.948767,39.364551],[22.948733,39.364516],[22.948629,39.364406],[22.948491,39.364261],[22.948353,39.364117],[22.948215,39.363972],[22.948141,39.363895],[22.948077,39.363827],[22.948058,39.363808],[22.947939,39.363682],[22.947828,39.363566],[22.947801,39.363538],[22.947663,39.363393],[22.947581,39.363306],[22.947532,39.363256],[22.947526,39.363249],[22.947397,39.363099],[22.947268,39.36295],[22.947258,39.362939],[22.947186,39.362856],[22.947138,39.362801],[22.947009,39.362651],[22.946894,39.362518],[22.946881,39.362501],[22.946758,39.362349],[22.946636,39.362196],[22.946566,39.362108],[22.946513,39.362043],[22.946391,39.36189],[22.946381,39.361878],[22.946269,39.361736],[22.946184,39.361629],[22.946147,39.361583],[22.946024,39.36143],[22.945902,39.361278],[22.945779,39.361125],[22.945729,39.361063],[22.945704,39.361032],[22.945628,39.36107],[22.945437,39.361166],[22.945433,39.361168],[22.945234,39.361262],[22.945205,39.361275],[22.945036,39.361355],[22.944986,39.361378],[22.944954,39.361394],[22.944837,39.361448],[22.944714,39.361506],[22.944638,39.36154],[22.944462,39.361619],[22.944436,39.36163],[22.944234,39.361719],[22.944168,39.361749],[22.944032,39.361809],[22.943957,39.361843],[22.943831,39.361898],[22.943694,39.361959],[22.943629,39.361987],[22.943508,39.362039],[22.943425,39.362074],[22.94333,39.362115],[22.943222,39.362162],[22.943095,39.362216],[22.943019,39.362249],[22.943004,39.362256],[22.942917,39.362264],[22.94286,39.362268],[22.9428,39.362271],[22.942793,39.362272],[22.942736,39.362275],[22.942684,39.362278],[22.942615,39.362281],[22.942564,39.362282],[22.94253,39.362284],[22.942509,39.362284],[22.942478,39.362284],[22.942453,39.362286],[22.942427,39.362288],[22.942407,39.362291],[22.942382,39.362295],[22.942341,39.362303],[22.942338,39.362304],[22.942309,39.362312],[22.942288,39.362319],[22.942246,39.362334],[22.942212,39.362347],[22.942203,39.36235],[22.94219,39.362365],[22.942175,39.362379],[22.942157,39.362391],[22.94215,39.362395],[22.942138,39.362402],[22.942118,39.362411],[22.942097,39.362418],[22.942074,39.362423],[22.942051,39.362427],[22.942028,39.362428],[22.942005,39.362428],[22.941981,39.362425],[22.941959,39.36242],[22.941937,39.362414],[22.941917,39.362406],[22.941916,39.362405],[22.941897,39.362395],[22.941879,39.362384],[22.941866,39.362373],[22.941824,39.362361],[22.941801,39.362353],[22.94177,39.362344],[22.941728,39.362334],[22.941715,39.362331],[22.941683,39.362322],[22.941649,39.362316],[22.941613,39.362309],[22.941591,39.362307],[22.941555,39.362305],[22.941522,39.362305],[22.941487,39.362305],[22.941472,39.362305],[22.941393,39.362307],[22.941254,39.362308],[22.941179,39.362308],[22.941114,39.362308],[22.941022,39.362308],[22.940789,39.362307],[22.940557,39.362307],[22.940391,39.362307],[22.940324,39.362306],[22.940258,39.362306],[22.940092,39.362306],[22.939859,39.362305],[22.939626,39.362305],[22.939509,39.362305],[22.939394,39.362304],[22.939161,39.362304],[22.939118,39.362304],[22.938929,39.362303],[22.938696,39.362303],[22.938685,39.362303],[22.938648,39.362303],[22.938587,39.362304],[22.938539,39.362305],[22.938511,39.362306],[22.938497,39.362308],[22.938486,39.36231],[22.938476,39.362312],[22.938465,39.362315],[22.938459,39.362317],[22.938453,39.362319],[22.938447,39.362327],[22.938437,39.362337],[22.938422,39.36235],[22.938404,39.362361],[22.938393,39.362368],[22.93838,39.362374],[22.93837,39.362378],[22.938348,39.362385],[22.938328,39.362389],[22.938322,39.36239],[22.938301,39.362392],[22.938272,39.362393],[22.938268,39.362393],[22.938242,39.36239],[22.938237,39.362389],[22.938215,39.362384],[22.93819,39.362375],[22.938167,39.362367],[22.938149,39.362355],[22.93812,39.36235],[22.938087,39.362345],[22.938059,39.362342],[22.938047,39.362341],[22.938015,39.362338],[22.937978,39.362337],[22.93795,39.362336],[22.93792,39.362336],[22.937886,39.362337],[22.93783,39.36234],[22.937823,39.362341],[22.937754,39.362347],[22.937666,39.362354],[22.937592,39.362363],[22.937549,39.362368],[22.937458,39.362383],[22.937365,39.3624],[22.937318,39.362409],[22.937139,39.362444],[22.937029,39.362465],[22.936914,39.362488],[22.936768,39.362517],[22.936719,39.362526],[22.936688,39.36253],[22.936683,39.362531],[22.936643,39.362535],[22.936618,39.362537],[22.936547,39.362539],[22.936501,39.36254],[22.936456,39.362538],[22.936447,39.362537],[22.936398,39.362535],[22.936357,39.362532],[22.936289,39.362526],[22.936225,39.362518],[22.936223,39.362518],[22.936142,39.362506],[22.936105,39.362498],[22.936003,39.362466],[22.935788,39.362398],[22.93575,39.362386],[22.93569,39.362366],[22.935573,39.362329],[22.935361,39.362262],[22.935358,39.362261],[22.935143,39.362193],[22.935072,39.36217],[22.934928,39.362124],[22.934713,39.362056],[22.934561,39.362007],[22.934498,39.361987],[22.934283,39.361919],[22.934192,39.36189],[22.934131,39.361879],[22.934091,39.361869],[22.934065,39.361864],[22.93405,39.361861],[22.934029,39.361859],[22.933993,39.361857],[22.933963,39.361858],[22.933927,39.361861],[22.933886,39.361867],[22.933854,39.361873],[22.933836,39.361876],[22.933828,39.361878],[22.933782,39.361888],[22.93377,39.361901],[22.933754,39.361914],[22.933728,39.361929],[22.933698,39.361941],[22.933679,39.361945],[22.933665,39.361948],[22.933649,39.361949],[22.933637,39.361949],[22.933633,39.361949],[22.933626,39.361949],[22.93361,39.361948],[22.933591,39.361945],[22.933572,39.36194],[22.933552,39.361933],[22.933534,39.361925],[22.933518,39.361915],[22.933504,39.361903],[22.933494,39.361894],[22.933483,39.36188],[22.933474,39.361867],[22.933467,39.361853],[22.933465,39.361845],[22.933462,39.361837],[22.93346,39.361812],[22.933461,39.361794],[22.933469,39.361771],[22.933477,39.361753],[22.933493,39.361734],[22.933531,39.361705],[22.933556,39.361694],[22.933577,39.361686],[22.933617,39.361679],[22.933658,39.361679],[22.933697,39.361687],[22.933733,39.361701],[22.933764,39.361721],[22.93377,39.361722],[22.933783,39.361723],[22.93381,39.361724],[22.933832,39.361724],[22.933854,39.361722],[22.933873,39.361719],[22.933889,39.361713],[22.933917,39.3617],[22.933961,39.361676],[22.933976,39.361666],[22.933979,39.361663],[22.933989,39.361655],[22.934004,39.361637],[22.934095,39.361507],[22.934205,39.361349],[22.934315,39.36119],[22.934338,39.361158],[22.934209,39.361105],[22.934175,39.361091],[22.934166,39.361088],[22.933969,39.361007],[22.933764,39.360923],[22.933689,39.360893],[22.933622,39.360865],[22.933558,39.360839],[22.933553,39.360837],[22.933352,39.360755],[22.933147,39.360671],[22.933131,39.360664],[22.933037,39.360808],[22.932967,39.360913],[22.932956,39.360931],[22.932943,39.360946],[22.93293,39.36096],[22.932925,39.360965],[22.932913,39.360977],[22.932894,39.360993],[22.932872,39.361007],[22.932848,39.36102],[22.932826,39.361031],[22.932789,39.36105],[22.932767,39.361063],[22.932752,39.361074],[22.932746,39.361079],[22.932737,39.361087],[22.932731,39.361096],[22.932721,39.36111],[22.932714,39.361122],[22.932653,39.361243],[22.932644,39.361261],[22.932832,39.36133],[22.93294,39.36137],[22.932897,39.361451],[22.932891,39.361462],[22.932874,39.361486],[22.932861,39.361499],[22.932845,39.361512],[22.932828,39.36152],[22.9328,39.361528],[22.93278,39.36153],[22.932754,39.361532],[22.932713,39.36153],[22.932702,39.36153],[22.932656,39.361527],[22.932609,39.36152],[22.932609,39.36152]]},"properties":{"line":"7","dir":"Κεντρική Αφετηρία","headsign":"Κεντρική Αφετηρία","mode":"bus","color":"#0059a9"}},{"type":"Feature","geometry":{"type":"LineString","coordinates":[[22.932609,39.36152],[22.932656,39.361527],[22.932702,39.36153],[22.932754,39.361532],[22.93278,39.36153],[22.9328,39.361528],[22.932828,39.36152],[22.932837,39.361516],[22.932845,39.361512],[22.932861,39.361499],[22.932874,39.361486],[22.932891,39.361462],[22.93294,39.36137],[22.932953,39.361375],[22.933162,39.361454],[22.933206,39.36147],[22.933241,39.361484],[22.933315,39.361522],[22.933359,39.361548],[22.933417,39.361582],[22.933469,39.361613],[22.93354,39.361661],[22.933577,39.361686],[22.933617,39.361679],[22.933658,39.361679],[22.933697,39.361687],[22.933733,39.361701],[22.933749,39.361712],[22.933764,39.361721],[22.933775,39.361732],[22.93379,39.361749],[22.933822,39.361752],[22.933854,39.361758],[22.933879,39.361763],[22.933912,39.361772],[22.933949,39.361784],[22.933963,39.36179],[22.934018,39.361811],[22.934077,39.36184],[22.934113,39.361857],[22.934146,39.361871],[22.934192,39.36189],[22.934359,39.361943],[22.934561,39.362007],[22.934574,39.362012],[22.934789,39.36208],[22.935004,39.362149],[22.935072,39.36217],[22.93522,39.362217],[22.935361,39.362262],[22.935435,39.362285],[22.93565,39.362354],[22.93569,39.362366],[22.93575,39.362386],[22.935865,39.362422],[22.93608,39.36249],[22.936105,39.362498],[22.936142,39.362506],[22.936223,39.362518],[22.936289,39.362526],[22.936307,39.362527],[22.936357,39.362532],[22.936398,39.362535],[22.936447,39.362537],[22.936501,39.36254],[22.936539,39.362539],[22.936547,39.362539],[22.936618,39.362537],[22.936643,39.362535],[22.936683,39.362531],[22.936719,39.362526],[22.936768,39.362517],[22.936769,39.362517],[22.936994,39.362472],[22.937029,39.362465],[22.93722,39.362428],[22.937318,39.362409],[22.937445,39.362386],[22.937458,39.362383],[22.937549,39.362368],[22.937563,39.362356],[22.937586,39.362341],[22.93761,39.36233],[22.937633,39.362321],[22.937653,39.362314],[22.937657,39.362313],[22.937687,39.362306],[22.937756,39.362289],[22.937877,39.362266],[22.93793,39.362256],[22.937966,39.362249],[22.938088,39.362215],[22.938093,39.3622],[22.938095,39.362193],[22.938106,39.362171],[22.93812,39.362154],[22.938141,39.362134],[22.938162,39.36212],[22.938188,39.362106],[22.938203,39.362101],[22.938214,39.362097],[22.938244,39.36209],[22.938254,39.362089],[22.938272,39.362087],[22.938304,39.362087],[22.938333,39.362092],[22.938365,39.3621],[22.938395,39.362113],[22.938419,39.362127],[22.938442,39.362146],[22.938451,39.362157],[22.938457,39.362164],[22.93855,39.362173],[22.938648,39.362179],[22.938682,39.362178],[22.938915,39.362178],[22.939148,39.362177],[22.93938,39.362176],[22.939613,39.362175],[22.939845,39.362174],[22.940078,39.362173],[22.940256,39.362172],[22.940311,39.362172],[22.940543,39.362171],[22.940776,39.36217],[22.941008,39.362169],[22.941241,39.362168],[22.941279,39.362168],[22.941326,39.362174],[22.941383,39.36218],[22.941438,39.362184],[22.941472,39.362186],[22.941491,39.362187],[22.941544,39.36219],[22.941591,39.362191],[22.941665,39.362191],[22.941687,39.36219],[22.941706,39.362188],[22.941722,39.362187],[22.941752,39.362184],[22.941776,39.362179],[22.941807,39.362172],[22.941829,39.362166],[22.941846,39.362161],[22.941873,39.362151],[22.941894,39.362137],[22.941917,39.362125],[22.941925,39.362122],[22.941941,39.362116],[22.941967,39.362109],[22.941994,39.362104],[22.942044,39.362062],[22.942062,39.362046],[22.942083,39.362027],[22.942102,39.362007],[22.94211,39.361999],[22.942131,39.361973],[22.942143,39.361959],[22.942166,39.361928],[22.942185,39.361902],[22.942208,39.361871],[22.942224,39.361853],[22.942227,39.361848],[22.942241,39.361833],[22.942257,39.361817],[22.942275,39.361801],[22.942291,39.361787],[22.942319,39.361765],[22.94235,39.361741],[22.942377,39.361721],[22.942389,39.361713],[22.942433,39.361682],[22.942506,39.361629],[22.942556,39.361615],[22.942776,39.361556],[22.94284,39.361539],[22.942996,39.361498],[22.943159,39.361456],[22.943216,39.361439],[22.943216,39.361439],[22.943317,39.361405],[22.943424,39.361361],[22.943554,39.361307],[22.943627,39.361274],[22.943755,39.361215],[22.943827,39.361182],[22.944027,39.361091],[22.944049,39.361081],[22.944225,39.361],[22.944227,39.360999],[22.9443,39.360966],[22.944427,39.360907],[22.944534,39.360858],[22.944627,39.360815],[22.944789,39.360741],[22.944827,39.360724],[22.94499,39.360649],[22.945027,39.360631],[22.945227,39.36054],[22.945287,39.360512],[22.945316,39.360499],[22.945427,39.360447],[22.945622,39.360357],[22.945626,39.360355],[22.945826,39.360263],[22.945883,39.360236],[22.946026,39.360171],[22.946227,39.36008],[22.946269,39.360061],[22.946356,39.360154],[22.946493,39.3603],[22.946629,39.360445],[22.946648,39.360466],[22.946704,39.360525],[22.946766,39.360591],[22.946902,39.360737],[22.947039,39.360882],[22.947175,39.361028],[22.947262,39.36112],[22.947312,39.361174],[22.947448,39.361319],[22.947505,39.36138],[22.947584,39.361465],[22.947657,39.361543],[22.947721,39.361611],[22.947857,39.361756],[22.947994,39.361902],[22.947994,39.361902],[22.94813,39.362048],[22.948267,39.362193],[22.94836,39.362293],[22.948403,39.362339],[22.94854,39.362485],[22.94866,39.362613],[22.948676,39.36263],[22.948812,39.362776],[22.948949,39.362921],[22.949085,39.363067],[22.949222,39.363213],[22.949256,39.36325],[22.949358,39.363358],[22.949495,39.363504],[22.949631,39.36365],[22.949768,39.363795],[22.949847,39.36388],[22.949904,39.363941],[22.950041,39.364087],[22.950177,39.364232],[22.950314,39.364378],[22.950355,39.364423],[22.950384,39.364453],[22.95045,39.364524],[22.950587,39.364669],[22.950723,39.364815],[22.950859,39.364961],[22.9509,39.365004],[22.950996,39.365106],[22.951123,39.365242],[22.951132,39.365252],[22.951269,39.365397],[22.951328,39.365461],[22.951405,39.365543],[22.951542,39.365689],[22.951678,39.365834],[22.951766,39.365928],[22.951815,39.36598],[22.95183,39.365996],[22.951953,39.366125],[22.952091,39.366269],[22.952229,39.366414],[22.952329,39.36652],[22.952367,39.366559],[22.952504,39.366704],[22.952642,39.366849],[22.95278,39.366993],[22.952791,39.367004],[22.952918,39.367138],[22.953056,39.367283],[22.953194,39.367428],[22.953314,39.367553],[22.953332,39.367573],[22.95347,39.367717],[22.95355,39.367801],[22.953609,39.367861],[22.95375,39.368005],[22.95385,39.368107],[22.953889,39.368149],[22.954024,39.368295],[22.954036,39.368308],[22.954099,39.368374],[22.954159,39.368441],[22.954291,39.368589],[22.954424,39.368737],[22.954557,39.368885],[22.954557,39.368886],[22.954705,39.369024],[22.954776,39.369091],[22.954823,39.369131],[22.954859,39.369158],[22.954866,39.369164],[22.954967,39.369229],[22.955012,39.369257],[22.955038,39.369273],[22.955198,39.369371],[22.95522,39.369385],[22.955277,39.36942],[22.955396,39.369502],[22.955516,39.369584],[22.955475,39.369598],[22.95526,39.369666],[22.955258,39.369667],[22.955043,39.369731],[22.95503,39.369735],[22.954861,39.369793],[22.954831,39.369804],[22.954675,39.369863],[22.954624,39.369886],[22.954581,39.369905],[22.954485,39.369955],[22.95443,39.369985],[22.954339,39.370036],[22.954243,39.370092],[22.954203,39.370117],[22.954087,39.370189],[22.954106,39.370209],[22.954183,39.370291],[22.954233,39.370345],[22.954243,39.370355],[22.954355,39.370474],[22.954377,39.370498],[22.954379,39.370501],[22.954485,39.370613],[22.954516,39.370646],[22.954558,39.370691],[22.954652,39.370792],[22.954685,39.370827],[22.954789,39.370937],[22.954926,39.371083],[22.95497,39.37113],[22.955062,39.371228],[22.955199,39.371374],[22.955285,39.371466],[22.955336,39.37152],[22.955426,39.371616],[22.955472,39.371665],[22.955569,39.371769],[22.955609,39.371811],[22.955692,39.371899],[22.955745,39.371956],[22.955882,39.372102],[22.956018,39.372247],[22.956054,39.372285],[22.956155,39.372393],[22.956196,39.372437],[22.956292,39.372538],[22.956321,39.372569],[22.956428,39.372684],[22.956477,39.372736],[22.956565,39.372829],[22.956701,39.372975],[22.956709,39.372984],[22.956819,39.3731],[22.956838,39.373121],[22.956974,39.373266],[22.957079,39.373377],[22.957111,39.373412],[22.957248,39.373557],[22.957259,39.373569],[22.957384,39.373703],[22.957521,39.373848],[22.957529,39.373856],[22.957657,39.373994],[22.957721,39.374061],[22.957794,39.374139],[22.957869,39.374219],[22.957931,39.374285],[22.957983,39.37434],[22.958013,39.374373],[22.958047,39.374408],[22.958067,39.37443],[22.958126,39.374493],[22.95819,39.374561],[22.958204,39.374576],[22.958222,39.374595],[22.958276,39.374654],[22.958341,39.374721],[22.958408,39.374791],[22.958481,39.374865],[22.958621,39.375009],[22.958651,39.375039],[22.958674,39.375063],[22.95876,39.375152],[22.958899,39.375297],[22.958946,39.375345],[22.959035,39.375442],[22.95917,39.375589],[22.959304,39.375736],[22.95931,39.375743],[22.959418,39.375857],[22.959441,39.375881],[22.959576,39.376028],[22.959641,39.376098],[22.959718,39.37617],[22.95978,39.376228],[22.95985,39.376289],[22.959871,39.376306],[22.959929,39.376353],[22.960012,39.376419],[22.960034,39.376434],[22.96007,39.376459],[22.960125,39.376493],[22.960196,39.376533],[22.960218,39.376544],[22.960409,39.376646],[22.960417,39.376651],[22.960565,39.376723],[22.960606,39.376742],[22.960803,39.376837],[22.96088,39.376874],[22.961003,39.376929],[22.961188,39.37701],[22.961205,39.377018],[22.961408,39.377107],[22.961512,39.377153],[22.961608,39.377198],[22.961795,39.377285],[22.961807,39.377291],[22.962004,39.377386],[22.962201,39.377482],[22.962266,39.377513],[22.962393,39.377583],[22.962395,39.377584],[22.962483,39.377632],[22.96255,39.377674],[22.962577,39.377693],[22.962647,39.37774],[22.962751,39.377812],[22.962755,39.377814],[22.962904,39.377924],[22.96292,39.377936],[22.963071,39.378046],[22.963087,39.37806],[22.963245,39.378192],[22.963275,39.378217],[22.963398,39.378328],[22.963551,39.378464],[22.963703,39.3786],[22.963855,39.378736],[22.963861,39.378741],[22.964007,39.378872],[22.964083,39.37894],[22.96416,39.379007],[22.964314,39.379142],[22.964468,39.379277],[22.964613,39.379405],[22.964622,39.379412],[22.964651,39.379437],[22.964757,39.379529],[22.964772,39.379542],[22.964777,39.379546],[22.964935,39.379678],[22.964993,39.379726],[22.965093,39.37981],[22.965252,39.379941],[22.965411,39.380073],[22.965569,39.380204],[22.965697,39.38031],[22.965724,39.38033],[22.965731,39.380334],[22.965764,39.380355],[22.965803,39.380376],[22.965865,39.380402],[22.965902,39.380414],[22.965931,39.380422],[22.965943,39.380425],[22.965987,39.380434],[22.966045,39.380442],[22.966101,39.380446],[22.966145,39.380446],[22.96616,39.380445],[22.966199,39.380443],[22.966261,39.380437],[22.966308,39.380432],[22.966359,39.380431],[22.966394,39.380433],[22.966397,39.380433],[22.966444,39.380439],[22.966495,39.380447],[22.966546,39.380456],[22.966607,39.380469],[22.966631,39.380475],[22.966675,39.380487],[22.966824,39.380531],[22.96685,39.380538],[22.967068,39.380601],[22.967275,39.38066],[22.967286,39.380663],[22.967447,39.38071],[22.967503,39.380725],[22.967723,39.380784],[22.967942,39.380844],[22.967968,39.380851],[22.968161,39.380903],[22.96824,39.380924],[22.968381,39.380962],[22.9686,39.381022],[22.96882,39.381082],[22.96899,39.381128],[22.969012,39.381132],[22.969031,39.381135],[22.969041,39.381135],[22.96905,39.381135],[22.969068,39.381134],[22.969087,39.381129],[22.969098,39.381125],[22.969111,39.381117],[22.969133,39.381101],[22.96922,39.381037],[22.969286,39.380989],[22.969365,39.380937],[22.969395,39.380919],[22.969444,39.38089],[22.969563,39.380826],[22.969585,39.380814],[22.969722,39.380742],[22.969779,39.380715],[22.96981,39.380701],[22.969874,39.380673],[22.969913,39.380661],[22.969947,39.380652],[22.969979,39.380648],[22.97,39.380647],[22.970003,39.380647],[22.970029,39.380649],[22.970051,39.380653],[22.970073,39.380661],[22.970095,39.380671],[22.970112,39.380683],[22.970123,39.380692],[22.970138,39.380707],[22.970152,39.380724],[22.970172,39.38075],[22.970236,39.380825],[22.970258,39.380846],[22.970277,39.380859],[22.970294,39.380867],[22.970309,39.380873],[22.970316,39.380876],[22.970331,39.380881],[22.970358,39.380888],[22.970395,39.380891],[22.97045,39.380895],[22.970545,39.380896],[22.970622,39.380896],[22.970697,39.380896],[22.970759,39.380899],[22.970766,39.380901],[22.970791,39.380905],[22.97082,39.380912],[22.970858,39.380925],[22.970895,39.380942],[22.970932,39.380963],[22.97097,39.380986],[22.970975,39.380989],[22.971011,39.381013],[22.971043,39.38104],[22.971085,39.381077],[22.971123,39.381116],[22.97113,39.381123],[22.971208,39.38121],[22.971239,39.381242],[22.971267,39.381268],[22.971278,39.381277],[22.971326,39.381313],[22.971378,39.381347],[22.971432,39.381374],[22.971447,39.381381],[22.971471,39.381391],[22.971504,39.381403],[22.971537,39.38141],[22.97157,39.381414],[22.971603,39.381416],[22.971634,39.381416],[22.971663,39.381412],[22.97167,39.38141],[22.97168,39.381408],[22.971696,39.381401],[22.971722,39.381388],[22.971742,39.381371],[22.971766,39.381344],[22.971802,39.381297],[22.971817,39.381277],[22.971869,39.381207],[22.971933,39.381121],[22.972049,39.380965],[22.97208,39.380924],[22.972105,39.380887],[22.972159,39.380807],[22.972267,39.380648],[22.972269,39.380646],[22.972367,39.380485],[22.972399,39.380432],[22.97246,39.38032],[22.972518,39.380214],[22.972541,39.380165],[22.972546,39.380154],[22.972557,39.380129],[22.972571,39.380085],[22.972599,39.379979],[22.972607,39.379949],[22.972638,39.379802],[22.972677,39.379624],[22.97269,39.37956],[22.972702,39.379519],[22.972715,39.379477],[22.972726,39.379448],[22.972733,39.379433],[22.972754,39.379393],[22.97278,39.379359],[22.972809,39.379327],[22.972843,39.379294],[22.972854,39.379283],[22.972903,39.379244],[22.97295,39.37921],[22.973001,39.379182],[22.973014,39.379175],[22.97302,39.379172],[22.973059,39.379154],[22.973086,39.379143],[22.973133,39.379127],[22.973187,39.379114],[22.973224,39.379106],[22.973226,39.379105],[22.973256,39.379102],[22.973289,39.3791],[22.973315,39.379101],[22.973351,39.379106],[22.973402,39.379115],[22.973442,39.379125],[22.973487,39.379136],[22.973661,39.379184],[22.973883,39.379239],[22.973885,39.379239],[22.974103,39.379295],[22.97414,39.379305],[22.974195,39.379321],[22.974242,39.379341],[22.974284,39.379363],[22.974307,39.379377],[22.97431,39.379379],[22.974338,39.379403],[22.974361,39.37943],[22.974373,39.379466],[22.974374,39.379491],[22.974368,39.379515],[22.974358,39.379536],[22.974356,39.379539],[22.974341,39.379557],[22.974324,39.379569],[22.974304,39.379577],[22.97428,39.37958],[22.974245,39.37958],[22.974202,39.379574],[22.974154,39.379557],[22.974143,39.379551],[22.974122,39.379539],[22.97409,39.379509],[22.974003,39.379431],[22.973988,39.37942],[22.973965,39.379401],[22.973926,39.379376],[22.973881,39.379355],[22.973847,39.379342],[22.973807,39.379334],[22.973782,39.379331],[22.973745,39.379326],[22.973679,39.379321],[22.973605,39.379318],[22.973546,39.379316],[22.973536,39.379316],[22.97346,39.379317],[22.973387,39.379317],[22.97333,39.379321],[22.97331,39.379324],[22.973268,39.379328],[22.973238,39.379334],[22.973212,39.379342],[22.973189,39.379351],[22.973164,39.379363],[22.973144,39.379377],[22.973119,39.379399],[22.973116,39.379401],[22.973077,39.379439],[22.973048,39.379476],[22.973036,39.379504],[22.973029,39.379533],[22.973025,39.379565],[22.973025,39.379566],[22.973026,39.379599],[22.973044,39.379718],[22.973048,39.379735],[22.973092,39.379911],[22.973098,39.379935],[22.973114,39.380014],[22.973124,39.380089],[22.973124,39.380091],[22.973137,39.380199],[22.973141,39.38027],[22.973142,39.380281],[22.97314,39.380354],[22.973123,39.380449],[22.97309,39.380627],[22.973057,39.380804],[22.973044,39.380873],[22.97303,39.380982],[22.97303,39.380985],[22.973024,39.381052],[22.973025,39.381118],[22.973033,39.381154],[22.973037,39.381168],[22.973047,39.381199],[22.97306,39.381228],[22.973077,39.381254],[22.973095,39.381271],[22.973124,39.381294],[22.973173,39.381322],[22.973178,39.381325],[22.973224,39.381344],[22.973384,39.381399],[22.973501,39.38144],[22.973545,39.381457],[22.973592,39.381478],[22.973606,39.381485],[22.973665,39.381514],[22.973693,39.38153],[22.973739,39.381563],[22.973768,39.381586],[22.973805,39.381614],[22.973835,39.381635],[22.973857,39.381647],[22.973876,39.381656],[22.973893,39.381661],[22.973911,39.381665],[22.973935,39.381667],[22.973959,39.381667],[22.973984,39.381665],[22.974003,39.381662],[22.974017,39.381657],[22.974036,39.381649],[22.974054,39.381637],[22.974067,39.381623],[22.974081,39.381599],[22.974087,39.381582],[22.97409,39.381566],[22.974089,39.381549],[22.974085,39.381533],[22.974077,39.381515],[22.974071,39.3815],[22.974056,39.38148],[22.974033,39.381458],[22.973996,39.381434],[22.973994,39.381433],[22.973965,39.381419],[22.973932,39.38141],[22.973867,39.381401],[22.973805,39.381393],[22.973761,39.381384],[22.97374,39.38138],[22.973704,39.381369],[22.973669,39.381355],[22.973619,39.381332],[22.973568,39.381301],[22.97356,39.381295],[22.973525,39.381271],[22.973483,39.381235],[22.973447,39.381198],[22.973414,39.381156],[22.973414,39.381156],[22.973386,39.381113],[22.973374,39.381081],[22.973365,39.381043],[22.973362,39.381013],[22.973363,39.380998],[22.973367,39.380952],[22.973375,39.380896],[22.973386,39.380851],[22.973394,39.380818],[22.9734,39.380795],[22.973449,39.380642],[22.973472,39.380572],[22.973505,39.380468],[22.973514,39.380438],[22.97354,39.380382],[22.973556,39.380356],[22.973592,39.380324],[22.973596,39.380322],[22.973634,39.380299],[22.973665,39.380285],[22.973698,39.380275],[22.973738,39.380269],[22.973766,39.380269],[22.973798,39.380272],[22.973827,39.380278],[22.97386,39.380286],[22.973896,39.380297],[22.973946,39.380318],[22.973946,39.380318],[22.974064,39.380374],[22.974127,39.380403],[22.97415,39.380412],[22.974205,39.380434],[22.974327,39.380471],[22.974376,39.380481],[22.974514,39.380512],[22.974601,39.38053],[22.974691,39.380548],[22.974768,39.380569],[22.974812,39.380585],[22.974815,39.380586],[22.974847,39.380602],[22.974876,39.380623],[22.974899,39.38065],[22.974917,39.380678],[22.974927,39.380699],[22.974944,39.380732],[22.974977,39.380798],[22.975007,39.380849],[22.97502,39.380868],[22.975031,39.380883],[22.975045,39.380905],[22.97506,39.380918],[22.975073,39.38093],[22.975112,39.380952],[22.975138,39.380964],[22.97519,39.38098],[22.97522,39.380985],[22.975227,39.380987],[22.975264,39.380991],[22.975325,39.380993],[22.975366,39.380991],[22.975392,39.380987],[22.975428,39.380977],[22.975459,39.380964],[22.975492,39.380949],[22.975523,39.380931],[22.975549,39.380913],[22.97558,39.380886],[22.975613,39.38086],[22.975631,39.380846],[22.975652,39.38083],[22.975682,39.380809],[22.975712,39.380788],[22.975751,39.380766],[22.975795,39.380744],[22.975815,39.380734],[22.97586,39.380713],[22.975946,39.380673],[22.976,39.380645],[22.976012,39.380639],[22.976048,39.380621],[22.976074,39.380606],[22.976102,39.380585],[22.976123,39.380566],[22.976147,39.38054],[22.976169,39.380514],[22.976176,39.380505],[22.9762,39.380462],[22.976266,39.380353],[22.976268,39.380351],[22.976293,39.380308],[22.976328,39.380263],[22.976369,39.380223],[22.976395,39.380205],[22.976426,39.380183],[22.976458,39.380162],[22.976526,39.380126],[22.97658,39.380102],[22.976655,39.38007],[22.976785,39.380019],[22.976847,39.379996],[22.97698,39.379948],[22.976995,39.379941],[22.977058,39.379916],[22.977124,39.379884],[22.977195,39.379846],[22.977228,39.379829],[22.977334,39.37977],[22.977385,39.379748],[22.977401,39.379742],[22.977457,39.379724],[22.977523,39.379711],[22.977578,39.379705],[22.977579,39.379705],[22.977639,39.379712],[22.977671,39.37972],[22.977712,39.379737],[22.977765,39.379771],[22.977867,39.379836],[22.977904,39.37986],[22.977931,39.379875],[22.97796,39.379887],[22.977968,39.379889],[22.977994,39.379896],[22.97803,39.379902],[22.978059,39.379903],[22.978084,39.379901],[22.978106,39.379896],[22.978123,39.37989],[22.978138,39.379881],[22.978151,39.37987],[22.978166,39.379852],[22.978178,39.379832],[22.978184,39.37982],[22.978189,39.379804],[22.978193,39.379784],[22.978194,39.379769],[22.978193,39.379751],[22.978187,39.379718],[22.978185,39.379707],[22.978179,39.379686],[22.978163,39.379646],[22.978132,39.379576],[22.978113,39.379536],[22.978082,39.379473],[22.978045,39.379404],[22.978029,39.379369],[22.977999,39.379302],[22.977971,39.37924],[22.977956,39.379198],[22.977954,39.379193],[22.977945,39.379152],[22.977945,39.379117],[22.977948,39.379097],[22.977955,39.37908],[22.977972,39.379054],[22.977986,39.379034],[22.978019,39.379011],[22.978048,39.378994],[22.978078,39.378981],[22.978135,39.378962],[22.978174,39.378949],[22.978184,39.378946],[22.978267,39.378923],[22.978391,39.378896],[22.97843,39.378888],[22.978615,39.37885],[22.978684,39.378836],[22.978787,39.378825],[22.978839,39.378823],[22.978881,39.378821],[22.978982,39.378818],[22.979056,39.378818],[22.979068,39.378818],[22.97912,39.37882],[22.979173,39.378827],[22.97926,39.378845],[22.979292,39.378852],[22.979359,39.378868],[22.979516,39.378902],[22.979573,39.378914],[22.979739,39.378952],[22.979773,39.378959],[22.979964,39.378998],[22.979978,39.379001],[22.98008,39.379021],[22.980192,39.37904],[22.980198,39.379041],[22.980286,39.379054],[22.980371,39.379062],[22.980421,39.379059],[22.980431,39.379058],[22.980467,39.379054],[22.980489,39.379049],[22.980527,39.379037],[22.980558,39.379026],[22.980596,39.379009],[22.980615,39.378998],[22.980631,39.378984],[22.98064,39.378974],[22.980647,39.378967],[22.98066,39.378949],[22.980666,39.378928],[22.980669,39.37891],[22.980665,39.378884],[22.980652,39.378858],[22.980624,39.378818],[22.980588,39.378773],[22.980555,39.378726],[22.98053,39.378688],[22.980505,39.378648],[22.980497,39.378627],[22.980492,39.378607],[22.980492,39.378606],[22.98049,39.378584],[22.980494,39.378564],[22.980498,39.378545],[22.980506,39.378523],[22.98052,39.378492],[22.980536,39.378469],[22.980547,39.378455],[22.980567,39.378428],[22.980599,39.378399],[22.98066,39.378353],[22.980688,39.378337],[22.98069,39.378336],[22.980711,39.378327],[22.980739,39.378316],[22.980779,39.378301],[22.980815,39.378287],[22.980888,39.378259],[22.980896,39.378255],[22.981001,39.378212],[22.981086,39.378178],[22.981102,39.37817],[22.981145,39.378151],[22.981173,39.378134],[22.981192,39.378121],[22.981204,39.37811],[22.981221,39.378089],[22.981234,39.378062],[22.981238,39.378049],[22.981241,39.378036],[22.981243,39.378017],[22.981243,39.378015],[22.981242,39.377998],[22.98124,39.377985],[22.981232,39.377962],[22.981217,39.377934],[22.9812,39.377913],[22.981166,39.377882],[22.981129,39.377854],[22.981107,39.377837],[22.981051,39.377798],[22.980984,39.377759],[22.980948,39.377739],[22.980855,39.377686],[22.980776,39.377643],[22.980761,39.377633],[22.980758,39.377631],[22.980725,39.377607],[22.980704,39.377587],[22.980671,39.37755],[22.980649,39.377512],[22.980636,39.377484],[22.980636,39.377484],[22.980627,39.377458],[22.980621,39.377426],[22.980621,39.377404],[22.980627,39.377367],[22.980639,39.377312],[22.98064,39.377308],[22.980655,39.377235],[22.980676,39.377131],[22.980679,39.377119],[22.98069,39.37707],[22.980699,39.377033],[22.980715,39.376982],[22.980727,39.376957],[22.980732,39.376948],[22.980753,39.376913],[22.980776,39.376883],[22.980796,39.376862],[22.980811,39.376846],[22.980822,39.376836],[22.980851,39.376812],[22.980862,39.376803],[22.980901,39.376777],[22.98096,39.376741],[22.98103,39.376704],[22.981033,39.376702],[22.981088,39.376675],[22.981124,39.376659],[22.981157,39.376645],[22.981184,39.376635],[22.981219,39.376624],[22.981229,39.376622],[22.981254,39.376616],[22.981279,39.376612],[22.981322,39.376611],[22.981357,39.376614],[22.981402,39.376621],[22.981451,39.376631],[22.981466,39.376634],[22.981532,39.376652],[22.981614,39.37668],[22.981663,39.376699],[22.981788,39.376748],[22.981869,39.376781],[22.981999,39.376835],[22.982071,39.376869],[22.982145,39.376904],[22.982224,39.376943],[22.982266,39.376966],[22.982293,39.37698],[22.98238,39.377032],[22.982449,39.377075],[22.982449,39.377076],[22.982547,39.377133],[22.982618,39.377174],[22.982633,39.377185],[22.982659,39.377203],[22.982756,39.377268],[22.982812,39.377301],[22.982827,39.37731],[22.982871,39.377332],[22.982909,39.377345],[22.982937,39.377352],[22.982964,39.377355],[22.982984,39.377355],[22.983001,39.377354],[22.983018,39.37735],[22.98304,39.377341],[22.983052,39.377333],[22.983064,39.377324],[22.983069,39.37732],[22.983076,39.377313],[22.983086,39.377298],[22.983097,39.377277],[22.983106,39.377254],[22.983108,39.377237],[22.983104,39.377207],[22.983093,39.377176],[22.983069,39.377137],[22.983033,39.377078],[22.98299,39.377011],[22.982974,39.376981],[22.982971,39.376973],[22.982959,39.376943],[22.982947,39.376905],[22.982933,39.376852],[22.98292,39.376799],[22.982918,39.376786],[22.982909,39.376755],[22.982898,39.376723],[22.982872,39.376663],[22.982856,39.376626],[22.98285,39.376611],[22.982794,39.376502],[22.982774,39.376459],[22.982773,39.376457],[22.982756,39.376416],[22.98275,39.376398],[22.982746,39.376379],[22.982746,39.376364],[22.982748,39.37635],[22.982753,39.376328],[22.98276,39.376309],[22.982768,39.376296],[22.982774,39.37629],[22.982779,39.376285],[22.98279,39.376276],[22.982805,39.376267],[22.982821,39.37626],[22.982841,39.376255],[22.982861,39.376252],[22.982881,39.37625],[22.982898,39.37625],[22.982898,39.376183],[22.982897,39.376157],[22.982897,39.376153],[22.982902,39.376117],[22.982919,39.376071],[22.982938,39.376024],[22.982958,39.375983],[22.982962,39.375974],[22.982987,39.375933],[22.983015,39.375893],[22.983051,39.375849],[22.983075,39.375826],[22.983086,39.375815],[22.983114,39.375795],[22.983154,39.375772],[22.983204,39.375751],[22.983252,39.375738],[22.983272,39.375736],[22.98329,39.375734],[22.983338,39.375733],[22.983394,39.375738],[22.983436,39.375747],[22.983484,39.37576],[22.983499,39.375765],[22.983539,39.37578],[22.983571,39.375797],[22.983612,39.375819],[22.983689,39.375869],[22.983704,39.375878],[22.983813,39.375958],[22.98386,39.37599],[22.983938,39.376045],[22.984035,39.376107],[22.984037,39.376108],[22.984091,39.376141],[22.98413,39.376156],[22.984168,39.376162],[22.984212,39.376165],[22.984238,39.376164],[22.984272,39.376155],[22.984278,39.376153],[22.984292,39.376147],[22.984313,39.376128],[22.98433,39.376104],[22.984348,39.376073],[22.984362,39.376039],[22.984372,39.376001],[22.984377,39.375968],[22.984378,39.375963],[22.984391,39.375889],[22.984404,39.375819],[22.984413,39.375792],[22.984434,39.375727],[22.984468,39.37563],[22.984472,39.375619],[22.984506,39.375536],[22.984545,39.375449],[22.984562,39.375411],[22.984586,39.375351],[22.984605,39.375295],[22.98461,39.375274],[22.984621,39.375234],[22.984629,39.375199],[22.984633,39.375142],[22.984635,39.375093],[22.984635,39.375072],[22.984632,39.375031],[22.984629,39.374983],[22.98462,39.374912],[22.984618,39.374893],[22.984605,39.374783],[22.984598,39.374733],[22.984592,39.37468],[22.984586,39.374596],[22.984585,39.374554],[22.984584,39.374528],[22.984588,39.374466],[22.984595,39.3744],[22.984599,39.374374],[22.984603,39.374348],[22.984621,39.37429],[22.984649,39.374234],[22.98467,39.374204],[22.984678,39.374192],[22.984716,39.374147],[22.984758,39.374099],[22.984794,39.374067],[22.984803,39.374061],[22.984845,39.374031],[22.984874,39.374019],[22.984907,39.374011],[22.984969,39.374003],[22.985004,39.374002],[22.985021,39.374001],[22.985095,39.374005],[22.98517,39.374014],[22.98523,39.374022],[22.985274,39.374028],[22.985392,39.374044],[22.985458,39.374054],[22.985534,39.374065],[22.985687,39.374086],[22.98576,39.374095],[22.985858,39.374103],[22.985921,39.374102],[22.985935,39.374102],[22.986019,39.3741],[22.98607,39.374094],[22.986146,39.374076],[22.98616,39.374071],[22.986184,39.374061],[22.986222,39.374037],[22.986252,39.374012],[22.986278,39.37398],[22.986295,39.373949],[22.986308,39.37392],[22.986311,39.373913],[22.986322,39.373878],[22.986329,39.373839],[22.986332,39.37382],[22.986328,39.373767],[22.986324,39.373739],[22.986319,39.373701],[22.986292,39.373562],[22.986278,39.373489],[22.986266,39.373411],[22.986264,39.373383],[22.98626,39.37335],[22.986258,39.373301],[22.986262,39.373248],[22.986269,39.373202],[22.98627,39.373195],[22.986281,39.373147],[22.9863,39.373092],[22.986319,39.37305],[22.98633,39.373029],[22.986333,39.373023],[22.986357,39.372992],[22.986384,39.372967],[22.986413,39.372943],[22.98648,39.372891],[22.986596,39.372803],[22.986647,39.372766],[22.986714,39.372716],[22.986807,39.372636],[22.986963,39.372503],[22.98707,39.372411],[22.987119,39.372369],[22.987136,39.372354],[22.987274,39.372236],[22.987397,39.37213],[22.987418,39.372113],[22.987434,39.372103],[22.987437,39.372101],[22.987459,39.372087],[22.98748,39.372077],[22.987495,39.37207],[22.987517,39.372062],[22.987543,39.372052],[22.987579,39.372042],[22.98761,39.372039],[22.987637,39.372037],[22.987647,39.372037],[22.98765,39.372037],[22.987676,39.372038],[22.9877,39.372041],[22.987725,39.372046],[22.987747,39.372052],[22.98777,39.372061],[22.987788,39.37207],[22.987811,39.372085],[22.987838,39.372103],[22.98785,39.372112],[22.987865,39.372123],[22.9879,39.37215],[22.987935,39.372171],[22.987953,39.37218],[22.987975,39.37219],[22.987996,39.372195],[22.988004,39.372197],[22.988023,39.3722],[22.988043,39.372201],[22.988045,39.372202],[22.988057,39.372202],[22.988077,39.372199],[22.988088,39.372197],[22.988095,39.372195],[22.988107,39.372191],[22.988119,39.372185],[22.988126,39.37218],[22.98813,39.372177],[22.988138,39.372168],[22.988144,39.372156],[22.988146,39.372146],[22.988146,39.372131],[22.988143,39.372112],[22.988133,39.372091],[22.988122,39.372079],[22.988121,39.372077],[22.988107,39.372065],[22.988072,39.372039],[22.988049,39.372023],[22.987944,39.371964],[22.987756,39.371859],[22.987662,39.371806],[22.987566,39.371754],[22.987376,39.371651],[22.987186,39.371548],[22.987167,39.371538],[22.987025,39.371466],[22.986996,39.371453],[22.986961,39.371437],[22.98692,39.37142],[22.986872,39.371401],[22.986809,39.371378],[22.986792,39.371372],[22.986728,39.371348],[22.986709,39.371341],[22.98667,39.371327],[22.986583,39.371295],[22.986498,39.371265],[22.986374,39.371219],[22.986325,39.3712],[22.986163,39.371143],[22.98607,39.371109],[22.985949,39.371069],[22.985932,39.371064],[22.985796,39.371022],[22.985731,39.371003],[22.985613,39.370969],[22.985511,39.370942],[22.985393,39.370912],[22.985291,39.370886],[22.985238,39.370873],[22.985211,39.370865],[22.985166,39.370853],[22.985073,39.370824],[22.984968,39.370792],[22.984946,39.370786],[22.984888,39.370768],[22.98486,39.370759],[22.984856,39.370758]]},"properties":{"line":"7","dir":"Πλατεία Άλλης Μεριάς","headsign":"Πλατεία Άλλης Μεριάς","mode":"bus","color":"#0059a9"}},{"type":"Feature","geometry":{"type":"LineString","coordinates":[[22.892304,39.356656],[22.89233,39.356662],[22.8924,39.356681],[22.892465,39.3567],[22.892512,39.356715],[22.892521,39.35672],[22.892606,39.356757],[22.892651,39.356677],[22.892663,39.356639],[22.892672,39.35659],[22.89266,39.356553],[22.892629,39.356512],[22.89266,39.356553],[22.892672,39.35659],[22.892663,39.356639],[22.892658,39.356656],[22.892651,39.356677],[22.892606,39.356757],[22.892655,39.356795],[22.892674,39.356809],[22.89271,39.356843],[22.892767,39.356897],[22.892798,39.356936],[22.892923,39.357088],[22.893016,39.357201],[22.893048,39.357239],[22.89306,39.357255],[22.893119,39.357319],[22.893193,39.35738],[22.89321,39.357394],[22.89326,39.357429],[22.893307,39.35746],[22.893348,39.357484],[22.893369,39.357497],[22.893392,39.357511],[22.893451,39.357546],[22.893553,39.357607],[22.893737,39.357716],[22.89378,39.357742],[22.893857,39.357787],[22.893901,39.357817],[22.893917,39.35783],[22.893938,39.357846],[22.893971,39.357873],[22.894,39.357911],[22.894015,39.357954],[22.89402,39.357985],[22.894024,39.358008],[22.894034,39.358069],[22.89405,39.358163],[22.894076,39.358318],[22.89408,39.358342],[22.894089,39.358402],[22.894106,39.358463],[22.894124,39.358514],[22.894125,39.358518],[22.894157,39.358587],[22.894206,39.358672],[22.894215,39.358684],[22.894265,39.358755],[22.894326,39.358842],[22.894351,39.358878],[22.894443,39.358997],[22.894513,39.359088],[22.894561,39.359152],[22.894608,39.359213],[22.894663,39.359277],[22.894689,39.359302],[22.894709,39.359321],[22.894751,39.359352],[22.894852,39.359408],[22.894868,39.359415],[22.895073,39.359499],[22.895088,39.359506],[22.895287,39.35957],[22.895323,39.359582],[22.895505,39.359632],[22.895688,39.359682],[22.895725,39.359691],[22.895945,39.35975],[22.895995,39.359763],[22.896097,39.359801],[22.896157,39.359822],[22.896294,39.35987],[22.896361,39.359908],[22.896477,39.359973],[22.896548,39.360015],[22.896706,39.360108],[22.896732,39.360124],[22.89687,39.360213],[22.896909,39.360241],[22.89708,39.360363],[22.897252,39.360484],[22.897267,39.360495],[22.897421,39.360608],[22.897436,39.360619],[22.897563,39.360738],[22.89757,39.360745],[22.897704,39.360883],[22.897709,39.36089],[22.897833,39.361042],[22.897906,39.361131],[22.897955,39.361195],[22.898074,39.36135],[22.89811,39.361397],[22.898192,39.361504],[22.8982,39.361514],[22.898306,39.361661],[22.898372,39.361753],[22.898431,39.361812],[22.898466,39.361849],[22.898574,39.361936],[22.898588,39.361944],[22.898772,39.362054],[22.898807,39.362075],[22.898964,39.362156],[22.899132,39.362243],[22.899157,39.362256],[22.899351,39.362355],[22.899483,39.362423],[22.899547,39.362452],[22.899749,39.362542],[22.89995,39.362632],[22.900151,39.362722],[22.900265,39.362772],[22.900353,39.362811],[22.900556,39.362899],[22.900759,39.362987],[22.900962,39.363075],[22.901165,39.363163],[22.901339,39.363238],[22.901368,39.363251],[22.901569,39.363341],[22.90177,39.363431],[22.901971,39.363521],[22.902019,39.363542],[22.902175,39.363608],[22.902277,39.36365],[22.902357,39.36368],[22.902382,39.363689],[22.90244,39.363708],[22.902476,39.363718],[22.902519,39.363729],[22.902601,39.363747],[22.902624,39.363752],[22.902696,39.363767],[22.902827,39.363786],[22.902846,39.363789],[22.903058,39.363809],[22.903281,39.36383],[22.903289,39.363831],[22.903357,39.363838],[22.903519,39.363853],[22.90357,39.363858],[22.90375,39.363873],[22.90381,39.363878],[22.903872,39.363881],[22.903981,39.363885],[22.904213,39.363893],[22.90427,39.363895],[22.90442,39.363897],[22.904443,39.363897],[22.904546,39.363898],[22.904673,39.363895],[22.904691,39.363894],[22.904809,39.363885],[22.904901,39.363877],[22.904963,39.363871],[22.90513,39.363853],[22.905359,39.363828],[22.905361,39.363828],[22.905462,39.363817],[22.905528,39.363812],[22.905596,39.36381],[22.905654,39.363808],[22.905737,39.363808],[22.90583,39.363808],[22.905982,39.363809],[22.906063,39.363809],[22.906295,39.363809],[22.906333,39.363809],[22.906485,39.363815],[22.906532,39.363819],[22.906542,39.36382],[22.906751,39.363838],[22.906766,39.363841],[22.90682,39.363849],[22.906994,39.363872],[22.907075,39.363883],[22.907223,39.363898],[22.907246,39.363901],[22.907453,39.363916],[22.907542,39.363923],[22.90767,39.363931],[22.907684,39.363931],[22.907747,39.363935],[22.907815,39.36394],[22.907915,39.363943],[22.907931,39.363943],[22.90806,39.363945],[22.908146,39.363945],[22.908168,39.363945],[22.908344,39.363939],[22.908377,39.363938],[22.908445,39.363935],[22.908552,39.36393],[22.908608,39.363926],[22.908628,39.363925],[22.908705,39.36392],[22.90884,39.363913],[22.908941,39.363907],[22.908993,39.363905],[22.909074,39.363903],[22.909294,39.363898],[22.909307,39.363898],[22.909418,39.363898],[22.909539,39.363897],[22.909772,39.363896],[22.909965,39.363895],[22.910004,39.363895],[22.910237,39.363895],[22.910431,39.363895],[22.91047,39.363895],[22.910612,39.363895],[22.910702,39.363896],[22.910935,39.363897],[22.911075,39.363898],[22.911168,39.3639],[22.911356,39.363904],[22.911401,39.363905],[22.911451,39.363907],[22.911633,39.36391],[22.911841,39.363915],[22.911867,39.363916],[22.912099,39.363926],[22.912157,39.363928],[22.912331,39.363936],[22.912348,39.363936],[22.912563,39.363945],[22.912611,39.363947],[22.912796,39.363958],[22.912888,39.363964],[22.913028,39.363973],[22.91326,39.36399],[22.913268,39.36399],[22.913492,39.364008],[22.913544,39.364012],[22.913719,39.364028],[22.913723,39.364028],[22.913898,39.364044],[22.913954,39.364049],[22.914185,39.364069],[22.914416,39.364089],[22.914623,39.364107],[22.914648,39.364109],[22.914836,39.364126],[22.914862,39.364129],[22.914879,39.36413],[22.915109,39.364153],[22.915272,39.364169],[22.91534,39.364175],[22.915571,39.364197],[22.91566,39.364206],[22.915802,39.364219],[22.916033,39.364239],[22.916041,39.36424],[22.916247,39.364259],[22.916264,39.364261],[22.916445,39.364277],[22.916494,39.364283],[22.916631,39.364299],[22.916723,39.364313],[22.916736,39.364315],[22.916821,39.364329],[22.916947,39.364358],[22.916952,39.36436],[22.917087,39.364398],[22.91714,39.364413],[22.917165,39.36442],[22.917382,39.364485],[22.917393,39.364488],[22.917534,39.364524],[22.917604,39.364539],[22.917654,39.364551],[22.917738,39.364568],[22.91783,39.364582],[22.917853,39.364586],[22.917962,39.364602],[22.918059,39.364615],[22.918132,39.364624],[22.918273,39.364641],[22.918288,39.364642],[22.918398,39.364653],[22.918519,39.364664],[22.918646,39.364677],[22.91875,39.364685],[22.918981,39.364704],[22.918997,39.364705],[22.919053,39.3646],[22.919073,39.364564],[22.919082,39.364551],[22.919094,39.364533],[22.919113,39.364508],[22.919137,39.364484],[22.919167,39.36446],[22.919184,39.36445],[22.919211,39.364436],[22.919242,39.364425],[22.919247,39.364424],[22.919278,39.364417],[22.919311,39.364413],[22.91937,39.364411],[22.919473,39.364412],[22.919477,39.364412],[22.91958,39.364411],[22.919705,39.364415],[22.919708,39.364415],[22.919861,39.364417],[22.919937,39.364414],[22.919986,39.364412],[22.920125,39.364399],[22.920169,39.364393],[22.92026,39.364381],[22.920397,39.364356],[22.920623,39.364315],[22.920658,39.364308],[22.920848,39.364268],[22.921072,39.36422],[22.921238,39.364185],[22.921296,39.364173],[22.921321,39.364168],[22.921466,39.364129],[22.921517,39.364116],[22.921552,39.364107],[22.921735,39.364054],[22.921781,39.364041],[22.92182,39.364027],[22.921851,39.364016],[22.921891,39.363999],[22.921943,39.363974],[22.921955,39.363968],[22.922003,39.363942],[22.922131,39.363869],[22.922204,39.363827],[22.922271,39.363789],[22.922316,39.36376],[22.922325,39.363755],[22.922347,39.363737],[22.922438,39.36366],[22.922475,39.363629],[22.922514,39.363595],[22.922564,39.363549],[22.922626,39.363492],[22.922694,39.363429],[22.922725,39.363401],[22.922775,39.363354],[22.922875,39.363262],[22.92292,39.36322],[22.922925,39.363216],[22.922952,39.363193],[22.922984,39.363168],[22.923008,39.363152],[22.923045,39.36313],[22.923102,39.363101],[22.923172,39.363065],[22.923303,39.363011],[22.923433,39.362958],[22.923511,39.36293],[22.923551,39.362916],[22.92367,39.362877],[22.923725,39.362861],[22.92389,39.362813],[22.923929,39.362803],[22.923944,39.3628],[22.923959,39.362796],[22.923996,39.362789],[22.924169,39.362755],[22.924313,39.362726],[22.924394,39.36271],[22.92462,39.362666],[22.924845,39.362622],[22.925071,39.362577],[22.925296,39.362533],[22.925521,39.362489],[22.925591,39.362475],[22.925649,39.362464],[22.925747,39.362444],[22.925972,39.362399],[22.926197,39.362354],[22.926422,39.362309],[22.926493,39.362294],[22.926583,39.362276],[22.926647,39.362264],[22.926722,39.36225],[22.92681,39.362147],[22.926916,39.362024],[22.926939,39.361997],[22.927007,39.361918],[22.927068,39.361848],[22.927144,39.361759],[22.927197,39.361698],[22.927289,39.361592],[22.927326,39.361548],[22.927454,39.361399],[22.927518,39.361325],[22.927584,39.361249],[22.927607,39.361223],[22.92771,39.361098],[22.927711,39.361097],[22.927832,39.360945],[22.927954,39.360792],[22.927986,39.360752],[22.928076,39.360639],[22.928198,39.360485],[22.928248,39.360422],[22.928276,39.360387],[22.928319,39.360332],[22.92844,39.360178],[22.92856,39.360025],[22.92858,39.36],[22.928688,39.359874],[22.928773,39.359774],[22.928787,39.359759],[22.928797,39.359749],[22.928808,39.359738],[22.928823,39.359728],[22.928826,39.359726],[22.928842,39.359718],[22.928745,39.359575],[22.928638,39.359415],[22.92853,39.359256],[22.928423,39.359096],[22.9284,39.359062],[22.928317,39.358936],[22.928211,39.358776],[22.928132,39.358655],[22.928118,39.358635],[22.928104,39.358616],[22.927993,39.358464],[22.927989,39.35846],[22.927988,39.358458],[22.92788,39.358301],[22.92777,39.358142],[22.92766,39.357984],[22.927577,39.357864],[22.92755,39.357825],[22.927441,39.357667],[22.927382,39.357581],[22.927331,39.357508],[22.927221,39.35735],[22.92711,39.357191],[22.927092,39.357165],[22.927005,39.357031],[22.926943,39.356935],[22.926901,39.35687],[22.92688,39.356837],[22.926843,39.35678],[22.926798,39.356709],[22.926774,39.356672],[22.926617,39.356739],[22.926413,39.356825],[22.926209,39.356912],[22.926004,39.356998],[22.9258,39.357084],[22.925596,39.35717],[22.925529,39.357199],[22.925594,39.357293],[22.925703,39.357452],[22.925806,39.357603],[22.92584,39.357576],[22.926002,39.357448],[22.926165,39.357319],[22.926328,39.357191]]},"properties":{"line":"8","dir":"Ύδρας","headsign":"Ύδρας","mode":"bus","color":"#0059a9"}},{"type":"Feature","geometry":{"type":"LineString","coordinates":[[22.926347,39.357176],[22.926425,39.357114],[22.92651,39.357047],[22.926673,39.356919],[22.926733,39.356872],[22.926832,39.356789],[22.926843,39.35678],[22.926891,39.356747],[22.926961,39.356722],[22.927005,39.356788],[22.927008,39.356793],[22.927115,39.356953],[22.927221,39.357112],[22.927222,39.357113],[22.92733,39.357272],[22.927437,39.357432],[22.927545,39.357591],[22.927653,39.35775],[22.927761,39.35791],[22.927868,39.358069],[22.927976,39.358229],[22.928084,39.358388],[22.928192,39.358547],[22.928299,39.358707],[22.928407,39.358866],[22.928515,39.359026],[22.928623,39.359185],[22.928628,39.359193],[22.928705,39.359304],[22.928733,39.359343],[22.928843,39.359502],[22.928866,39.359535],[22.928953,39.35966],[22.928959,39.359669],[22.928842,39.359718],[22.928826,39.359726],[22.928808,39.359738],[22.928797,39.359749],[22.928787,39.359759],[22.928781,39.359765],[22.928773,39.359774],[22.928653,39.359915],[22.92858,39.36],[22.928528,39.360066],[22.928407,39.36022],[22.928286,39.360374],[22.928276,39.360387],[22.928248,39.360422],[22.928164,39.360527],[22.928043,39.360681],[22.927986,39.360752],[22.927921,39.360834],[22.927799,39.360987],[22.927711,39.361097],[22.927676,39.361139],[22.927607,39.361223],[22.927548,39.36129],[22.927518,39.361325],[22.927419,39.361439],[22.927291,39.361589],[22.927289,39.361592],[22.927162,39.361739],[22.927144,39.361759],[22.927033,39.361889],[22.927007,39.361918],[22.926916,39.362024],[22.926904,39.362038],[22.926775,39.362188],[22.926722,39.36225],[22.926586,39.362276],[22.926583,39.362276],[22.926493,39.362294],[22.926361,39.362321],[22.926136,39.362366],[22.925911,39.362411],[22.925686,39.362456],[22.925649,39.362464],[22.925591,39.362475],[22.92546,39.362501],[22.925235,39.362545],[22.925009,39.362589],[22.924784,39.362634],[22.924558,39.362678],[22.924333,39.362722],[22.924313,39.362726],[22.924108,39.362767],[22.923996,39.362789],[22.923959,39.362796],[22.923929,39.362803],[22.92389,39.362813],[22.923884,39.362815],[22.92367,39.362877],[22.923666,39.362878],[22.923551,39.362916],[22.923453,39.362951],[22.923433,39.362958],[22.923247,39.363034],[22.923172,39.363065],[22.923049,39.363128],[22.923045,39.36313],[22.923008,39.363152],[22.922984,39.363168],[22.922952,39.363193],[22.92292,39.36322],[22.922884,39.363254],[22.922875,39.363262],[22.922735,39.363392],[22.922725,39.363401],[22.922694,39.363429],[22.922585,39.36353],[22.922564,39.363549],[22.922514,39.363595],[22.922438,39.36366],[22.922432,39.363665],[22.922347,39.363737],[22.922325,39.363755],[22.922271,39.363789],[22.922267,39.363791],[22.922204,39.363827],[22.922081,39.363898],[22.922003,39.363942],[22.921955,39.363968],[22.921891,39.363999],[22.921889,39.364],[22.921851,39.364016],[22.92182,39.364027],[22.921781,39.364041],[22.921676,39.364071],[22.921552,39.364107],[22.921466,39.364129],[22.921457,39.364131],[22.921321,39.364168],[22.921238,39.364185],[22.921235,39.364186],[22.921011,39.364233],[22.920787,39.364281],[22.920658,39.364308],[22.920618,39.364376],[22.920523,39.36454],[22.920427,39.364704],[22.920331,39.364868],[22.920269,39.364975],[22.920197,39.364946],[22.920122,39.364915],[22.920042,39.364883],[22.91999,39.364864],[22.919976,39.364859],[22.919834,39.364818],[22.919771,39.364803],[22.919702,39.364787],[22.919608,39.36477],[22.919545,39.364761],[22.919522,39.364758],[22.919338,39.36474],[22.919315,39.364738],[22.919084,39.364714],[22.918997,39.364705],[22.918853,39.364693],[22.918646,39.364677],[22.918622,39.364674],[22.918398,39.364653],[22.918391,39.364652],[22.918273,39.364641],[22.918161,39.364627],[22.918132,39.364624],[22.917962,39.364602],[22.917932,39.364598],[22.917853,39.364586],[22.917738,39.364568],[22.917704,39.364561],[22.917654,39.364551],[22.917534,39.364524],[22.917481,39.36451],[22.917393,39.364488],[22.917262,39.364449],[22.91714,39.364413],[22.917087,39.364398],[22.917045,39.364386],[22.916952,39.36436],[22.916824,39.36433],[22.916821,39.364329],[22.916736,39.364315],[22.916631,39.364299],[22.916597,39.364295],[22.916445,39.364277],[22.916367,39.36427],[22.916247,39.364259],[22.916136,39.364249],[22.916041,39.36424],[22.915905,39.364228],[22.915674,39.364207],[22.91566,39.364206],[22.915443,39.364185],[22.915272,39.364169],[22.915212,39.364163],[22.914982,39.36414],[22.914862,39.364129],[22.914836,39.364126],[22.914751,39.364118],[22.914623,39.364107],[22.914519,39.364098],[22.914288,39.364078],[22.914057,39.364058],[22.913898,39.364044],[22.913826,39.364038],[22.913719,39.364028],[22.913595,39.364017],[22.913544,39.364012],[22.913363,39.363998],[22.913268,39.36399],[22.913132,39.363981],[22.9129,39.363964],[22.912888,39.363964],[22.912668,39.36395],[22.912611,39.363947],[22.912435,39.36394],[22.912348,39.363936],[22.912203,39.36393],[22.912157,39.363928],[22.91197,39.36392],[22.911841,39.363915],[22.911737,39.363913],[22.911504,39.363908],[22.911451,39.363907],[22.911356,39.363904],[22.911272,39.363902],[22.911075,39.363898],[22.911038,39.363897],[22.910806,39.363896],[22.910612,39.363895],[22.910573,39.363895],[22.910431,39.363895],[22.910341,39.363895],[22.910108,39.363895],[22.909965,39.363895],[22.909876,39.363896],[22.909643,39.363897],[22.909418,39.363898],[22.90941,39.363898],[22.909294,39.363898],[22.909177,39.363901],[22.908993,39.363905],[22.908944,39.363907],[22.908941,39.363907],[22.908712,39.36392],[22.908705,39.36392],[22.908628,39.363925],[22.908552,39.36393],[22.90848,39.363933],[22.908445,39.363935],[22.908344,39.363939],[22.908248,39.363942],[22.908168,39.363945],[22.90806,39.363945],[22.908018,39.363945],[22.907931,39.363943],[22.907815,39.36394],[22.907788,39.363938],[22.907747,39.363935],[22.90767,39.363931],[22.907556,39.363923],[22.907542,39.363923],[22.907325,39.363907],[22.907246,39.363901],[22.907096,39.363885],[22.907075,39.363883],[22.906867,39.363855],[22.90682,39.363849],[22.906751,39.363838],[22.906635,39.363828],[22.906542,39.36382],[22.906485,39.363815],[22.906401,39.363812],[22.906333,39.363809],[22.906167,39.363809],[22.905982,39.363809],[22.905934,39.363809],[22.90583,39.363808],[22.905737,39.363808],[22.905701,39.363808],[22.905654,39.363808],[22.905528,39.363812],[22.905466,39.363817],[22.905462,39.363817],[22.905359,39.363828],[22.905233,39.363842],[22.905003,39.363867],[22.904963,39.363871],[22.904809,39.363885],[22.904774,39.363887],[22.904691,39.363894],[22.904546,39.363898],[22.90442,39.363897],[22.904315,39.363895],[22.90427,39.363895],[22.904084,39.363888],[22.903872,39.363881],[22.903853,39.36388],[22.90381,39.363878],[22.903622,39.363862],[22.90357,39.363858],[22.903391,39.363841],[22.903357,39.363838],[22.903281,39.36383],[22.903161,39.363819],[22.90293,39.363797],[22.902846,39.363789],[22.902701,39.363768],[22.902696,39.363767],[22.902624,39.363752],[22.902519,39.363729],[22.902478,39.363718],[22.902476,39.363718],[22.90244,39.363708],[22.902357,39.36368],[22.902277,39.36365],[22.902266,39.363646],[22.902062,39.36356],[22.902019,39.363542],[22.90186,39.363471],[22.901659,39.363381],[22.901457,39.363291],[22.901339,39.363238],[22.901255,39.363202],[22.901052,39.363114],[22.90085,39.363026],[22.900647,39.362938],[22.900444,39.36285],[22.900265,39.362772],[22.900241,39.362762],[22.90004,39.362672],[22.899838,39.362582],[22.899637,39.362492],[22.899483,39.362423],[22.899437,39.3624],[22.899244,39.3623],[22.899132,39.362243],[22.89905,39.362201],[22.898857,39.362101],[22.898807,39.362075],[22.89867,39.361993],[22.898574,39.361936],[22.898497,39.361874],[22.898466,39.361849],[22.898372,39.361753],[22.898356,39.361731],[22.898243,39.361574],[22.8982,39.361514],[22.898127,39.361419],[22.89811,39.361397],[22.898008,39.361264],[22.897906,39.361131],[22.897888,39.36111],[22.897764,39.360957],[22.897704,39.360883],[22.897632,39.36081],[22.897563,39.360738],[22.897489,39.360668],[22.897436,39.360619],[22.897327,39.360539],[22.897267,39.360495],[22.897157,39.360417],[22.896985,39.360295],[22.89687,39.360213],[22.896812,39.360176],[22.896706,39.360108],[22.89663,39.360063],[22.896477,39.359973],[22.896444,39.359955],[22.896294,39.35987],[22.896252,39.359855],[22.896097,39.359801],[22.896041,39.35978],[22.895995,39.359763],[22.895823,39.359717],[22.895688,39.359682],[22.895603,39.359658],[22.895384,39.359599],[22.895323,39.359582],[22.895168,39.359532],[22.895088,39.359506],[22.89496,39.359452],[22.894852,39.359408],[22.894762,39.359358],[22.894751,39.359352],[22.894709,39.359321],[22.894663,39.359277],[22.894614,39.359221],[22.894608,39.359213],[22.894513,39.359088],[22.894496,39.359066],[22.894377,39.358911],[22.894351,39.358878],[22.894265,39.358755],[22.894264,39.358754],[22.894206,39.358672],[22.89416,39.358593],[22.894157,39.358587],[22.894124,39.358514],[22.894106,39.358463],[22.894095,39.358421],[22.894089,39.358402],[22.894076,39.358318],[22.894063,39.358243],[22.894034,39.358069],[22.894034,39.358064],[22.894024,39.358008],[22.894015,39.357954],[22.894,39.357911],[22.893984,39.35789],[22.893971,39.357873],[22.893938,39.357846],[22.893901,39.357817],[22.893857,39.357787],[22.89382,39.357765],[22.89378,39.357742],[22.893635,39.357656],[22.893451,39.357546],[22.893451,39.357546],[22.893392,39.357511],[22.893348,39.357484],[22.893307,39.35746],[22.893268,39.357435],[22.89326,39.357429],[22.89321,39.357394],[22.893119,39.357319],[22.893107,39.357305],[22.89306,39.357255],[22.893016,39.357201],[22.892979,39.357155],[22.892854,39.357004],[22.892767,39.356897],[22.892723,39.356855],[22.89271,39.356843],[22.892674,39.356809],[22.892606,39.356757],[22.892651,39.356678],[22.892651,39.356677],[22.892663,39.356639],[22.892672,39.35659],[22.89266,39.356553],[22.892637,39.356522],[22.892629,39.356512],[22.892598,39.356478],[22.892592,39.356473],[22.892598,39.356478],[22.892629,39.356512],[22.89266,39.356553],[22.892672,39.35659],[22.892663,39.356638],[22.892663,39.356639],[22.892651,39.356677],[22.892606,39.356757],[22.89257,39.356741],[22.892512,39.356715],[22.892465,39.3567],[22.892418,39.356686]]},"properties":{"line":"8","dir":"Τελική στάση Διμήνι","headsign":"Τελική στάση Διμήνι","mode":"bus","color":"#0059a9"}},{"type":"Feature","geometry":{"type":"LineString","coordinates":[[22.908358,39.391687],[22.908467,39.391735],[22.908491,39.391715],[22.908519,39.391699],[22.908551,39.391688],[22.9086,39.391677],[22.908675,39.391668],[22.908708,39.391666],[22.908744,39.391662],[22.908776,39.391656],[22.908814,39.391645],[22.908848,39.391634],[22.908875,39.391621],[22.908895,39.391607],[22.908913,39.391589],[22.908932,39.391567],[22.908943,39.391548],[22.90895,39.391531],[22.908962,39.391488],[22.908971,39.391434],[22.908973,39.391392],[22.908971,39.391374],[22.908968,39.391345],[22.908958,39.391301],[22.908946,39.391258],[22.908931,39.391217],[22.908923,39.391198],[22.908909,39.391166],[22.908846,39.391032],[22.908845,39.391029],[22.908827,39.390972],[22.908813,39.390902],[22.908804,39.390852],[22.908802,39.390836],[22.908797,39.390774],[22.908793,39.390713],[22.908792,39.390672],[22.908792,39.390659],[22.908795,39.390582],[22.908801,39.390502],[22.908802,39.390494],[22.908807,39.390463],[22.908814,39.390432],[22.908822,39.390408],[22.908845,39.390358],[22.90887,39.390328],[22.908875,39.390322],[22.908904,39.390291],[22.908938,39.39026],[22.908981,39.390226],[22.90903,39.390191],[22.909034,39.390188],[22.909096,39.390145],[22.909162,39.390101],[22.909212,39.390071],[22.9093,39.390019],[22.909399,39.389964],[22.909534,39.38989],[22.90959,39.389861],[22.909728,39.38979],[22.909777,39.389761],[22.90978,39.389758],[22.909804,39.389744],[22.909833,39.389725],[22.909867,39.389699],[22.909893,39.389675],[22.909925,39.389634],[22.90993,39.389624],[22.909976,39.389524],[22.909998,39.389452],[22.910038,39.389322],[22.910051,39.389277],[22.910056,39.389259],[22.910075,39.38918],[22.910091,39.3891],[22.910092,39.389096],[22.9101,39.389045],[22.910103,39.388989],[22.910098,39.388951],[22.91009,39.388923],[22.910088,39.388917],[22.910077,39.388888],[22.910061,39.388855],[22.91004,39.388818],[22.910017,39.388786],[22.909989,39.388761],[22.909984,39.388756],[22.909949,39.388735],[22.909913,39.388718],[22.909868,39.388706],[22.909829,39.388699],[22.909779,39.388693],[22.909771,39.388693],[22.909706,39.388685],[22.909638,39.388683],[22.909551,39.388675],[22.909504,39.388667],[22.909469,39.388661],[22.909436,39.388648],[22.909408,39.388634],[22.909381,39.388611],[22.909369,39.388598],[22.909362,39.388591],[22.909349,39.388563],[22.909339,39.388532],[22.909338,39.388509],[22.909342,39.388474],[22.909352,39.38845],[22.909358,39.388434],[22.909367,39.388413],[22.90941,39.388348],[22.909459,39.388281],[22.909465,39.388273],[22.909504,39.388225],[22.909556,39.388168],[22.909597,39.388125],[22.909607,39.388115],[22.909644,39.388076],[22.90969,39.388035],[22.909745,39.38799],[22.909751,39.387986],[22.9098,39.387953],[22.90985,39.387923],[22.909889,39.387904],[22.909932,39.387884],[22.909944,39.38788],[22.909981,39.387866],[22.910032,39.387849],[22.910099,39.387829],[22.910162,39.387812],[22.910302,39.387775],[22.910381,39.387754],[22.9106,39.387694],[22.910617,39.387689],[22.91082,39.387634],[22.911039,39.387574],[22.911258,39.387515],[22.911478,39.387455],[22.911539,39.387438],[22.911698,39.387397],[22.911919,39.38734],[22.912021,39.387314],[22.912141,39.387287],[22.912364,39.387235],[22.912383,39.387231],[22.912491,39.387209],[22.912581,39.387196],[22.91259,39.387195],[22.912667,39.387187],[22.912736,39.387183],[22.912822,39.387181],[22.912839,39.38718],[22.913015,39.38717],[22.913054,39.387167],[22.91308,39.387164],[22.913148,39.387154],[22.913191,39.387142],[22.913229,39.387127],[22.913254,39.387115],[22.913268,39.387106],[22.913273,39.387103],[22.913283,39.387095],[22.913325,39.387066],[22.913365,39.387049],[22.913402,39.387034],[22.913462,39.387008],[22.913494,39.386994],[22.913565,39.386969],[22.913607,39.386955],[22.913675,39.386936],[22.913893,39.386875],[22.913955,39.386857],[22.914108,39.386805],[22.914244,39.386758],[22.914321,39.386734],[22.914478,39.386685],[22.914537,39.386665],[22.914619,39.386639],[22.9147,39.386618],[22.914756,39.386608],[22.914857,39.386589],[22.91493,39.386536],[22.914955,39.386525],[22.915013,39.386503],[22.915086,39.386471],[22.915151,39.38643],[22.915195,39.386403],[22.91524,39.386376],[22.915313,39.38633],[22.915333,39.386318],[22.915429,39.386257],[22.915514,39.386205],[22.915538,39.386191],[22.915691,39.386096],[22.915696,39.386093],[22.915882,39.385985],[22.915929,39.385957],[22.916069,39.385878],[22.916199,39.385806],[22.91626,39.385776],[22.916456,39.385678],[22.916492,39.385661],[22.916663,39.385598],[22.916874,39.385521],[22.916892,39.385514],[22.917063,39.385426],[22.917069,39.385424],[22.917262,39.385323],[22.917455,39.385223],[22.917489,39.385206],[22.917649,39.385123],[22.917842,39.385023],[22.918035,39.384923],[22.918228,39.384823],[22.918422,39.384723],[22.918615,39.384623],[22.918618,39.384622],[22.918808,39.384523],[22.919002,39.384423],[22.919195,39.384323],[22.919388,39.384223],[22.919581,39.384123],[22.919775,39.384023],[22.919968,39.383923],[22.920075,39.383868],[22.920154,39.383827],[22.920161,39.383823],[22.920358,39.383728],[22.920555,39.383632],[22.92056,39.38363],[22.920614,39.383602],[22.920749,39.383532],[22.920942,39.383432],[22.921135,39.383332],[22.921302,39.383245],[22.921328,39.383231],[22.921521,39.383131],[22.921715,39.383031],[22.921906,39.382932],[22.921908,39.382931],[22.921943,39.382913],[22.922101,39.38283],[22.922293,39.38273],[22.922486,39.382629],[22.922639,39.382549],[22.922679,39.382528],[22.922688,39.382523],[22.922871,39.382427],[22.923064,39.382326],[22.923119,39.382297],[22.923256,39.382225],[22.92329,39.382207],[22.923448,39.382124],[22.92364,39.382023],[22.923833,39.381922],[22.923961,39.381854],[22.924021,39.381822],[22.924025,39.38182],[22.924217,39.381719],[22.92441,39.381618],[22.924419,39.381613],[22.924602,39.381517],[22.924757,39.381435],[22.924783,39.381422],[22.924794,39.381416],[22.92494,39.381341],[22.924987,39.381316],[22.925053,39.381282],[22.92518,39.381216],[22.925373,39.381116],[22.925449,39.381076],[22.925564,39.381013],[22.925602,39.380992],[22.925751,39.380905],[22.925884,39.380828],[22.925936,39.380797],[22.925992,39.380763],[22.926086,39.380707],[22.926105,39.380674],[22.926111,39.380663],[22.926135,39.380632],[22.926158,39.380605],[22.926174,39.380572],[22.926188,39.380545],[22.926204,39.380514],[22.926205,39.380513],[22.926214,39.380483],[22.926237,39.380404],[22.926235,39.380363],[22.926246,39.380335],[22.926251,39.380324],[22.926282,39.380291],[22.926325,39.380268],[22.926376,39.380257],[22.926428,39.380259],[22.926443,39.380263],[22.926477,39.380274],[22.926517,39.380301],[22.926544,39.380336],[22.926594,39.380392],[22.926614,39.380406],[22.926694,39.380463],[22.926798,39.380517],[22.926825,39.380531],[22.926929,39.380567],[22.927004,39.380598],[22.92701,39.3806],[22.927076,39.380626],[22.927152,39.380655],[22.927216,39.380678],[22.927221,39.380679],[22.927281,39.380698],[22.927391,39.380732],[22.927437,39.380745],[22.927539,39.380774],[22.927655,39.380806],[22.927676,39.380812],[22.927874,39.380868],[22.928028,39.380911],[22.928093,39.380929],[22.928312,39.38099],[22.928455,39.381029],[22.92853,39.381051],[22.928693,39.381097],[22.928748,39.381115],[22.928842,39.381145],[22.928962,39.381185],[22.929165,39.381251],[22.929176,39.381255],[22.929388,39.381329],[22.929529,39.381377],[22.929601,39.381402],[22.929744,39.381453],[22.929812,39.381476],[22.929902,39.381508],[22.930023,39.381552],[22.930023,39.381552],[22.930161,39.381609],[22.930228,39.381637],[22.930231,39.381638],[22.930302,39.381668],[22.930431,39.381725],[22.930501,39.381755],[22.930633,39.381814],[22.930655,39.381823],[22.930794,39.381886],[22.930832,39.381907],[22.930869,39.381928],[22.930949,39.381973],[22.931018,39.382015],[22.931117,39.382074],[22.9312,39.382127],[22.931381,39.38224],[22.931561,39.382354],[22.931571,39.38236],[22.931741,39.382468],[22.931908,39.382574],[22.931921,39.382582],[22.932099,39.382697],[22.932262,39.382803],[22.932277,39.382813],[22.932455,39.382929],[22.932632,39.383046],[22.932809,39.383162],[22.932929,39.383242],[22.932987,39.383278],[22.933166,39.383393],[22.933253,39.383448],[22.933309,39.383366],[22.933312,39.383362],[22.933358,39.383295],[22.933419,39.383207],[22.933529,39.383049],[22.933587,39.382965],[22.933639,39.38289],[22.933749,39.382732],[22.933859,39.382573],[22.933969,39.382415],[22.934079,39.382256],[22.934129,39.382184],[22.934185,39.382097],[22.934211,39.382056],[22.934237,39.382014],[22.934281,39.381937],[22.934283,39.381933],[22.934376,39.381771],[22.934377,39.381769],[22.934422,39.381685],[22.934515,39.381738],[22.934701,39.381846],[22.934874,39.381946],[22.934887,39.381954],[22.935069,39.382065],[22.93523,39.382164],[22.935251,39.382177],[22.935431,39.382286],[22.935434,39.382288],[22.935489,39.382319],[22.935622,39.382394],[22.935811,39.3825],[22.935999,39.382606],[22.936187,39.382712],[22.936375,39.382818],[22.936397,39.38283],[22.936472,39.382876],[22.93656,39.382926],[22.936747,39.383033],[22.936903,39.383122],[22.936935,39.383139],[22.937101,39.383223],[22.937129,39.383238],[22.937201,39.383276],[22.937323,39.383338],[22.937337,39.383345],[22.937492,39.383415],[22.937524,39.383428],[22.937645,39.383477],[22.937731,39.38351],[22.937773,39.383527],[22.937938,39.383592],[22.938145,39.383673],[22.938353,39.383754],[22.9384,39.383773],[22.93853,39.383826],[22.938559,39.383838],[22.938762,39.383926],[22.938965,39.384014],[22.939167,39.384102],[22.93937,39.38419],[22.939398,39.384202],[22.939504,39.384249],[22.939525,39.38419],[22.939588,39.384017],[22.939651,39.383844],[22.939667,39.3838],[22.939717,39.383672],[22.939784,39.383499],[22.939823,39.3834],[22.939848,39.383327],[22.939862,39.383287],[22.939906,39.383152],[22.939916,39.38312],[22.939926,39.383096],[22.939955,39.382977],[22.939962,39.382949],[22.939986,39.382837],[22.939989,39.382799],[22.939998,39.382697],[22.940001,39.382619],[22.940002,39.382589],[22.939998,39.382494],[22.939997,39.382463],[22.939992,39.38244],[22.939971,39.38233],[22.939957,39.382262],[22.939929,39.382129],[22.939919,39.382085],[22.939894,39.381973],[22.939876,39.381908],[22.939828,39.381732],[22.939779,39.381556],[22.939767,39.381511],[22.939738,39.381395],[22.939735,39.38138],[22.939732,39.381365],[22.939675,39.381206],[22.939665,39.381177],[22.939653,39.381145],[22.939606,39.381034],[22.939581,39.380975],[22.939635,39.38089],[22.939649,39.38087],[22.939709,39.380782],[22.939748,39.380728],[22.939758,39.380711],[22.939851,39.380546],[22.939865,39.380521],[22.939924,39.380375],[22.939931,39.38036],[22.939995,39.380204],[22.940065,39.380033],[22.940133,39.379867],[22.940136,39.379861],[22.940212,39.379691],[22.940257,39.37959],[22.940289,39.379522],[22.940299,39.379499],[22.940369,39.379353],[22.940378,39.379333],[22.940421,39.379264],[22.940462,39.379188],[22.940551,39.379022],[22.940553,39.379019],[22.940597,39.37895],[22.940656,39.378861],[22.940719,39.378766],[22.940763,39.378701],[22.940858,39.378559],[22.94087,39.378542],[22.940979,39.378383],[22.94103,39.378309],[22.941089,39.378225],[22.9412,39.378067],[22.941311,39.377909],[22.941366,39.377832],[22.941428,39.377753],[22.94155,39.3776],[22.941672,39.377447],[22.94169,39.377425],[22.941764,39.377334],[22.941796,39.377294],[22.941919,39.377142],[22.941985,39.37706],[22.942045,39.376991],[22.942054,39.376981],[22.942153,39.376863],[22.942173,39.376841],[22.942187,39.376824],[22.942218,39.376793],[22.942248,39.376765],[22.942278,39.376739],[22.942301,39.376723],[22.942326,39.376706],[22.942346,39.376694],[22.942408,39.376656],[22.942457,39.376627],[22.942511,39.376598],[22.942523,39.376591],[22.942621,39.376547],[22.942704,39.376509],[22.942712,39.376506],[22.942802,39.376468],[22.942915,39.376418],[22.94308,39.376346],[22.943117,39.37633],[22.943322,39.376244],[22.943326,39.376243],[22.943527,39.37616],[22.943732,39.376075],[22.943791,39.37605],[22.943936,39.375989],[22.943967,39.375975],[22.94414,39.375902],[22.944306,39.375831],[22.944344,39.375815],[22.944548,39.375729],[22.944752,39.375642],[22.944956,39.375556],[22.94516,39.375469],[22.945326,39.375399],[22.945363,39.375383],[22.945567,39.375295],[22.94577,39.375208],[22.945973,39.375121],[22.946176,39.375033],[22.94638,39.374946],[22.946583,39.374858],[22.946657,39.374827],[22.9467,39.374811],[22.946732,39.374799],[22.946787,39.374774],[22.946971,39.374691],[22.946986,39.374682],[22.947029,39.374657],[22.947169,39.374571],[22.947351,39.374458],[22.947532,39.374346],[22.94755,39.374336],[22.94772,39.37424],[22.947909,39.374135],[22.947926,39.374125],[22.948094,39.374026],[22.94821,39.373957],[22.948279,39.373917],[22.948465,39.373809],[22.948651,39.373701],[22.948746,39.373646],[22.948837,39.373593],[22.948982,39.373507],[22.949022,39.373484],[22.949207,39.373375],[22.94922,39.373367],[22.949303,39.373318],[22.949368,39.373279],[22.949391,39.373265],[22.949574,39.373155],[22.949758,39.373044],[22.949941,39.372933],[22.950125,39.372823],[22.950308,39.372712],[22.950322,39.372704],[22.950491,39.372601],[22.950674,39.37249],[22.950857,39.372379],[22.950982,39.372304],[22.951039,39.372267],[22.95122,39.372154],[22.9514,39.37204],[22.951469,39.371997],[22.951333,39.37196],[22.951261,39.37194],[22.951114,39.3719],[22.950895,39.371841],[22.950808,39.371817],[22.950677,39.371776],[22.950511,39.371724],[22.950462,39.371708],[22.950442,39.371702],[22.950376,39.371676],[22.950312,39.371647],[22.950259,39.371621],[22.950252,39.371618],[22.950181,39.37158],[22.950103,39.371537],[22.95007,39.371517],[22.950039,39.371499],[22.949992,39.37147],[22.94995,39.371441],[22.949911,39.371413],[22.949893,39.3714],[22.949873,39.371383],[22.949834,39.37135],[22.949792,39.371311],[22.949746,39.371261],[22.949662,39.371167],[22.949612,39.371114],[22.949475,39.370969],[22.949474,39.370968],[22.949338,39.370823],[22.94932,39.370805],[22.949201,39.370678],[22.949109,39.37058],[22.949067,39.370531],[22.948936,39.370382],[22.948815,39.370245],[22.948805,39.370234],[22.948789,39.370216],[22.948675,39.370084],[22.948546,39.369935],[22.948416,39.369786],[22.948287,39.369636],[22.948264,39.369609],[22.948156,39.369488],[22.948024,39.369339],[22.947893,39.369191],[22.947793,39.369079],[22.947761,39.369043],[22.947628,39.368895],[22.947495,39.368748],[22.947362,39.3686],[22.947294,39.368524],[22.947242,39.368463],[22.947262,39.368451],[22.947451,39.368345],[22.947639,39.36824],[22.947827,39.368134],[22.947884,39.368102],[22.948015,39.368029],[22.948203,39.367923],[22.948391,39.367818],[22.948511,39.36775],[22.94858,39.367712],[22.948768,39.367607],[22.948956,39.367501],[22.949144,39.367395],[22.949332,39.367289],[22.949459,39.367218],[22.94952,39.367183],[22.949708,39.367077],[22.949895,39.36697],[22.94994,39.366944],[22.950083,39.366865],[22.950273,39.36676],[22.950288,39.366752],[22.950462,39.366656],[22.950652,39.366552],[22.950666,39.366545],[22.950538,39.36641],[22.9504,39.366265],[22.950262,39.366121],[22.950228,39.366085],[22.950124,39.365976],[22.949986,39.365831],[22.949848,39.365686],[22.949791,39.365627],[22.94971,39.365541],[22.949573,39.365396],[22.949436,39.365251],[22.949298,39.365106],[22.949273,39.365079],[22.94925,39.365054],[22.94916,39.364961],[22.949022,39.364817],[22.948883,39.364672],[22.948745,39.364528],[22.948733,39.364516],[22.948607,39.364383],[22.948469,39.364238],[22.948331,39.364094],[22.948193,39.363949],[22.948141,39.363895],[22.948058,39.363808],[22.948055,39.363804],[22.947917,39.363659],[22.947828,39.363566],[22.947779,39.363515],[22.947641,39.36337],[22.947581,39.363306],[22.947532,39.363256],[22.947506,39.363225],[22.947376,39.363076],[22.947258,39.362939],[22.947247,39.362926],[22.947186,39.362856],[22.947118,39.362777],[22.946988,39.362627],[22.946894,39.362518],[22.946861,39.362477],[22.946739,39.362324],[22.946616,39.362171],[22.946566,39.362108],[22.946494,39.362018],[22.946381,39.361878],[22.946371,39.361865],[22.94625,39.361712],[22.946184,39.361629],[22.946128,39.361559],[22.946005,39.361406],[22.945882,39.361253],[22.945759,39.361101],[22.945729,39.361063],[22.945704,39.361032],[22.945597,39.361086],[22.945437,39.361166],[22.945401,39.361183],[22.945205,39.361275],[22.945203,39.361276],[22.945004,39.36137],[22.944986,39.361378],[22.944954,39.361394],[22.944805,39.361463],[22.944714,39.361506],[22.944606,39.361555],[22.944462,39.361619],[22.944404,39.361644],[22.944202,39.361733],[22.944168,39.361749],[22.944,39.361823],[22.943957,39.361843],[22.943799,39.361913],[22.943694,39.361959],[22.943596,39.362001],[22.943508,39.362039],[22.943393,39.362088],[22.94333,39.362115],[22.94319,39.362176],[22.943095,39.362216],[22.943004,39.362256],[22.942985,39.362257],[22.942917,39.362264],[22.94286,39.362268],[22.9428,39.362271],[22.942757,39.362274],[22.942736,39.362275],[22.942684,39.362278],[22.942615,39.362281],[22.94253,39.362284],[22.942527,39.362284],[22.942509,39.362284],[22.942478,39.362284],[22.942453,39.362286],[22.942427,39.362288],[22.942407,39.362291],[22.942382,39.362295],[22.942341,39.362303],[22.942309,39.362312],[22.942305,39.362313],[22.942288,39.362319],[22.942246,39.362334],[22.942212,39.362347],[22.942203,39.36235],[22.94219,39.362365],[22.942175,39.362379],[22.942157,39.362391],[22.942138,39.362402],[22.942118,39.362411],[22.942116,39.362412],[22.942097,39.362418],[22.942074,39.362423],[22.942051,39.362427],[22.942028,39.362428],[22.942005,39.362428],[22.941981,39.362425],[22.941959,39.36242],[22.941937,39.362414],[22.941916,39.362405],[22.941897,39.362395],[22.941886,39.362388],[22.941879,39.362384],[22.941866,39.362373],[22.941824,39.362361],[22.941801,39.362353],[22.94177,39.362344],[22.941728,39.362334],[22.941683,39.362322],[22.94168,39.362322],[22.941649,39.362316],[22.941613,39.362309],[22.941591,39.362307],[22.941555,39.362305],[22.941522,39.362305],[22.941472,39.362305],[22.94145,39.362305],[22.941393,39.362307],[22.941217,39.362308],[22.941179,39.362308],[22.941114,39.362308],[22.940985,39.362308],[22.940752,39.362307],[22.94052,39.362307],[22.940391,39.362307],[22.940287,39.362306],[22.940258,39.362306],[22.940054,39.362306],[22.939822,39.362305],[22.939589,39.362305],[22.939509,39.362305],[22.939357,39.362304],[22.939124,39.362304],[22.939118,39.362304],[22.938892,39.362303],[22.938685,39.362303],[22.938659,39.362303],[22.938648,39.362303],[22.938587,39.362304],[22.938539,39.362305],[22.938511,39.362306],[22.938497,39.362308],[22.938486,39.36231],[22.938476,39.362312],[22.938465,39.362315],[22.938453,39.362319],[22.938447,39.362327],[22.938437,39.362337],[22.938422,39.36235],[22.938404,39.362361],[22.938393,39.362368],[22.93838,39.362374],[22.93837,39.362378],[22.938348,39.362385],[22.938328,39.362389],[22.938322,39.36239],[22.938301,39.362392],[22.938268,39.362393],[22.938242,39.36239],[22.938237,39.362389],[22.938215,39.362384],[22.93819,39.362375],[22.938167,39.362367],[22.938149,39.362355],[22.93812,39.36235],[22.938087,39.362345],[22.938047,39.362341],[22.938021,39.362339],[22.938015,39.362338],[22.937978,39.362337],[22.93795,39.362336],[22.93792,39.362336],[22.937886,39.362337],[22.93783,39.36234],[22.937786,39.362344],[22.937754,39.362347],[22.937666,39.362354],[22.937556,39.362367],[22.937549,39.362368],[22.937458,39.362383],[22.937329,39.362407],[22.937318,39.362409],[22.937103,39.362451],[22.937029,39.362465],[22.936878,39.362495],[22.936768,39.362517],[22.936719,39.362526],[22.936683,39.362531],[22.936651,39.362534],[22.936643,39.362535],[22.936618,39.362537],[22.936547,39.362539],[22.936501,39.36254],[22.936447,39.362537],[22.936419,39.362536],[22.936398,39.362535],[22.936357,39.362532],[22.936289,39.362526],[22.936223,39.362518],[22.936188,39.362513],[22.936142,39.362506],[22.936105,39.362498],[22.935969,39.362455],[22.935754,39.362387],[22.93575,39.362386],[22.93569,39.362366],[22.935539,39.362318],[22.935361,39.362262],[22.935324,39.36225],[22.935108,39.362182],[22.935072,39.36217],[22.934893,39.362114],[22.934678,39.362045],[22.934561,39.362007],[22.934463,39.361976],[22.934248,39.361908],[22.934192,39.36189],[22.934131,39.361879],[22.934091,39.361869],[22.93405,39.361861],[22.934029,39.361859],[22.933993,39.361857],[22.933963,39.361858],[22.933927,39.361861],[22.933886,39.361867],[22.933854,39.361873],[22.933828,39.361878],[22.933801,39.361884],[22.933782,39.361888],[22.93377,39.361901],[22.933754,39.361914],[22.933728,39.361929],[22.933698,39.361941],[22.933679,39.361945],[22.933665,39.361948],[22.933649,39.361949],[22.933637,39.361949],[22.933626,39.361949],[22.93361,39.361948],[22.933597,39.361946],[22.933591,39.361945],[22.933572,39.36194],[22.933552,39.361933],[22.933534,39.361925],[22.933518,39.361915],[22.933504,39.361903],[22.933494,39.361894],[22.933483,39.36188],[22.933474,39.361867],[22.933467,39.361853],[22.933462,39.361837],[22.93346,39.361817],[22.93346,39.361812],[22.933461,39.361794],[22.933469,39.361771],[22.933477,39.361753],[22.933493,39.361734],[22.933531,39.361705],[22.933577,39.361686],[22.933589,39.361683],[22.933617,39.361679],[22.933658,39.361679],[22.933697,39.361687],[22.933733,39.361701],[22.933764,39.361721],[22.933783,39.361723],[22.933806,39.361724],[22.93381,39.361724],[22.933832,39.361724],[22.933854,39.361722],[22.933873,39.361719],[22.933889,39.361713],[22.933917,39.3617],[22.933961,39.361676],[22.933976,39.361666],[22.933989,39.361655],[22.934001,39.361641],[22.934004,39.361637],[22.934112,39.361483],[22.934222,39.361324],[22.934332,39.361166],[22.934338,39.361158],[22.934209,39.361105],[22.934166,39.361088],[22.934143,39.361078],[22.933937,39.360994],[22.933732,39.36091],[22.933689,39.360893],[22.933622,39.360865],[22.933553,39.360837],[22.933526,39.360826],[22.93332,39.360742],[22.933131,39.360664],[22.933115,39.360658],[22.932909,39.360574],[22.932817,39.360536],[22.932774,39.360625],[22.932693,39.360794],[22.932612,39.360962],[22.93253,39.361131],[22.932527,39.361137],[22.932494,39.361206],[22.932447,39.361299],[22.932441,39.361312],[22.932367,39.36146],[22.932369,39.361461],[22.932432,39.361481],[22.932494,39.361498],[22.932553,39.36151],[22.932588,39.361516]]},"properties":{"line":"9","dir":"Κεντρική Αφετηρία","headsign":"Κεντρική Αφετηρία","mode":"bus","color":"#0059a9"}},{"type":"Feature","geometry":{"type":"LineString","coordinates":[[22.932609,39.36152],[22.932656,39.361527],[22.932702,39.36153],[22.932754,39.361532],[22.93278,39.36153],[22.9328,39.361528],[22.932828,39.36152],[22.932837,39.361516],[22.932845,39.361512],[22.932861,39.361499],[22.932874,39.361486],[22.932891,39.361462],[22.93294,39.36137],[22.932953,39.361375],[22.933162,39.361454],[22.933206,39.36147],[22.933241,39.361484],[22.933315,39.361522],[22.933359,39.361548],[22.933417,39.361582],[22.933469,39.361613],[22.93354,39.361661],[22.933577,39.361686],[22.933617,39.361679],[22.933658,39.361679],[22.933697,39.361687],[22.933733,39.361701],[22.933749,39.361712],[22.933764,39.361721],[22.933775,39.361732],[22.93379,39.361749],[22.933822,39.361752],[22.933854,39.361758],[22.933879,39.361763],[22.933912,39.361772],[22.933949,39.361784],[22.933963,39.36179],[22.934018,39.361811],[22.934077,39.36184],[22.934113,39.361857],[22.934146,39.361871],[22.934192,39.36189],[22.934365,39.361945],[22.934561,39.362007],[22.93458,39.362014],[22.934792,39.362081],[22.935007,39.36215],[22.935072,39.36217],[22.935222,39.362218],[22.935361,39.362262],[22.935437,39.362286],[22.935652,39.362354],[22.93569,39.362366],[22.93575,39.362386],[22.935867,39.362423],[22.936082,39.362491],[22.936105,39.362498],[22.936142,39.362506],[22.936223,39.362518],[22.936289,39.362526],[22.936309,39.362528],[22.936357,39.362532],[22.936398,39.362535],[22.936447,39.362537],[22.936501,39.36254],[22.936541,39.362539],[22.936547,39.362539],[22.936618,39.362537],[22.936643,39.362535],[22.936683,39.362531],[22.936719,39.362526],[22.936768,39.362517],[22.936771,39.362516],[22.936997,39.362472],[22.937029,39.362465],[22.937222,39.362427],[22.937318,39.362409],[22.937448,39.362385],[22.937458,39.362383],[22.937549,39.362368],[22.937563,39.362356],[22.937586,39.362341],[22.93761,39.36233],[22.937633,39.362321],[22.937656,39.362313],[22.937657,39.362313],[22.937687,39.362306],[22.937756,39.362289],[22.93788,39.362265],[22.93793,39.362256],[22.937966,39.362249],[22.938088,39.362215],[22.938093,39.362198],[22.938095,39.362193],[22.938106,39.362171],[22.93812,39.362154],[22.938141,39.362134],[22.938162,39.36212],[22.938188,39.362106],[22.938203,39.362101],[22.938214,39.362097],[22.938244,39.36209],[22.938256,39.362088],[22.938272,39.362087],[22.938304,39.362087],[22.938333,39.362092],[22.938365,39.3621],[22.938395,39.362113],[22.938419,39.362127],[22.938442,39.362146],[22.938452,39.362158],[22.938457,39.362164],[22.93855,39.362173],[22.938648,39.362179],[22.938685,39.362178],[22.938918,39.362177],[22.93915,39.362177],[22.939383,39.362176],[22.939616,39.362175],[22.939848,39.362174],[22.940081,39.362173],[22.940256,39.362172],[22.940313,39.362172],[22.940546,39.362171],[22.940778,39.36217],[22.941011,39.362169],[22.941244,39.362168],[22.941279,39.362168],[22.941326,39.362174],[22.941383,39.36218],[22.941438,39.362184],[22.941475,39.362186],[22.941491,39.362187],[22.941544,39.36219],[22.941591,39.362191],[22.941665,39.362191],[22.941687,39.36219],[22.941708,39.362188],[22.941722,39.362187],[22.941752,39.362184],[22.941776,39.362179],[22.941807,39.362172],[22.941829,39.362166],[22.941846,39.362161],[22.941873,39.362151],[22.941894,39.362137],[22.941917,39.362125],[22.941927,39.362121],[22.941941,39.362116],[22.941967,39.362109],[22.941994,39.362104],[22.942044,39.362062],[22.942062,39.362046],[22.942083,39.362027],[22.942103,39.362005],[22.94211,39.361999],[22.942131,39.361973],[22.942143,39.361959],[22.942166,39.361928],[22.942185,39.361902],[22.942208,39.361871],[22.942225,39.361851],[22.942227,39.361848],[22.942241,39.361833],[22.942257,39.361817],[22.942275,39.361801],[22.942291,39.361787],[22.942319,39.361765],[22.94235,39.361741],[22.942379,39.36172],[22.942389,39.361713],[22.942433,39.361682],[22.942506,39.361629],[22.942559,39.361615],[22.942778,39.361555],[22.94284,39.361539],[22.942998,39.361497],[22.943159,39.361456],[22.943216,39.361439],[22.943218,39.361438],[22.943317,39.361405],[22.943427,39.36136],[22.943554,39.361307],[22.94363,39.361272],[22.943755,39.361215],[22.94383,39.361181],[22.94403,39.361089],[22.944049,39.361081],[22.944225,39.361],[22.94423,39.360998],[22.9443,39.360966],[22.94443,39.360906],[22.944534,39.360858],[22.94463,39.360814],[22.944789,39.360741],[22.94483,39.360722],[22.94499,39.360649],[22.94503,39.36063],[22.94523,39.360538],[22.945287,39.360512],[22.945316,39.360499],[22.94543,39.360446],[22.945622,39.360357],[22.945629,39.360354],[22.945829,39.360261],[22.945883,39.360236],[22.946029,39.36017],[22.946229,39.360078],[22.946269,39.360061],[22.946358,39.360156],[22.946495,39.360302],[22.946631,39.360448],[22.946648,39.360466],[22.946704,39.360525],[22.946768,39.360593],[22.946904,39.360739],[22.947041,39.360884],[22.947177,39.36103],[22.947262,39.36112],[22.947313,39.361176],[22.94745,39.361321],[22.947505,39.36138],[22.947586,39.361467],[22.947657,39.361543],[22.947723,39.361613],[22.947859,39.361758],[22.947994,39.361902],[22.947996,39.361904],[22.948132,39.36205],[22.948269,39.362195],[22.94836,39.362293],[22.948405,39.362341],[22.948542,39.362487],[22.94866,39.362613],[22.948678,39.362632],[22.948814,39.362778],[22.948951,39.362924],[22.949087,39.363069],[22.949224,39.363215],[22.949256,39.36325],[22.94936,39.363361],[22.949497,39.363506],[22.949633,39.363652],[22.94977,39.363797],[22.949847,39.36388],[22.949906,39.363943],[22.950043,39.364089],[22.950179,39.364234],[22.950316,39.36438],[22.950355,39.364423],[22.950384,39.364453],[22.950452,39.364526],[22.950588,39.364671],[22.950725,39.364817],[22.950861,39.364963],[22.9509,39.365004],[22.950998,39.365108],[22.951123,39.365242],[22.951134,39.365254],[22.951271,39.3654],[22.951328,39.365461],[22.951407,39.365545],[22.951544,39.365691],[22.95168,39.365836],[22.951766,39.365928],[22.951817,39.365982],[22.95183,39.365996],[22.951659,39.36609],[22.95147,39.366195],[22.951426,39.366219],[22.95128,39.366299],[22.951091,39.366404],[22.950902,39.366509],[22.950841,39.366542],[22.950724,39.366608],[22.950713,39.366613],[22.950559,39.3667],[22.950525,39.366719],[22.950382,39.366799],[22.950337,39.366825],[22.95015,39.366932],[22.950006,39.367016],[22.949963,39.367039],[22.949775,39.367145],[22.949587,39.367251],[22.949524,39.367286],[22.949399,39.367356],[22.94921,39.367462],[22.949021,39.367567],[22.949018,39.367569],[22.948834,39.367673],[22.948646,39.367779],[22.948576,39.367819],[22.948457,39.367885],[22.948268,39.367989],[22.948079,39.368094],[22.947943,39.368168],[22.947889,39.368198],[22.9477,39.368302],[22.947625,39.368343],[22.94751,39.368406],[22.94732,39.36851],[22.947294,39.368524],[22.947409,39.368652],[22.947541,39.368799],[22.947674,39.368947],[22.947793,39.369079],[22.947807,39.369094],[22.947939,39.369243],[22.94807,39.369391],[22.948202,39.369539],[22.948264,39.369609],[22.948332,39.369688],[22.948462,39.369838],[22.948591,39.369987],[22.948721,39.370137],[22.948789,39.370216],[22.948815,39.370245],[22.948851,39.370286],[22.948982,39.370434],[22.949109,39.37058],[22.949112,39.370583],[22.949249,39.370729],[22.94932,39.370805],[22.949386,39.370874],[22.949474,39.370968],[22.949522,39.37102],[22.94966,39.371165],[22.949662,39.371167],[22.949792,39.371311],[22.949793,39.371312],[22.949834,39.37135],[22.949873,39.371383],[22.949911,39.371413],[22.94995,39.371441],[22.949953,39.371443],[22.949992,39.37147],[22.950039,39.371499],[22.950103,39.371537],[22.950135,39.371555],[22.950181,39.37158],[22.950252,39.371618],[22.950312,39.371647],[22.950328,39.371654],[22.950376,39.371676],[22.950442,39.371702],[22.950511,39.371724],[22.950537,39.371733],[22.950753,39.3718],[22.950808,39.371817],[22.950971,39.371862],[22.951191,39.371921],[22.951261,39.37194],[22.95141,39.371981],[22.951469,39.371997],[22.951337,39.37208],[22.951157,39.372193],[22.950982,39.372304],[22.950976,39.372307],[22.950793,39.372418],[22.95061,39.372529],[22.950427,39.37264],[22.950322,39.372704],[22.950244,39.372751],[22.950061,39.372862],[22.949877,39.372972],[22.949694,39.373083],[22.94951,39.373193],[22.949368,39.373279],[22.949327,39.373304],[22.949303,39.373318],[22.94922,39.373367],[22.949142,39.373413],[22.948982,39.373507],[22.948957,39.373522],[22.948772,39.373631],[22.948746,39.373646],[22.948586,39.373739],[22.9484,39.373847],[22.948214,39.373954],[22.94821,39.373957],[22.948029,39.374064],[22.947926,39.374125],[22.947843,39.374172],[22.947654,39.374277],[22.94755,39.374336],[22.947469,39.374385],[22.947287,39.374498],[22.947105,39.37461],[22.947029,39.374657],[22.946971,39.374691],[22.946918,39.374715],[22.946732,39.374799],[22.946717,39.374805],[22.9467,39.374811],[22.946657,39.374827],[22.946512,39.374889],[22.946309,39.374976],[22.946105,39.375064],[22.945902,39.375151],[22.945699,39.375238],[22.945496,39.375326],[22.945326,39.375399],[22.945292,39.375413],[22.945088,39.3755],[22.944884,39.375586],[22.94468,39.375672],[22.944476,39.375759],[22.944306,39.375831],[22.944273,39.375845],[22.944069,39.375932],[22.943967,39.375975],[22.943865,39.376019],[22.943791,39.37605],[22.94366,39.376104],[22.943455,39.376189],[22.943326,39.376243],[22.94325,39.376274],[22.94308,39.376346],[22.943046,39.376361],[22.942844,39.376449],[22.942802,39.376468],[22.942704,39.376509],[22.942641,39.376538],[22.942621,39.376547],[22.942523,39.376591],[22.942457,39.376627],[22.942445,39.376634],[22.942408,39.376656],[22.942346,39.376694],[22.942301,39.376723],[22.942278,39.376739],[22.942267,39.376749],[22.942248,39.376765],[22.942218,39.376793],[22.942187,39.376824],[22.942153,39.376863],[22.942128,39.376893],[22.942054,39.376981],[22.942,39.377043],[22.941985,39.37706],[22.941876,39.377195],[22.941764,39.377334],[22.941753,39.377348],[22.94169,39.377425],[22.94163,39.3775],[22.941508,39.377653],[22.941386,39.377807],[22.941366,39.377832],[22.941273,39.377964],[22.941162,39.378122],[22.941051,39.37828],[22.94103,39.378309],[22.940941,39.378439],[22.940858,39.378559],[22.940832,39.378598],[22.940725,39.378757],[22.940719,39.378766],[22.940619,39.378917],[22.940597,39.37895],[22.940553,39.379019],[22.94052,39.37908],[22.940431,39.379246],[22.940421,39.379264],[22.940378,39.379333],[22.940341,39.379412],[22.940299,39.379499],[22.940262,39.379581],[22.940257,39.37959],[22.940185,39.379751],[22.940133,39.379867],[22.940111,39.379921],[22.94004,39.380093],[22.93997,39.380264],[22.939931,39.38036],[22.9399,39.380435],[22.939865,39.380521],[22.939835,39.380608],[22.939774,39.380782],[22.93977,39.380795],[22.939727,39.380889],[22.939723,39.380906],[22.939719,39.380955],[22.939712,39.38105],[22.93971,39.3811],[22.93971,39.381134],[22.93971,39.381135],[22.939711,39.381171],[22.939713,39.381206],[22.939723,39.381287],[22.939726,39.381314],[22.939732,39.381365],[22.939738,39.381395],[22.939762,39.381492],[22.939767,39.381511],[22.93981,39.381668],[22.939859,39.381844],[22.939894,39.381973],[22.939905,39.38202],[22.939929,39.382129],[22.939943,39.382197],[22.939971,39.38233],[22.939979,39.382375],[22.939997,39.382463],[22.939998,39.382494],[22.940001,39.382554],[22.940002,39.382589],[22.939998,39.382697],[22.939994,39.382733],[22.939986,39.382837],[22.93997,39.382912],[22.939962,39.382949],[22.939928,39.383089],[22.939926,39.383096],[22.939916,39.38312],[22.93987,39.383263],[22.939862,39.383287],[22.939823,39.3834],[22.939809,39.383436],[22.939742,39.383609],[22.939674,39.383781],[22.939667,39.3838],[22.939611,39.383954],[22.939548,39.384127],[22.939504,39.384249],[22.939444,39.384223],[22.939398,39.384202],[22.939242,39.384134],[22.939039,39.384046],[22.938836,39.383958],[22.938633,39.38387],[22.93853,39.383826],[22.938429,39.383784],[22.9384,39.383773],[22.938221,39.383703],[22.938014,39.383622],[22.937806,39.38354],[22.937773,39.383527],[22.937645,39.383477],[22.937599,39.383458],[22.937492,39.383415],[22.937396,39.383372],[22.937337,39.383345],[22.937201,39.383276],[22.937199,39.383275],[22.937101,39.383223],[22.937006,39.383175],[22.936903,39.383122],[22.936816,39.383072],[22.936628,39.382965],[22.936472,39.382876],[22.936442,39.382858],[22.936397,39.38283],[22.936255,39.38275],[22.936067,39.382645],[22.935879,39.382539],[22.935691,39.382433],[22.935503,39.382327],[22.935489,39.382319],[22.935431,39.382286],[22.935318,39.382218],[22.93523,39.382164],[22.935136,39.382106],[22.934954,39.381994],[22.934874,39.381946],[22.934769,39.381885],[22.934583,39.381778],[22.934422,39.381685],[22.93441,39.381708],[22.934376,39.381771],[22.934317,39.381873],[22.934281,39.381937],[22.934237,39.382014],[22.934222,39.382037],[22.934211,39.382056],[22.934129,39.382184],[22.934119,39.382199],[22.934009,39.382357],[22.933899,39.382515],[22.933789,39.382674],[22.933679,39.382832],[22.933587,39.382965],[22.933569,39.382991],[22.933459,39.383149],[22.933358,39.383295],[22.933349,39.383308],[22.933312,39.383362],[22.933253,39.383448],[22.933232,39.383435],[22.933052,39.38332],[22.932929,39.383242],[22.932874,39.383205],[22.932697,39.383088],[22.932519,39.382972],[22.932342,39.382855],[22.932262,39.382803],[22.932164,39.382739],[22.931986,39.382624],[22.931908,39.382574],[22.931807,39.382509],[22.931627,39.382396],[22.931571,39.38236],[22.931446,39.382282],[22.931266,39.382168],[22.931117,39.382074],[22.931086,39.382055],[22.930949,39.381973],[22.930901,39.381946],[22.930869,39.381928],[22.930794,39.381886],[22.930707,39.381847],[22.930655,39.381823],[22.930505,39.381757],[22.930501,39.381755],[22.930303,39.381669],[22.930302,39.381668],[22.930231,39.381638],[22.930161,39.381609],[22.930098,39.381583],[22.930023,39.381552],[22.929902,39.381508],[22.92989,39.381504],[22.929744,39.381453],[22.929678,39.381429],[22.929529,39.381377],[22.929466,39.381355],[22.929254,39.381282],[22.929165,39.381251],[22.92904,39.38121],[22.928842,39.381145],[22.928826,39.38114],[22.928693,39.381097],[22.92861,39.381073],[22.928455,39.381029],[22.928392,39.381012],[22.928173,39.380951],[22.928028,39.380911],[22.927954,39.38089],[22.927735,39.380829],[22.927676,39.380812],[22.927539,39.380774],[22.927516,39.380768],[22.927391,39.380732],[22.927299,39.380704],[22.927281,39.380698],[22.927216,39.380678],[22.927152,39.380655],[22.927087,39.38063],[22.927076,39.380626],[22.927004,39.380598],[22.926929,39.380567],[22.926879,39.38055],[22.926825,39.380531],[22.926683,39.380508],[22.926664,39.380505],[22.92659,39.380491],[22.926487,39.380481],[22.926479,39.380485],[22.926463,39.380492],[22.926439,39.380499],[22.926372,39.380537],[22.926288,39.380595],[22.926274,39.380605],[22.926103,39.380698],[22.926086,39.380707],[22.925992,39.380763],[22.925919,39.380807],[22.925884,39.380828],[22.925734,39.380915],[22.925602,39.380992],[22.925547,39.381022],[22.925449,39.381076],[22.925356,39.381125],[22.925163,39.381225],[22.925053,39.381282],[22.92497,39.381325],[22.92494,39.381341],[22.924783,39.381422],[22.924777,39.381425],[22.924757,39.381435],[22.924584,39.381526],[22.924419,39.381613],[22.924392,39.381628],[22.9242,39.381729],[22.924021,39.381822],[22.924007,39.38183],[22.923961,39.381854],[22.923815,39.381931],[22.923623,39.382032],[22.92343,39.382133],[22.92329,39.382207],[22.923238,39.382234],[22.923119,39.382297],[22.923046,39.382336],[22.922853,39.382437],[22.922688,39.382523],[22.922661,39.382538],[22.922639,39.382549],[22.922468,39.382639],[22.922275,39.382739],[22.922083,39.38284],[22.921943,39.382913],[22.921906,39.382932],[22.92189,39.38294],[22.921697,39.38304],[22.921503,39.383141],[22.92131,39.383241],[22.921302,39.383245],[22.921117,39.383341],[22.920924,39.383441],[22.920731,39.383541],[22.920614,39.383602],[22.92056,39.38363],[22.920537,39.383641],[22.92034,39.383737],[22.920154,39.383827],[22.920143,39.383832],[22.920075,39.383868],[22.91995,39.383932],[22.919757,39.384032],[22.919563,39.384132],[22.91937,39.384233],[22.919177,39.384333],[22.918983,39.384433],[22.91879,39.384533],[22.918618,39.384622],[22.918597,39.384633],[22.918404,39.384733],[22.91821,39.384833],[22.918017,39.384933],[22.917824,39.385033],[22.91763,39.385133],[22.917489,39.385206],[22.917437,39.385233],[22.917244,39.385333],[22.917063,39.385426],[22.91705,39.385433],[22.916892,39.385514],[22.916859,39.385535],[22.916679,39.385649],[22.916554,39.385728],[22.916495,39.385758],[22.916299,39.385856],[22.916201,39.385905],[22.916106,39.385956],[22.916008,39.386008],[22.915917,39.386061],[22.915891,39.386076],[22.915824,39.38612],[22.915736,39.386173],[22.915654,39.386222],[22.915613,39.386249],[22.915554,39.386285],[22.915515,39.386309],[22.9154,39.386379],[22.915371,39.386396],[22.915319,39.386428],[22.915189,39.386508],[22.915146,39.386534],[22.915088,39.386552],[22.915021,39.386568],[22.914976,39.386573],[22.914967,39.386574],[22.914857,39.386589],[22.914748,39.386609],[22.9147,39.386618],[22.914619,39.386639],[22.914529,39.386668],[22.914478,39.386685],[22.914314,39.386736],[22.914244,39.386758],[22.9141,39.386807],[22.913955,39.386857],[22.913886,39.386877],[22.913667,39.386938],[22.913607,39.386955],[22.913565,39.386969],[22.913494,39.386994],[22.913455,39.387011],[22.913402,39.387034],[22.913365,39.387049],[22.913325,39.387066],[22.913283,39.387095],[22.913273,39.387103],[22.913262,39.387109],[22.913254,39.387115],[22.913229,39.387127],[22.913191,39.387142],[22.913148,39.387154],[22.91308,39.387164],[22.913045,39.387167],[22.913015,39.38717],[22.912839,39.38718],[22.912814,39.387181],[22.912736,39.387183],[22.912667,39.387187],[22.912582,39.387195],[22.912581,39.387196],[22.912491,39.387209],[22.912383,39.387231],[22.912356,39.387237],[22.912133,39.387288],[22.912021,39.387314],[22.911911,39.387342],[22.91169,39.387399],[22.911539,39.387438],[22.91147,39.387457],[22.911251,39.387517],[22.911031,39.387576],[22.910812,39.387636],[22.910617,39.387689],[22.910592,39.387696],[22.910373,39.387756],[22.910302,39.387775],[22.910154,39.387814],[22.910099,39.387829],[22.910032,39.387849],[22.909981,39.387866],[22.909936,39.387883],[22.909932,39.387884],[22.909889,39.387904],[22.90985,39.387923],[22.9098,39.387953],[22.909745,39.38799],[22.909744,39.387991],[22.90969,39.388035],[22.909644,39.388076],[22.909607,39.388115],[22.909592,39.38813],[22.909556,39.388168],[22.909504,39.388225],[22.909461,39.388278],[22.909459,39.388281],[22.90941,39.388348],[22.909367,39.388413],[22.909355,39.38844],[22.909352,39.38845],[22.909342,39.388474],[22.909338,39.388509],[22.909339,39.388532],[22.909349,39.388563],[22.909362,39.388591],[22.909374,39.388604],[22.909381,39.388611],[22.909408,39.388634],[22.909436,39.388648],[22.909469,39.388661],[22.909504,39.388667],[22.909551,39.388675],[22.909558,39.388676],[22.909638,39.388683],[22.909706,39.388685],[22.909771,39.388693],[22.909787,39.388694],[22.909829,39.388699],[22.909868,39.388706],[22.909913,39.388718],[22.909949,39.388735],[22.909984,39.388756],[22.909995,39.388766],[22.910017,39.388786],[22.91004,39.388818],[22.910061,39.388855],[22.910077,39.388888],[22.910088,39.388917],[22.910092,39.388929],[22.910098,39.388951],[22.910103,39.388989],[22.9101,39.389045],[22.910092,39.389096],[22.91009,39.389106],[22.910075,39.38918],[22.910056,39.389259],[22.910049,39.389283],[22.910038,39.389322],[22.909996,39.389458],[22.909976,39.389524],[22.909927,39.38963],[22.909925,39.389634],[22.909893,39.389675],[22.909867,39.389699],[22.909833,39.389725],[22.909804,39.389744],[22.909777,39.389761],[22.909774,39.389762],[22.909728,39.38979],[22.909583,39.389865],[22.909534,39.38989],[22.909392,39.389968],[22.9093,39.390019],[22.909206,39.390075],[22.909162,39.390101],[22.909096,39.390145],[22.90903,39.390191],[22.909028,39.390192],[22.908981,39.390226],[22.908938,39.39026],[22.908904,39.390291],[22.90887,39.390327],[22.90887,39.390328],[22.908845,39.390358],[22.908822,39.390408],[22.908814,39.390432],[22.908807,39.390463],[22.908801,39.3905],[22.908801,39.390502],[22.908795,39.390582],[22.908792,39.390659],[22.908792,39.390679],[22.908793,39.390713],[22.908797,39.390774],[22.908802,39.390836],[22.908805,39.390858],[22.908813,39.390902],[22.908827,39.390972],[22.908846,39.391032],[22.908847,39.391035],[22.908909,39.391166],[22.908925,39.391204],[22.908931,39.391217],[22.908946,39.391258],[22.908958,39.391301],[22.908968,39.391345],[22.908971,39.39138],[22.908973,39.391392],[22.908971,39.391434],[22.908962,39.391488],[22.90895,39.391531],[22.908943,39.391548],[22.908937,39.391557],[22.908932,39.391567],[22.908913,39.391589],[22.908895,39.391607],[22.908875,39.391621],[22.908848,39.391634],[22.908814,39.391645],[22.908776,39.391656],[22.908771,39.391657],[22.908744,39.391662],[22.908708,39.391666],[22.908675,39.391668],[22.9086,39.391677],[22.908551,39.391688],[22.908545,39.39169],[22.908519,39.391699],[22.908491,39.391715],[22.908467,39.391735],[22.908358,39.391687]]},"properties":{"line":"9","dir":"Τέρμα Μελισσάτικα","headsign":"Τέρμα Μελισσάτικα","mode":"bus","color":"#0059a9"}},{"type":"Feature","geometry":{"type":"LineString","coordinates":[[22.891679,39.376594],[22.891549,39.376592],[22.891447,39.376596],[22.89144,39.376597],[22.891293,39.376614],[22.891226,39.376632],[22.891221,39.376634],[22.89118,39.37665],[22.891105,39.376695],[22.891051,39.376736],[22.891043,39.376744],[22.89101,39.376777],[22.890967,39.376826],[22.890921,39.376896],[22.890917,39.376901],[22.890882,39.376974],[22.890863,39.377035],[22.890855,39.377068],[22.890838,39.377141],[22.890832,39.377247],[22.890832,39.377249],[22.890833,39.377336],[22.89085,39.377405],[22.890859,39.377424],[22.890942,39.377592],[22.890951,39.377609],[22.891034,39.377757],[22.891085,39.377848],[22.89111,39.377903],[22.891115,39.377925],[22.891116,39.377927],[22.891114,39.377951],[22.891108,39.377971],[22.891096,39.377995],[22.891071,39.37802],[22.891045,39.378036],[22.891017,39.378048],[22.89099,39.378057],[22.890985,39.378058],[22.890945,39.378066],[22.890889,39.378075],[22.890758,39.378097],[22.890638,39.378117],[22.890558,39.378125],[22.890527,39.378125],[22.89048,39.378127],[22.890417,39.378123],[22.890354,39.378113],[22.890297,39.378102],[22.89028,39.378099],[22.890203,39.378067],[22.890131,39.378018],[22.890113,39.377997],[22.890064,39.377939],[22.889995,39.377843],[22.889882,39.377685],[22.88977,39.377528],[22.889699,39.377428],[22.889656,39.377371],[22.88954,39.377215],[22.889537,39.377212],[22.889454,39.377101],[22.88942,39.377061],[22.889383,39.377018],[22.889317,39.376955],[22.889274,39.376924],[22.889251,39.376907],[22.889187,39.376886],[22.889128,39.376879],[22.889064,39.376871],[22.889039,39.376868],[22.888919,39.37687],[22.888827,39.376881],[22.888657,39.376902],[22.888596,39.376912],[22.888369,39.376949],[22.888141,39.376986],[22.887913,39.377023],[22.887686,39.37706],[22.887458,39.377097],[22.88733,39.377118],[22.887231,39.377141],[22.887194,39.37715],[22.887025,39.3772],[22.887011,39.377206],[22.886881,39.377263],[22.886816,39.377303],[22.886782,39.377323],[22.886699,39.377377],[22.886632,39.377413],[22.886527,39.377468],[22.886434,39.377506],[22.886249,39.377581],[22.886227,39.377588],[22.886016,39.377663],[22.885957,39.377684],[22.885804,39.377737],[22.885592,39.377812],[22.885381,39.377886],[22.885169,39.377961],[22.884957,39.378035],[22.884745,39.37811],[22.884534,39.378184],[22.884322,39.378259],[22.88411,39.378333],[22.883899,39.378408],[22.883878,39.378415],[22.883796,39.37844],[22.883699,39.378463],[22.883675,39.378462],[22.883616,39.37846],[22.883563,39.378457],[22.883533,39.378453],[22.883498,39.378447],[22.883448,39.378431],[22.883395,39.378414],[22.883235,39.378359],[22.883209,39.37835],[22.883028,39.378277],[22.882822,39.378194],[22.882783,39.378179],[22.882614,39.378113],[22.882407,39.378032],[22.882199,39.37795],[22.881992,39.377869],[22.881784,39.377788],[22.881577,39.377707],[22.881577,39.377707],[22.881364,39.377634],[22.881152,39.37756],[22.881001,39.377509],[22.880939,39.377487],[22.880814,39.377444],[22.880728,39.377413],[22.880632,39.377378],[22.880519,39.377333],[22.880332,39.377259],[22.880317,39.377251],[22.8802,39.377185],[22.880136,39.377139],[22.880087,39.377104],[22.879976,39.377008],[22.879962,39.376996],[22.879904,39.37694],[22.87984,39.376862],[22.87982,39.376871],[22.87984,39.376862],[22.879934,39.37683],[22.880026,39.376801],[22.880241,39.376734],[22.880255,39.37673],[22.880466,39.376689],[22.880501,39.376682],[22.880692,39.376649],[22.880728,39.376642],[22.880843,39.376627],[22.880922,39.376619],[22.880936,39.376618],[22.881057,39.37661],[22.881154,39.376608],[22.881177,39.376608],[22.8813,39.37661],[22.881386,39.376616],[22.88141,39.376617],[22.881507,39.376627],[22.881616,39.376641],[22.881621,39.376642],[22.881751,39.376657],[22.881844,39.376676],[22.881957,39.3767],[22.882066,39.376729],[22.882211,39.376767],[22.882285,39.37679],[22.882372,39.376817],[22.882502,39.376854],[22.88272,39.376917],[22.882855,39.376956],[22.882938,39.37698],[22.883156,39.377042],[22.883374,39.377105],[22.883592,39.377168],[22.883704,39.3772],[22.883811,39.377228],[22.883847,39.377238],[22.884006,39.377264],[22.884037,39.377268],[22.884187,39.377289],[22.884267,39.377296],[22.884289,39.377297],[22.884467,39.377303],[22.884499,39.377302],[22.884648,39.377294],[22.884731,39.377287],[22.884772,39.377283],[22.884961,39.377258],[22.884983,39.377255],[22.88519,39.377238],[22.885291,39.37723],[22.885422,39.377209],[22.885649,39.377173],[22.885877,39.377138],[22.886105,39.377102],[22.886333,39.377066],[22.886561,39.37703],[22.886789,39.376994],[22.887016,39.376959],[22.887244,39.376923],[22.887472,39.376887],[22.8877,39.376851],[22.887928,39.376815],[22.888156,39.37678],[22.888384,39.376744],[22.888612,39.376708],[22.88884,39.376672],[22.889068,39.376636],[22.889296,39.376601],[22.889524,39.376565],[22.889752,39.376529],[22.88998,39.376493],[22.890076,39.376478],[22.890207,39.376457],[22.890435,39.37642],[22.890662,39.376383],[22.89089,39.376345],[22.891118,39.376308],[22.891345,39.376271],[22.891573,39.376234],[22.8918,39.376197],[22.892028,39.37616],[22.892256,39.376123],[22.892483,39.376086],[22.892485,39.376086],[22.892711,39.376049],[22.892939,39.376012],[22.893166,39.375975],[22.893394,39.375939],[22.893622,39.375902],[22.893849,39.375865],[22.894031,39.375836],[22.894077,39.375828],[22.894304,39.375789],[22.894531,39.375751],[22.894758,39.375712],[22.894985,39.375673],[22.895213,39.375635],[22.89544,39.375596],[22.895667,39.375558],[22.895894,39.375519],[22.896121,39.37548],[22.896312,39.375448],[22.896348,39.375441],[22.896574,39.375398],[22.8968,39.375356],[22.897026,39.375313],[22.897252,39.375271],[22.897354,39.375252],[22.897477,39.375225],[22.897701,39.375178],[22.897925,39.37513],[22.89815,39.375083],[22.898374,39.375035],[22.898405,39.375029],[22.8986,39.374992],[22.898826,39.374949],[22.899052,39.374906],[22.899278,39.374864],[22.899503,39.374821],[22.899729,39.374778],[22.899955,39.374735],[22.900181,39.374692],[22.900407,39.37465],[22.900633,39.374607],[22.900859,39.374564],[22.901085,39.374521],[22.901311,39.374478],[22.901536,39.374436],[22.901762,39.374393],[22.901988,39.37435],[22.902214,39.374307],[22.90244,39.374265],[22.902666,39.374222],[22.902892,39.374179],[22.903118,39.374136],[22.903344,39.374093],[22.90357,39.374051],[22.903651,39.374035],[22.903796,39.374009],[22.904023,39.373969],[22.904249,39.373929],[22.904476,39.373889],[22.904703,39.373848],[22.904929,39.373808],[22.905156,39.373766],[22.905382,39.373725],[22.905608,39.373683],[22.905834,39.373641],[22.906061,39.3736],[22.906287,39.373558],[22.906513,39.373516],[22.906739,39.373474],[22.906966,39.373433],[22.90701,39.373425],[22.907191,39.373387],[22.907393,39.373346],[22.907415,39.373341],[22.90764,39.373293],[22.907795,39.373261],[22.907863,39.373244],[22.908085,39.37319],[22.908307,39.373137],[22.908313,39.373135],[22.908525,39.373075],[22.908606,39.373053],[22.908741,39.37301],[22.90886,39.372973],[22.908956,39.372943],[22.909156,39.372879],[22.90917,39.372874],[22.909384,39.372803],[22.909521,39.372757],[22.909588,39.372733],[22.909596,39.37273],[22.909688,39.372697],[22.909806,39.372654],[22.909848,39.372639],[22.910015,39.372575],[22.910059,39.372559],[22.910224,39.372496],[22.910343,39.372451],[22.910432,39.372417],[22.910486,39.372397],[22.910639,39.372335],[22.910845,39.372252],[22.910903,39.372228],[22.91105,39.372168],[22.911256,39.372084],[22.911267,39.37208],[22.911465,39.372003],[22.911629,39.37194],[22.911673,39.371923],[22.911879,39.371845],[22.911882,39.371844],[22.912002,39.3718],[22.912091,39.371765],[22.912298,39.371684],[22.912506,39.371603],[22.912714,39.371522],[22.912921,39.371441],[22.913129,39.37136],[22.913337,39.371279],[22.913544,39.371198],[22.913715,39.371132],[22.913752,39.371117],[22.913958,39.371034],[22.914035,39.371004],[22.914165,39.370951],[22.914371,39.370868],[22.914407,39.370853],[22.914577,39.370785],[22.914625,39.370765],[22.914698,39.370735],[22.914782,39.3707],[22.914988,39.370616],[22.915193,39.370532],[22.915399,39.370447],[22.915604,39.370363],[22.91581,39.370279],[22.916015,39.370195],[22.916025,39.370191],[22.91622,39.370109],[22.916327,39.370064],[22.916425,39.370025],[22.916632,39.369943],[22.916839,39.36986],[22.917046,39.369778],[22.917252,39.369695],[22.917408,39.369634],[22.917459,39.369612],[22.917664,39.369527],[22.917869,39.369442],[22.918011,39.369384],[22.918071,39.369355],[22.918269,39.369261],[22.918296,39.369249],[22.918467,39.369167],[22.918515,39.369145],[22.918665,39.369073],[22.918781,39.369017],[22.918863,39.368978],[22.918913,39.368954],[22.919054,39.368878],[22.91923,39.368783],[22.919245,39.368776],[22.919436,39.368673],[22.919515,39.368631],[22.919627,39.36857],[22.919818,39.368468],[22.92001,39.368366],[22.920201,39.368264],[22.920273,39.368225],[22.920391,39.36816],[22.920579,39.368055],[22.920768,39.36795],[22.92091,39.367871],[22.920958,39.367846],[22.920978,39.367835],[22.921149,39.367744],[22.921341,39.367642],[22.921533,39.36754],[22.921636,39.367486],[22.921725,39.367438],[22.921917,39.367337],[22.92202,39.367282],[22.922108,39.367235],[22.9223,39.367133],[22.922406,39.367077],[22.922492,39.367031],[22.922684,39.36693],[22.922702,39.36692],[22.922755,39.366891],[22.922824,39.366851],[22.922848,39.366836],[22.922868,39.366821],[22.922876,39.366815],[22.922899,39.366795],[22.92292,39.366772],[22.922936,39.366754],[22.922965,39.366719],[22.922982,39.3667],[22.923002,39.366683],[22.923009,39.366679],[22.923025,39.366669],[22.92305,39.366657],[22.923077,39.366648],[22.923105,39.366642],[22.923134,39.36664],[22.923156,39.36664],[22.923178,39.366642],[22.92322,39.36663],[22.923226,39.366628],[22.92325,39.36662],[22.923313,39.366591],[22.923367,39.366563],[22.923424,39.366534],[22.923487,39.366503],[22.92362,39.366437],[22.923643,39.366426],[22.923744,39.36637],[22.923812,39.366335],[22.924005,39.366235],[22.924198,39.366135],[22.924391,39.366035],[22.924585,39.365935],[22.924778,39.365835],[22.924971,39.365735],[22.925108,39.365664],[22.925166,39.365636],[22.925363,39.365541],[22.925451,39.365498],[22.925562,39.365447],[22.92571,39.365379],[22.92576,39.365357],[22.925762,39.365356],[22.925962,39.365264],[22.926077,39.365211],[22.926162,39.365172],[22.926362,39.365081],[22.926562,39.364989],[22.926604,39.364969],[22.926763,39.364898],[22.926964,39.364808],[22.927165,39.364718],[22.927367,39.364627],[22.927407,39.364609],[22.927568,39.364537],[22.927673,39.36449],[22.927769,39.364447],[22.92797,39.364357],[22.928171,39.364266],[22.928372,39.364176],[22.928537,39.364102],[22.928573,39.364086],[22.928775,39.363996],[22.928976,39.363905],[22.929177,39.363815],[22.929378,39.363725],[22.929579,39.363635],[22.929651,39.363602],[22.929742,39.363561],[22.92978,39.363544],[22.929921,39.363481],[22.929981,39.363453],[22.930181,39.363361],[22.93038,39.363268],[22.93042,39.36325],[22.930568,39.363187],[22.930584,39.363182],[22.930731,39.363129],[22.930786,39.363103],[22.930792,39.3631],[22.93091,39.363038],[22.930956,39.363008],[22.930953,39.362987],[22.930956,39.362965],[22.930962,39.362944],[22.930974,39.362925],[22.930989,39.362907],[22.931008,39.362891],[22.93103,39.362878],[22.931054,39.362868],[22.93108,39.362861],[22.931108,39.362857],[22.931135,39.362857],[22.931163,39.362861],[22.931189,39.362868],[22.931215,39.362879],[22.931236,39.362892],[22.931288,39.362883],[22.931342,39.362869],[22.931406,39.362846],[22.931412,39.362843],[22.93161,39.362758],[22.931703,39.362718],[22.931811,39.362669],[22.931865,39.362644],[22.931868,39.362569],[22.931876,39.362513],[22.931885,39.362445],[22.931904,39.362392],[22.931931,39.362339],[22.932014,39.362171],[22.932098,39.362003],[22.932182,39.361836],[22.932194,39.361812],[22.932265,39.361668],[22.932347,39.361499],[22.932367,39.36146],[22.932432,39.361481],[22.932494,39.361498],[22.932534,39.361506],[22.932553,39.36151],[22.932609,39.36152]]},"properties":{"line":"11","dir":"Κεντρική Αφετηρία","headsign":"Κεντρική Αφετηρία","mode":"bus","color":"#0059a9"}},{"type":"Feature","geometry":{"type":"LineString","coordinates":[[22.932609,39.36152],[22.932656,39.361527],[22.932702,39.36153],[22.932754,39.361532],[22.93278,39.36153],[22.9328,39.361528],[22.932828,39.36152],[22.932837,39.361516],[22.932845,39.361512],[22.932861,39.361499],[22.932874,39.361486],[22.932891,39.361462],[22.93294,39.36137],[22.932953,39.361375],[22.933162,39.361454],[22.933206,39.36147],[22.933241,39.361484],[22.933315,39.361522],[22.933359,39.361548],[22.933417,39.361582],[22.933469,39.361613],[22.93354,39.361661],[22.933577,39.361686],[22.933617,39.361679],[22.933658,39.361679],[22.933697,39.361687],[22.933733,39.361701],[22.933749,39.361712],[22.933764,39.361721],[22.933775,39.361732],[22.93379,39.361749],[22.933801,39.36177],[22.93381,39.361799],[22.93381,39.361828],[22.933802,39.361857],[22.933791,39.361874],[22.933782,39.361888],[22.93377,39.361901],[22.933754,39.361914],[22.933728,39.361929],[22.933698,39.361941],[22.933618,39.361977],[22.933609,39.361981],[22.933536,39.362014],[22.933482,39.362039],[22.93341,39.362073],[22.933393,39.362082],[22.933282,39.362132],[22.933208,39.362163],[22.933109,39.362206],[22.933005,39.36225],[22.932802,39.362338],[22.932598,39.362425],[22.932395,39.362512],[22.93239,39.362514],[22.932193,39.362602],[22.931992,39.362691],[22.931814,39.36277],[22.931789,39.36278],[22.931671,39.362824],[22.931582,39.362861],[22.931432,39.362924],[22.931391,39.362942],[22.931377,39.36295],[22.931337,39.362972],[22.931286,39.363011],[22.931278,39.363032],[22.931266,39.363051],[22.93125,39.363069],[22.931231,39.363084],[22.931223,39.363089],[22.931208,39.363097],[22.931183,39.363107],[22.931162,39.363112],[22.931139,39.363115],[22.931118,39.363116],[22.931096,39.363115],[22.931075,39.363111],[22.931029,39.363125],[22.930985,39.36314],[22.930859,39.363193],[22.930781,39.363228],[22.930581,39.36332],[22.93038,39.363411],[22.930267,39.363463],[22.930214,39.363487],[22.93018,39.363502],[22.930091,39.363542],[22.930009,39.363579],[22.929979,39.363593],[22.929816,39.363666],[22.929777,39.363682],[22.929576,39.363772],[22.929421,39.363841],[22.929374,39.363862],[22.929173,39.363952],[22.928971,39.364041],[22.928769,39.364131],[22.928717,39.364154],[22.928632,39.364192],[22.928568,39.364221],[22.928366,39.36431],[22.928165,39.3644],[22.927963,39.36449],[22.927762,39.36458],[22.927739,39.36459],[22.92756,39.364669],[22.927359,39.364759],[22.927338,39.364768],[22.927157,39.364849],[22.926955,39.364938],[22.926754,39.365028],[22.926599,39.365097],[22.926552,39.365118],[22.926351,39.365208],[22.926149,39.365297],[22.925947,39.365387],[22.925771,39.365465],[22.925746,39.365477],[22.925546,39.365568],[22.925521,39.365579],[22.925348,39.365663],[22.925152,39.365757],[22.925151,39.365758],[22.924952,39.365852],[22.924754,39.365946],[22.924693,39.365975],[22.92456,39.366045],[22.924368,39.366147],[22.924192,39.366241],[22.924177,39.366249],[22.923986,39.366352],[22.923796,39.366455],[22.923605,39.366558],[22.923537,39.366595],[22.923507,39.366613],[22.923478,39.366632],[22.923442,39.366658],[22.923426,39.366672],[22.923415,39.366682],[22.923395,39.366703],[22.923375,39.366727],[22.923362,39.366745],[22.923351,39.366765],[22.923355,39.366783],[22.923356,39.366802],[22.923355,39.366821],[22.923352,39.366832],[22.923352,39.366834],[22.923349,39.366844],[22.92334,39.366866],[22.923326,39.366886],[22.923309,39.366905],[22.923288,39.366922],[22.923265,39.366937],[22.923239,39.366948],[22.923211,39.366957],[22.923201,39.366959],[22.923182,39.366963],[22.923152,39.366965],[22.923122,39.366964],[22.923092,39.36696],[22.923017,39.366958],[22.922973,39.36696],[22.92297,39.36696],[22.922922,39.366964],[22.922891,39.366968],[22.922861,39.366975],[22.922811,39.366992],[22.92278,39.367004],[22.922756,39.367016],[22.922753,39.367018],[22.922649,39.367073],[22.922563,39.367121],[22.922501,39.367157],[22.922373,39.367225],[22.922181,39.367327],[22.92199,39.367429],[22.921798,39.367531],[22.921655,39.367607],[22.921647,39.367612],[22.921607,39.367634],[22.921418,39.367738],[22.921326,39.367788],[22.921259,39.367826],[22.921228,39.367842],[22.921044,39.36794],[22.921036,39.367944],[22.920939,39.367998],[22.920847,39.368049],[22.920658,39.368153],[22.920468,39.368257],[22.920279,39.368361],[22.920089,39.368465],[22.919899,39.36857],[22.91971,39.368674],[22.919608,39.36873],[22.919519,39.368777],[22.919373,39.368856],[22.919329,39.368879],[22.919328,39.368879],[22.919134,39.368979],[22.918981,39.369058],[22.91894,39.369077],[22.918743,39.369173],[22.918624,39.36923],[22.918544,39.369266],[22.918342,39.369356],[22.918277,39.369385],[22.918246,39.369399],[22.918177,39.369426],[22.918139,39.369443],[22.917936,39.369531],[22.917733,39.369618],[22.917586,39.369682],[22.917529,39.369705],[22.917323,39.369789],[22.91727,39.369811],[22.917118,39.369873],[22.916912,39.369957],[22.916711,39.370039],[22.916706,39.370041],[22.916501,39.370125],[22.916425,39.370157],[22.916296,39.37021],[22.91609,39.370295],[22.915885,39.370379],[22.915736,39.370441],[22.91568,39.370464],[22.915591,39.3705],[22.915474,39.370548],[22.915269,39.370632],[22.915234,39.370647],[22.915063,39.370717],[22.914858,39.370801],[22.914652,39.370885],[22.914567,39.37092],[22.914447,39.37097],[22.914242,39.371054],[22.914169,39.371084],[22.914036,39.371138],[22.913831,39.371223],[22.913625,39.371307],[22.91342,39.371391],[22.913214,39.371475],[22.913185,39.371488],[22.913007,39.371557],[22.912976,39.371569],[22.912799,39.371638],[22.912591,39.371719],[22.912474,39.371764],[22.912412,39.371789],[22.912384,39.371799],[22.912269,39.371844],[22.912176,39.371881],[22.91197,39.371964],[22.911929,39.37198],[22.911763,39.372047],[22.911557,39.37213],[22.911351,39.372212],[22.911144,39.372295],[22.911056,39.372331],[22.910938,39.372378],[22.910731,39.37246],[22.91058,39.37252],[22.910524,39.372542],[22.910315,39.372622],[22.910123,39.372696],[22.910107,39.372702],[22.909897,39.37278],[22.909895,39.372781],[22.909781,39.372822],[22.909686,39.372854],[22.909632,39.372872],[22.909472,39.372924],[22.90927,39.37299],[22.909257,39.372993],[22.909041,39.373059],[22.908938,39.37309],[22.908824,39.373121],[22.908667,39.373165],[22.908605,39.373182],[22.908476,39.373216],[22.908386,39.37324],[22.908239,39.373279],[22.908166,39.373297],[22.907945,39.373353],[22.907843,39.373379],[22.907722,39.373404],[22.907498,39.373451],[22.907441,39.373462],[22.907272,39.373495],[22.907053,39.373538],[22.907047,39.373539],[22.906821,39.373583],[22.906596,39.373627],[22.90637,39.373671],[22.906144,39.373714],[22.905919,39.373758],[22.905693,39.373802],[22.905468,39.373845],[22.905242,39.373889],[22.905016,39.373933],[22.90484,39.373967],[22.904791,39.373976],[22.904565,39.37402],[22.904339,39.374063],[22.904114,39.374107],[22.903888,39.37415],[22.903792,39.374168],[22.903662,39.374192],[22.903435,39.374233],[22.903209,39.374274],[22.902982,39.374316],[22.902756,39.374357],[22.90253,39.374398],[22.902303,39.374439],[22.902077,39.37448],[22.90185,39.374521],[22.901624,39.374563],[22.901398,39.374604],[22.901254,39.37463],[22.901171,39.374646],[22.900946,39.374689],[22.90072,39.374732],[22.900494,39.374775],[22.900268,39.374819],[22.900043,39.374862],[22.899817,39.374905],[22.899591,39.374948],[22.899365,39.374992],[22.899139,39.375035],[22.898914,39.375078],[22.898688,39.375121],[22.898462,39.375164],[22.898369,39.375182],[22.898236,39.375208],[22.898178,39.375219],[22.89801,39.375251],[22.897785,39.375293],[22.897559,39.375336],[22.897386,39.375369],[22.897333,39.375378],[22.897118,39.375418],[22.897106,39.37542],[22.896881,39.375463],[22.896655,39.375506],[22.896429,39.37555],[22.896387,39.375558],[22.896302,39.375574],[22.896203,39.375592],[22.895976,39.375633],[22.89575,39.375674],[22.895606,39.375699],[22.895581,39.375704],[22.895523,39.375714],[22.895463,39.375725],[22.895296,39.375752],[22.895068,39.375788],[22.89484,39.375824],[22.894612,39.37586],[22.894384,39.375896],[22.894157,39.375932],[22.893929,39.375968],[22.893701,39.376005],[22.893473,39.376041],[22.893245,39.376077],[22.893017,39.376113],[22.89279,39.376149],[22.892562,39.376185],[22.892334,39.376221],[22.892106,39.376257],[22.891878,39.376294],[22.89165,39.37633],[22.891423,39.376366],[22.891195,39.376402],[22.890967,39.376438],[22.890739,39.376474],[22.890511,39.37651],[22.890283,39.376547],[22.890055,39.376583],[22.889828,39.376619],[22.8896,39.376655],[22.889372,39.376691],[22.889144,39.376727],[22.888916,39.376763],[22.888688,39.376799],[22.888461,39.376836],[22.888233,39.376872],[22.888005,39.376908],[22.887777,39.376944],[22.887549,39.37698],[22.887321,39.377016],[22.887093,39.377052],[22.886866,39.377088],[22.886638,39.377125],[22.886599,39.377131],[22.88641,39.377161],[22.886182,39.377198],[22.885955,39.377235],[22.885782,39.377263],[22.885727,39.377272],[22.885499,39.377308],[22.885272,39.377345],[22.885044,39.377382],[22.884816,39.377418],[22.884589,39.377455],[22.884361,39.377492],[22.884133,39.377528],[22.883906,39.377565],[22.883678,39.377602],[22.88345,39.377639],[22.883222,39.377675],[22.882995,39.377712],[22.882767,39.377749],[22.882545,39.377784],[22.882539,39.377785],[22.882313,39.377825],[22.882125,39.377858],[22.882086,39.377864],[22.881863,39.3779],[22.881858,39.377902],[22.8817,39.377955],[22.881642,39.377966],[22.88153,39.377986],[22.881415,39.378005],[22.881187,39.378043],[22.881064,39.378064],[22.880962,39.378088],[22.880876,39.378108],[22.880815,39.378131],[22.880768,39.378156],[22.880755,39.378165],[22.880728,39.378183],[22.880675,39.37823],[22.880634,39.378278],[22.880614,39.378306],[22.880597,39.378329],[22.880559,39.378396],[22.880538,39.378452],[22.880533,39.378474],[22.880522,39.378517],[22.880514,39.378575],[22.880516,39.378643],[22.880517,39.378653],[22.88053,39.378736],[22.88056,39.378829],[22.880561,39.378832],[22.880638,39.378938],[22.880684,39.37898],[22.880749,39.37904],[22.880853,39.379102],[22.880891,39.379125],[22.880966,39.37916],[22.881044,39.379177],[22.88106,39.379178],[22.881227,39.379189],[22.881292,39.379185],[22.881453,39.379175],[22.881516,39.37915],[22.881723,39.379068],[22.88193,39.378986],[22.882137,39.378904],[22.882344,39.378822],[22.882551,39.37874],[22.882758,39.378658],[22.882788,39.378646],[22.882869,39.378588],[22.882911,39.378553],[22.88293,39.378538],[22.882965,39.37851],[22.883062,39.378429],[22.88309,39.378407],[22.883117,39.378385],[22.883133,39.378375],[22.883155,39.378364],[22.883182,39.378356],[22.883209,39.37835],[22.883291,39.378378],[22.883395,39.378414],[22.883498,39.378447],[22.883505,39.378448],[22.883533,39.378453],[22.883563,39.378457],[22.883616,39.37846],[22.883699,39.378463],[22.883736,39.378454],[22.883796,39.37844],[22.883878,39.378415],[22.883954,39.378388],[22.884166,39.378314],[22.884377,39.378239],[22.884589,39.378165],[22.884801,39.37809],[22.885012,39.378016],[22.885224,39.377941],[22.885436,39.377867],[22.885648,39.377792],[22.885859,39.377718],[22.885957,39.377684],[22.886071,39.377643],[22.886249,39.377581],[22.886282,39.377568],[22.886488,39.377484],[22.886527,39.377468],[22.886682,39.377386],[22.886699,39.377377],[22.886782,39.377323],[22.886863,39.377273],[22.886881,39.377263],[22.887025,39.3772],[22.887068,39.377187],[22.887194,39.37715],[22.887289,39.377128],[22.88733,39.377118],[22.887518,39.377088],[22.887745,39.37705],[22.887973,39.377013],[22.8882,39.376976],[22.888428,39.376939],[22.888657,39.376902],[22.888887,39.376874],[22.888919,39.37687],[22.889039,39.376868],[22.889123,39.376878],[22.889128,39.376879],[22.889187,39.376886],[22.889251,39.376907],[22.889317,39.376955],[22.889383,39.377018],[22.889454,39.377101],[22.889537,39.377212],[22.88957,39.377256],[22.889687,39.377412],[22.889699,39.377428],[22.889799,39.377569],[22.889912,39.377726],[22.890024,39.377884],[22.890064,39.377939],[22.890131,39.378018],[22.890153,39.378033],[22.890203,39.378067],[22.89028,39.378099],[22.890354,39.378113],[22.890356,39.378114],[22.890417,39.378123],[22.89048,39.378127],[22.890558,39.378125],[22.890588,39.378122],[22.890638,39.378117],[22.890817,39.378087],[22.890889,39.378075],[22.890945,39.378066],[22.89099,39.378057],[22.891017,39.378048],[22.89104,39.378038],[22.891045,39.378036],[22.891071,39.37802],[22.891096,39.377995],[22.891108,39.377971],[22.891114,39.377951],[22.891116,39.377927],[22.89111,39.377903],[22.8911,39.37788],[22.891085,39.377848],[22.89101,39.377714],[22.890951,39.377609],[22.890921,39.377548],[22.89085,39.377405],[22.890843,39.377379],[22.890833,39.377336],[22.890832,39.377249],[22.890834,39.3772],[22.890838,39.377141],[22.890863,39.377035],[22.890867,39.377022],[22.890882,39.376974],[22.890917,39.376901],[22.890948,39.376854],[22.890967,39.376826],[22.89101,39.376777],[22.891051,39.376736],[22.891084,39.376711],[22.891105,39.376695],[22.89118,39.37665],[22.891226,39.376632],[22.891277,39.376619],[22.891293,39.376614],[22.89144,39.376597],[22.891507,39.376594],[22.891549,39.376592],[22.891679,39.376594]]},"properties":{"line":"11","dir":"Νέο Κοιμητήριο 2","headsign":"Νέο Κοιμητήριο 2","mode":"bus","color":"#0059a9"}},{"type":"Feature","geometry":{"type":"LineString","coordinates":[[22.932609,39.36152],[22.932656,39.361527],[22.932702,39.36153],[22.932754,39.361532],[22.93278,39.36153],[22.9328,39.361528],[22.932828,39.36152],[22.932837,39.361516],[22.932845,39.361512],[22.932861,39.361499],[22.932874,39.361486],[22.932891,39.361462],[22.93294,39.36137],[22.932953,39.361375],[22.933162,39.361454],[22.933206,39.36147],[22.933241,39.361484],[22.933315,39.361522],[22.933359,39.361548],[22.933417,39.361582],[22.933469,39.361613],[22.93354,39.361661],[22.933577,39.361686],[22.933617,39.361679],[22.933658,39.361679],[22.933697,39.361687],[22.933733,39.361701],[22.933749,39.361712],[22.933764,39.361721],[22.933775,39.361732],[22.93379,39.361749],[22.933822,39.361752],[22.933854,39.361758],[22.933879,39.361763],[22.933912,39.361772],[22.933949,39.361784],[22.933963,39.36179],[22.934018,39.361811],[22.934077,39.36184],[22.934113,39.361857],[22.934146,39.361871],[22.934192,39.36189],[22.934359,39.361943],[22.934561,39.362007],[22.934574,39.362012],[22.934789,39.36208],[22.935004,39.362149],[22.935072,39.36217],[22.93522,39.362217],[22.935361,39.362262],[22.935435,39.362285],[22.93565,39.362354],[22.93569,39.362366],[22.93575,39.362386],[22.935865,39.362422],[22.93608,39.36249],[22.936105,39.362498],[22.936142,39.362506],[22.936223,39.362518],[22.936289,39.362526],[22.936307,39.362527],[22.936357,39.362532],[22.936398,39.362535],[22.936447,39.362537],[22.936501,39.36254],[22.936539,39.362539],[22.936547,39.362539],[22.936618,39.362537],[22.936643,39.362535],[22.936683,39.362531],[22.936719,39.362526],[22.936768,39.362517],[22.936769,39.362517],[22.936994,39.362472],[22.937029,39.362465],[22.93722,39.362428],[22.937318,39.362409],[22.937445,39.362386],[22.937458,39.362383],[22.937549,39.362368],[22.937563,39.362356],[22.937586,39.362341],[22.93761,39.36233],[22.937633,39.362321],[22.937653,39.362314],[22.937657,39.362313],[22.937687,39.362306],[22.937756,39.362289],[22.937877,39.362266],[22.93793,39.362256],[22.937966,39.362249],[22.938088,39.362215],[22.938093,39.3622],[22.938095,39.362193],[22.938106,39.362171],[22.93812,39.362154],[22.938141,39.362134],[22.938162,39.36212],[22.938188,39.362106],[22.938203,39.362101],[22.938214,39.362097],[22.938244,39.36209],[22.938254,39.362089],[22.938272,39.362087],[22.938304,39.362087],[22.938333,39.362092],[22.938365,39.3621],[22.938395,39.362113],[22.938419,39.362127],[22.938442,39.362146],[22.938451,39.362157],[22.938457,39.362164],[22.93855,39.362173],[22.938648,39.362179],[22.938682,39.362178],[22.938915,39.362178],[22.939148,39.362177],[22.93938,39.362176],[22.939613,39.362175],[22.939845,39.362174],[22.940078,39.362173],[22.940256,39.362172],[22.940311,39.362172],[22.940543,39.362171],[22.940776,39.36217],[22.941008,39.362169],[22.941241,39.362168],[22.941279,39.362168],[22.941326,39.362174],[22.941383,39.36218],[22.941438,39.362184],[22.941472,39.362186],[22.941491,39.362187],[22.941544,39.36219],[22.941591,39.362191],[22.941665,39.362191],[22.941687,39.36219],[22.941706,39.362188],[22.941722,39.362187],[22.941752,39.362184],[22.941776,39.362179],[22.941807,39.362172],[22.941829,39.362166],[22.941846,39.362161],[22.941873,39.362151],[22.941894,39.362137],[22.941917,39.362125],[22.941925,39.362122],[22.941941,39.362116],[22.941967,39.362109],[22.941994,39.362104],[22.942044,39.362062],[22.942062,39.362046],[22.942083,39.362027],[22.942102,39.362007],[22.94211,39.361999],[22.942131,39.361973],[22.942143,39.361959],[22.942166,39.361928],[22.942185,39.361902],[22.942208,39.361871],[22.942224,39.361853],[22.942227,39.361848],[22.942241,39.361833],[22.942257,39.361817],[22.942275,39.361801],[22.942291,39.361787],[22.942319,39.361765],[22.94235,39.361741],[22.942377,39.361721],[22.942389,39.361713],[22.942433,39.361682],[22.942506,39.361629],[22.942556,39.361615],[22.942776,39.361556],[22.94284,39.361539],[22.942996,39.361498],[22.943159,39.361456],[22.943216,39.361439],[22.943216,39.361439],[22.943317,39.361405],[22.943424,39.361361],[22.943554,39.361307],[22.943627,39.361274],[22.943755,39.361215],[22.943827,39.361182],[22.944027,39.361091],[22.944049,39.361081],[22.944225,39.361],[22.944227,39.360999],[22.9443,39.360966],[22.944427,39.360907],[22.944534,39.360858],[22.944627,39.360815],[22.944789,39.360741],[22.944827,39.360724],[22.94499,39.360649],[22.945027,39.360631],[22.945227,39.36054],[22.945287,39.360512],[22.945316,39.360499],[22.945427,39.360447],[22.945622,39.360357],[22.945626,39.360355],[22.945826,39.360263],[22.945883,39.360236],[22.946026,39.360171],[22.946227,39.36008],[22.946269,39.360061],[22.946424,39.359985],[22.946588,39.359905],[22.946621,39.359889],[22.946819,39.359794],[22.946825,39.359791],[22.947016,39.359699],[22.947095,39.359661],[22.947214,39.359604],[22.947374,39.359527],[22.947411,39.359509],[22.947596,39.359421],[22.947609,39.359414],[22.947796,39.359325],[22.947806,39.35932],[22.948005,39.359226],[22.948126,39.359168],[22.948203,39.359132],[22.948295,39.359088],[22.948401,39.359038],[22.948524,39.358979],[22.9486,39.358944],[22.948798,39.35885],[22.948996,39.358756],[22.949009,39.35875],[22.949195,39.358662],[22.949394,39.358569],[22.949592,39.358475],[22.949621,39.358462],[22.94979,39.35838],[22.949987,39.358285],[22.950184,39.358189],[22.950196,39.358183],[22.950249,39.358158],[22.950381,39.358094],[22.950578,39.357998],[22.950775,39.357902],[22.950813,39.357884],[22.95097,39.357805],[22.951165,39.357706],[22.95118,39.357699],[22.951208,39.35769],[22.951236,39.357683],[22.951264,39.357679],[22.951294,39.357676],[22.951321,39.357675],[22.951346,39.357675],[22.95137,39.357676],[22.95139,39.357678],[22.951391,39.357678],[22.951416,39.357682],[22.951438,39.357687],[22.95146,39.357697],[22.951478,39.357708],[22.951491,39.357719],[22.951503,39.357732],[22.951551,39.357793],[22.951674,39.357945],[22.951679,39.357952],[22.951702,39.357981],[22.951797,39.358098],[22.95192,39.358251],[22.952043,39.358404],[22.95216,39.358549],[22.952215,39.358617],[22.952456,39.358496],[22.952651,39.358398],[22.952838,39.358304],[22.952842,39.358302],[22.953037,39.358204],[22.953094,39.358176],[22.953232,39.358106],[22.953427,39.358008],[22.953462,39.35799],[22.953502,39.35797],[22.953622,39.35791],[22.953745,39.357848],[22.953816,39.357812],[22.953947,39.357746],[22.954011,39.357714],[22.954206,39.357616],[22.954401,39.357518],[22.95443,39.357503],[22.954463,39.357487],[22.954504,39.357466],[22.954586,39.357425],[22.954596,39.35742],[22.954791,39.357322],[22.954986,39.357224],[22.954999,39.357217],[22.95518,39.357124],[22.955373,39.357023],[22.955499,39.356958],[22.955567,39.356924],[22.955761,39.356826],[22.955956,39.356727],[22.956115,39.356647],[22.956151,39.356629],[22.956348,39.356533],[22.956545,39.356438],[22.956741,39.356342],[22.956791,39.356317],[22.956937,39.356244],[22.957081,39.356172],[22.957132,39.356147],[22.957327,39.356049],[22.957434,39.355995],[22.957523,39.355952],[22.95772,39.355856],[22.957917,39.35576],[22.958001,39.35572],[22.958112,39.355662],[22.958305,39.355561],[22.958498,39.355461],[22.958528,39.355445],[22.958589,39.355413],[22.958661,39.355378],[22.958692,39.355362],[22.958791,39.355313],[22.958887,39.355264],[22.959048,39.355182],[22.959081,39.355165],[22.959276,39.355067],[22.959301,39.355054],[22.959468,39.354966],[22.959538,39.354929],[22.95966,39.354864],[22.959819,39.354778],[22.95985,39.35476],[22.960035,39.354651],[22.96022,39.354542],[22.960398,39.354437],[22.960405,39.354433],[22.960591,39.354325],[22.960777,39.354218],[22.960964,39.35411],[22.960981,39.3541],[22.961148,39.354],[22.961194,39.353973],[22.961333,39.353891],[22.961358,39.353876],[22.96147,39.3538],[22.961508,39.353772],[22.961514,39.353768],[22.961538,39.353748],[22.961571,39.353717],[22.961659,39.353634],[22.961659,39.353633],[22.961804,39.353498],[22.961807,39.353495],[22.961955,39.353356],[22.961983,39.35333],[22.962023,39.353292],[22.962103,39.353218],[22.96211,39.353211],[22.962251,39.353079],[22.962399,39.35294],[22.962547,39.352802],[22.962695,39.352663],[22.962744,39.352617],[22.962843,39.352524],[22.962991,39.352386],[22.963139,39.352247],[22.963247,39.352146],[22.963287,39.352108],[22.963434,39.351969],[22.963581,39.351829],[22.963727,39.35169],[22.963731,39.351687],[22.963862,39.351544],[22.963954,39.351443],[22.964002,39.351399],[22.9641,39.351309],[22.964131,39.35128],[22.964152,39.351262],[22.964162,39.351252],[22.964193,39.35123],[22.96423,39.351207],[22.964272,39.351184],[22.964337,39.351156],[22.96454,39.351069],[22.964542,39.351068],[22.964567,39.351058],[22.964592,39.351048],[22.964645,39.351031],[22.964705,39.351017],[22.964746,39.351011],[22.964749,39.351011],[22.964783,39.351008],[22.964827,39.351007],[22.964864,39.351009],[22.964901,39.351011],[22.96496,39.351017],[22.964977,39.35102],[22.965097,39.35104],[22.965131,39.351033],[22.96518,39.35103],[22.965206,39.351031],[22.965233,39.351032],[22.965346,39.351036],[22.965384,39.351037],[22.965438,39.351035],[22.965452,39.351022],[22.965472,39.351008],[22.965493,39.350999],[22.965521,39.350992],[22.965543,39.350989],[22.965574,39.35099],[22.965591,39.350993],[22.96561,39.350998],[22.965622,39.351003],[22.96564,39.351011],[22.965655,39.351022],[22.96567,39.351036],[22.96568,39.351048],[22.965686,39.351058],[22.965693,39.351076],[22.965696,39.351098],[22.965694,39.351117],[22.965687,39.351136],[22.96568,39.351149],[22.96567,39.351162],[22.965648,39.351181],[22.965628,39.351192],[22.965603,39.351202],[22.965584,39.351206],[22.96557,39.351208],[22.965558,39.351209],[22.965544,39.351208],[22.965528,39.351207],[22.965507,39.351202],[22.965487,39.351196],[22.965462,39.351183],[22.965456,39.351221],[22.965449,39.351247],[22.965432,39.351312],[22.965422,39.351347],[22.965418,39.351383],[22.965414,39.351419],[22.965412,39.35148],[22.965409,39.351491],[22.965359,39.351661],[22.965341,39.351724],[22.96532,39.351825],[22.965317,39.351838],[22.965291,39.35195],[22.965277,39.352015],[22.965275,39.352028],[22.965265,39.352092],[22.965261,39.352137],[22.965259,39.352194],[22.965259,39.352194],[22.96526,39.352254],[22.965264,39.352337],[22.965266,39.352374],[22.965269,39.352449],[22.965276,39.352535],[22.965277,39.352554],[22.96528,39.352589],[22.965284,39.352658],[22.965292,39.352729],[22.965292,39.352733],[22.965297,39.352774],[22.965305,39.35281],[22.965315,39.352847],[22.965331,39.352891],[22.965339,39.352909],[22.965347,39.352928],[22.965365,39.352964],[22.965419,39.353063],[22.965427,39.353075],[22.965526,39.353235],[22.965528,39.353237],[22.965584,39.353322],[22.965639,39.353395],[22.965715,39.353495],[22.965768,39.353544],[22.965918,39.353682],[22.965925,39.353689],[22.966026,39.353776],[22.966076,39.353814],[22.966161,39.353878],[22.966247,39.353936],[22.966373,39.354021],[22.96634,39.354064],[22.966223,39.35422],[22.966106,39.354375],[22.965989,39.35453],[22.965986,39.354534],[22.965866,39.354683],[22.965834,39.354724],[22.965807,39.354758],[22.965773,39.354803],[22.965747,39.354838],[22.965739,39.354849],[22.965732,39.354865],[22.965729,39.354874],[22.965727,39.354884],[22.965727,39.354891],[22.965727,39.3549],[22.965729,39.354911],[22.965737,39.354935],[22.965747,39.354955],[22.965764,39.35498],[22.965786,39.355001],[22.965788,39.355002],[22.965895,39.355079],[22.96596,39.355124],[22.966135,39.355242],[22.966277,39.35534],[22.966308,39.355363],[22.966317,39.35537],[22.966359,39.355405],[22.966397,39.35544],[22.966432,39.355477],[22.966451,39.355503],[22.966456,39.355509],[22.966483,39.355551],[22.966505,39.355601],[22.966523,39.355658],[22.966526,39.355672],[22.966536,39.355714],[22.966547,39.355768],[22.966555,39.355823],[22.966557,39.355851],[22.966561,39.355902],[22.96656,39.355971],[22.966559,39.35602],[22.966558,39.35603],[22.966553,39.356078],[22.966539,39.356138],[22.966514,39.356204],[22.966514,39.356206],[22.966498,39.356244],[22.966482,39.356281],[22.966459,39.356321],[22.96643,39.356361],[22.966421,39.35637],[22.966294,39.356521],[22.966167,39.356672],[22.966108,39.356741],[22.966038,39.356822],[22.965971,39.3569],[22.965908,39.356971],[22.965812,39.357079],[22.965777,39.357119],[22.965675,39.357235],[22.965646,39.357267],[22.965566,39.357357],[22.965515,39.357416],[22.965415,39.357533],[22.965386,39.357566],[22.965254,39.357714],[22.965123,39.357863],[22.965003,39.357997],[22.964991,39.358011],[22.964864,39.358162],[22.964737,39.358312],[22.964609,39.358462],[22.964603,39.358469],[22.964496,39.358595],[22.964482,39.358613],[22.964354,39.358763],[22.964226,39.358914],[22.964099,39.359064],[22.963971,39.359214],[22.963896,39.359303],[22.963844,39.359365],[22.963719,39.359516],[22.963593,39.359668],[22.963468,39.359819],[22.963436,39.359858],[22.963339,39.359969],[22.963209,39.360119],[22.963186,39.360146],[22.963171,39.360162],[22.963158,39.360175],[22.963147,39.360187],[22.963132,39.360199],[22.963109,39.360212],[22.963091,39.360222],[22.963074,39.36023],[22.963051,39.360238],[22.963044,39.360239],[22.963031,39.360242],[22.963011,39.360246],[22.962987,39.360249],[22.962868,39.360258],[22.962831,39.36026],[22.962814,39.36026],[22.962582,39.360268],[22.962507,39.36027],[22.962483,39.360271],[22.962366,39.360321],[22.962251,39.360371],[22.962166,39.360413],[22.961969,39.360509],[22.96194,39.360524],[22.961774,39.360607],[22.96158,39.360706],[22.961385,39.360804],[22.961347,39.360824],[22.96119,39.360902],[22.960994,39.360999],[22.960799,39.361097],[22.960678,39.361157],[22.960603,39.361194],[22.960408,39.361292],[22.960212,39.361389],[22.960045,39.361472],[22.960017,39.361486],[22.959821,39.361584],[22.959625,39.361681],[22.959436,39.361775],[22.95943,39.361778],[22.959234,39.361875],[22.959038,39.361972],[22.958937,39.362022],[22.958841,39.362068],[22.958644,39.362164],[22.958447,39.362259],[22.958429,39.362268],[22.958249,39.362353],[22.958051,39.362448],[22.957914,39.362513],[22.957853,39.362542],[22.957655,39.362637],[22.957529,39.362697],[22.957459,39.362734],[22.957434,39.362747],[22.957339,39.362799],[22.95727,39.362838],[22.957155,39.362904],[22.95714,39.362913],[22.957084,39.362946],[22.956898,39.363054],[22.956712,39.363162],[22.956682,39.36318],[22.956531,39.363275],[22.95635,39.363388],[22.95617,39.363501],[22.956168,39.363502],[22.955988,39.363614],[22.955807,39.363727],[22.955626,39.363839],[22.955621,39.363842],[22.955442,39.36395],[22.955293,39.36404],[22.955259,39.364061],[22.955076,39.364172],[22.954894,39.364284],[22.954867,39.364301],[22.954707,39.36439],[22.954518,39.364496],[22.954343,39.364594],[22.95433,39.364602],[22.95423,39.364658],[22.954142,39.364707],[22.953954,39.364813],[22.953883,39.364852],[22.953765,39.364918],[22.953575,39.365022],[22.953462,39.365084],[22.953386,39.365126],[22.953197,39.365231],[22.953008,39.365336],[22.95295,39.365368],[22.952819,39.365441],[22.9527,39.365507],[22.95263,39.365546],[22.952523,39.365605],[22.952441,39.365651],[22.952377,39.365687],[22.952253,39.365757],[22.952065,39.365863],[22.951877,39.365968],[22.95183,39.365996],[22.951689,39.366073],[22.951499,39.366178],[22.951426,39.366219],[22.95131,39.366283],[22.951121,39.366387],[22.950932,39.366492],[22.950841,39.366542],[22.950743,39.366597],[22.950724,39.366608],[22.950559,39.3667],[22.950554,39.366702],[22.950382,39.366799],[22.950366,39.366808],[22.95018,39.366915],[22.950006,39.367016],[22.949993,39.367023],[22.949805,39.367128],[22.949617,39.367234],[22.949524,39.367286],[22.949428,39.36734],[22.94924,39.367445],[22.949051,39.36755],[22.949018,39.367569],[22.948863,39.367656],[22.948676,39.367763],[22.948576,39.367819],[22.948487,39.367868],[22.948298,39.367972],[22.948109,39.368077],[22.947943,39.368168],[22.947919,39.368181],[22.94773,39.368285],[22.947625,39.368343],[22.94754,39.368389],[22.94735,39.368493],[22.947294,39.368524],[22.947161,39.368598],[22.946971,39.368702],[22.946811,39.368791],[22.946782,39.368807],[22.946593,39.368911],[22.946404,39.369016],[22.946282,39.369084],[22.946214,39.36912],[22.946024,39.369224],[22.945834,39.369328],[22.94568,39.369413],[22.945645,39.369432],[22.945455,39.369536],[22.945265,39.36964],[22.945129,39.369714],[22.945075,39.369743],[22.944885,39.369847],[22.944695,39.369951],[22.944671,39.369965],[22.944506,39.370056],[22.944317,39.37016],[22.944128,39.370265],[22.943976,39.370349],[22.943939,39.37037],[22.943844,39.370423],[22.943814,39.370439],[22.943796,39.370447],[22.943777,39.370453],[22.943759,39.370457],[22.943742,39.370457],[22.943534,39.370376],[22.943327,39.370295],[22.943119,39.370214],[22.942989,39.370164],[22.942911,39.370133],[22.942704,39.370052],[22.942496,39.369971],[22.942288,39.36989],[22.942202,39.369857],[22.942081,39.369809],[22.941873,39.369728],[22.941808,39.369703],[22.941665,39.369647],[22.941458,39.369566],[22.941432,39.369556],[22.941403,39.369545],[22.94125,39.369485],[22.941042,39.369404],[22.940936,39.369363],[22.940835,39.369323],[22.940627,39.369242],[22.940548,39.369211],[22.940419,39.369161],[22.940212,39.36908],[22.940021,39.369006],[22.940013,39.369036],[22.939993,39.369111],[22.939988,39.369131],[22.939972,39.369212],[22.939937,39.36939],[22.939902,39.369568],[22.939885,39.369652],[22.939866,39.369746],[22.93983,39.369924],[22.939818,39.369982],[22.939794,39.370101],[22.939758,39.370279],[22.939747,39.37033],[22.939722,39.370455],[22.939722,39.370456],[22.939709,39.370521],[22.939686,39.370634],[22.939651,39.370812],[22.939616,39.37099],[22.939601,39.371065],[22.93958,39.371168],[22.939545,39.371345],[22.93952,39.371474],[22.93951,39.371523],[22.939496,39.371599],[22.939491,39.371621],[22.939488,39.371639],[22.939476,39.371701],[22.939444,39.371868],[22.939442,39.371879],[22.93944,39.371894],[22.939406,39.372057],[22.93937,39.372234],[22.939334,39.372412],[22.939323,39.372465],[22.939318,39.372493],[22.939299,39.37259],[22.939281,39.372683],[22.939275,39.372717],[22.939265,39.372768],[22.939241,39.372894],[22.939231,39.372946],[22.939206,39.373073],[22.939196,39.373124],[22.939162,39.373301],[22.939162,39.373302],[22.939128,39.373479],[22.939094,39.373657],[22.93906,39.373835],[22.939042,39.373925],[22.939025,39.374013],[22.938991,39.374191],[22.938957,39.374369],[22.938923,39.374547],[22.938889,39.374725],[22.938854,39.374903],[22.938849,39.374934],[22.938832,39.375018],[22.93882,39.375081],[22.938786,39.375259],[22.938781,39.375284],[22.938757,39.375408],[22.938752,39.375436],[22.938718,39.375614],[22.938683,39.375792],[22.938649,39.37597],[22.938633,39.376053],[22.938595,39.376044],[22.938562,39.376039],[22.938537,39.376036],[22.938487,39.376032],[22.938408,39.376025],[22.938363,39.376022],[22.938327,39.376017],[22.938281,39.37601],[22.938257,39.376005],[22.938198,39.375994],[22.938089,39.375968],[22.938039,39.375957],[22.938034,39.375955],[22.937814,39.375896],[22.937746,39.375878],[22.937595,39.375836],[22.937376,39.375775],[22.937325,39.37576],[22.937157,39.375714],[22.936938,39.375655],[22.936894,39.375643],[22.936718,39.375594],[22.936499,39.375534],[22.936474,39.375527],[22.93628,39.375475],[22.936064,39.375418],[22.93606,39.375417],[22.935841,39.375356],[22.935646,39.375302],[22.935621,39.375296],[22.935574,39.375284],[22.935499,39.375285],[22.935461,39.375289],[22.935417,39.375294],[22.935394,39.375301],[22.935389,39.375302],[22.935357,39.375314],[22.935326,39.375335],[22.935303,39.375356],[22.93527,39.375422],[22.935266,39.37544],[22.935246,39.375539],[22.935229,39.375618],[22.935193,39.375795],[22.935176,39.375878],[22.935159,39.375962],[22.935153,39.375972],[22.935089,39.376095],[22.935062,39.376137],[22.934957,39.376296],[22.934955,39.376295],[22.934753,39.376206],[22.934551,39.376117],[22.934349,39.376027],[22.934334,39.376021],[22.934147,39.375938],[22.933945,39.375849],[22.93379,39.375781],[22.933743,39.37576],[22.933541,39.375671],[22.933339,39.375582],[22.933137,39.375493],[22.932935,39.375404],[22.932733,39.375315],[22.932531,39.375226],[22.932521,39.375221],[22.932463,39.375196],[22.932329,39.375137],[22.932127,39.375048],[22.931925,39.374958],[22.931799,39.374903],[22.931722,39.374869],[22.93152,39.37478],[22.931505,39.374773],[22.931318,39.374691],[22.931165,39.374623],[22.931116,39.374602],[22.930914,39.374513],[22.93077,39.374449],[22.930743,39.374488],[22.930735,39.374485],[22.93071,39.374473],[22.930533,39.374395],[22.930332,39.374305],[22.93013,39.374215],[22.930011,39.374162],[22.929974,39.374146],[22.929928,39.374126],[22.929726,39.374038],[22.929523,39.37395],[22.92932,39.373861],[22.929189,39.373804],[22.929117,39.373774],[22.928913,39.373687],[22.928709,39.373601],[22.928505,39.373514],[22.928444,39.373488],[22.928299,39.373432],[22.928131,39.373367],[22.928091,39.373352],[22.928032,39.373329],[22.927881,39.373274],[22.927671,39.373197],[22.927632,39.373183],[22.9275,39.373134],[22.927461,39.37312],[22.927314,39.373069],[22.927271,39.373056],[22.927283,39.373038],[22.927392,39.372879],[22.927501,39.37272],[22.92761,39.372562],[22.927613,39.372556],[22.927718,39.372403],[22.927827,39.372244],[22.927893,39.372148],[22.927935,39.372086],[22.927936,39.372085],[22.928045,39.371926],[22.928134,39.371796],[22.928119,39.371765],[22.928037,39.371597],[22.927956,39.371428],[22.927922,39.371359],[22.927874,39.37126],[22.927792,39.371092],[22.927743,39.370991],[22.927709,39.370923],[22.927626,39.370756],[22.927544,39.370592],[22.927542,39.370588],[22.92747,39.370433],[22.927462,39.370419],[22.92738,39.370251],[22.927315,39.370121],[22.927295,39.370083],[22.927282,39.370058],[22.927246,39.369994],[22.927226,39.369965],[22.927201,39.369926],[22.927196,39.369921],[22.927178,39.369901],[22.927149,39.369874],[22.927115,39.369848],[22.927033,39.369794],[22.926932,39.369728],[22.926855,39.369678],[22.926795,39.369639],[22.926727,39.369596],[22.926684,39.369567],[22.926677,39.369561],[22.926657,39.369546],[22.926628,39.369522],[22.926593,39.369482],[22.926571,39.369454],[22.92654,39.369407],[22.926539,39.369406],[22.92645,39.369239],[22.926394,39.369137],[22.926362,39.369073],[22.926278,39.368905],[22.926258,39.368866],[22.92622,39.368805],[22.926184,39.368741],[22.926104,39.3686],[22.92609,39.368577],[22.926007,39.368441],[22.92599,39.368414],[22.925906,39.368284],[22.925887,39.368253],[22.925786,39.368091],[22.925764,39.368055],[22.925732,39.368012],[22.925678,39.367944],[22.925671,39.367935],[22.925628,39.367886],[22.925573,39.367829],[22.925538,39.367797],[22.925531,39.367791],[22.925501,39.367764],[22.925409,39.367691],[22.925369,39.367662],[22.925312,39.367621],[22.925295,39.36761],[22.92526,39.367588],[22.925246,39.367581],[22.925214,39.367565],[22.925186,39.367553],[22.925182,39.367551],[22.925128,39.367529],[22.925012,39.367483],[22.924979,39.367471],[22.924964,39.367466],[22.924904,39.367444],[22.924858,39.367429],[22.924805,39.367412],[22.924765,39.367401],[22.924744,39.367395],[22.924677,39.367377],[22.924597,39.367357],[22.924544,39.367344],[22.924353,39.367295],[22.924323,39.367288],[22.924101,39.367233],[22.923998,39.367208],[22.923881,39.367176],[22.923661,39.367117],[22.923568,39.367092],[22.923442,39.367057],[22.923431,39.367054],[22.923364,39.367033],[22.923261,39.367003],[22.923225,39.366993],[22.923206,39.366987],[22.923122,39.366964],[22.923092,39.36696],[22.923017,39.366958],[22.922999,39.366959],[22.922973,39.36696],[22.922922,39.366964],[22.922891,39.366968],[22.922861,39.366975],[22.922811,39.366992],[22.92278,39.367004],[22.922777,39.367006],[22.922756,39.367016],[22.922649,39.367073],[22.922586,39.367108],[22.922501,39.367157],[22.922397,39.367212],[22.922205,39.367314],[22.922013,39.367416],[22.921822,39.367518],[22.921655,39.367607],[22.921647,39.367612],[22.921631,39.367621],[22.921441,39.367725],[22.921326,39.367788],[22.921259,39.367826],[22.921252,39.367829],[22.92106,39.367931],[22.921044,39.36794],[22.920939,39.367998],[22.920871,39.368036],[22.920681,39.36814],[22.920492,39.368244],[22.920302,39.368348],[22.920112,39.368452],[22.919923,39.368557],[22.919733,39.368661],[22.919608,39.36873],[22.919543,39.368764],[22.919373,39.368856],[22.919352,39.368867],[22.919329,39.368879],[22.919158,39.368967],[22.918981,39.369058],[22.918964,39.369066],[22.918767,39.369161],[22.918624,39.36923],[22.918569,39.369255],[22.918367,39.369345],[22.918277,39.369385],[22.918246,39.369399],[22.918177,39.369426],[22.918164,39.369432],[22.917961,39.36952],[22.917758,39.369607],[22.917586,39.369682],[22.917554,39.369695],[22.917349,39.369779],[22.91727,39.369811],[22.917143,39.369863],[22.916937,39.369947],[22.916732,39.37003],[22.916711,39.370039],[22.916526,39.370115],[22.916425,39.370157],[22.916321,39.3702],[22.916116,39.370284],[22.915911,39.370369],[22.915736,39.370441],[22.915705,39.370453],[22.915591,39.3705],[22.9155,39.370538],[22.915294,39.370622],[22.915234,39.370647],[22.915089,39.370706],[22.914883,39.370791],[22.914678,39.370875],[22.914567,39.37092],[22.914473,39.370959],[22.914267,39.371043],[22.914169,39.371084],[22.914062,39.371128],[22.913856,39.371212],[22.913651,39.371296],[22.913445,39.371381],[22.91324,39.371465],[22.913185,39.371488],[22.913033,39.371547],[22.912976,39.371569],[22.912825,39.371628],[22.912617,39.371709],[22.912474,39.371764],[22.912412,39.371789],[22.912409,39.371789],[22.912269,39.371844],[22.912202,39.371871],[22.911996,39.371954],[22.911929,39.37198],[22.911789,39.372036],[22.911583,39.372119],[22.911376,39.372202],[22.91117,39.372285],[22.911056,39.372331],[22.910963,39.372368],[22.910756,39.37245],[22.91058,39.37252],[22.910549,39.372532],[22.910341,39.372612],[22.910133,39.372692],[22.910123,39.372696],[22.909923,39.37277],[22.909895,39.372781],[22.909781,39.372822],[22.909712,39.372845],[22.909632,39.372872],[22.909498,39.372916],[22.909284,39.372985],[22.90927,39.37299],[22.909068,39.373051],[22.908938,39.37309],[22.908851,39.373114],[22.908667,39.373165],[22.908632,39.373174],[22.908476,39.373216],[22.908413,39.373233],[22.908239,39.373279],[22.908193,39.37329],[22.907972,39.373346],[22.907843,39.373379],[22.90775,39.373398],[22.907526,39.373445],[22.907441,39.373462],[22.9073,39.37349],[22.907075,39.373534],[22.907053,39.373538],[22.906849,39.373578],[22.906624,39.373621],[22.906398,39.373665],[22.906172,39.373709],[22.905947,39.373753],[22.905721,39.373796],[22.905496,39.37384],[22.90527,39.373884],[22.905044,39.373927],[22.90484,39.373967],[22.904819,39.373971],[22.904593,39.374014],[22.904367,39.374058],[22.904142,39.374101],[22.903916,39.374145],[22.903792,39.374168],[22.90369,39.374187],[22.903463,39.374228],[22.903237,39.374269],[22.903011,39.374311],[22.902784,39.374352],[22.902558,39.374393],[22.902331,39.374434],[22.902105,39.374475],[22.901879,39.374516],[22.901652,39.374557],[22.901426,39.374599],[22.901254,39.37463],[22.901199,39.37464],[22.900974,39.374683],[22.900748,39.374727],[22.900522,39.37477],[22.900296,39.374813],[22.900071,39.374856],[22.899845,39.3749],[22.899619,39.374943],[22.899393,39.374986],[22.899167,39.375029],[22.898942,39.375073],[22.898716,39.375116],[22.89849,39.375159],[22.898369,39.375182],[22.898264,39.375202],[22.898178,39.375219],[22.898039,39.375245],[22.897813,39.375288],[22.897587,39.375331],[22.897386,39.375369],[22.897361,39.375373],[22.897134,39.375415],[22.897118,39.375418],[22.896909,39.375458],[22.896683,39.375501],[22.896457,39.375544],[22.896387,39.375558],[22.896302,39.375574],[22.896231,39.375587],[22.896005,39.375628],[22.895778,39.375668],[22.895606,39.375699],[22.895581,39.375704],[22.895552,39.375709],[22.895463,39.375725],[22.895324,39.375747],[22.895096,39.375783],[22.894868,39.375819],[22.894641,39.375856],[22.894413,39.375892],[22.894185,39.375928],[22.893957,39.375964],[22.893729,39.376],[22.893501,39.376036],[22.893274,39.376072],[22.893046,39.376108],[22.892818,39.376145],[22.89259,39.376181],[22.892362,39.376217],[22.892134,39.376253],[22.891907,39.376289],[22.891679,39.376325],[22.891451,39.376361],[22.891223,39.376398],[22.890995,39.376434],[22.890767,39.37647],[22.890539,39.376506],[22.890312,39.376542],[22.890084,39.376578],[22.889856,39.376614],[22.889628,39.37665],[22.8894,39.376687],[22.889172,39.376723],[22.888945,39.376759],[22.888717,39.376795],[22.888489,39.376831],[22.888261,39.376867],[22.888033,39.376903],[22.887805,39.376939],[22.887577,39.376976],[22.88735,39.377012],[22.887122,39.377048],[22.886894,39.377084],[22.886666,39.37712],[22.886599,39.377131],[22.886438,39.377157],[22.886211,39.377193],[22.885983,39.37723],[22.885782,39.377263],[22.885755,39.377267],[22.885528,39.377304],[22.8853,39.37734],[22.885072,39.377377],[22.884845,39.377414],[22.884617,39.377451],[22.884389,39.377487],[22.884162,39.377524],[22.883934,39.377561],[22.883706,39.377597],[22.883478,39.377634],[22.883251,39.377671],[22.883023,39.377707],[22.882795,39.377744],[22.882568,39.377781],[22.882545,39.377784],[22.882341,39.37782],[22.882125,39.377858],[22.882114,39.37786],[22.881886,39.377896],[22.881863,39.3779],[22.8817,39.377955],[22.88167,39.37796],[22.88153,39.377986],[22.881443,39.378],[22.881216,39.378038],[22.881064,39.378064],[22.88099,39.378081],[22.880876,39.378108],[22.880815,39.378131],[22.880777,39.378151],[22.880768,39.378156],[22.880728,39.378183],[22.880675,39.37823],[22.880634,39.378278],[22.880628,39.378287],[22.880597,39.378329],[22.880559,39.378396],[22.880538,39.378452],[22.880538,39.378452],[22.880522,39.378517],[22.880514,39.378575],[22.880515,39.37863],[22.880516,39.378643],[22.88053,39.378736],[22.880553,39.378808],[22.880561,39.378832],[22.880638,39.378938],[22.880665,39.378963],[22.880749,39.37904],[22.88083,39.379089],[22.880891,39.379125],[22.880966,39.37916],[22.881032,39.379175],[22.881044,39.379177],[22.881227,39.379189],[22.881263,39.379187],[22.881453,39.379175],[22.88149,39.37916],[22.881697,39.379078],[22.881904,39.378996],[22.882111,39.378914],[22.882319,39.378832],[22.882526,39.37875],[22.882733,39.378668],[22.882788,39.378646],[22.882869,39.378588],[22.88291,39.378554],[22.882911,39.378553],[22.882965,39.37851],[22.883062,39.378429],[22.883069,39.378423],[22.883117,39.378385],[22.883133,39.378375],[22.883155,39.378364],[22.883182,39.378356],[22.883209,39.37835],[22.883264,39.378369],[22.883395,39.378414],[22.883478,39.37844],[22.883498,39.378447],[22.883533,39.378453],[22.883563,39.378457],[22.883616,39.37846],[22.883699,39.378463],[22.883708,39.378461],[22.883796,39.37844],[22.883878,39.378415],[22.883928,39.378397],[22.884139,39.378323],[22.884351,39.378249],[22.884563,39.378174],[22.884774,39.3781],[22.884986,39.378025],[22.885198,39.377951],[22.88541,39.377876],[22.885621,39.377802],[22.885833,39.377727],[22.885957,39.377684],[22.886045,39.377653],[22.886249,39.377581],[22.886256,39.377578],[22.886462,39.377495],[22.886527,39.377468],[22.886658,39.377399],[22.886699,39.377377],[22.886782,39.377323],[22.886841,39.377287],[22.886881,39.377263],[22.887025,39.3772],[22.887041,39.377195],[22.887194,39.37715],[22.887261,39.377134],[22.88733,39.377118],[22.887489,39.377092],[22.887717,39.377055],[22.887945,39.377018],[22.888172,39.376981],[22.8884,39.376944],[22.888627,39.376907],[22.888657,39.376902],[22.888858,39.376877],[22.888919,39.37687],[22.889039,39.376868],[22.889095,39.376875],[22.889128,39.376879],[22.889187,39.376886],[22.889251,39.376907],[22.889297,39.376941],[22.889317,39.376955],[22.889383,39.377018],[22.889438,39.377082],[22.889454,39.377101],[22.889537,39.377212],[22.889556,39.377237],[22.889672,39.377392],[22.889699,39.377428],[22.889785,39.377549],[22.889898,39.377707],[22.89001,39.377864],[22.890064,39.377939],[22.890131,39.378018],[22.890203,39.378067],[22.89028,39.378099],[22.890328,39.378108],[22.890354,39.378113],[22.890417,39.378123],[22.89048,39.378127],[22.890558,39.378125],[22.89056,39.378125],[22.890638,39.378117],[22.890789,39.378092],[22.890889,39.378075],[22.890945,39.378066],[22.89099,39.378057],[22.891015,39.378049],[22.891017,39.378048],[22.891045,39.378036],[22.891071,39.37802],[22.891096,39.377995],[22.891108,39.377971],[22.891114,39.377951],[22.891116,39.377927],[22.89111,39.377903],[22.891109,39.377901],[22.891085,39.377848],[22.891022,39.377734],[22.890951,39.377609],[22.890931,39.377569],[22.89085,39.377405],[22.890849,39.377401],[22.890833,39.377336],[22.890832,39.377249],[22.890833,39.377222],[22.890838,39.377141],[22.890861,39.377044],[22.890863,39.377035],[22.890882,39.376974],[22.890917,39.376901],[22.890935,39.376874],[22.890967,39.376826],[22.89101,39.376777],[22.891051,39.376736],[22.891064,39.376726],[22.891105,39.376695],[22.89118,39.37665],[22.891226,39.376632],[22.89125,39.376626],[22.891293,39.376614],[22.89144,39.376597],[22.891478,39.376595],[22.891549,39.376592],[22.891679,39.376594]]},"properties":{"line":"11","dir":"Νέο Κοιμητήριο 2","headsign":"Νέο Κοιμητήριο 2","mode":"bus","color":"#0059a9"}},{"type":"Feature","geometry":{"type":"LineString","coordinates":[[22.891045,39.378036],[22.891071,39.37802],[22.891096,39.377995],[22.891108,39.377971],[22.891114,39.377951],[22.891116,39.377927],[22.89111,39.377903],[22.891104,39.37789],[22.891085,39.377848],[22.891015,39.377723],[22.890951,39.377609],[22.890925,39.377558],[22.89085,39.377405],[22.890846,39.377389],[22.890833,39.377336],[22.890832,39.377249],[22.890834,39.37721],[22.890838,39.377141],[22.890863,39.377035],[22.890864,39.377032],[22.890882,39.376974],[22.890917,39.376901],[22.890942,39.376863],[22.890967,39.376826],[22.89101,39.376777],[22.891051,39.376736],[22.891075,39.376718],[22.891105,39.376695],[22.89118,39.37665],[22.891226,39.376632],[22.891265,39.376622],[22.891293,39.376614],[22.89144,39.376597],[22.891494,39.376594],[22.891549,39.376592],[22.891679,39.376594],[22.891726,39.376599],[22.891751,39.376602],[22.891825,39.376615],[22.891931,39.376641],[22.891951,39.376637],[22.891931,39.376641],[22.891825,39.376615],[22.891751,39.376602],[22.891748,39.376601],[22.891679,39.376594],[22.891549,39.376592],[22.891516,39.376593],[22.89144,39.376597],[22.891293,39.376614],[22.891286,39.376616],[22.891226,39.376632],[22.89118,39.37665],[22.891105,39.376695],[22.891091,39.376706],[22.891051,39.376736],[22.89101,39.376777],[22.890967,39.376826],[22.890953,39.376848],[22.890917,39.376901],[22.890882,39.376974],[22.890869,39.377015],[22.890863,39.377035],[22.890838,39.377141],[22.890835,39.377193],[22.890832,39.377249],[22.890833,39.377336],[22.890842,39.377372],[22.89085,39.377405],[22.890917,39.377541],[22.890951,39.377609],[22.891006,39.377708],[22.891085,39.377848],[22.891097,39.377873],[22.89111,39.377903],[22.891116,39.377927],[22.891114,39.377951],[22.891108,39.377971],[22.891096,39.377995],[22.891071,39.37802],[22.891048,39.378034],[22.891045,39.378036],[22.891017,39.378048],[22.89099,39.378057],[22.890945,39.378066],[22.890889,39.378075],[22.890826,39.378086],[22.890638,39.378117],[22.890597,39.378121],[22.890558,39.378125],[22.89048,39.378127],[22.890417,39.378123],[22.890365,39.378115],[22.890354,39.378113],[22.89028,39.378099],[22.890203,39.378067],[22.89016,39.378037],[22.890131,39.378018],[22.890064,39.377939],[22.890029,39.37789],[22.889916,39.377732],[22.889804,39.377575],[22.889699,39.377428],[22.889691,39.377418],[22.889575,39.377262],[22.889537,39.377212],[22.889458,39.377107],[22.889454,39.377101],[22.889383,39.377018],[22.889323,39.376961],[22.889317,39.376955],[22.889251,39.376907],[22.889187,39.376886],[22.889132,39.376879],[22.889128,39.376879],[22.889039,39.376868],[22.888919,39.37687],[22.888896,39.376873],[22.888666,39.376901],[22.888657,39.376902],[22.888437,39.376938],[22.888209,39.376975],[22.887982,39.377012],[22.887754,39.377049],[22.887527,39.377086],[22.88733,39.377118],[22.887298,39.377126],[22.887194,39.37715],[22.887077,39.377185],[22.887025,39.3772],[22.886881,39.377263],[22.886871,39.377269],[22.886782,39.377323],[22.886699,39.377377],[22.88669,39.377382],[22.886527,39.377468],[22.886496,39.377481],[22.88629,39.377564],[22.886249,39.377581],[22.886079,39.377641],[22.885957,39.377684],[22.885868,39.377715],[22.885656,39.37779],[22.885444,39.377864],[22.885232,39.377938],[22.885021,39.378013],[22.884809,39.378087],[22.884597,39.378162],[22.884386,39.378236],[22.884174,39.378311],[22.883962,39.378385],[22.883878,39.378415],[22.883796,39.37844],[22.883744,39.378452],[22.883699,39.378463],[22.883616,39.37846],[22.883563,39.378457],[22.883533,39.378453],[22.883514,39.37845],[22.883498,39.378447],[22.883395,39.378414],[22.883299,39.378381],[22.883209,39.37835],[22.88309,39.378302],[22.882884,39.378219],[22.882783,39.378179],[22.882677,39.378137],[22.882469,39.378056],[22.882262,39.377975],[22.882054,39.377893],[22.881847,39.377812],[22.881639,39.377731],[22.881577,39.377707],[22.881428,39.377655],[22.881215,39.377582],[22.881003,39.377509],[22.881001,39.377509],[22.880814,39.377444],[22.880791,39.377436],[22.880632,39.377378],[22.880581,39.377358],[22.880375,39.377276],[22.880332,39.377259],[22.8802,39.377185],[22.880187,39.377175],[22.880087,39.377104],[22.880023,39.377049],[22.879962,39.376996],[22.879904,39.37694],[22.879879,39.376909],[22.87984,39.376862],[22.879934,39.37683],[22.879961,39.376821],[22.880177,39.376754],[22.880255,39.37673],[22.880398,39.376702],[22.880501,39.376682],[22.880624,39.376661],[22.880728,39.376642],[22.880843,39.376627],[22.880852,39.376626],[22.880936,39.376618],[22.881057,39.37661],[22.881084,39.37661],[22.881177,39.376608],[22.8813,39.37661],[22.881316,39.376611],[22.88141,39.376617],[22.881507,39.376627],[22.881547,39.376632],[22.881621,39.376642],[22.881751,39.376657],[22.881777,39.376662],[22.881957,39.3767],[22.882,39.376711],[22.882211,39.376767],[22.88222,39.37677],[22.882372,39.376817],[22.882436,39.376836],[22.882654,39.376898],[22.882855,39.376956],[22.882872,39.376961],[22.88309,39.377024],[22.883308,39.377086],[22.883526,39.377149],[22.883704,39.3772],[22.883745,39.377211],[22.883847,39.377238],[22.883969,39.377258],[22.884006,39.377264],[22.884187,39.377289],[22.884198,39.37729],[22.884289,39.377297],[22.88443,39.377302],[22.884467,39.377303],[22.884648,39.377294],[22.884662,39.377293],[22.884772,39.377283],[22.884892,39.377267],[22.884983,39.377255],[22.885121,39.377243],[22.885291,39.37723],[22.885354,39.37722],[22.885581,39.377184],[22.885808,39.377148],[22.886036,39.377113],[22.886264,39.377077],[22.886492,39.377041],[22.88672,39.377005],[22.886948,39.376969],[22.887176,39.376934],[22.887404,39.376898],[22.887632,39.376862],[22.88786,39.376826],[22.888088,39.37679],[22.888316,39.376755],[22.888544,39.376719],[22.888772,39.376683],[22.888999,39.376647],[22.889227,39.376611],[22.889455,39.376576],[22.889683,39.37654],[22.889911,39.376504],[22.890076,39.376478],[22.890139,39.376468],[22.890367,39.376431],[22.890594,39.376394],[22.890822,39.376357],[22.891049,39.376319],[22.891277,39.376282],[22.891505,39.376245],[22.891732,39.376208],[22.89196,39.376171],[22.892187,39.376134],[22.892415,39.376097],[22.892485,39.376086],[22.892643,39.37606],[22.89287,39.376023],[22.893098,39.375987],[22.893326,39.37595],[22.893553,39.375913],[22.893781,39.375876],[22.894009,39.375839],[22.894031,39.375836],[22.894236,39.375801],[22.894463,39.375762],[22.89469,39.375724],[22.894917,39.375685],[22.895144,39.375646],[22.895372,39.375608],[22.895599,39.375569],[22.895826,39.37553],[22.896053,39.375492],[22.89628,39.375453],[22.896312,39.375448],[22.896506,39.375411],[22.896732,39.375369],[22.896958,39.375326],[22.897184,39.375284],[22.897354,39.375252],[22.89741,39.37524],[22.897634,39.375192],[22.897858,39.375145],[22.898082,39.375097],[22.898307,39.37505],[22.898405,39.375029],[22.898532,39.375005],[22.898758,39.374962],[22.898984,39.374919],[22.89921,39.374876],[22.899436,39.374834],[22.899661,39.374791],[22.899887,39.374748],[22.900113,39.374705],[22.900339,39.374662],[22.900565,39.37462],[22.900791,39.374577],[22.901017,39.374534],[22.901243,39.374491],[22.901469,39.374449],[22.901695,39.374406],[22.90192,39.374363],[22.902146,39.37432],[22.902372,39.374277],[22.902598,39.374235],[22.902824,39.374192],[22.90305,39.374149],[22.903276,39.374106],[22.903502,39.374063],[22.903651,39.374035],[22.903728,39.374021],[22.903955,39.373981],[22.904181,39.373941],[22.904408,39.373901],[22.904635,39.37386],[22.904861,39.37382],[22.904929,39.373808],[22.905088,39.373779],[22.905314,39.373737],[22.90554,39.373696],[22.905766,39.373654],[22.905993,39.373612],[22.906219,39.37357],[22.906445,39.373529],[22.906671,39.373487],[22.906898,39.373445],[22.90701,39.373425],[22.907123,39.373401],[22.907348,39.373355],[22.907393,39.373346],[22.907572,39.373308],[22.907795,39.373261],[22.907797,39.37326],[22.908019,39.373206],[22.908241,39.373153],[22.908313,39.373135],[22.908459,39.373094],[22.908606,39.373053],[22.908676,39.37303],[22.90886,39.372973],[22.908892,39.372963],[22.909107,39.372895],[22.909156,39.372879],[22.90932,39.372824],[22.909521,39.372757],[22.909532,39.372753],[22.909588,39.372733],[22.909688,39.372697],[22.909743,39.372677],[22.909848,39.372639],[22.909952,39.372599],[22.910059,39.372559],[22.910161,39.37252],[22.910343,39.372451],[22.91037,39.372441],[22.910486,39.372397],[22.910577,39.37236],[22.910783,39.372277],[22.910903,39.372228],[22.910989,39.372193],[22.911194,39.372109],[22.911267,39.37208],[22.911402,39.372027],[22.91161,39.371947],[22.911629,39.37194],[22.911819,39.371868],[22.911879,39.371845],[22.912002,39.3718],[22.912028,39.371789],[22.912236,39.371708],[22.912444,39.371627],[22.912651,39.371546],[22.912859,39.371465],[22.913067,39.371384],[22.913274,39.371304],[22.913482,39.371223],[22.91369,39.371142],[22.913715,39.371132],[22.913896,39.371059],[22.914035,39.371004],[22.914103,39.370976],[22.914309,39.370893],[22.914407,39.370853],[22.914515,39.37081],[22.914625,39.370765],[22.914698,39.370735],[22.914721,39.370726],[22.914926,39.370641],[22.915132,39.370557],[22.915337,39.370473],[22.915542,39.370388],[22.915748,39.370304],[22.915953,39.37022],[22.916025,39.370191],[22.916158,39.370135],[22.916327,39.370064],[22.916363,39.37005],[22.91657,39.369967],[22.916777,39.369885],[22.916984,39.369803],[22.91719,39.36972],[22.917397,39.369638],[22.917408,39.369634],[22.917602,39.369553],[22.917807,39.369468],[22.918011,39.369384],[22.918011,39.369383],[22.91821,39.369289],[22.918296,39.369249],[22.918408,39.369196],[22.918515,39.369145],[22.918606,39.369101],[22.918781,39.369017],[22.918803,39.369007],[22.918913,39.368954],[22.918997,39.368909],[22.919188,39.368806],[22.91923,39.368783],[22.919379,39.368704],[22.919515,39.368631],[22.91957,39.368601],[22.919761,39.368499],[22.919952,39.368397],[22.920144,39.368295],[22.920273,39.368225],[22.920334,39.368191],[22.920523,39.368086],[22.920712,39.367981],[22.9209,39.367876],[22.92091,39.367871],[22.920978,39.367835],[22.921092,39.367774],[22.921284,39.367673],[22.921475,39.367571],[22.921636,39.367486],[22.921667,39.367469],[22.921859,39.367367],[22.92202,39.367282],[22.922051,39.367265],[22.922242,39.367164],[22.922406,39.367077],[22.922434,39.367062],[22.922626,39.36696],[22.922702,39.36692],[22.922755,39.366891],[22.922815,39.366856],[22.922824,39.366851],[22.922848,39.366836],[22.922876,39.366815],[22.922899,39.366795],[22.92292,39.366772],[22.922936,39.366754],[22.922964,39.366719],[22.922965,39.366719],[22.922982,39.3667],[22.923002,39.366683],[22.923025,39.366669],[22.92305,39.366657],[22.923077,39.366648],[22.923105,39.366642],[22.923134,39.36664],[22.923156,39.36664],[22.92316,39.36664],[22.923178,39.366642],[22.923211,39.366647],[22.923233,39.366654],[22.923254,39.366663],[22.923274,39.366673],[22.923292,39.366685],[22.923308,39.366699],[22.923323,39.366714],[22.923334,39.36673],[22.923339,39.366739],[22.923344,39.366747],[22.923351,39.366765],[22.923355,39.366783],[22.923356,39.366802],[22.923355,39.366821],[22.923352,39.366832],[22.923364,39.366859],[22.923378,39.366887],[22.923391,39.366912],[22.923396,39.366921],[22.923409,39.366944],[22.923428,39.366974],[22.92344,39.366989],[22.92345,39.367001],[22.923465,39.367015],[22.923519,39.367056],[22.923521,39.367058],[22.923568,39.367092],[22.923727,39.367135],[22.923946,39.367194],[22.923998,39.367208],[22.924168,39.36725],[22.924353,39.367295],[22.924389,39.367304],[22.924597,39.367357],[22.92461,39.36736],[22.924677,39.367377],[22.924744,39.367395],[22.924805,39.367412],[22.92483,39.36742],[22.924858,39.367429],[22.924904,39.367444],[22.924964,39.367466],[22.925012,39.367483],[22.925041,39.367495],[22.925128,39.367529],[22.925182,39.367551],[22.925214,39.367565],[22.925245,39.367581],[22.925246,39.367581],[22.92526,39.367588],[22.925295,39.36761],[22.925312,39.367621],[22.925409,39.367691],[22.925419,39.367699],[22.925501,39.367764],[22.925538,39.367797],[22.925573,39.367829],[22.925576,39.367832],[22.925628,39.367886],[22.925678,39.367944],[22.925708,39.36798],[22.925732,39.368012],[22.925764,39.368055],[22.925816,39.368139],[22.925906,39.368284],[22.925917,39.368301],[22.926007,39.368441],[22.92602,39.368463],[22.926104,39.3686],[22.926119,39.368626],[22.926212,39.36879],[22.92622,39.368805],[22.926258,39.368866],[22.926303,39.368955],[22.926387,39.369123],[22.926394,39.369137],[22.926476,39.369289],[22.926539,39.369406],[22.926571,39.369454],[22.926573,39.369457],[22.926593,39.369482],[22.926628,39.369522],[22.926657,39.369546],[22.926684,39.369567],[22.926727,39.369596],[22.926795,39.369639],[22.926908,39.369712],[22.926932,39.369728],[22.927086,39.369829],[22.927115,39.369848],[22.927149,39.369874],[22.927178,39.369901],[22.927201,39.369926],[22.927226,39.369965],[22.927229,39.369968],[22.927246,39.369994],[22.927282,39.370058],[22.927315,39.370121],[22.927321,39.370133],[22.927404,39.370301],[22.92747,39.370433],[22.927487,39.370469],[22.927544,39.370592],[22.927567,39.370638],[22.927651,39.370806],[22.927735,39.370974],[22.927743,39.370991],[22.927817,39.371142],[22.927898,39.37131],[22.927922,39.371359],[22.92798,39.371479],[22.928062,39.371647],[22.928134,39.371796],[22.928143,39.371816],[22.928187,39.371905],[22.928212,39.371956],[22.928223,39.371984],[22.928232,39.372006],[22.928245,39.372042],[22.928259,39.372088],[22.928262,39.37211],[22.928268,39.37216],[22.928276,39.372235],[22.928394,39.372287],[22.928596,39.372376],[22.928691,39.372417],[22.928799,39.372464],[22.929001,39.372553],[22.929078,39.372587],[22.929203,39.372642],[22.929406,39.37273],[22.929444,39.372747],[22.929608,39.372819],[22.92981,39.372909],[22.929829,39.372917],[22.930013,39.372996],[22.930212,39.373082],[22.930216,39.373084],[22.930418,39.373172],[22.930544,39.373227],[22.930608,39.373255],[22.930621,39.373261],[22.930638,39.373269],[22.930823,39.37335],[22.930992,39.373425],[22.931025,39.373439],[22.931227,39.373528],[22.931345,39.373579],[22.931378,39.373594],[22.93143,39.373616],[22.931632,39.373704],[22.93178,39.373769],[22.931835,39.373793],[22.932038,39.373881],[22.932134,39.373923],[22.93224,39.373969],[22.932389,39.374034],[22.932427,39.37405],[22.932443,39.374058],[22.932645,39.374147],[22.932797,39.374215],[22.932847,39.374236],[22.932988,39.374297],[22.93305,39.374324],[22.933102,39.374346],[22.933253,39.374412],[22.933413,39.374482],[22.933455,39.374501],[22.933657,39.37459],[22.933815,39.37466],[22.933859,39.374679],[22.933958,39.37472],[22.934065,39.374762],[22.934097,39.374774],[22.934225,39.374823],[22.934275,39.37484],[22.934486,39.374916],[22.93466,39.374978],[22.934697,39.374991],[22.93475,39.37501],[22.934908,39.375068],[22.934953,39.375084],[22.934987,39.375095],[22.93512,39.375141],[22.935246,39.375183],[22.935277,39.375193],[22.935314,39.375206],[22.935334,39.375212],[22.935551,39.375277],[22.935574,39.375284],[22.935646,39.375302],[22.93577,39.375336],[22.935989,39.375397],[22.936064,39.375418],[22.936209,39.375456],[22.936428,39.375515],[22.936474,39.375527],[22.936648,39.375575],[22.936867,39.375635],[22.936894,39.375643],[22.937086,39.375695],[22.937305,39.375755],[22.937325,39.37576],[22.937524,39.375816],[22.937743,39.375877],[22.937746,39.375878],[22.937963,39.375936],[22.938039,39.375957],[22.938089,39.375968],[22.938184,39.37599],[22.938198,39.375994],[22.938281,39.37601],[22.938327,39.376017],[22.938363,39.376022],[22.938408,39.376025],[22.938412,39.376026],[22.938537,39.376036],[22.938562,39.376039],[22.938595,39.376044],[22.938633,39.376053],[22.938635,39.376047],[22.938669,39.375869],[22.938703,39.375691],[22.938737,39.375513],[22.938757,39.375408],[22.938771,39.375335],[22.938781,39.375284],[22.938806,39.375157],[22.938832,39.375018],[22.93884,39.374979],[22.938849,39.374934],[22.938874,39.374801],[22.938908,39.374624],[22.938942,39.374446],[22.938976,39.374268],[22.939011,39.37409],[22.939042,39.373925],[22.939045,39.373912],[22.939079,39.373734],[22.939113,39.373556],[22.939147,39.373378],[22.939162,39.373301],[22.939182,39.3732],[22.939206,39.373073],[22.939216,39.373022],[22.939241,39.372894],[22.93925,39.372844],[22.939275,39.372717],[22.939281,39.372683],[22.939284,39.372667],[22.939318,39.372493],[22.939319,39.372489],[22.939323,39.372465],[22.939355,39.372311],[22.939391,39.372133],[22.939427,39.371956],[22.93944,39.371894],[22.939444,39.371868],[22.939461,39.371778],[22.939488,39.371639],[22.939491,39.371621],[22.939495,39.3716],[22.939496,39.371599],[22.93952,39.371474],[22.93953,39.371422],[22.939565,39.371244],[22.9396,39.371066],[22.939601,39.371065],[22.939636,39.370889],[22.939671,39.370711],[22.939706,39.370533],[22.939709,39.370521],[22.939722,39.370455],[22.939742,39.370355],[22.939747,39.37033],[22.939778,39.370178],[22.939814,39.37],[22.939818,39.369982],[22.93985,39.369822],[22.939885,39.369652],[22.939887,39.369645],[22.939922,39.369467],[22.939957,39.369289],[22.939988,39.369131],[22.939993,39.369111],[22.939993,39.369111],[22.940021,39.369006],[22.940058,39.36893],[22.940077,39.368938],[22.940275,39.369022],[22.940479,39.369108],[22.940574,39.369148],[22.940685,39.369192],[22.940891,39.369274],[22.941098,39.369356],[22.941221,39.369405],[22.941305,39.369438],[22.941438,39.369489],[22.941469,39.369501],[22.941514,39.369518],[22.941722,39.369598],[22.94193,39.369679],[22.942138,39.369759],[22.94229,39.369817],[22.942331,39.369833],[22.942346,39.369839],[22.942555,39.369919],[22.942725,39.369985],[22.942763,39.369999],[22.942971,39.37008],[22.943043,39.370108],[22.943179,39.37016],[22.943387,39.37024],[22.943595,39.37032],[22.943688,39.370356],[22.943695,39.370359],[22.943706,39.370361],[22.943715,39.370362],[22.943725,39.370363],[22.943738,39.370363],[22.94375,39.370361],[22.943764,39.370359],[22.943776,39.370355],[22.94379,39.370351],[22.943802,39.370347],[22.943807,39.370344],[22.943819,39.37034],[22.943859,39.370322],[22.943889,39.370308],[22.94392,39.370291],[22.944001,39.370246],[22.944191,39.370142],[22.94438,39.370037],[22.94457,39.369933],[22.94461,39.369911],[22.944759,39.369829],[22.944948,39.369724],[22.945074,39.369655],[22.945138,39.36962],[22.945327,39.369516],[22.945517,39.369412],[22.945625,39.369352],[22.945706,39.369307],[22.945896,39.369203],[22.946085,39.369099],[22.946225,39.369022],[22.946275,39.368994],[22.946464,39.36889],[22.946654,39.368786],[22.946757,39.368729],[22.946844,39.368682],[22.947033,39.368577],[22.947223,39.368473],[22.947242,39.368463],[22.947411,39.368368],[22.947599,39.368262],[22.947787,39.368156],[22.947884,39.368102],[22.947976,39.368051],[22.948164,39.367945],[22.948352,39.36784],[22.948511,39.36775],[22.948541,39.367734],[22.948729,39.367629],[22.948917,39.367523],[22.948956,39.367501],[22.949105,39.367417],[22.949293,39.367311],[22.949459,39.367218],[22.949481,39.367205],[22.949669,39.367099],[22.949856,39.366992],[22.94994,39.366944],[22.950044,39.366886],[22.950233,39.366782],[22.950288,39.366752],[22.950423,39.366678],[22.950613,39.366574],[22.950666,39.366545],[22.950707,39.366522],[22.950801,39.366469],[22.95099,39.366363],[22.951178,39.366257],[22.951366,39.366152],[22.951555,39.366046],[22.951743,39.365941],[22.951766,39.365928],[22.95193,39.365834],[22.952078,39.365751],[22.952118,39.365728],[22.952307,39.365623],[22.952477,39.365529],[22.952496,39.365518],[22.952686,39.365415],[22.952876,39.365311],[22.952889,39.365304],[22.953063,39.365204],[22.95318,39.365137],[22.953251,39.365098],[22.953397,39.365017],[22.95344,39.364993],[22.953631,39.36489],[22.953821,39.364787],[22.953822,39.364787],[22.954011,39.364683],[22.9542,39.364579],[22.95439,39.364474],[22.954579,39.36437],[22.954769,39.364266],[22.954814,39.364241],[22.954954,39.364157],[22.955137,39.364046],[22.955321,39.363936],[22.955504,39.363825],[22.955565,39.363789],[22.955687,39.363714],[22.95587,39.363603],[22.956052,39.363491],[22.956118,39.363451],[22.956235,39.36338],[22.956417,39.363268],[22.956599,39.363156],[22.956641,39.363131],[22.956784,39.363047],[22.95697,39.362939],[22.957156,39.362831],[22.957342,39.362723],[22.95739,39.362695],[22.957535,39.362622],[22.95773,39.362524],[22.957866,39.362455],[22.957924,39.362426],[22.958119,39.362327],[22.958314,39.362229],[22.958371,39.3622],[22.95851,39.362133],[22.958707,39.362037],[22.95888,39.361954],[22.958904,39.361942],[22.9591,39.361845],[22.959296,39.361748],[22.959379,39.361707],[22.959492,39.361651],[22.959687,39.361553],[22.959883,39.361456],[22.959988,39.361404],[22.960078,39.361358],[22.960274,39.361261],[22.960469,39.361163],[22.960622,39.361088],[22.960665,39.361066],[22.96086,39.360968],[22.961055,39.36087],[22.96125,39.360772],[22.961288,39.360753],[22.961445,39.360674],[22.961639,39.360575],[22.961834,39.360477],[22.961884,39.360452],[22.96203,39.36038],[22.962205,39.360293],[22.962228,39.360287],[22.962233,39.360286],[22.96226,39.360283],[22.96246,39.360272],[22.962483,39.360271],[22.962507,39.36027],[22.962692,39.360264],[22.962831,39.36026],[22.962868,39.360258],[22.962924,39.360254],[22.962987,39.360249],[22.963011,39.360246],[22.963031,39.360242],[22.963051,39.360238],[22.963074,39.36023],[22.963091,39.360222],[22.963109,39.360212],[22.963132,39.360199],[22.963137,39.360194],[22.963147,39.360187],[22.963158,39.360175],[22.963171,39.360162],[22.963186,39.360146],[22.963271,39.360047],[22.963401,39.359898],[22.963436,39.359858],[22.963527,39.359747],[22.963653,39.359596],[22.963779,39.359444],[22.963896,39.359303],[22.963904,39.359293],[22.964032,39.359143],[22.96416,39.358992],[22.964287,39.358842],[22.964415,39.358692],[22.964496,39.358595],[22.964542,39.358541],[22.964603,39.358469],[22.96467,39.358391],[22.964797,39.35824],[22.964925,39.35809],[22.965003,39.357997],[22.965054,39.35794],[22.965185,39.357792],[22.965317,39.357643],[22.965415,39.357533],[22.965448,39.357495],[22.965566,39.357357],[22.965577,39.357345],[22.965675,39.357235],[22.965708,39.357197],[22.965812,39.357079],[22.965839,39.357048],[22.965971,39.3569],[22.9661,39.35675],[22.966108,39.356741],[22.966227,39.3566],[22.966355,39.356449],[22.96643,39.356361],[22.966459,39.356321],[22.966473,39.356295],[22.966482,39.356281],[22.966498,39.356244],[22.966514,39.356204],[22.966539,39.356138],[22.966542,39.356123],[22.966553,39.356078],[22.966559,39.35602],[22.96656,39.355971],[22.966561,39.355945],[22.966561,39.355902],[22.966555,39.355823],[22.966547,39.355768],[22.966547,39.355765],[22.966536,39.355714],[22.966523,39.355658],[22.966505,39.355601],[22.966499,39.355589],[22.966483,39.355551],[22.966456,39.355509],[22.966432,39.355477],[22.966397,39.35544],[22.966389,39.355432],[22.966359,39.355405],[22.966317,39.35537],[22.966277,39.35534],[22.966226,39.355305],[22.966051,39.355186],[22.965895,39.355079],[22.965877,39.355067],[22.965786,39.355001],[22.965764,39.35498],[22.965747,39.354955],[22.965737,39.354935],[22.965735,39.354928],[22.965729,39.354911],[22.965727,39.3549],[22.965727,39.354891],[22.965727,39.354884],[22.965729,39.354874],[22.965732,39.354865],[22.965739,39.354849],[22.965773,39.354803],[22.965803,39.354764],[22.965807,39.354758],[22.965834,39.354724],[22.965925,39.35461],[22.965986,39.354534],[22.966045,39.354456],[22.966162,39.354301],[22.966279,39.354146],[22.966373,39.354021],[22.966338,39.353998],[22.966163,39.353879],[22.966161,39.353878],[22.966026,39.353776],[22.965998,39.353752],[22.965925,39.353689],[22.965846,39.353616],[22.965715,39.353495],[22.965701,39.353476],[22.965584,39.353322],[22.965584,39.353321],[22.965526,39.353235],[22.96548,39.35316],[22.965419,39.353063],[22.965383,39.352997],[22.965365,39.352964],[22.965347,39.352928],[22.965331,39.352891],[22.965315,39.352847],[22.965309,39.352826],[22.965305,39.35281],[22.965297,39.352774],[22.965292,39.352729],[22.965284,39.352658],[22.965284,39.352648],[22.96528,39.352589],[22.965276,39.352535],[22.965271,39.352468],[22.965269,39.352449],[22.965264,39.352337],[22.965261,39.352289],[22.96526,39.352254],[22.965259,39.352194],[22.965261,39.352137],[22.965264,39.352109],[22.965265,39.352092],[22.965275,39.352028],[22.965291,39.35195],[22.965296,39.351931],[22.96532,39.351825],[22.965335,39.351753],[22.965341,39.351724],[22.965383,39.35158],[22.965412,39.35148],[22.965414,39.351419],[22.965416,39.3514],[22.965418,39.351383],[22.965422,39.351347],[22.965449,39.351247],[22.965455,39.351226],[22.965456,39.351221],[22.965462,39.351183],[22.965448,39.351173],[22.965438,39.351163],[22.965432,39.351156],[22.965427,39.351149],[22.965422,39.351141],[22.965416,39.351125],[22.965397,39.351121],[22.965375,39.351115],[22.965357,39.35111],[22.965314,39.351101],[22.965222,39.351082],[22.965178,39.351072],[22.96517,39.35107],[22.965127,39.351055],[22.965097,39.35104],[22.96496,39.351017],[22.964959,39.351018],[22.96496,39.351017],[22.964901,39.351011],[22.964864,39.351009],[22.964827,39.351007],[22.964783,39.351008],[22.964746,39.351011],[22.964731,39.351013],[22.964705,39.351017],[22.964645,39.351031],[22.964592,39.351048],[22.964567,39.351058],[22.964542,39.351068],[22.964522,39.351076],[22.96432,39.351163],[22.964272,39.351184],[22.96423,39.351207],[22.964193,39.35123],[22.964162,39.351252],[22.964138,39.351274],[22.964131,39.35128],[22.9641,39.351309],[22.963989,39.351411],[22.963954,39.351443],[22.96385,39.351556],[22.963731,39.351687],[22.963715,39.351702],[22.963568,39.351841],[22.963421,39.351981],[22.963274,39.35212],[22.963247,39.352146],[22.963127,39.352259],[22.962978,39.352398],[22.96283,39.352536],[22.962744,39.352617],[22.962682,39.352675],[22.962534,39.352814],[22.962386,39.352952],[22.962238,39.353091],[22.96211,39.353211],[22.96209,39.35323],[22.962023,39.353292],[22.961983,39.35333],[22.961942,39.353368],[22.961804,39.353498],[22.961794,39.353507],[22.961659,39.353633],[22.961646,39.353646],[22.961571,39.353717],[22.961538,39.353748],[22.961514,39.353768],[22.961493,39.353783],[22.96147,39.3538],[22.961358,39.353876],[22.961317,39.3539],[22.961194,39.353973],[22.961132,39.35401],[22.960981,39.3541],[22.960948,39.354119],[22.960761,39.354227],[22.960575,39.354335],[22.960398,39.354437],[22.960389,39.354442],[22.960204,39.354551],[22.960019,39.35466],[22.959834,39.354769],[22.959819,39.354778],[22.959643,39.354872],[22.959538,39.354929],[22.959452,39.354974],[22.959301,39.355054],[22.959259,39.355075],[22.959065,39.355173],[22.959048,39.355182],[22.95887,39.355272],[22.958791,39.355313],[22.958676,39.35537],[22.958661,39.355378],[22.958589,39.355413],[22.958528,39.355445],[22.958481,39.355469],[22.958289,39.35557],[22.958096,39.35567],[22.958001,39.35572],[22.957901,39.355768],[22.957704,39.355864],[22.957507,39.35596],[22.957434,39.355995],[22.957311,39.356057],[22.957116,39.356155],[22.957081,39.356172],[22.956921,39.356252],[22.956791,39.356317],[22.956725,39.35635],[22.956528,39.356446],[22.956331,39.356541],[22.956135,39.356637],[22.956115,39.356647],[22.95594,39.356735],[22.955745,39.356834],[22.95555,39.356932],[22.955499,39.356958],[22.955357,39.357032],[22.955163,39.357132],[22.954999,39.357217],[22.95497,39.357232],[22.954775,39.35733],[22.954586,39.357425],[22.95458,39.357428],[22.954504,39.357466],[22.954463,39.357487],[22.95443,39.357503],[22.954385,39.357526],[22.95419,39.357624],[22.953995,39.357722],[22.953947,39.357746],[22.9538,39.35782],[22.953745,39.357848],[22.953605,39.357918],[22.953502,39.35797],[22.953462,39.35799],[22.95341,39.358016],[22.953215,39.358114],[22.953094,39.358176],[22.95302,39.358213],[22.952838,39.358304],[22.952825,39.358311],[22.952635,39.358406],[22.95244,39.358504],[22.952245,39.358602],[22.952215,39.358617],[22.952128,39.35851],[22.952006,39.358357],[22.951883,39.358205],[22.95176,39.358053],[22.951702,39.357981],[22.951563,39.358052],[22.951368,39.358151],[22.951174,39.35825],[22.951118,39.358278],[22.95107,39.358303],[22.95098,39.358349],[22.950786,39.358447],[22.950592,39.358546],[22.950565,39.35856],[22.950397,39.358645],[22.950341,39.358673],[22.950203,39.358743],[22.950109,39.358792],[22.950009,39.358842],[22.949927,39.358884],[22.949815,39.358941],[22.94963,39.359035],[22.949621,39.35904],[22.949426,39.359139],[22.94938,39.359162],[22.949232,39.359238],[22.949038,39.359336],[22.948901,39.359406],[22.948843,39.359435],[22.948704,39.359506],[22.948649,39.359534],[22.948496,39.359612],[22.948455,39.359633],[22.948261,39.359732],[22.948221,39.359752],[22.948066,39.359831],[22.947979,39.359875],[22.947872,39.359929],[22.947745,39.359994],[22.947678,39.360028],[22.947487,39.360125],[22.947483,39.360127],[22.947289,39.360226],[22.947221,39.360261],[22.947095,39.360325],[22.947008,39.360369],[22.946901,39.360424],[22.946707,39.360523],[22.946704,39.360525],[22.946512,39.360622],[22.946318,39.36072],[22.946314,39.360722],[22.946123,39.360819],[22.946062,39.36085],[22.945929,39.360918],[22.945735,39.361016],[22.945734,39.361017],[22.945704,39.361032],[22.94554,39.361114],[22.945437,39.361166],[22.945343,39.36121],[22.945205,39.361275],[22.945145,39.361304],[22.944986,39.361378],[22.944954,39.361394],[22.944946,39.361397],[22.944747,39.361491],[22.944714,39.361506],[22.944547,39.361581],[22.944462,39.361619],[22.944345,39.36167],[22.944168,39.361749],[22.944143,39.36176],[22.943957,39.361843],[22.943942,39.361849],[22.94374,39.361939],[22.943694,39.361959],[22.943537,39.362026],[22.943508,39.362039],[22.943334,39.362114],[22.94333,39.362115],[22.943131,39.362201],[22.943095,39.362216],[22.943004,39.362256],[22.942919,39.362263],[22.942917,39.362264],[22.94286,39.362268],[22.9428,39.362271],[22.942736,39.362275],[22.942691,39.362278],[22.942684,39.362278],[22.942615,39.362281],[22.94253,39.362284],[22.942509,39.362284],[22.942478,39.362284],[22.942459,39.362286],[22.942453,39.362286],[22.942427,39.362288],[22.942407,39.362291],[22.942382,39.362295],[22.942341,39.362303],[22.942309,39.362312],[22.942288,39.362319],[22.942246,39.362334],[22.942244,39.362335],[22.942212,39.362347],[22.942203,39.36235],[22.94219,39.362365],[22.942175,39.362379],[22.942157,39.362391],[22.942138,39.362402],[22.942118,39.362411],[22.942097,39.362418],[22.942074,39.362423],[22.942051,39.362427],[22.942047,39.362427],[22.942028,39.362428],[22.942005,39.362428],[22.941981,39.362425],[22.941959,39.36242],[22.941937,39.362414],[22.941916,39.362405],[22.941897,39.362395],[22.941879,39.362384],[22.941866,39.362373],[22.941834,39.362364],[22.941824,39.362361],[22.941801,39.362353],[22.94177,39.362344],[22.941728,39.362334],[22.941683,39.362322],[22.941649,39.362316],[22.941614,39.36231],[22.941613,39.362309],[22.941591,39.362307],[22.941555,39.362305],[22.941522,39.362305],[22.941472,39.362305],[22.941393,39.362307],[22.941382,39.362307],[22.941179,39.362308],[22.94115,39.362308],[22.941114,39.362308],[22.940917,39.362307],[22.940684,39.362307],[22.940452,39.362307],[22.940391,39.362307],[22.940258,39.362306],[22.940219,39.362306],[22.939987,39.362306],[22.939754,39.362305],[22.939522,39.362305],[22.939509,39.362305],[22.939289,39.362304],[22.939118,39.362304],[22.939056,39.362304],[22.938824,39.362303],[22.938685,39.362303],[22.938648,39.362303],[22.938591,39.362304],[22.938587,39.362304],[22.938539,39.362305],[22.938511,39.362306],[22.938497,39.362308],[22.938486,39.36231],[22.938476,39.362312],[22.938465,39.362315],[22.938453,39.362319],[22.938447,39.362327],[22.938437,39.362337],[22.938422,39.36235],[22.938404,39.362361],[22.938393,39.362368],[22.93838,39.362374],[22.93837,39.362378],[22.938348,39.362385],[22.938328,39.362389],[22.938322,39.36239],[22.938301,39.362392],[22.938268,39.362393],[22.938242,39.36239],[22.938237,39.362389],[22.938215,39.362384],[22.93819,39.362375],[22.938184,39.362373],[22.938167,39.362367],[22.938149,39.362355],[22.93812,39.36235],[22.938087,39.362345],[22.938047,39.362341],[22.938015,39.362338],[22.937978,39.362337],[22.937952,39.362336],[22.93795,39.362336],[22.93792,39.362336],[22.937886,39.362337],[22.93783,39.36234],[22.937754,39.362347],[22.937719,39.362349],[22.937666,39.362354],[22.937549,39.362368],[22.937489,39.362378],[22.937458,39.362383],[22.937318,39.362409],[22.937263,39.362419],[22.937038,39.362463],[22.937029,39.362465],[22.936812,39.362508],[22.936768,39.362517],[22.936719,39.362526],[22.936683,39.362531],[22.936643,39.362535],[22.936618,39.362537],[22.936584,39.362538],[22.936547,39.362539],[22.936501,39.36254],[22.936447,39.362537],[22.936398,39.362535],[22.936357,39.362532],[22.936351,39.362532],[22.936289,39.362526],[22.936223,39.362518],[22.936142,39.362506],[22.936122,39.362502],[22.936105,39.362498],[22.935906,39.362435],[22.93575,39.362386],[22.935691,39.362367],[22.93569,39.362366],[22.935476,39.362298],[22.935361,39.362262],[22.935261,39.36223],[22.935072,39.36217],[22.935046,39.362162],[22.934831,39.362094],[22.934616,39.362025],[22.934561,39.362007],[22.934401,39.361957],[22.934192,39.36189],[22.934189,39.36189],[22.934131,39.361879],[22.934091,39.361869],[22.93405,39.361861],[22.934029,39.361859],[22.933993,39.361857],[22.933963,39.361858],[22.933962,39.361858],[22.933927,39.361861],[22.933886,39.361867],[22.933854,39.361873],[22.933828,39.361878],[22.933782,39.361888],[22.93377,39.361901],[22.933754,39.361914],[22.933751,39.361916],[22.933728,39.361929],[22.933698,39.361941],[22.933679,39.361945],[22.933665,39.361948],[22.933649,39.361949],[22.933637,39.361949],[22.933626,39.361949],[22.93361,39.361948],[22.933591,39.361945],[22.933572,39.36194],[22.933552,39.361933],[22.933535,39.361925],[22.933534,39.361925],[22.933518,39.361915],[22.933504,39.361903],[22.933494,39.361894],[22.933483,39.36188],[22.933474,39.361867],[22.933467,39.361853],[22.933462,39.361837],[22.93346,39.361812],[22.933461,39.361794],[22.933469,39.361771],[22.933471,39.361766],[22.933477,39.361753],[22.933493,39.361734],[22.933531,39.361705],[22.933577,39.361686],[22.933617,39.361679],[22.933656,39.361679],[22.933658,39.361679],[22.933697,39.361687],[22.933733,39.361701],[22.933764,39.361721],[22.933783,39.361723],[22.93381,39.361724],[22.933832,39.361724],[22.933854,39.361722],[22.933873,39.361719],[22.933873,39.361719],[22.933889,39.361713],[22.933917,39.3617],[22.933961,39.361676],[22.933976,39.361666],[22.933989,39.361655],[22.934004,39.361637],[22.934034,39.361595],[22.934144,39.361437],[22.934254,39.361278],[22.934338,39.361158],[22.934288,39.361138],[22.934209,39.361105],[22.934166,39.361088],[22.934083,39.361054],[22.933877,39.36097],[22.933689,39.360893],[22.933672,39.360886],[22.933622,39.360865],[22.933553,39.360837],[22.933466,39.360801]]},"properties":{"line":"11","dir":"Υπεραστικό ΚΤΕΛ Βόλου","headsign":"Υπεραστικό ΚΤΕΛ Βόλου","mode":"bus","color":"#0059a9"}},{"type":"Feature","geometry":{"type":"LineString","coordinates":[[22.961072,39.351213],[22.960974,39.351131],[22.961022,39.351096],[22.961041,39.351088],[22.961095,39.351065],[22.961255,39.351018],[22.961344,39.350991],[22.961477,39.350967],[22.961594,39.350946],[22.961606,39.350944],[22.961704,39.350926],[22.961791,39.35091],[22.961931,39.350886],[22.961969,39.350879],[22.962157,39.350844],[22.962192,39.350838],[22.962383,39.350802],[22.962609,39.350759],[22.96273,39.350736],[22.962835,39.350717],[22.962852,39.350715],[22.962889,39.35071],[22.962927,39.350707],[22.962961,39.350708],[22.962996,39.350714],[22.963064,39.350727],[22.963065,39.350727],[22.963122,39.350737],[22.963179,39.350742],[22.963205,39.350743],[22.963232,39.350741],[22.963293,39.350734],[22.963373,39.350726],[22.963428,39.350725],[22.963463,39.350729],[22.963507,39.350737],[22.963521,39.350743],[22.963545,39.350752],[22.963591,39.350774],[22.963615,39.350784],[22.963624,39.350789],[22.963653,39.350797],[22.963732,39.350807],[22.963798,39.350816],[22.963884,39.35083],[22.963929,39.350843],[22.963962,39.350856],[22.963965,39.350857],[22.963999,39.350876],[22.96403,39.350901],[22.964059,39.35093],[22.964086,39.350963],[22.964101,39.350989],[22.96411,39.351011],[22.964118,39.351029],[22.964131,39.351072],[22.964142,39.351108],[22.96415,39.351133],[22.964162,39.351166],[22.96417,39.351185],[22.964177,39.351201],[22.964193,39.35123],[22.96423,39.351207],[22.964272,39.351184],[22.964286,39.351178],[22.964488,39.351091],[22.964542,39.351068],[22.964567,39.351058],[22.964592,39.351048],[22.964645,39.351031],[22.964695,39.35102],[22.964705,39.351017],[22.964746,39.351011],[22.964783,39.351008],[22.964827,39.351007],[22.964864,39.351009],[22.964901,39.351011],[22.964919,39.351013],[22.96496,39.351017],[22.965097,39.35104],[22.965127,39.351055],[22.96514,39.35106],[22.96517,39.35107],[22.965222,39.351082],[22.965314,39.351101],[22.965357,39.35111],[22.965362,39.351112],[22.965375,39.351115],[22.965416,39.351125],[22.965412,39.351104],[22.965412,39.351089],[22.965414,39.351079],[22.965417,39.351068],[22.965421,39.351058],[22.965427,39.351048],[22.965428,39.351048],[22.965438,39.351035],[22.965452,39.351022],[22.965472,39.351008],[22.965493,39.350999],[22.965521,39.350992],[22.965543,39.350989],[22.965574,39.35099],[22.965591,39.350993],[22.96561,39.350998],[22.965622,39.351003],[22.96564,39.351011],[22.965655,39.351022],[22.96567,39.351036],[22.96568,39.351048],[22.965686,39.351058],[22.965693,39.351076],[22.965696,39.351098],[22.965694,39.351117],[22.965687,39.351136],[22.96568,39.351149],[22.96567,39.351162],[22.965648,39.351181],[22.965628,39.351192],[22.965603,39.351202],[22.965584,39.351206],[22.96557,39.351223],[22.965563,39.351231],[22.965542,39.351257],[22.965527,39.351279],[22.965512,39.351303],[22.965489,39.351352],[22.965471,39.351394],[22.965452,39.351427],[22.965437,39.351447],[22.965412,39.35148],[22.965372,39.351617],[22.965341,39.351724],[22.965326,39.351793],[22.96532,39.351825],[22.965291,39.35195],[22.965287,39.35197],[22.965275,39.352028],[22.965265,39.352092],[22.965261,39.352137],[22.96526,39.352149],[22.965259,39.352194],[22.96526,39.352254],[22.965263,39.352329],[22.965264,39.352337],[22.965269,39.352449],[22.965274,39.352508],[22.965276,39.352535],[22.96528,39.352589],[22.965284,39.352658],[22.965288,39.352688],[22.965292,39.352729],[22.965297,39.352774],[22.965305,39.35281],[22.965315,39.352847],[22.965322,39.352865],[22.965331,39.352891],[22.965347,39.352928],[22.965365,39.352964],[22.965403,39.353034],[22.965419,39.353063],[22.965502,39.353196],[22.965526,39.353235],[22.965584,39.353322],[22.96561,39.353356],[22.965715,39.353495],[22.96573,39.353509],[22.96588,39.353647],[22.965925,39.353689],[22.966026,39.353776],[22.966034,39.353782],[22.966161,39.353878],[22.966202,39.353906],[22.966373,39.354021],[22.96637,39.354025],[22.966253,39.35418],[22.966136,39.354336],[22.966018,39.354491],[22.965986,39.354534],[22.965897,39.354645],[22.965834,39.354724],[22.965807,39.354758],[22.965776,39.354798],[22.965773,39.354803],[22.965739,39.354849],[22.965732,39.354865],[22.965729,39.354874],[22.965727,39.354884],[22.965727,39.354891],[22.965727,39.3549],[22.965729,39.354911],[22.965737,39.354935],[22.965747,39.354955],[22.965754,39.354965],[22.965764,39.35498],[22.965786,39.355001],[22.965895,39.355079],[22.965916,39.355094],[22.96609,39.355212],[22.966265,39.355331],[22.966277,39.35534],[22.966317,39.35537],[22.966359,39.355405],[22.966397,39.35544],[22.96642,39.355465],[22.966432,39.355477],[22.966456,39.355509],[22.966483,39.355551],[22.966505,39.355601],[22.966513,39.355628],[22.966523,39.355658],[22.966536,39.355714],[22.966547,39.355768],[22.966552,39.355805],[22.966555,39.355823],[22.966561,39.355902],[22.96656,39.355971],[22.96656,39.355985],[22.966559,39.35602],[22.966553,39.356078],[22.966656,39.356112],[22.966869,39.356183],[22.967083,39.356254],[22.967297,39.356325],[22.96734,39.35634],[22.967509,39.356398],[22.967611,39.356434],[22.967723,39.356469],[22.967939,39.356536],[22.968037,39.356567],[22.968154,39.356604],[22.968281,39.356645],[22.968358,39.356665],[22.968371,39.356668],[22.968388,39.356671],[22.96848,39.35668],[22.968602,39.356685],[22.968835,39.356695],[22.968935,39.356699],[22.968955,39.3567],[22.969066,39.35671],[22.969168,39.35672],[22.969287,39.356738],[22.969295,39.35674],[22.969393,39.356761],[22.969481,39.356783],[22.969517,39.356794],[22.969712,39.356855],[22.969705,39.356871],[22.969677,39.356937],[22.969649,39.35699],[22.969616,39.357037],[22.969602,39.357057],[22.969554,39.35712],[22.969493,39.357189],[22.96947,39.357215],[22.969415,39.357274],[22.969354,39.357333],[22.969353,39.357333],[22.969199,39.357468],[22.969165,39.357498],[22.969045,39.357602],[22.968951,39.357684],[22.96889,39.357737],[22.968819,39.357799],[22.968739,39.357873],[22.96873,39.357881],[22.968691,39.357917],[22.968599,39.358017],[22.968592,39.358023],[22.968464,39.358163],[22.968451,39.358178],[22.968328,39.358309],[22.968193,39.358455],[22.968145,39.358507],[22.968057,39.358601],[22.96792,39.358747],[22.967847,39.358826],[22.967784,39.358893],[22.967649,39.359039],[22.967513,39.359185],[22.967468,39.359234],[22.967378,39.359332],[22.967243,39.359478],[22.96718,39.359547],[22.967109,39.359625],[22.966974,39.359772],[22.966839,39.359918],[22.966808,39.359952],[22.966703,39.360064],[22.966565,39.360209],[22.966427,39.360354],[22.966423,39.360358],[22.966293,39.360501],[22.966159,39.360648],[22.966025,39.360795],[22.965922,39.360908],[22.965892,39.360942],[22.965761,39.361091],[22.965643,39.361226],[22.965632,39.36124],[22.965604,39.361275],[22.96551,39.361393],[22.965454,39.361464],[22.965388,39.361546],[22.965266,39.3617],[22.965256,39.361713],[22.965145,39.361853],[22.965115,39.361892],[22.965026,39.362008],[22.964987,39.36206],[22.964908,39.362163],[22.964789,39.362317],[22.964768,39.362344],[22.964665,39.36247],[22.964617,39.362529],[22.964541,39.362622],[22.964517,39.36265],[22.964424,39.362777],[22.964309,39.362933],[22.964194,39.36309],[22.96414,39.363162],[22.964125,39.363183],[22.964077,39.363245],[22.963959,39.3634],[22.963904,39.363473],[22.963869,39.363514],[22.963837,39.363553],[22.963819,39.363575],[22.963719,39.363708],[22.96368,39.363761],[22.963605,39.363865],[22.963527,39.363972],[22.963489,39.364021],[22.963369,39.364175],[22.963364,39.364182],[22.963246,39.364328],[22.963235,39.364342],[22.963122,39.36448],[22.962997,39.364632],[22.962873,39.364784],[22.962818,39.364851],[22.962739,39.36493],[22.962662,39.365007],[22.962598,39.365073],[22.962515,39.365158],[22.962456,39.365216],[22.962346,39.365324],[22.962311,39.365357],[22.962298,39.36537],[22.96215,39.365486],[22.961988,39.365614],[22.961987,39.365615],[22.961831,39.365748],[22.961674,39.365881],[22.961581,39.36596],[22.961516,39.366013],[22.961355,39.366142],[22.961193,39.366272],[22.961032,39.366401],[22.961023,39.366408],[22.960876,39.366535],[22.960721,39.366669],[22.960642,39.366736],[22.960565,39.366802],[22.96055,39.366815],[22.960402,39.366931],[22.960373,39.366954],[22.960242,39.367061],[22.960083,39.367192],[22.960061,39.36721],[22.959952,39.367308],[22.959929,39.367327],[22.959772,39.36746],[22.959735,39.367492],[22.959609,39.367588],[22.959575,39.367614],[22.959505,39.367665],[22.959436,39.367708],[22.959434,39.367709],[22.959367,39.367745],[22.959244,39.367809],[22.95905,39.367909],[22.958856,39.368009],[22.958713,39.368083],[22.958662,39.368108],[22.958618,39.36813],[22.958466,39.368204],[22.95827,39.368301],[22.958074,39.368397],[22.957877,39.368494],[22.957822,39.368521],[22.957681,39.368591],[22.957492,39.368684],[22.957485,39.368687],[22.957289,39.368784],[22.957093,39.368881],[22.956897,39.368978],[22.956783,39.369034],[22.956702,39.369075],[22.956507,39.369173],[22.956406,39.369224],[22.95631,39.369269],[22.956227,39.369309],[22.95611,39.369361],[22.956093,39.369368],[22.956028,39.369397],[22.955919,39.369443],[22.955906,39.369448],[22.955803,39.369488],[22.955715,39.369521],[22.955697,39.369527],[22.955641,39.369547],[22.955516,39.369584],[22.955483,39.369595],[22.955269,39.369664],[22.955258,39.369667],[22.955052,39.369729],[22.95503,39.369735],[22.954861,39.369793],[22.954839,39.369801],[22.954675,39.369863],[22.954632,39.369882],[22.954581,39.369905],[22.954485,39.369955],[22.954438,39.369981],[22.954339,39.370036],[22.954251,39.370088],[22.954203,39.370117],[22.954087,39.370189],[22.954073,39.370174],[22.953937,39.370029],[22.953836,39.369922],[22.9538,39.369883],[22.953774,39.369856],[22.953662,39.369739],[22.953523,39.369594],[22.953384,39.36945],[22.953378,39.369443],[22.953246,39.369305],[22.953108,39.369161],[22.953041,39.36909],[22.952988,39.369035],[22.95297,39.369016],[22.952835,39.368869],[22.952699,39.368723],[22.952564,39.368577],[22.952563,39.368576],[22.952429,39.368431],[22.952293,39.368284],[22.9522,39.368184],[22.952157,39.368139],[22.95202,39.367993],[22.951882,39.367848],[22.951745,39.367703],[22.951669,39.367623],[22.951608,39.367558],[22.951473,39.367412],[22.951337,39.367265],[22.951224,39.367143],[22.951202,39.367119],[22.951065,39.366973],[22.950929,39.366828],[22.950793,39.366682],[22.950792,39.366681],[22.950724,39.366608],[22.950666,39.366545],[22.950658,39.366536],[22.95052,39.366391],[22.950382,39.366246],[22.950244,39.366101],[22.950228,39.366085],[22.950106,39.365956],[22.949967,39.365812],[22.949829,39.365667],[22.949791,39.365627],[22.949692,39.365522],[22.949555,39.365377],[22.949417,39.365232],[22.94928,39.365086],[22.949273,39.365079],[22.94925,39.365054],[22.949142,39.364942],[22.949003,39.364798],[22.948865,39.364653],[22.948733,39.364516],[22.948726,39.364509],[22.948588,39.364364],[22.94845,39.364219],[22.948313,39.364074],[22.948175,39.36393],[22.948141,39.363895],[22.948058,39.363808],[22.948037,39.363785],[22.947899,39.36364],[22.947828,39.363566],[22.947761,39.363495],[22.947623,39.36335],[22.947581,39.363306],[22.947532,39.363256],[22.947489,39.363205],[22.947359,39.363056],[22.947258,39.362939],[22.94723,39.362906],[22.947186,39.362856],[22.9471,39.362757],[22.946971,39.362607],[22.946894,39.362518],[22.946845,39.362457],[22.946722,39.362304],[22.9466,39.362151],[22.946566,39.362108],[22.946477,39.361998],[22.946381,39.361878],[22.946355,39.361845],[22.946234,39.361691],[22.946184,39.361629],[22.946111,39.361538],[22.945988,39.361386],[22.945866,39.361233],[22.945743,39.36108],[22.945729,39.361063],[22.945704,39.361032],[22.945571,39.361099],[22.945437,39.361166],[22.945375,39.361195],[22.945205,39.361275],[22.945176,39.361289],[22.944986,39.361378],[22.944977,39.361382],[22.944954,39.361394],[22.944779,39.361476],[22.944714,39.361506],[22.944579,39.361567],[22.944462,39.361619],[22.944377,39.361656],[22.944175,39.361745],[22.944168,39.361749],[22.943973,39.361835],[22.943957,39.361843],[22.943772,39.361925],[22.943694,39.361959],[22.943569,39.362013],[22.943508,39.362039],[22.943366,39.3621],[22.94333,39.362115],[22.943163,39.362187],[22.943095,39.362216],[22.943004,39.362256],[22.942955,39.36226],[22.942917,39.362264],[22.94286,39.362268],[22.9428,39.362271],[22.942736,39.362275],[22.942727,39.362276],[22.942684,39.362278],[22.942615,39.362281],[22.94253,39.362284],[22.942509,39.362284],[22.942496,39.362284],[22.942478,39.362284],[22.942453,39.362286],[22.942427,39.362288],[22.942407,39.362291],[22.942382,39.362295],[22.942341,39.362303],[22.942309,39.362312],[22.942288,39.362319],[22.942277,39.362323],[22.942246,39.362334],[22.942212,39.362347],[22.942203,39.36235],[22.94219,39.362365],[22.942175,39.362379],[22.942157,39.362391],[22.942138,39.362402],[22.942118,39.362411],[22.942097,39.362418],[22.942085,39.362421],[22.942074,39.362423],[22.942051,39.362427],[22.942028,39.362428],[22.942005,39.362428],[22.941981,39.362425],[22.941959,39.36242],[22.941937,39.362414],[22.941916,39.362405],[22.941897,39.362395],[22.941879,39.362384],[22.941866,39.362373],[22.941824,39.362361],[22.941801,39.362353],[22.94177,39.362344],[22.941728,39.362334],[22.941683,39.362322],[22.941649,39.362316],[22.941613,39.362309],[22.941591,39.362307],[22.941555,39.362305],[22.941522,39.362305],[22.941472,39.362305],[22.941419,39.362306],[22.941393,39.362307],[22.941186,39.362308],[22.941179,39.362308],[22.941114,39.362308],[22.940954,39.362308],[22.940721,39.362307],[22.940489,39.362307],[22.940391,39.362307],[22.940258,39.362306],[22.940256,39.362306],[22.940023,39.362306],[22.939791,39.362305],[22.939558,39.362305],[22.939509,39.362305],[22.939326,39.362304],[22.939118,39.362304],[22.939093,39.362304],[22.93886,39.362303],[22.938685,39.362303],[22.938648,39.362303],[22.938628,39.362303],[22.938587,39.362304],[22.938539,39.362305],[22.938511,39.362306],[22.938497,39.362308],[22.938486,39.36231],[22.938476,39.362312],[22.938465,39.362315],[22.938453,39.362319],[22.938447,39.362327],[22.938437,39.362337],[22.938422,39.36235],[22.938404,39.362361],[22.938393,39.362368],[22.93838,39.362374],[22.93837,39.362378],[22.938348,39.362385],[22.938328,39.362389],[22.938322,39.36239],[22.938301,39.362392],[22.938268,39.362393],[22.938242,39.36239],[22.938237,39.362389],[22.938215,39.362384],[22.93819,39.362375],[22.938167,39.362367],[22.938149,39.362355],[22.93812,39.36235],[22.938087,39.362345],[22.938047,39.362341],[22.938015,39.362338],[22.937989,39.362337],[22.937978,39.362337],[22.93795,39.362336],[22.93792,39.362336],[22.937886,39.362337],[22.93783,39.36234],[22.937755,39.362346],[22.937754,39.362347],[22.937666,39.362354],[22.937549,39.362368],[22.937525,39.362372],[22.937458,39.362383],[22.937318,39.362409],[22.937298,39.362412],[22.937073,39.362457],[22.937029,39.362465],[22.936848,39.362501],[22.936768,39.362517],[22.936719,39.362526],[22.936683,39.362531],[22.936643,39.362535],[22.93662,39.362537],[22.936618,39.362537],[22.936547,39.362539],[22.936501,39.36254],[22.936447,39.362537],[22.936398,39.362535],[22.936388,39.362534],[22.936357,39.362532],[22.936289,39.362526],[22.936223,39.362518],[22.936158,39.362508],[22.936142,39.362506],[22.936105,39.362498],[22.93594,39.362446],[22.93575,39.362386],[22.935725,39.362378],[22.93569,39.362366],[22.93551,39.362309],[22.935361,39.362262],[22.935295,39.362241],[22.93508,39.362173],[22.935072,39.36217],[22.934865,39.362104],[22.93465,39.362036],[22.934561,39.362007],[22.934435,39.361967],[22.93422,39.361899],[22.934192,39.36189],[22.934131,39.361879],[22.934091,39.361869],[22.93405,39.361861],[22.934029,39.361859],[22.933993,39.361857],[22.933963,39.361858],[22.933927,39.361861],[22.933886,39.361867],[22.933854,39.361873],[22.933828,39.361878],[22.933782,39.361888],[22.933776,39.361895],[22.93377,39.361901],[22.933754,39.361914],[22.933728,39.361929],[22.933698,39.361941],[22.933618,39.361977],[22.933582,39.361993],[22.933536,39.362014],[22.933482,39.362039],[22.933393,39.362082],[22.933383,39.362086],[22.933282,39.362132],[22.933181,39.362175],[22.933109,39.362206],[22.932978,39.362262],[22.932775,39.362349],[22.932571,39.362437],[22.93239,39.362514],[22.932368,39.362524],[22.932166,39.362614],[22.931965,39.362703],[22.931814,39.36277],[22.931761,39.36279],[22.931671,39.362824],[22.931554,39.362873],[22.931432,39.362924],[22.931391,39.362942],[22.931352,39.362964],[22.931337,39.362972],[22.931286,39.363011],[22.931278,39.363032],[22.931266,39.363051],[22.93125,39.363069],[22.931231,39.363084],[22.931208,39.363097],[22.931199,39.363101],[22.931183,39.363107],[22.931154,39.363123],[22.931143,39.363131],[22.93113,39.363143],[22.931097,39.363174],[22.931065,39.363216],[22.931059,39.363226],[22.931037,39.363267],[22.931017,39.363312],[22.930989,39.363401],[22.930935,39.363575],[22.93088,39.36375],[22.930865,39.363799],[22.930815,39.363922],[22.930745,39.364094],[22.930683,39.364249],[22.930702,39.364251],[22.930703,39.364251],[22.930714,39.364253],[22.930729,39.364258],[22.93074,39.364262],[22.930751,39.364268],[22.930759,39.364273],[22.930771,39.364282],[22.930783,39.364292],[22.930799,39.36431],[22.93086,39.36439],[22.930958,39.364521],[22.930974,39.364546],[22.930975,39.364549],[22.930995,39.364586],[22.930994,39.364723],[22.930993,39.364862],[22.930995,39.364903],[22.931002,39.365037],[22.931006,39.365082],[22.931011,39.365133],[22.931025,39.365213],[22.931034,39.365261],[22.931037,39.365274],[22.931057,39.365355],[22.931082,39.365428],[22.931085,39.365436],[22.931111,39.365501],[22.93116,39.365606],[22.931174,39.365637],[22.931225,39.365745],[22.931241,39.365775],[22.931275,39.36584],[22.931289,39.365864],[22.931338,39.365938],[22.931416,39.366059],[22.931446,39.366097],[22.931567,39.366251],[22.931661,39.366371],[22.931689,39.366404],[22.931815,39.366556],[22.931909,39.366668],[22.931947,39.366703],[22.932096,39.366841],[22.932216,39.366952],[22.932245,39.366979],[22.932397,39.367116],[22.932549,39.367252],[22.932643,39.367337],[22.9327,39.367389],[22.93285,39.367526],[22.933,39.367664],[22.93315,39.367801],[22.933178,39.367827],[22.9333,39.367938],[22.93345,39.368076],[22.933562,39.368178]]},"properties":{"line":"15","dir":"Old City","headsign":"Old City","mode":"bus","color":"#0059a9"}},{"type":"Feature","geometry":{"type":"LineString","coordinates":[[22.933615,39.368227],[22.933763,39.368363],[22.9338,39.368396],[22.933914,39.368499],[22.933992,39.36857],[22.934025,39.3686],[22.934064,39.368636],[22.934075,39.368646],[22.934102,39.368672],[22.934208,39.368772],[22.934212,39.368775],[22.934242,39.368802],[22.934277,39.368829],[22.93438,39.368901],[22.93452,39.368998],[22.934554,39.369021],[22.93473,39.369138],[22.934899,39.36925],[22.934907,39.369255],[22.93509,39.369366],[22.935182,39.369422],[22.935273,39.369477],[22.935456,39.369588],[22.935502,39.369616],[22.935639,39.369699],[22.935794,39.369793],[22.935823,39.369809],[22.935904,39.369855],[22.936011,39.369916],[22.936106,39.36997],[22.936141,39.369989],[22.936206,39.370025],[22.936224,39.37],[22.936254,39.369956],[22.936333,39.369841],[22.936443,39.369682],[22.93645,39.369672],[22.936553,39.369524],[22.936653,39.369379],[22.936663,39.369365],[22.936773,39.369207],[22.936828,39.369127],[22.936863,39.369077],[22.936883,39.369049],[22.936994,39.368891],[22.937106,39.368733],[22.937217,39.368575],[22.937226,39.368563],[22.937329,39.368417],[22.93744,39.368259],[22.937551,39.368101],[22.937598,39.368035],[22.937637,39.36798],[22.937663,39.367944],[22.937685,39.367912],[22.937729,39.367852],[22.937776,39.367787],[22.937891,39.367631],[22.938005,39.367474],[22.938105,39.367338],[22.93812,39.367318],[22.938234,39.367161],[22.938349,39.367005],[22.938463,39.366848],[22.938508,39.366787],[22.938578,39.366692],[22.938693,39.366535],[22.938807,39.366379],[22.9389,39.366253],[22.938921,39.366222],[22.939034,39.366065],[22.939147,39.365908],[22.93926,39.36575],[22.939319,39.365667],[22.939372,39.365593],[22.939483,39.365435],[22.939498,39.365415],[22.939595,39.365277],[22.939696,39.365135],[22.939707,39.365119],[22.939819,39.364962],[22.93993,39.364804],[22.939969,39.364749],[22.939996,39.364712],[22.940042,39.364646],[22.940082,39.36459],[22.940156,39.36449],[22.940272,39.364333],[22.940282,39.36432],[22.940382,39.364175],[22.940454,39.364071],[22.94048,39.364033],[22.940493,39.364017],[22.940536,39.363961],[22.940553,39.36394],[22.940583,39.363907],[22.940623,39.363868],[22.940675,39.363819],[22.94077,39.363728],[22.940916,39.363588],[22.941062,39.363449],[22.941209,39.363309],[22.941355,39.363169],[22.941472,39.363057],[22.941501,39.363029],[22.941647,39.362889],[22.941683,39.362855],[22.941709,39.362841],[22.941727,39.362829],[22.941749,39.362815],[22.94177,39.362797],[22.941795,39.362777],[22.941811,39.362761],[22.941816,39.362756],[22.941844,39.362728],[22.941863,39.362707],[22.941871,39.362695],[22.941877,39.362687],[22.94188,39.362683],[22.941888,39.362671],[22.941896,39.362655],[22.941903,39.362639],[22.941908,39.362625],[22.941913,39.362604],[22.941913,39.362599],[22.941915,39.362589],[22.941916,39.362572],[22.941917,39.362558],[22.941917,39.362545],[22.941918,39.362528],[22.941916,39.362514],[22.941914,39.362501],[22.941911,39.362482],[22.941902,39.362444],[22.941893,39.36242],[22.941879,39.362384],[22.941866,39.362373],[22.941854,39.362362],[22.941844,39.36235],[22.941835,39.362338],[22.941828,39.362325],[22.941822,39.362311],[22.941817,39.362297],[22.941814,39.362283],[22.941813,39.362269],[22.941814,39.362255],[22.941814,39.362252],[22.941816,39.36224],[22.94182,39.362224],[22.941827,39.362208],[22.941835,39.362192],[22.941846,39.362178],[22.941859,39.362164],[22.941873,39.362151],[22.941894,39.362137],[22.941917,39.362125],[22.941941,39.362116],[22.941943,39.362115],[22.941967,39.362109],[22.941994,39.362104],[22.942044,39.362062],[22.942062,39.362046],[22.942083,39.362027],[22.94211,39.361999],[22.942114,39.361993],[22.942131,39.361973],[22.942143,39.361959],[22.942166,39.361928],[22.942185,39.361902],[22.942208,39.361871],[22.942227,39.361848],[22.942235,39.361839],[22.942241,39.361833],[22.942257,39.361817],[22.942275,39.361801],[22.942291,39.361787],[22.942319,39.361765],[22.94235,39.361741],[22.942389,39.361713],[22.942393,39.361711],[22.942433,39.361682],[22.942506,39.361629],[22.942576,39.36161],[22.942796,39.36155],[22.94284,39.361539],[22.943016,39.361493],[22.943159,39.361456],[22.943216,39.361439],[22.943235,39.361433],[22.943317,39.361405],[22.943442,39.361353],[22.943554,39.361307],[22.943645,39.361265],[22.943755,39.361215],[22.943845,39.361174],[22.944045,39.361082],[22.944049,39.361081],[22.944225,39.361],[22.944246,39.360991],[22.9443,39.360966],[22.944446,39.360899],[22.944534,39.360858],[22.944646,39.360807],[22.944789,39.360741],[22.944846,39.360715],[22.94499,39.360649],[22.945045,39.360623],[22.945245,39.360531],[22.945287,39.360512],[22.945316,39.360499],[22.945445,39.360439],[22.945622,39.360357],[22.945645,39.360347],[22.945844,39.360254],[22.945883,39.360236],[22.946044,39.360163],[22.946245,39.360071],[22.946269,39.360061],[22.946369,39.360167],[22.946505,39.360313],[22.946642,39.360459],[22.946648,39.360466],[22.946704,39.360525],[22.946778,39.360604],[22.946915,39.36075],[22.947051,39.360896],[22.947187,39.361041],[22.947262,39.36112],[22.947324,39.361187],[22.94746,39.361333],[22.947505,39.36138],[22.947597,39.361478],[22.947657,39.361543],[22.947733,39.361624],[22.94787,39.361769],[22.947994,39.361902],[22.948006,39.361915],[22.948143,39.362061],[22.948279,39.362206],[22.94836,39.362293],[22.948416,39.362352],[22.948552,39.362498],[22.94866,39.362613],[22.948688,39.362643],[22.948825,39.362789],[22.948961,39.362935],[22.949098,39.36308],[22.949234,39.363226],[22.949256,39.36325],[22.949371,39.363372],[22.949507,39.363517],[22.949644,39.363663],[22.94978,39.363809],[22.949847,39.36388],[22.949917,39.363954],[22.950053,39.3641],[22.95019,39.364246],[22.950326,39.364391],[22.950355,39.364423],[22.950384,39.364453],[22.950462,39.364537],[22.950599,39.364682],[22.950735,39.364828],[22.950872,39.364974],[22.9509,39.365004],[22.951008,39.365119],[22.951123,39.365242],[22.951145,39.365265],[22.951281,39.365411],[22.951328,39.365461],[22.951418,39.365556],[22.951554,39.365702],[22.951691,39.365848],[22.951766,39.365928],[22.951827,39.365993],[22.95183,39.365996],[22.951965,39.366138],[22.952103,39.366283],[22.952241,39.366427],[22.952329,39.36652],[22.952379,39.366572],[22.952517,39.366717],[22.952655,39.366862],[22.952791,39.367004],[22.952793,39.367007],[22.952931,39.367151],[22.953069,39.367296],[22.953207,39.367441],[22.953314,39.367553],[22.953345,39.367586],[22.953483,39.367731],[22.95355,39.367801],[22.953622,39.367874],[22.953762,39.368018],[22.95385,39.368107],[22.953901,39.368162],[22.954036,39.368308],[22.954099,39.368374],[22.954171,39.368455],[22.954303,39.368603],[22.954436,39.368751],[22.954557,39.368886],[22.95457,39.368898],[22.954718,39.369036],[22.954776,39.369091],[22.954823,39.369131],[22.954866,39.369164],[22.954874,39.369169],[22.954967,39.369229],[22.955012,39.369257],[22.955054,39.369283],[22.955198,39.369371],[22.955236,39.369395],[22.955277,39.36942],[22.955412,39.369513],[22.955516,39.369584],[22.955592,39.369562],[22.955641,39.369547],[22.955715,39.369521],[22.955803,39.369488],[22.955919,39.369443],[22.956009,39.369405],[22.956028,39.369397],[22.956093,39.369368],[22.956211,39.369316],[22.956227,39.369309],[22.956406,39.369224],[22.95641,39.369222],[22.956605,39.369124],[22.956783,39.369034],[22.9568,39.369026],[22.956996,39.368929],[22.957192,39.368832],[22.957388,39.368736],[22.957492,39.368684],[22.957584,39.368639],[22.95778,39.368542],[22.957822,39.368521],[22.957976,39.368445],[22.958172,39.368349],[22.958369,39.368252],[22.958565,39.368156],[22.958618,39.36813],[22.958713,39.368083],[22.95876,39.368058],[22.958954,39.367958],[22.959147,39.367859],[22.959341,39.367759],[22.959367,39.367745],[22.959434,39.367709],[22.959505,39.367665],[22.959526,39.36765],[22.959575,39.367614],[22.959692,39.367525],[22.959735,39.367492],[22.959851,39.367393],[22.959952,39.367308],[22.960006,39.367259],[22.960061,39.36721],[22.960163,39.367126],[22.960322,39.366995],[22.960373,39.366954],[22.960484,39.366866],[22.96055,39.366815],[22.960642,39.366736],[22.960643,39.366735],[22.960799,39.366601],[22.960954,39.366468],[22.961023,39.366408],[22.961113,39.366336],[22.961274,39.366207],[22.961436,39.366077],[22.961581,39.36596],[22.961596,39.365947],[22.961753,39.365814],[22.96191,39.365681],[22.961988,39.365614],[22.962069,39.36555],[22.962232,39.365422],[22.962298,39.36537],[22.962346,39.365324],[22.962384,39.365286],[22.962515,39.365158],[22.962528,39.365145],[22.962662,39.365007],[22.962668,39.365001],[22.96281,39.364859],[22.962818,39.364851],[22.962935,39.364707],[22.96306,39.364555],[22.963184,39.364403],[22.963235,39.364342],[22.963308,39.364251],[22.963364,39.364182],[22.963429,39.364098],[22.963527,39.363972],[22.963548,39.363943],[22.963662,39.363786],[22.96368,39.363761],[22.963778,39.36363],[22.963819,39.363575],[22.963869,39.363514],[22.9639,39.363477],[22.963904,39.363473],[22.964018,39.363322],[22.964125,39.363183],[22.964136,39.363167],[22.96414,39.363162],[22.964251,39.363011],[22.964366,39.362855],[22.964481,39.362698],[22.964517,39.36265],[22.964604,39.362545],[22.964617,39.362529],[22.964728,39.362393],[22.964768,39.362344],[22.964848,39.36224],[22.964967,39.362085],[22.964987,39.36206],[22.965086,39.36193],[22.965115,39.361892],[22.965206,39.361776],[22.965256,39.361713],[22.965327,39.361623],[22.965449,39.36147],[22.965454,39.361464],[22.965571,39.361316],[22.965604,39.361275],[22.965643,39.361226],[22.965697,39.361165],[22.965827,39.361016],[22.965922,39.360908],[22.965958,39.360868],[22.966092,39.360721],[22.966226,39.360574],[22.966361,39.360427],[22.966423,39.360358],[22.966497,39.360281],[22.966634,39.360136],[22.966772,39.359991],[22.966808,39.359952],[22.966907,39.359845],[22.967042,39.359698],[22.967176,39.359551],[22.96718,39.359547],[22.967311,39.359405],[22.967446,39.359258],[22.967468,39.359234],[22.967581,39.359112],[22.967717,39.358966],[22.967847,39.358826],[22.967853,39.35882],[22.967989,39.358674],[22.968125,39.358528],[22.968145,39.358507],[22.968261,39.358382],[22.968397,39.358236],[22.968451,39.358178],[22.968532,39.35809],[22.968592,39.358023],[22.968667,39.357943],[22.968691,39.357917],[22.96873,39.357881],[22.968814,39.357804],[22.968819,39.357799],[22.968951,39.357684],[22.968968,39.357669],[22.969123,39.357535],[22.969165,39.357498],[22.969277,39.3574],[22.969354,39.357333],[22.969415,39.357274],[22.969426,39.357262],[22.96947,39.357215],[22.969554,39.35712],[22.969558,39.357114],[22.969602,39.357057],[22.969649,39.35699],[22.969667,39.356956],[22.969677,39.356937],[22.969712,39.356855],[22.969624,39.356828],[22.969481,39.356783],[22.969407,39.356764],[22.969393,39.356761],[22.969287,39.356738],[22.969181,39.356722],[22.969168,39.35672],[22.968955,39.3567],[22.96895,39.3567],[22.968935,39.356699],[22.968718,39.35669],[22.968486,39.35668],[22.96848,39.35668],[22.968388,39.356671],[22.968358,39.356665],[22.968281,39.356645],[22.968261,39.356639],[22.968046,39.356569],[22.968037,39.356567],[22.96783,39.356502],[22.967615,39.356435],[22.967611,39.356434],[22.967403,39.356361],[22.96734,39.35634],[22.967189,39.356289],[22.966976,39.356218],[22.966762,39.356147],[22.966553,39.356078],[22.966553,39.356074],[22.966559,39.35602],[22.96656,39.355971],[22.966561,39.355902],[22.96656,39.355894],[22.966555,39.355823],[22.966547,39.355768],[22.966537,39.355716],[22.966536,39.355714],[22.966523,39.355658],[22.966505,39.355601],[22.966483,39.355551],[22.966477,39.355542],[22.966456,39.355509],[22.966432,39.355477],[22.966397,39.35544],[22.966359,39.355405],[22.966347,39.355394],[22.966317,39.35537],[22.966277,39.35534],[22.966177,39.355271],[22.966002,39.355153],[22.965895,39.355079],[22.96583,39.355032],[22.965786,39.355001],[22.965764,39.35498],[22.965747,39.354955],[22.965737,39.354935],[22.965729,39.354911],[22.965727,39.3549],[22.965727,39.354891],[22.965727,39.354884],[22.965728,39.354879],[22.965729,39.354874],[22.965732,39.354865],[22.965739,39.354849],[22.965773,39.354803],[22.965807,39.354758],[22.965834,39.354724],[22.965836,39.354721],[22.965959,39.354568],[22.965986,39.354534],[22.966077,39.354413],[22.966195,39.354258],[22.966312,39.354102],[22.966373,39.354021],[22.96629,39.353965],[22.966161,39.353878],[22.966117,39.353844],[22.966026,39.353776],[22.965955,39.353715],[22.965925,39.353689],[22.965805,39.353578],[22.965715,39.353495],[22.965668,39.353433],[22.965584,39.353322],[22.965554,39.353276],[22.965526,39.353235],[22.965452,39.353115],[22.965419,39.353063],[22.965365,39.352964],[22.965358,39.35295],[22.965347,39.352928],[22.965331,39.352891],[22.965315,39.352847],[22.965305,39.35281],[22.965298,39.352777],[22.965297,39.352774],[22.965292,39.352729],[22.965284,39.352658],[22.96528,39.352598],[22.96528,39.352589],[22.965276,39.352535],[22.965269,39.352449],[22.965268,39.352418],[22.965264,39.352337],[22.96526,39.352254],[22.96526,39.352238],[22.965259,39.352194],[22.965261,39.352137],[22.965265,39.352092],[22.96527,39.352059],[22.965275,39.352028],[22.965291,39.35195],[22.965307,39.351881],[22.96532,39.351825],[22.965341,39.351724],[22.965347,39.351704],[22.965397,39.351533],[22.965412,39.35148],[22.965414,39.351419],[22.965418,39.351383],[22.965422,39.35135],[22.965422,39.351347],[22.965449,39.351247],[22.965456,39.351221],[22.965462,39.351183],[22.965448,39.351173],[22.965438,39.351163],[22.965432,39.351156],[22.965427,39.351149],[22.965422,39.351141],[22.965416,39.351125],[22.965375,39.351115],[22.965357,39.35111],[22.965339,39.351106],[22.965314,39.351101],[22.965222,39.351082],[22.96517,39.35107],[22.965127,39.351055],[22.965116,39.35105],[22.965097,39.35104],[22.96496,39.351017],[22.964901,39.351011],[22.964893,39.35101],[22.964864,39.351009],[22.964827,39.351007],[22.964783,39.351008],[22.964746,39.351011],[22.964705,39.351017],[22.96467,39.351025],[22.964645,39.351031],[22.964592,39.351048],[22.964567,39.351058],[22.964542,39.351068],[22.964466,39.3511],[22.964272,39.351184],[22.964263,39.351188],[22.96423,39.351207],[22.964193,39.35123],[22.964162,39.351252],[22.964131,39.35128],[22.9641,39.351309],[22.964096,39.351312],[22.963954,39.351443],[22.963947,39.351451],[22.963813,39.351597],[22.963731,39.351687],[22.963674,39.351741],[22.963527,39.35188],[22.96338,39.35202],[22.963247,39.352146],[22.963233,39.352159],[22.963085,39.352298],[22.962937,39.352436],[22.962789,39.352575],[22.962744,39.352617],[22.962653,39.352542],[22.962529,39.352439],[22.962495,39.352411],[22.962338,39.352278],[22.962216,39.352175],[22.962181,39.352146],[22.962121,39.352096],[22.962023,39.352013],[22.961932,39.351936],[22.961866,39.351881],[22.961709,39.351749],[22.961599,39.351657],[22.961551,39.351616],[22.961394,39.351484],[22.961237,39.351351],[22.961227,39.351343],[22.961079,39.351219]]},"properties":{"line":"15","dir":"Μουσείο Τέρμα","headsign":"Μουσείο Τέρμα","mode":"bus","color":"#0059a9"}},{"type":"Feature","geometry":{"type":"LineString","coordinates":[[22.932609,39.36152],[22.932656,39.361527],[22.932702,39.36153],[22.932754,39.361532],[22.93278,39.36153],[22.9328,39.361528],[22.932828,39.36152],[22.932837,39.361516],[22.932845,39.361512],[22.932861,39.361499],[22.932874,39.361486],[22.932891,39.361462],[22.93294,39.36137],[22.932953,39.361375],[22.933162,39.361454],[22.933206,39.36147],[22.933241,39.361484],[22.933315,39.361522],[22.933359,39.361548],[22.933417,39.361582],[22.933469,39.361613],[22.93354,39.361661],[22.933577,39.361686],[22.933617,39.361679],[22.933658,39.361679],[22.933697,39.361687],[22.933733,39.361701],[22.933749,39.361712],[22.933764,39.361721],[22.933775,39.361732],[22.93379,39.361749],[22.933822,39.361752],[22.933854,39.361758],[22.933879,39.361763],[22.933912,39.361772],[22.933949,39.361784],[22.933963,39.36179],[22.934018,39.361811],[22.934077,39.36184],[22.934113,39.361857],[22.934146,39.361871],[22.934192,39.36189],[22.934359,39.361943],[22.934561,39.362007],[22.934574,39.362012],[22.934789,39.36208],[22.935004,39.362149],[22.935072,39.36217],[22.93522,39.362217],[22.935361,39.362262],[22.935435,39.362285],[22.93565,39.362354],[22.93569,39.362366],[22.93575,39.362386],[22.935865,39.362422],[22.93608,39.36249],[22.936105,39.362498],[22.936142,39.362506],[22.936223,39.362518],[22.936289,39.362526],[22.936307,39.362527],[22.936357,39.362532],[22.936398,39.362535],[22.936447,39.362537],[22.936501,39.36254],[22.936539,39.362539],[22.936547,39.362539],[22.936618,39.362537],[22.936643,39.362535],[22.936683,39.362531],[22.936719,39.362526],[22.936768,39.362517],[22.936769,39.362517],[22.936994,39.362472],[22.937029,39.362465],[22.93722,39.362428],[22.937318,39.362409],[22.937445,39.362386],[22.937458,39.362383],[22.937549,39.362368],[22.937563,39.362356],[22.937586,39.362341],[22.93761,39.36233],[22.937633,39.362321],[22.937653,39.362314],[22.937657,39.362313],[22.937687,39.362306],[22.937756,39.362289],[22.937877,39.362266],[22.93793,39.362256],[22.937966,39.362249],[22.938088,39.362215],[22.938093,39.3622],[22.938095,39.362193],[22.938106,39.362171],[22.93812,39.362154],[22.938141,39.362134],[22.938162,39.36212],[22.938188,39.362106],[22.938203,39.362101],[22.938214,39.362097],[22.938244,39.36209],[22.938254,39.362089],[22.938272,39.362087],[22.938304,39.362087],[22.938333,39.362092],[22.938365,39.3621],[22.938395,39.362113],[22.938419,39.362127],[22.938442,39.362146],[22.938451,39.362157],[22.938457,39.362164],[22.93855,39.362173],[22.938648,39.362179],[22.938682,39.362178],[22.938915,39.362178],[22.939148,39.362177],[22.93938,39.362176],[22.939613,39.362175],[22.939845,39.362174],[22.940078,39.362173],[22.940256,39.362172],[22.940311,39.362172],[22.940543,39.362171],[22.940776,39.36217],[22.941008,39.362169],[22.941241,39.362168],[22.941279,39.362168],[22.941326,39.362174],[22.941383,39.36218],[22.941438,39.362184],[22.941472,39.362186],[22.941491,39.362187],[22.941544,39.36219],[22.941591,39.362191],[22.941665,39.362191],[22.941687,39.36219],[22.941706,39.362188],[22.941722,39.362187],[22.941752,39.362184],[22.941776,39.362179],[22.941807,39.362172],[22.941829,39.362166],[22.941846,39.362161],[22.941873,39.362151],[22.941894,39.362137],[22.941917,39.362125],[22.941925,39.362122],[22.941941,39.362116],[22.941967,39.362109],[22.941994,39.362104],[22.942044,39.362062],[22.942062,39.362046],[22.942083,39.362027],[22.942102,39.362007],[22.94211,39.361999],[22.942131,39.361973],[22.942143,39.361959],[22.942166,39.361928],[22.942185,39.361902],[22.942208,39.361871],[22.942224,39.361853],[22.942227,39.361848],[22.942241,39.361833],[22.942257,39.361817],[22.942275,39.361801],[22.942291,39.361787],[22.942319,39.361765],[22.94235,39.361741],[22.942377,39.361721],[22.942389,39.361713],[22.942433,39.361682],[22.942506,39.361629],[22.942556,39.361615],[22.942776,39.361556],[22.94284,39.361539],[22.942996,39.361498],[22.943159,39.361456],[22.943216,39.361439],[22.943216,39.361439],[22.943317,39.361405],[22.943424,39.361361],[22.943554,39.361307],[22.943627,39.361274],[22.943755,39.361215],[22.943827,39.361182],[22.944027,39.361091],[22.944049,39.361081],[22.944225,39.361],[22.944227,39.360999],[22.9443,39.360966],[22.944427,39.360907],[22.944534,39.360858],[22.944627,39.360815],[22.944789,39.360741],[22.944827,39.360724],[22.94499,39.360649],[22.945027,39.360631],[22.945227,39.36054],[22.945287,39.360512],[22.945316,39.360499],[22.945427,39.360447],[22.945622,39.360357],[22.945626,39.360355],[22.945826,39.360263],[22.945883,39.360236],[22.946026,39.360171],[22.946227,39.36008],[22.946269,39.360061],[22.946356,39.360154],[22.946493,39.3603],[22.946629,39.360445],[22.946648,39.360466],[22.946704,39.360525],[22.946766,39.360591],[22.946902,39.360737],[22.947039,39.360882],[22.947175,39.361028],[22.947262,39.36112],[22.947312,39.361174],[22.947448,39.361319],[22.947505,39.36138],[22.947584,39.361465],[22.947657,39.361543],[22.947721,39.361611],[22.947857,39.361756],[22.947994,39.361902],[22.947994,39.361902],[22.94813,39.362048],[22.948267,39.362193],[22.94836,39.362293],[22.948403,39.362339],[22.94854,39.362485],[22.94866,39.362613],[22.948676,39.36263],[22.948812,39.362776],[22.948949,39.362921],[22.949085,39.363067],[22.949222,39.363213],[22.949256,39.36325],[22.949358,39.363358],[22.949495,39.363504],[22.949631,39.36365],[22.949768,39.363795],[22.949847,39.36388],[22.949904,39.363941],[22.950041,39.364087],[22.950177,39.364232],[22.950314,39.364378],[22.950355,39.364423],[22.950384,39.364453],[22.95045,39.364524],[22.950587,39.364669],[22.950723,39.364815],[22.950859,39.364961],[22.9509,39.365004],[22.950996,39.365106],[22.951123,39.365242],[22.951132,39.365252],[22.951269,39.365397],[22.951328,39.365461],[22.951405,39.365543],[22.951542,39.365689],[22.951678,39.365834],[22.951766,39.365928],[22.951815,39.36598],[22.95183,39.365996],[22.951953,39.366125],[22.952091,39.366269],[22.952229,39.366414],[22.952329,39.36652],[22.952367,39.366559],[22.952504,39.366704],[22.952642,39.366849],[22.95278,39.366993],[22.952791,39.367004],[22.952918,39.367138],[22.953056,39.367283],[22.953194,39.367428],[22.953314,39.367553],[22.953332,39.367573],[22.95347,39.367717],[22.95355,39.367801],[22.953609,39.367861],[22.95375,39.368005],[22.95385,39.368107],[22.953889,39.368149],[22.954024,39.368295],[22.954036,39.368308],[22.954099,39.368374],[22.954159,39.368442],[22.954291,39.368589],[22.954424,39.368737],[22.954557,39.368885],[22.954557,39.368886],[22.954705,39.369024],[22.954776,39.369091],[22.954823,39.369131],[22.954859,39.369158],[22.954866,39.369164],[22.954967,39.369229],[22.955012,39.369257],[22.955038,39.369273],[22.955198,39.369371],[22.95522,39.369385],[22.955277,39.36942],[22.955396,39.369502],[22.955516,39.369584],[22.955475,39.369598],[22.95526,39.369666],[22.955258,39.369667],[22.955043,39.369731],[22.95503,39.369735],[22.954861,39.369793],[22.954831,39.369804],[22.954675,39.369863],[22.954624,39.369886],[22.954581,39.369905],[22.954485,39.369955],[22.95443,39.369985],[22.954339,39.370036],[22.954243,39.370092],[22.954203,39.370117],[22.954087,39.370189],[22.954106,39.370209],[22.954183,39.370291],[22.954233,39.370345],[22.954243,39.370355],[22.954355,39.370474],[22.954377,39.370498],[22.954379,39.370501],[22.954485,39.370613],[22.954516,39.370646],[22.954558,39.370691],[22.954652,39.370792],[22.954685,39.370827],[22.954789,39.370937],[22.954926,39.371083],[22.95497,39.37113],[22.955062,39.371228],[22.955199,39.371374],[22.955285,39.371466],[22.955336,39.37152],[22.955426,39.371616],[22.955472,39.371665],[22.955569,39.371769],[22.955609,39.371811],[22.955692,39.371899],[22.955745,39.371956],[22.955882,39.372102],[22.956018,39.372247],[22.956054,39.372285],[22.956155,39.372393],[22.956196,39.372437],[22.956292,39.372538],[22.956321,39.372569],[22.956428,39.372684],[22.956477,39.372736],[22.956565,39.372829],[22.956701,39.372975],[22.956709,39.372984],[22.956819,39.3731],[22.956838,39.373121],[22.956974,39.373266],[22.957079,39.373377],[22.957111,39.373412],[22.957248,39.373557],[22.957238,39.373547],[22.957101,39.373401],[22.957079,39.373377],[22.956964,39.373255],[22.956828,39.37311],[22.956819,39.3731],[22.956709,39.372984],[22.956691,39.372964],[22.956555,39.372819],[22.956477,39.372736],[22.956418,39.372673],[22.956321,39.372569],[22.956282,39.372528],[22.956196,39.372437],[22.956145,39.372382],[22.956054,39.372285],[22.956008,39.372237],[22.955872,39.372091],[22.955735,39.371945],[22.955692,39.371899],[22.955599,39.3718],[22.955569,39.371769],[22.955462,39.371654],[22.955426,39.371616],[22.955325,39.371509],[22.955285,39.371466],[22.955189,39.371363],[22.955052,39.371218],[22.95497,39.37113],[22.954916,39.371072],[22.95497,39.37113],[22.955033,39.371197],[22.955169,39.371343],[22.955285,39.371466],[22.955306,39.371488],[22.955426,39.371616],[22.955443,39.371634],[22.955569,39.371769],[22.955579,39.371779],[22.955692,39.371899],[22.955716,39.371925],[22.955852,39.37207],[22.955989,39.372216],[22.956054,39.372285],[22.956126,39.372362],[22.956196,39.372437],[22.956262,39.372507],[22.956321,39.372569],[22.956399,39.372653],[22.956477,39.372736],[22.956535,39.372798],[22.956672,39.372944],[22.956709,39.372984],[22.956809,39.373089],[22.956819,39.3731],[22.956945,39.373235],[22.957079,39.373377],[22.957082,39.37338],[22.957218,39.373526],[22.957259,39.373569],[22.957355,39.373671],[22.957491,39.373817],[22.957529,39.373856],[22.957628,39.373963],[22.957721,39.374061],[22.957765,39.374108],[22.957869,39.374219],[22.957901,39.374254],[22.957983,39.37434],[22.958013,39.374373],[22.958038,39.374399],[22.958047,39.374408],[22.958126,39.374493],[22.958175,39.374545],[22.95819,39.374561],[22.958222,39.374595],[22.958276,39.374654],[22.958311,39.37469],[22.958408,39.374791],[22.95845,39.374834],[22.958591,39.374978],[22.958651,39.375039],[22.958674,39.375063],[22.95873,39.375121],[22.95887,39.375265],[22.958946,39.375345],[22.959007,39.375411],[22.959141,39.375558],[22.959275,39.375705],[22.95931,39.375743],[22.959412,39.37585],[22.959418,39.375857],[22.959547,39.375996],[22.959641,39.376098],[22.959686,39.37614],[22.95978,39.376228],[22.959837,39.376277],[22.95985,39.376289],[22.959929,39.376353],[22.959997,39.376407],[22.960012,39.376419],[22.96007,39.376459],[22.960125,39.376493],[22.960177,39.376522],[22.960196,39.376533],[22.960368,39.376624],[22.960417,39.376651],[22.960563,39.376722],[22.960565,39.376723],[22.960761,39.376817],[22.96088,39.376874],[22.96096,39.376909],[22.961162,39.376998],[22.961188,39.37701],[22.961364,39.377088],[22.961512,39.377153],[22.961565,39.377178],[22.961765,39.37727],[22.961795,39.377285],[22.961962,39.377366],[22.962159,39.377461],[22.962266,39.377513],[22.962189,39.37755],[22.962152,39.377568],[22.961954,39.377663],[22.961801,39.377736],[22.96176,39.377758],[22.961759,39.377759],[22.961569,39.377863],[22.961411,39.37795],[22.96138,39.377967],[22.961188,39.378068],[22.961147,39.37809],[22.961105,39.378118],[22.96105,39.37816],[22.961018,39.37819],[22.961005,39.378202],[22.960873,39.378331],[22.960756,39.378446],[22.960725,39.378471],[22.960709,39.378484],[22.960665,39.378515],[22.960599,39.378549],[22.960538,39.378577],[22.960526,39.378583],[22.960351,39.378662],[22.960338,39.378669],[22.960242,39.378725],[22.960189,39.378749],[22.96015,39.378775],[22.960118,39.378795],[22.960079,39.378839],[22.960062,39.378866],[22.960054,39.378884],[22.960048,39.378905],[22.960044,39.378928],[22.960044,39.37893],[22.960039,39.378973],[22.960034,39.379107],[22.960034,39.379122],[22.960031,39.379132],[22.960028,39.379138],[22.960023,39.379144],[22.960016,39.37915],[22.960007,39.379154],[22.959995,39.379156],[22.959849,39.379178],[22.959711,39.379199],[22.959679,39.379205],[22.959644,39.379214],[22.959623,39.379221],[22.959477,39.379272],[22.959407,39.379286],[22.959191,39.379328],[22.959182,39.37933],[22.959114,39.379341],[22.959011,39.379359],[22.958955,39.379372],[22.958951,39.379372],[22.958911,39.379384],[22.958876,39.379398],[22.958851,39.379414],[22.958816,39.379446],[22.958778,39.37948],[22.958764,39.379492],[22.958728,39.37952],[22.9587,39.379538],[22.958643,39.379561],[22.958593,39.379575],[22.958586,39.379575],[22.958551,39.379581],[22.958448,39.379597],[22.958358,39.379609],[22.95832,39.379614],[22.958233,39.37963],[22.958141,39.379655],[22.958135,39.379657],[22.958041,39.379692],[22.95794,39.379732],[22.957927,39.379737],[22.957853,39.379768],[22.957771,39.379805],[22.957727,39.379829],[22.957671,39.379859],[22.957541,39.379937],[22.95752,39.379949],[22.957471,39.379977],[22.957422,39.379999],[22.95734,39.380024],[22.957331,39.380027],[22.957218,39.380067],[22.957127,39.380097],[22.956964,39.380149],[22.956914,39.380169],[22.956833,39.3802],[22.956763,39.380233],[22.956716,39.380259],[22.956714,39.38026],[22.956685,39.380277],[22.956646,39.380308],[22.956615,39.380347],[22.956577,39.3804],[22.956529,39.380465],[22.956458,39.380554],[22.956398,39.380629],[22.956341,39.38071],[22.95628,39.380798],[22.956251,39.380845],[22.956236,39.38087],[22.956139,39.381034],[22.956042,39.381197],[22.95598,39.3813],[22.955944,39.38136],[22.955844,39.381523],[22.955791,39.381609],[22.955745,39.381685],[22.955691,39.381773],[22.955649,39.381849],[22.955645,39.381856],[22.955625,39.381896],[22.955612,39.381929],[22.955603,39.381959],[22.955595,39.382018],[22.955582,39.38212],[22.955575,39.382149],[22.955566,39.382174],[22.955553,39.382197],[22.955551,39.382201],[22.955539,39.382212],[22.955526,39.382225],[22.955499,39.382244],[22.955451,39.382276],[22.95539,39.382315],[22.955381,39.382321],[22.955298,39.382369],[22.95521,39.382423],[22.955197,39.382431],[22.955174,39.382448],[22.955141,39.38247],[22.955104,39.382493],[22.955027,39.382554],[22.954865,39.382682],[22.954767,39.38276],[22.9547,39.38281],[22.954536,39.382934],[22.954534,39.382935],[22.954372,39.383064],[22.954349,39.383083],[22.954204,39.383188],[22.954034,39.383312],[22.954028,39.383316],[22.953997,39.383342],[22.953964,39.38338],[22.953936,39.383417],[22.953916,39.383454],[22.953913,39.383463],[22.953905,39.383488],[22.953899,39.383526],[22.953901,39.383561],[22.953911,39.383592],[22.953925,39.383619],[22.953936,39.383637],[22.954036,39.383782],[22.954046,39.383795],[22.954115,39.38389],[22.954157,39.383953],[22.954263,39.384113],[22.954301,39.38417],[22.954373,39.384272],[22.95443,39.384351],[22.954445,39.384385],[22.954448,39.384403],[22.954446,39.384422],[22.954442,39.384437],[22.954441,39.384438],[22.954437,39.38445],[22.954429,39.384463],[22.954416,39.384474],[22.954276,39.384559],[22.954093,39.384671],[22.953911,39.384782],[22.953882,39.3848],[22.953831,39.384836],[22.953799,39.38487],[22.953788,39.384889],[22.953772,39.384919],[22.954002,39.384985],[22.954141,39.385025],[22.9542,39.385044],[22.954218,39.385049],[22.954257,39.385062],[22.954327,39.385078],[22.954375,39.385084],[22.954423,39.385088],[22.954443,39.385088],[22.954519,39.385087],[22.954675,39.385075],[22.954811,39.385064],[22.954906,39.385057],[22.955083,39.385044],[22.955138,39.385042],[22.95537,39.385033],[22.95545,39.38503],[22.955602,39.385024],[22.955725,39.38502]]},"properties":{"line":"49","dir":"Αγία Κυριακή 3","headsign":"Αγία Κυριακή 3","mode":"bus","color":"#0059a9"}},{"type":"Feature","geometry":{"type":"LineString","coordinates":[[22.955725,39.38502],[22.955878,39.385014],[22.955957,39.385013],[22.956189,39.38501],[22.956216,39.385009],[22.95642,39.385016],[22.956513,39.385019],[22.956652,39.385027],[22.956884,39.38504],[22.956884,39.38504],[22.956817,39.384868],[22.956792,39.384802],[22.956747,39.384696],[22.956726,39.384645],[22.956681,39.384554],[22.956667,39.384527],[22.956601,39.3844],[22.956577,39.384362],[22.956477,39.384199],[22.956475,39.384196],[22.956366,39.384041],[22.956338,39.384],[22.956289,39.383936],[22.956256,39.383883],[22.956229,39.38384],[22.956144,39.383725],[22.956134,39.383712],[22.956062,39.383605],[22.956034,39.383567],[22.956,39.383522],[22.955909,39.383415],[22.955904,39.383409],[22.955773,39.383269],[22.955637,39.383123],[22.955553,39.383034],[22.955499,39.382981],[22.955498,39.382979],[22.955387,39.382852],[22.955369,39.38283],[22.95525,39.382685],[22.955244,39.382678],[22.955126,39.382523],[22.955104,39.382493],[22.955141,39.38247],[22.955174,39.382448],[22.95521,39.382423],[22.955248,39.3824],[22.955298,39.382369],[22.95539,39.382315],[22.955431,39.382289],[22.955451,39.382276],[22.955499,39.382244],[22.955526,39.382225],[22.955539,39.382212],[22.955551,39.382201],[22.955566,39.382174],[22.955575,39.382149],[22.955575,39.382147],[22.955582,39.38212],[22.955601,39.381968],[22.955603,39.381959],[22.955612,39.381929],[22.955625,39.381896],[22.955645,39.381856],[22.955675,39.381802],[22.955691,39.381773],[22.955772,39.381639],[22.955791,39.381609],[22.955872,39.381477],[22.955972,39.381314],[22.95598,39.3813],[22.956069,39.381151],[22.956166,39.380988],[22.956251,39.380845],[22.956264,39.380825],[22.95628,39.380798],[22.956373,39.380665],[22.956398,39.380629],[22.956492,39.380511],[22.956529,39.380465],[22.956609,39.380356],[22.956615,39.380347],[22.956646,39.380308],[22.956685,39.380277],[22.956716,39.380259],[22.956763,39.380233],[22.956767,39.380231],[22.956833,39.3802],[22.956964,39.380149],[22.956973,39.380147],[22.957187,39.380077],[22.957218,39.380067],[22.957331,39.380027],[22.9574,39.380005],[22.957422,39.379999],[22.957471,39.379977],[22.95752,39.379949],[22.957593,39.379906],[22.957671,39.379859],[22.957771,39.379805],[22.957781,39.379801],[22.957853,39.379768],[22.95794,39.379732],[22.957985,39.379714],[22.958041,39.379692],[22.958141,39.379655],[22.958197,39.37964],[22.958233,39.37963],[22.95832,39.379614],[22.958423,39.3796],[22.958448,39.379597],[22.958551,39.379581],[22.958593,39.379575],[22.958643,39.379561],[22.958648,39.379559],[22.9587,39.379538],[22.958728,39.37952],[22.958764,39.379492],[22.958816,39.379446],[22.95882,39.379442],[22.958851,39.379414],[22.958876,39.379398],[22.958911,39.379384],[22.958951,39.379372],[22.959011,39.379359],[22.959018,39.379358],[22.959114,39.379341],[22.959191,39.379328],[22.959245,39.379318],[22.959471,39.379274],[22.959477,39.379272],[22.959644,39.379214],[22.959679,39.379205],[22.959685,39.379204],[22.959711,39.379199],[22.959913,39.379169],[22.959995,39.379156],[22.960007,39.379154],[22.960016,39.37915],[22.960023,39.379144],[22.960028,39.379138],[22.960031,39.379132],[22.960034,39.379122],[22.960036,39.379056],[22.960039,39.378973],[22.960044,39.37893],[22.960048,39.378905],[22.960054,39.378884],[22.960056,39.378879],[22.960062,39.378866],[22.960079,39.378839],[22.960118,39.378795],[22.960189,39.378749],[22.960201,39.378744],[22.960242,39.378725],[22.960351,39.378662],[22.960393,39.378643],[22.960526,39.378583],[22.960594,39.378551],[22.960599,39.378549],[22.960665,39.378515],[22.960709,39.378484],[22.960756,39.378446],[22.96077,39.378432],[22.960914,39.378291],[22.961005,39.378202],[22.96105,39.37816],[22.961061,39.378152],[22.961105,39.378118],[22.961147,39.37809],[22.961242,39.37804],[22.961411,39.37795],[22.961433,39.377938],[22.961623,39.377834],[22.96176,39.377758],[22.961801,39.377736],[22.961813,39.377731],[22.96201,39.377636],[22.962189,39.37755],[22.962207,39.377541],[22.962266,39.377513],[22.962103,39.377434],[22.961906,39.377339],[22.961795,39.377285],[22.961709,39.377244],[22.961512,39.377153],[22.961509,39.377151],[22.961307,39.377062],[22.961188,39.37701],[22.961105,39.376973],[22.960903,39.376884],[22.96088,39.376874],[22.960705,39.37679],[22.960565,39.376723],[22.960508,39.376695],[22.960417,39.376651],[22.960314,39.376595],[22.960196,39.376533],[22.960125,39.376493],[22.960123,39.376492],[22.96007,39.376459],[22.960012,39.376419],[22.959952,39.376371],[22.959929,39.376353],[22.95985,39.376289],[22.959794,39.376239],[22.95978,39.376228],[22.959644,39.376101],[22.959641,39.376098],[22.959509,39.375955],[22.959418,39.375857],[22.959373,39.375809],[22.95931,39.375743],[22.959237,39.375663],[22.959103,39.375516],[22.958969,39.375369],[22.958946,39.375345],[22.95883,39.375225],[22.958691,39.375081],[22.958674,39.375063],[22.958651,39.375039],[22.958551,39.374937],[22.958411,39.374794],[22.958408,39.374791],[22.958276,39.374654],[22.958272,39.37465],[22.958222,39.374595],[22.95819,39.374561],[22.958136,39.374504],[22.958126,39.374493],[22.958047,39.374408],[22.958013,39.374373],[22.958,39.374358],[22.957983,39.37434],[22.957869,39.374219],[22.957863,39.374213],[22.957726,39.374067],[22.957721,39.374061],[22.95759,39.373922],[22.957529,39.373856],[22.957453,39.373776],[22.957316,39.373631],[22.957259,39.373569],[22.95718,39.373485],[22.957079,39.373377],[22.957043,39.373339],[22.956907,39.373194],[22.956819,39.3731],[22.95677,39.373048],[22.956709,39.372984],[22.956634,39.372903],[22.956497,39.372757],[22.956477,39.372736],[22.95636,39.372612],[22.956321,39.372569],[22.956224,39.372466],[22.956196,39.372437],[22.956087,39.372321],[22.956054,39.372285],[22.955951,39.372175],[22.955814,39.372029],[22.955692,39.371899],[22.955677,39.371884],[22.955569,39.371769],[22.955541,39.371738],[22.955426,39.371616],[22.955404,39.371593],[22.955285,39.371466],[22.955268,39.371447],[22.955131,39.371302],[22.954994,39.371156],[22.95497,39.37113],[22.954953,39.371112],[22.95497,39.37113],[22.955089,39.371257],[22.955226,39.371403],[22.955285,39.371466],[22.955363,39.371548],[22.955426,39.371616],[22.955499,39.371694],[22.955569,39.371769],[22.955636,39.37184],[22.955692,39.371899],[22.955772,39.371985],[22.955909,39.372131],[22.956046,39.372276],[22.956054,39.372285],[22.956182,39.372422],[22.956196,39.372437],[22.956319,39.372567],[22.956321,39.372569],[22.956455,39.372713],[22.956477,39.372736],[22.956592,39.372858],[22.956709,39.372984],[22.956728,39.373004],[22.956819,39.3731],[22.956865,39.373149],[22.957002,39.373295],[22.957079,39.373377],[22.957138,39.373441],[22.957259,39.373569],[22.957275,39.373586],[22.957259,39.373569],[22.9572,39.373506],[22.957079,39.373377],[22.957063,39.373361],[22.956926,39.373215],[22.956819,39.3731],[22.95679,39.373069],[22.956709,39.372984],[22.956653,39.372924],[22.956517,39.372778],[22.956477,39.372736],[22.95638,39.372633],[22.956321,39.372569],[22.956244,39.372487],[22.956196,39.372437],[22.956107,39.372342],[22.956054,39.372285],[22.95597,39.372196],[22.955834,39.372051],[22.955697,39.371905],[22.955692,39.371899],[22.955569,39.371769],[22.955561,39.37176],[22.955426,39.371616],[22.955424,39.371614],[22.955288,39.371468],[22.955285,39.371466],[22.955151,39.371323],[22.955014,39.371177],[22.95497,39.37113],[22.954878,39.371032],[22.954741,39.370886],[22.954685,39.370827],[22.954604,39.370741],[22.954558,39.370691],[22.954485,39.370613],[22.954468,39.370595],[22.954377,39.370498],[22.954355,39.370474],[22.954331,39.370449],[22.954233,39.370345],[22.954195,39.370304],[22.954183,39.370291],[22.954087,39.370189],[22.954058,39.370158],[22.953922,39.370013],[22.953836,39.369922],[22.953785,39.369867],[22.953774,39.369856],[22.953646,39.369723],[22.953508,39.369578],[22.953378,39.369443],[22.953369,39.369434],[22.953231,39.369289],[22.953093,39.369144],[22.953041,39.36909],[22.952988,39.369035],[22.952955,39.368999],[22.95282,39.368853],[22.952684,39.368707],[22.952563,39.368576],[22.952549,39.368561],[22.952414,39.368414],[22.952278,39.368268],[22.9522,39.368184],[22.952142,39.368122],[22.952004,39.367977],[22.951867,39.367832],[22.951729,39.367687],[22.951669,39.367623],[22.951593,39.367542],[22.951458,39.367395],[22.951322,39.367249],[22.951224,39.367143],[22.951187,39.367103],[22.95105,39.366957],[22.950914,39.366811],[22.950792,39.366681],[22.950778,39.366666],[22.950724,39.366608],[22.950666,39.366545],[22.950642,39.366519],[22.950504,39.366375],[22.950366,39.36623],[22.950228,39.366085],[22.950228,39.366085],[22.95009,39.36594],[22.949952,39.365796],[22.949814,39.365651],[22.949791,39.365627],[22.949677,39.365506],[22.949539,39.365361],[22.949402,39.365216],[22.949273,39.365079],[22.949265,39.36507],[22.94925,39.365054],[22.949126,39.364926],[22.948988,39.364782],[22.948849,39.364637],[22.948733,39.364516],[22.948711,39.364492],[22.948573,39.364348],[22.948435,39.364203],[22.948297,39.364058],[22.948159,39.363914],[22.948141,39.363895],[22.948058,39.363808],[22.948021,39.363769],[22.947883,39.363624],[22.947828,39.363566],[22.947745,39.363479],[22.947607,39.363334],[22.947581,39.363306],[22.947532,39.363256],[22.947474,39.363188],[22.947345,39.363039],[22.947258,39.362939],[22.947215,39.36289],[22.947186,39.362856],[22.947086,39.36274],[22.946957,39.362591],[22.946894,39.362518],[22.946831,39.36244],[22.946709,39.362287],[22.946586,39.362134],[22.946566,39.362108],[22.946464,39.361981],[22.946381,39.361878],[22.946342,39.361828],[22.94622,39.361674],[22.946184,39.361629],[22.946098,39.361522],[22.945975,39.361369],[22.945852,39.361216],[22.945729,39.361063],[22.945704,39.361032],[22.945549,39.36111],[22.945437,39.361166],[22.945353,39.361206],[22.945205,39.361275],[22.945154,39.361299],[22.944986,39.361378],[22.944955,39.361393],[22.944954,39.361394],[22.944757,39.361486],[22.944714,39.361506],[22.944556,39.361577],[22.944462,39.361619],[22.944355,39.361666],[22.944168,39.361749],[22.944153,39.361755],[22.943957,39.361843],[22.943951,39.361845],[22.943749,39.361934],[22.943694,39.361959],[22.943547,39.362022],[22.943508,39.362039],[22.943343,39.36211],[22.94333,39.362115],[22.94314,39.362197],[22.943095,39.362216],[22.943004,39.362256],[22.94293,39.362262],[22.942917,39.362264],[22.94286,39.362268],[22.9428,39.362271],[22.942736,39.362275],[22.942702,39.362277],[22.942684,39.362278],[22.942615,39.362281],[22.94253,39.362284],[22.942509,39.362284],[22.942478,39.362284],[22.94247,39.362285],[22.942453,39.362286],[22.942427,39.362288],[22.942407,39.362291],[22.942382,39.362295],[22.942341,39.362303],[22.942309,39.362312],[22.942288,39.362319],[22.942246,39.362334],[22.942212,39.362347],[22.942203,39.36235],[22.94219,39.362365],[22.942175,39.362379],[22.942157,39.362391],[22.942138,39.362402],[22.942118,39.362411],[22.942097,39.362418],[22.942074,39.362423],[22.942059,39.362426],[22.942051,39.362427],[22.942028,39.362428],[22.942005,39.362428],[22.941981,39.362425],[22.941959,39.36242],[22.941937,39.362414],[22.941916,39.362405],[22.941897,39.362395],[22.941879,39.362384],[22.941866,39.362373],[22.941844,39.362367],[22.941824,39.362361],[22.941801,39.362353],[22.94177,39.362344],[22.941728,39.362334],[22.941683,39.362322],[22.941649,39.362316],[22.941625,39.362312],[22.941613,39.362309],[22.941591,39.362307],[22.941555,39.362305],[22.941522,39.362305],[22.941472,39.362305],[22.941393,39.362307],[22.941393,39.362307],[22.941179,39.362308],[22.94116,39.362308],[22.941114,39.362308],[22.940928,39.362307],[22.940695,39.362307],[22.940463,39.362307],[22.940391,39.362307],[22.940258,39.362306],[22.94023,39.362306],[22.939998,39.362306],[22.939765,39.362305],[22.939532,39.362305],[22.939509,39.362305],[22.9393,39.362304],[22.939118,39.362304],[22.939067,39.362304],[22.938835,39.362303],[22.938685,39.362303],[22.938648,39.362303],[22.938602,39.362304],[22.938587,39.362304],[22.938539,39.362305],[22.938511,39.362306],[22.938497,39.362308],[22.938486,39.36231],[22.938476,39.362312],[22.938465,39.362315],[22.938453,39.362319],[22.938447,39.362327],[22.938437,39.362337],[22.938422,39.36235],[22.938404,39.362361],[22.938393,39.362368],[22.93838,39.362374],[22.93837,39.362378],[22.938348,39.362385],[22.938328,39.362389],[22.938322,39.36239],[22.938301,39.362392],[22.938268,39.362393],[22.938242,39.36239],[22.938237,39.362389],[22.938215,39.362384],[22.938194,39.362377],[22.93819,39.362375],[22.938167,39.362367],[22.938149,39.362355],[22.93812,39.36235],[22.938087,39.362345],[22.938047,39.362341],[22.938015,39.362338],[22.937978,39.362337],[22.937963,39.362337],[22.93795,39.362336],[22.93792,39.362336],[22.937886,39.362337],[22.93783,39.36234],[22.937754,39.362347],[22.937729,39.362349],[22.937666,39.362354],[22.937549,39.362368],[22.9375,39.362376],[22.937458,39.362383],[22.937318,39.362409],[22.937273,39.362417],[22.937048,39.362461],[22.937029,39.362465],[22.936823,39.362506],[22.936768,39.362517],[22.936719,39.362526],[22.936683,39.362531],[22.936643,39.362535],[22.936618,39.362537],[22.936594,39.362538],[22.936547,39.362539],[22.936501,39.36254],[22.936447,39.362537],[22.936398,39.362535],[22.936362,39.362532],[22.936357,39.362532],[22.936289,39.362526],[22.936223,39.362518],[22.936142,39.362506],[22.936133,39.362504],[22.936105,39.362498],[22.935916,39.362438],[22.93575,39.362386],[22.935701,39.36237],[22.93569,39.362366],[22.935486,39.362302],[22.935361,39.362262],[22.935271,39.362233],[22.935072,39.36217],[22.935056,39.362165],[22.934841,39.362097],[22.934626,39.362028],[22.934561,39.362007],[22.934411,39.36196],[22.934196,39.361892],[22.934192,39.36189],[22.934131,39.361879],[22.934091,39.361869],[22.93405,39.361861],[22.934029,39.361859],[22.933993,39.361857],[22.933963,39.361858],[22.933927,39.361861],[22.933886,39.361867],[22.933854,39.361873],[22.933828,39.361878],[22.933782,39.361888],[22.93377,39.361901],[22.933754,39.361914],[22.933728,39.361929],[22.933698,39.361941],[22.933679,39.361945],[22.933665,39.361948],[22.933649,39.361949],[22.933637,39.361949],[22.933626,39.361949],[22.93361,39.361948],[22.933591,39.361945],[22.933572,39.36194],[22.933552,39.361933],[22.933544,39.36193],[22.933534,39.361925],[22.933518,39.361915],[22.933504,39.361903],[22.933494,39.361894],[22.933483,39.36188],[22.933474,39.361867],[22.933467,39.361853],[22.933462,39.361837],[22.93346,39.361812],[22.933461,39.361794],[22.933468,39.361774],[22.933469,39.361771],[22.933477,39.361753],[22.933493,39.361734],[22.933531,39.361705],[22.933577,39.361686],[22.933617,39.361679],[22.933645,39.361679],[22.933658,39.361679],[22.933697,39.361687],[22.933733,39.361701],[22.933764,39.361721],[22.933783,39.361723],[22.93381,39.361724],[22.933832,39.361724],[22.933854,39.361722],[22.933862,39.361721],[22.933873,39.361719],[22.933889,39.361713],[22.933917,39.3617],[22.933961,39.361676],[22.933976,39.361666],[22.933989,39.361655],[22.934004,39.361637],[22.934029,39.361602],[22.934139,39.361444],[22.934249,39.361285],[22.934338,39.361158],[22.934298,39.361142],[22.934209,39.361105],[22.934166,39.361088],[22.934092,39.361058],[22.933887,39.360973],[22.933689,39.360893],[22.933681,39.360889],[22.933622,39.360865],[22.933553,39.360837],[22.933476,39.360805],[22.93327,39.360721],[22.933131,39.360664],[22.933065,39.360637],[22.93286,39.360553],[22.932817,39.360536],[22.932746,39.360685],[22.932664,39.360853],[22.932583,39.361022],[22.932527,39.361137],[22.932502,39.36119],[22.932494,39.361206],[22.932441,39.361312],[22.932418,39.361358],[22.932367,39.36146],[22.932432,39.361481],[22.932453,39.361487],[22.932494,39.361498],[22.932553,39.36151],[22.932609,39.36152]]},"properties":{"line":"49","dir":"Κεντρική Αφετηρία","headsign":"Κεντρική Αφετηρία","mode":"bus","color":"#0059a9"}}]}