{"type":"FeatureCollection","features":[{"type":"Feature","geometry":{"type":"Point","coordinates":[22.963377,39.350726]},"properties":{"name":"Άναυρος","lines":"1, 3, 15","arr":["1","3","15"],"terminus":1,"mode":"bus","color":"#0059a9","colorDark":"#00294f","angle":181.2,"snapDist":1,"label":1}},{"type":"Feature","geometry":{"type":"Point","coordinates":[22.962334,39.353001]},"properties":{"name":"Νοσοκομείο","lines":"1, 5, 11","arr":["1","5","11"],"terminus":0,"mode":"bus","color":"#0059a9","colorDark":"#00294f","angle":50.5,"snapDist":2,"label":1}},{"type":"Feature","geometry":{"type":"Point","coordinates":[22.960044,39.354645]},"properties":{"name":"Στρατηγού Σαράφη","lines":"1, 5, 11","arr":["1","5","11"],"terminus":0,"mode":"bus","color":"#0059a9","colorDark":"#00294f","angle":37.3,"snapDist":5,"label":1}},{"type":"Feature","geometry":{"type":"Point","coordinates":[22.958514,39.355452]},"properties":{"name":"Φιλίππου Ιωάννου","lines":"1, 5, 11","arr":["1","5","11"],"terminus":0,"mode":"bus","color":"#0059a9","colorDark":"#00294f","angle":34,"snapDist":4,"label":1}},{"type":"Feature","geometry":{"type":"Point","coordinates":[22.956212,39.3566]},"properties":{"name":"Βλαχάβα","lines":"1, 5, 11","arr":["1","5","11"],"terminus":0,"mode":"bus","color":"#0059a9","colorDark":"#00294f","angle":32.2,"snapDist":4,"label":1}},{"type":"Feature","geometry":{"type":"Point","coordinates":[22.954261,39.357588]},"properties":{"name":"Κασσαβέτη (επί της Πολυμέρη)","lines":"1, 5, 11","arr":["1","5","11"],"terminus":0,"mode":"bus","color":"#0059a9","colorDark":"#00294f","angle":33,"snapDist":5,"label":1}},{"type":"Feature","geometry":{"type":"Point","coordinates":[22.950893,39.358393]},"properties":{"name":"Μαυροκορδάτου","lines":"1, 5, 11","arr":["1","5","11"],"terminus":0,"mode":"bus","color":"#0059a9","colorDark":"#00294f","angle":33.3,"snapDist":2,"label":1}},{"type":"Feature","geometry":{"type":"Point","coordinates":[22.949508,39.359097]},"properties":{"name":"Κουμουνδούρου","lines":"1, 5, 11","arr":["1","5","11"],"terminus":0,"mode":"bus","color":"#0059a9","colorDark":"#00294f","angle":33.3,"snapDist":3,"label":1}},{"type":"Feature","geometry":{"type":"Point","coordinates":[22.947335,39.360203]},"properties":{"name":"Τοπάλη (επί της Δημητριάδος)","lines":"1, 5, 11","arr":["1","5","11"],"terminus":0,"mode":"bus","color":"#0059a9","colorDark":"#00294f","angle":33.3,"snapDist":0,"label":1}},{"type":"Feature","geometry":{"type":"Point","coordinates":[22.944814,39.361459]},"properties":{"name":"Παύλου Μελά (Δημητριάδος)","lines":"1, 2, 3, 4, 5, 7, 9, 11, 15, 49","arr":["1","2","3","4","5","7","9","11","15","49"],"terminus":0,"mode":"bus","color":"#0059a9","colorDark":"#00294f","angle":31.3,"snapDist":9,"label":1}},{"type":"Feature","geometry":{"type":"Point","coordinates":[22.943497,39.362043]},"properties":{"name":"Σόλωνος (Δημητριάδος)","lines":"1, 2, 3, 4, 5, 7, 9, 11, 15, 49","arr":["1","2","3","4","5","7","9","11","15","49"],"terminus":0,"mode":"bus","color":"#0059a9","colorDark":"#00294f","angle":29,"snapDist":10,"label":1}},{"type":"Feature","geometry":{"type":"Point","coordinates":[22.941348,39.363274]},"properties":{"name":"Δημαρχείο","lines":"1","arr":["1"],"terminus":0,"mode":"bus","color":"#0059a9","colorDark":"#00294f","angle":50.7,"snapDist":4,"label":1}},{"type":"Feature","geometry":{"type":"Point","coordinates":[22.940002,39.364843]},"properties":{"name":"Βασσάνη","lines":"1","arr":["1"],"terminus":0,"mode":"bus","color":"#0059a9","colorDark":"#00294f","angle":61,"snapDist":3,"label":1}},{"type":"Feature","geometry":{"type":"Point","coordinates":[22.938777,39.36656]},"properties":{"name":"Καποδιστρίου","lines":"1","arr":["1"],"terminus":0,"mode":"bus","color":"#0059a9","colorDark":"#00294f","angle":60.9,"snapDist":1,"label":1}},{"type":"Feature","geometry":{"type":"Point","coordinates":[22.936752,39.36938]},"properties":{"name":"Αγίου Παντελεήμονα","lines":"1","arr":["1"],"terminus":0,"mode":"bus","color":"#0059a9","colorDark":"#00294f","angle":61.3,"snapDist":6,"label":1}},{"type":"Feature","geometry":{"type":"Point","coordinates":[22.935794,39.370648]},"properties":{"name":"Γέφυρα","lines":"1","arr":["1"],"terminus":0,"mode":"bus","color":"#0059a9","colorDark":"#00294f","angle":-119.6,"snapDist":6,"label":1}},{"type":"Feature","geometry":{"type":"Point","coordinates":[22.934671,39.372176]},"properties":{"name":"Ταχυδρομείο","lines":"1","arr":["1"],"terminus":0,"mode":"bus","color":"#0059a9","colorDark":"#00294f","angle":60.4,"snapDist":0,"label":1}},{"type":"Feature","geometry":{"type":"Point","coordinates":[22.93413,39.373488]},"properties":{"name":"Ευαγγελίστρια (επί της Μακεδονίας)","lines":"1","arr":["1"],"terminus":0,"mode":"bus","color":"#0059a9","colorDark":"#00294f","angle":61.4,"snapDist":1,"label":1}},{"type":"Feature","geometry":{"type":"Point","coordinates":[22.933595,39.374563]},"properties":{"name":"Δημαρχείο Νέας Ιωνίας (Μαιάνδρου)","lines":"1, 11","arr":["1","11"],"terminus":0,"mode":"bus","color":"#0059a9","colorDark":"#00294f","angle":150.2,"snapDist":1,"label":1}},{"type":"Feature","geometry":{"type":"Point","coordinates":[22.935247,39.375533]},"properties":{"name":"Γκαράζ ΟΣΕ","lines":"1, 11","arr":["1","11"],"terminus":0,"mode":"bus","color":"#0059a9","colorDark":"#00294f","angle":81,"snapDist":3,"label":1}},{"type":"Feature","geometry":{"type":"Point","coordinates":[22.932071,39.375023]},"properties":{"name":"Στρατόπεδο","lines":"1, 11","arr":["1","11"],"terminus":0,"mode":"bus","color":"#0059a9","colorDark":"#00294f","angle":330.3,"snapDist":5,"label":1}},{"type":"Feature","geometry":{"type":"Point","coordinates":[22.929467,39.373925]},"properties":{"name":"Πάρκο Λαμπράκη","lines":"1, 11","arr":["1","11"],"terminus":0,"mode":"bus","color":"#0059a9","colorDark":"#00294f","angle":330.6,"snapDist":6,"label":1}},{"type":"Feature","geometry":{"type":"Point","coordinates":[22.92625,39.372764]},"properties":{"name":"Μαγνήτες Τυφλοί","lines":"1","arr":["1"],"terminus":0,"mode":"bus","color":"#0059a9","colorDark":"#00294f","angle":340.9,"snapDist":6,"label":1}},{"type":"Feature","geometry":{"type":"Point","coordinates":[22.9228,39.371998]},"properties":{"name":"Πέτρου και Παύλου","lines":"1","arr":["1"],"terminus":1,"mode":"bus","color":"#0059a9","colorDark":"#00294f","angle":352.6,"snapDist":6,"label":1}},{"type":"Feature","geometry":{"type":"Point","coordinates":[22.92197,39.3747]},"properties":{"name":"Κυρίλλου (επι Μυτιλήνης)","lines":"1","arr":["1"],"terminus":0,"mode":"bus","color":"#0059a9","colorDark":"#00294f","angle":73.6,"snapDist":3,"label":1}},{"type":"Feature","geometry":{"type":"Point","coordinates":[22.921378,39.376258]},"properties":{"name":"Χαλκιδώνος","lines":"1","arr":["1"],"terminus":0,"mode":"bus","color":"#0059a9","colorDark":"#00294f","angle":74.6,"snapDist":0,"label":1}},{"type":"Feature","geometry":{"type":"Point","coordinates":[22.921288,39.377711]},"properties":{"name":"Βαμβακουργία","lines":"1","arr":["1"],"terminus":0,"mode":"bus","color":"#0059a9","colorDark":"#00294f","angle":67.7,"snapDist":1,"label":1}},{"type":"Feature","geometry":{"type":"Point","coordinates":[22.923572,39.378617]},"properties":{"name":"Αγίας Φωτεινής","lines":"1","arr":["1"],"terminus":0,"mode":"bus","color":"#0059a9","colorDark":"#00294f","angle":155.6,"snapDist":1,"label":1}},{"type":"Feature","geometry":{"type":"Point","coordinates":[22.925041,39.378914]},"properties":{"name":"Αγίου Σπυρίδωνος","lines":"1","arr":["1"],"terminus":0,"mode":"bus","color":"#0059a9","colorDark":"#00294f","angle":254.3,"snapDist":5,"label":1}},{"type":"Feature","geometry":{"type":"Point","coordinates":[22.925654,39.377199]},"properties":{"name":"Αδραμυτίου","lines":"1","arr":["1"],"terminus":0,"mode":"bus","color":"#0059a9","colorDark":"#00294f","angle":254.5,"snapDist":5,"label":1}},{"type":"Feature","geometry":{"type":"Point","coordinates":[22.926812,39.375063]},"properties":{"name":"Δαβάκη","lines":"1","arr":["1"],"terminus":0,"mode":"bus","color":"#0059a9","colorDark":"#00294f","angle":239.9,"snapDist":4,"label":1}},{"type":"Feature","geometry":{"type":"Point","coordinates":[22.927956,39.373441]},"properties":{"name":"Εθνικών Αγώνων","lines":"1","arr":["1"],"terminus":0,"mode":"bus","color":"#0059a9","colorDark":"#00294f","angle":242.5,"snapDist":4,"label":1}},{"type":"Feature","geometry":{"type":"Point","coordinates":[22.9292,39.37264]},"properties":{"name":"Ραιδεστού","lines":"1, 11","arr":["1","11"],"terminus":0,"mode":"bus","color":"#0059a9","colorDark":"#00294f","angle":150.5,"snapDist":2,"label":1}},{"type":"Feature","geometry":{"type":"Point","coordinates":[22.930719,39.373304]},"properties":{"name":"Φιλαδελφείας","lines":"1","arr":["1"],"terminus":0,"mode":"bus","color":"#0059a9","colorDark":"#00294f","angle":150.2,"snapDist":2,"label":1}},{"type":"Feature","geometry":{"type":"Point","coordinates":[22.932729,39.374185]},"properties":{"name":"Δημαρχείο Νέας Ιωνίας","lines":"1, 11","arr":["1","11"],"terminus":0,"mode":"bus","color":"#0059a9","colorDark":"#00294f","angle":150.1,"snapDist":2,"label":1}},{"type":"Feature","geometry":{"type":"Point","coordinates":[22.933209,39.373158]},"properties":{"name":"Ευαγγελίστρια","lines":"1","arr":["1"],"terminus":0,"mode":"bus","color":"#0059a9","colorDark":"#00294f","angle":240.7,"snapDist":5,"label":1}},{"type":"Feature","geometry":{"type":"Point","coordinates":[22.934311,39.372665]},"properties":{"name":"Ταχυδρομείο","lines":"1","arr":["1"],"terminus":0,"mode":"bus","color":"#0059a9","colorDark":"#00294f","angle":240.4,"snapDist":5,"label":0}},{"type":"Feature","geometry":{"type":"Point","coordinates":[22.936737,39.369259]},"properties":{"name":"Αγίου Παντελεήμονα","lines":"1, 15","arr":["1","15"],"terminus":0,"mode":"bus","color":"#0059a9","colorDark":"#00294f","angle":241.8,"snapDist":6,"label":0}},{"type":"Feature","geometry":{"type":"Point","coordinates":[22.93869,39.366539]},"properties":{"name":"Γλάδστωνος","lines":"1, 15","arr":["1","15"],"terminus":0,"mode":"bus","color":"#0059a9","colorDark":"#00294f","angle":240.5,"snapDist":5,"label":1}},{"type":"Feature","geometry":{"type":"Point","coordinates":[22.940043,39.364645]},"properties":{"name":"Βασσάνη","lines":"1, 15","arr":["1","15"],"terminus":0,"mode":"bus","color":"#0059a9","colorDark":"#00294f","angle":241.2,"snapDist":5,"label":0}},{"type":"Feature","geometry":{"type":"Point","coordinates":[22.94135,39.363173]},"properties":{"name":"Δημαρχείο 1Ε","lines":"1, 15","arr":["1","15"],"terminus":0,"mode":"bus","color":"#0059a9","colorDark":"#00294f","angle":231,"snapDist":6,"label":1}},{"type":"Feature","geometry":{"type":"Point","coordinates":[22.943342,39.361395]},"properties":{"name":"Σόλωνος (επί της Ιάσονος)","lines":"1, 2, 3, 4, 5, 7, 9, 11, 15, 49","arr":["1","2","3","4","5","7","9","11","15","49"],"terminus":0,"mode":"bus","color":"#0059a9","colorDark":"#00294f","angle":208.1,"snapDist":3,"label":1}},{"type":"Feature","geometry":{"type":"Point","coordinates":[22.947107,39.359656]},"properties":{"name":"Τοπάλη (επί της Ιάσονος)","lines":"1, 5, 11","arr":["1","5","11"],"terminus":0,"mode":"bus","color":"#0059a9","colorDark":"#00294f","angle":211.9,"snapDist":5,"label":1}},{"type":"Feature","geometry":{"type":"Point","coordinates":[22.948316,39.359078]},"properties":{"name":"Γκλαβάνη (Ιάσονος)","lines":"1, 5, 11","arr":["1","5","11"],"terminus":0,"mode":"bus","color":"#0059a9","colorDark":"#00294f","angle":211.5,"snapDist":4,"label":1}},{"type":"Feature","geometry":{"type":"Point","coordinates":[22.951597,39.357849]},"properties":{"name":"Κύματα","lines":"1, 5, 11","arr":["1","5","11"],"terminus":0,"mode":"bus","color":"#0059a9","colorDark":"#00294f","angle":121.8,"snapDist":3,"label":1}},{"type":"Feature","geometry":{"type":"Point","coordinates":[22.953055,39.358195]},"properties":{"name":"Δεληγιώργη","lines":"1, 5, 11","arr":["1","5","11"],"terminus":0,"mode":"bus","color":"#0059a9","colorDark":"#00294f","angle":213,"snapDist":7,"label":1}},{"type":"Feature","geometry":{"type":"Point","coordinates":[22.955945,39.356733]},"properties":{"name":"Βλαχάβα (Πολυμέρη)","lines":"1, 5, 11","arr":["1","5","11"],"terminus":0,"mode":"bus","color":"#0059a9","colorDark":"#00294f","angle":213.1,"snapDist":3,"label":1}},{"type":"Feature","geometry":{"type":"Point","coordinates":[22.958799,39.355309]},"properties":{"name":"Φιλίπου Ιωάννου","lines":"1, 5, 11","arr":["1","5","11"],"terminus":0,"mode":"bus","color":"#0059a9","colorDark":"#00294f","angle":213.5,"snapDist":4,"label":1}},{"type":"Feature","geometry":{"type":"Point","coordinates":[22.962343,39.352992]},"properties":{"name":"Νοσοκομείο Βόλου","lines":"1, 5, 11","arr":["1","5","11"],"terminus":0,"mode":"bus","color":"#0059a9","colorDark":"#00294f","angle":230.5,"snapDist":5,"label":1}},{"type":"Feature","geometry":{"type":"Point","coordinates":[22.932613,39.361521]},"properties":{"name":"Κεντρική Αφετηρία","lines":"2, 4, 5, 7, 9, 11, 49","arr":["2","4","5","7","9","11","49"],"terminus":1,"mode":"bus","color":"#0059a9","colorDark":"#00294f","angle":170.2,"snapDist":7,"label":1}},{"type":"Feature","geometry":{"type":"Point","coordinates":[22.935135,39.36219]},"properties":{"name":"Παλαιά","lines":"2, 3, 4, 5, 7, 9, 11, 49","arr":["2","3","4","5","7","9","11","49"],"terminus":0,"mode":"bus","color":"#0059a9","colorDark":"#00294f","angle":157.8,"snapDist":6,"label":1}},{"type":"Feature","geometry":{"type":"Point","coordinates":[22.939742,39.362174]},"properties":{"name":"Δημαρχείο","lines":"2, 3, 4, 5, 7, 9, 11, 49","arr":["2","3","4","5","7","9","11","49"],"terminus":0,"mode":"bus","color":"#0059a9","colorDark":"#00294f","angle":180.3,"snapDist":4,"label":0}},{"type":"Feature","geometry":{"type":"Point","coordinates":[22.947063,39.360909]},"properties":{"name":"Ερμού (κάτω στάση)","lines":"2, 3, 9, 15","arr":["2","3","9","15"],"terminus":0,"mode":"bus","color":"#0059a9","colorDark":"#00294f","angle":125.9,"snapDist":5,"label":1}},{"type":"Feature","geometry":{"type":"Point","coordinates":[22.949575,39.36359]},"properties":{"name":"Κωνσταντά (επί της Καρτάλη)","lines":"2, 3, 4, 7, 9, 15, 49","arr":["2","3","4","7","9","15","49"],"terminus":0,"mode":"bus","color":"#0059a9","colorDark":"#00294f","angle":125.9,"snapDist":3,"label":1}},{"type":"Feature","geometry":{"type":"Point","coordinates":[22.95112,39.365239]},"properties":{"name":"Νομαρχία (επί της Καρτάλη)","lines":"2, 3, 4, 7, 9, 15, 49","arr":["2","3","4","7","9","15","49"],"terminus":0,"mode":"bus","color":"#0059a9","colorDark":"#00294f","angle":125.9,"snapDist":3,"label":1}},{"type":"Feature","geometry":{"type":"Point","coordinates":[22.94964,39.367221]},"properties":{"name":"Κουταρέλια","lines":"2, 9, 11","arr":["2","9","11"],"terminus":0,"mode":"bus","color":"#0059a9","colorDark":"#00294f","angle":36,"snapDist":2,"label":1}},{"type":"Feature","geometry":{"type":"Point","coordinates":[22.948151,39.368054]},"properties":{"name":"Αθανασίου Διάκου","lines":"2, 9, 11","arr":["2","9","11"],"terminus":0,"mode":"bus","color":"#0059a9","colorDark":"#00294f","angle":35.5,"snapDist":2,"label":1}},{"type":"Feature","geometry":{"type":"Point","coordinates":[22.946084,39.369192]},"properties":{"name":"Μακρινίτσης","lines":"2, 11","arr":["2","11"],"terminus":0,"mode":"bus","color":"#0059a9","colorDark":"#00294f","angle":35.3,"snapDist":2,"label":1}},{"type":"Feature","geometry":{"type":"Point","coordinates":[22.943991,39.37034]},"properties":{"name":"Οξυγόνο","lines":"2, 11","arr":["2","11"],"terminus":0,"mode":"bus","color":"#0059a9","colorDark":"#00294f","angle":35.6,"snapDist":4,"label":1}},{"type":"Feature","geometry":{"type":"Point","coordinates":[22.942259,39.369879]},"properties":{"name":"Μαγνήτων","lines":"2, 11","arr":["2","11"],"terminus":0,"mode":"bus","color":"#0059a9","colorDark":"#00294f","angle":333.2,"snapDist":5,"label":1}},{"type":"Feature","geometry":{"type":"Point","coordinates":[22.940363,39.369139]},"properties":{"name":"Κωνσταντά","lines":"2, 11","arr":["2","11"],"terminus":0,"mode":"bus","color":"#0059a9","colorDark":"#00294f","angle":333.2,"snapDist":5,"label":1}},{"type":"Feature","geometry":{"type":"Point","coordinates":[22.939651,39.370811]},"properties":{"name":"Μουρτζούκου","lines":"2, 11","arr":["2","11"],"terminus":0,"mode":"bus","color":"#0059a9","colorDark":"#00294f","angle":81.3,"snapDist":2,"label":1}},{"type":"Feature","geometry":{"type":"Point","coordinates":[22.939385,39.372163]},"properties":{"name":"Μεταξουργείο","lines":"2","arr":["2"],"terminus":0,"mode":"bus","color":"#0059a9","colorDark":"#00294f","angle":81.1,"snapDist":2,"label":1}},{"type":"Feature","geometry":{"type":"Point","coordinates":[22.938997,39.374159]},"properties":{"name":"Παπάγου","lines":"2, 11","arr":["2","11"],"terminus":0,"mode":"bus","color":"#0059a9","colorDark":"#00294f","angle":81.5,"snapDist":2,"label":1}},{"type":"Feature","geometry":{"type":"Point","coordinates":[22.939003,39.376275]},"properties":{"name":"Παλιό Κοιμητήριο Νέα Ιωνία","lines":"2","arr":["2"],"terminus":0,"mode":"bus","color":"#0059a9","colorDark":"#00294f","angle":140.3,"snapDist":4,"label":1}},{"type":"Feature","geometry":{"type":"Point","coordinates":[22.941268,39.37797]},"properties":{"name":"Παρασκευοπούλου","lines":"2, 9","arr":["2","9"],"terminus":0,"mode":"bus","color":"#0059a9","colorDark":"#00294f","angle":61.5,"snapDist":2,"label":1}},{"type":"Feature","geometry":{"type":"Point","coordinates":[22.940083,39.37999]},"properties":{"name":"Βουτσά","lines":"2, 9","arr":["2","9"],"terminus":0,"mode":"bus","color":"#0059a9","colorDark":"#00294f","angle":72.4,"snapDist":1,"label":1}},{"type":"Feature","geometry":{"type":"Point","coordinates":[22.939841,39.381779]},"properties":{"name":"Μανδηλαρά","lines":"2, 9","arr":["2","9"],"terminus":0,"mode":"bus","color":"#0059a9","colorDark":"#00294f","angle":102.1,"snapDist":2,"label":1}},{"type":"Feature","geometry":{"type":"Point","coordinates":[22.939165,39.384101]},"properties":{"name":"Αγίου Νεκταρίου","lines":"2, 9","arr":["2","9"],"terminus":0,"mode":"bus","color":"#0059a9","colorDark":"#00294f","angle":330.7,"snapDist":4,"label":1}},{"type":"Feature","geometry":{"type":"Point","coordinates":[22.936699,39.383006]},"properties":{"name":"Εφορία (Νέας Ιωνίας)","lines":"2, 9","arr":["2","9"],"terminus":0,"mode":"bus","color":"#0059a9","colorDark":"#00294f","angle":323.6,"snapDist":3,"label":1}},{"type":"Feature","geometry":{"type":"Point","coordinates":[22.93495,39.381992]},"properties":{"name":"Σαλαμίνας","lines":"2, 9","arr":["2","9"],"terminus":0,"mode":"bus","color":"#0059a9","colorDark":"#00294f","angle":321.5,"snapDist":2,"label":1}},{"type":"Feature","geometry":{"type":"Point","coordinates":[22.934034,39.382321]},"properties":{"name":"Πολυκλαδικό","lines":"2, 9","arr":["2","9"],"terminus":0,"mode":"bus","color":"#0059a9","colorDark":"#00294f","angle":61.8,"snapDist":4,"label":1}},{"type":"Feature","geometry":{"type":"Point","coordinates":[22.934371,39.384075]},"properties":{"name":"Πανθεσσαλικό","lines":"2","arr":["2"],"terminus":0,"mode":"bus","color":"#0059a9","colorDark":"#00294f","angle":-36.7,"snapDist":6,"label":1}},{"type":"Feature","geometry":{"type":"Point","coordinates":[22.936146,39.385111]},"properties":{"name":"Εργατικές κατοικίες","lines":"2","arr":["2"],"terminus":0,"mode":"bus","color":"#0059a9","colorDark":"#00294f","angle":142.6,"snapDist":1,"label":1}},{"type":"Feature","geometry":{"type":"Point","coordinates":[22.93839,39.386072]},"properties":{"name":"Φυτόκου (επί της Αγ.Διονυσίου)","lines":"2","arr":["2"],"terminus":0,"mode":"bus","color":"#0059a9","colorDark":"#00294f","angle":344.3,"snapDist":6,"label":1}},{"type":"Feature","geometry":{"type":"Point","coordinates":[22.938941,39.387603]},"properties":{"name":"Πανεπσιτήμιο Γεωπονίας","lines":"2","arr":["2"],"terminus":0,"mode":"bus","color":"#0059a9","colorDark":"#00294f","angle":232.3,"snapDist":7,"label":1}},{"type":"Feature","geometry":{"type":"Point","coordinates":[22.941724,39.386658]},"properties":{"name":"Πάρκο Τέρμα (Νο2)","lines":"2","arr":["2"],"terminus":1,"mode":"bus","color":"#0059a9","colorDark":"#00294f","angle":7.6,"snapDist":3,"label":1}},{"type":"Feature","geometry":{"type":"Point","coordinates":[22.93895,39.387692]},"properties":{"name":"Πανεπσιτήμιο Γεωπονίας","lines":"2","arr":["2"],"terminus":0,"mode":"bus","color":"#0059a9","colorDark":"#00294f","angle":46.7,"snapDist":1,"label":0}},{"type":"Feature","geometry":{"type":"Point","coordinates":[22.936011,39.385031]},"properties":{"name":"Εργατικές Κατοικίες","lines":"2","arr":["2"],"terminus":0,"mode":"bus","color":"#0059a9","colorDark":"#00294f","angle":322.6,"snapDist":4,"label":1}},{"type":"Feature","geometry":{"type":"Point","coordinates":[22.934318,39.384045]},"properties":{"name":"Πανθεσσαλικό","lines":"2","arr":["2"],"terminus":0,"mode":"bus","color":"#0059a9","colorDark":"#00294f","angle":323.3,"snapDist":1,"label":0}},{"type":"Feature","geometry":{"type":"Point","coordinates":[22.934016,39.382348]},"properties":{"name":"Πολυκλαδικό","lines":"2, 9","arr":["2","9"],"terminus":0,"mode":"bus","color":"#0059a9","colorDark":"#00294f","angle":241.8,"snapDist":8,"label":0}},{"type":"Feature","geometry":{"type":"Point","coordinates":[22.934926,39.381977]},"properties":{"name":"Σαλαμίνας","lines":"2, 9","arr":["2","9"],"terminus":0,"mode":"bus","color":"#0059a9","colorDark":"#00294f","angle":141.5,"snapDist":4,"label":0}},{"type":"Feature","geometry":{"type":"Point","coordinates":[22.936717,39.383016]},"properties":{"name":"Εφορία (Νέας Ιωνίας)","lines":"2, 9","arr":["2","9"],"terminus":0,"mode":"bus","color":"#0059a9","colorDark":"#00294f","angle":143.6,"snapDist":4,"label":0}},{"type":"Feature","geometry":{"type":"Point","coordinates":[22.939109,39.384076]},"properties":{"name":"Αγίου Νεκταρίου","lines":"2, 9","arr":["2","9"],"terminus":0,"mode":"bus","color":"#0059a9","colorDark":"#00294f","angle":150.7,"snapDist":2,"label":0}},{"type":"Feature","geometry":{"type":"Point","coordinates":[22.939843,39.381787]},"properties":{"name":"Μανδηλαρά","lines":"2, 9","arr":["2","9"],"terminus":0,"mode":"bus","color":"#0059a9","colorDark":"#00294f","angle":282.1,"snapDist":5,"label":0}},{"type":"Feature","geometry":{"type":"Point","coordinates":[22.940107,39.37993]},"properties":{"name":"Βουτσά","lines":"2, 9","arr":["2","9"],"terminus":0,"mode":"bus","color":"#0059a9","colorDark":"#00294f","angle":252.4,"snapDist":6,"label":0}},{"type":"Feature","geometry":{"type":"Point","coordinates":[22.941158,39.378126]},"properties":{"name":"Παρασκευοπούλου","lines":"2, 9","arr":["2","9"],"terminus":0,"mode":"bus","color":"#0059a9","colorDark":"#00294f","angle":241.5,"snapDist":7,"label":0}},{"type":"Feature","geometry":{"type":"Point","coordinates":[22.938667,39.375877]},"properties":{"name":"Άσυλο (Νέα Ιωνία)","lines":"2, 11","arr":["2","11"],"terminus":0,"mode":"bus","color":"#0059a9","colorDark":"#00294f","angle":261.5,"snapDist":4,"label":1}},{"type":"Feature","geometry":{"type":"Point","coordinates":[22.938997,39.37416]},"properties":{"name":"Παπάγου","lines":"2, 11","arr":["2","11"],"terminus":0,"mode":"bus","color":"#0059a9","colorDark":"#00294f","angle":261.5,"snapDist":4,"label":0}},{"type":"Feature","geometry":{"type":"Point","coordinates":[22.939392,39.372128]},"properties":{"name":"Μεταξουργείο","lines":"2, 11","arr":["2","11"],"terminus":0,"mode":"bus","color":"#0059a9","colorDark":"#00294f","angle":261.1,"snapDist":6,"label":0}},{"type":"Feature","geometry":{"type":"Point","coordinates":[22.939815,39.369997]},"properties":{"name":"Αχιλλέως","lines":"2, 11","arr":["2","11"],"terminus":0,"mode":"bus","color":"#0059a9","colorDark":"#00294f","angle":261.1,"snapDist":6,"label":1}},{"type":"Feature","geometry":{"type":"Point","coordinates":[22.940954,39.369299]},"properties":{"name":"Κωνσταντά)","lines":"2, 11","arr":["2","11"],"terminus":0,"mode":"bus","color":"#0059a9","colorDark":"#00294f","angle":152.8,"snapDist":2,"label":1}},{"type":"Feature","geometry":{"type":"Point","coordinates":[22.942346,39.369839]},"properties":{"name":"Μαγνήτων","lines":"2, 11","arr":["2","11"],"terminus":0,"mode":"bus","color":"#0059a9","colorDark":"#00294f","angle":153.5,"snapDist":1,"label":0}},{"type":"Feature","geometry":{"type":"Point","coordinates":[22.944168,39.370154]},"properties":{"name":"Οξυγόνο","lines":"2, 11","arr":["2","11"],"terminus":0,"mode":"bus","color":"#0059a9","colorDark":"#00294f","angle":215.5,"snapDist":4,"label":0}},{"type":"Feature","geometry":{"type":"Point","coordinates":[22.946341,39.368958]},"properties":{"name":"Μακρινίτσης","lines":"2, 11","arr":["2","11"],"terminus":0,"mode":"bus","color":"#0059a9","colorDark":"#00294f","angle":215.4,"snapDist":2,"label":0}},{"type":"Feature","geometry":{"type":"Point","coordinates":[22.948183,39.367935]},"properties":{"name":"Αθανασίου Διάκου","lines":"2, 9, 11","arr":["2","9","11"],"terminus":0,"mode":"bus","color":"#0059a9","colorDark":"#00294f","angle":216,"snapDist":3,"label":0}},{"type":"Feature","geometry":{"type":"Point","coordinates":[22.949682,39.367091]},"properties":{"name":"Κουταρέλια","lines":"2, 9, 11","arr":["2","9","11"],"terminus":0,"mode":"bus","color":"#0059a9","colorDark":"#00294f","angle":216.4,"snapDist":2,"label":0}},{"type":"Feature","geometry":{"type":"Point","coordinates":[22.949134,39.364933]},"properties":{"name":"Ρήγα Φερραίου","lines":"2, 3, 4, 7, 9, 15, 49","arr":["2","3","4","7","9","15","49"],"terminus":0,"mode":"bus","color":"#0059a9","colorDark":"#00294f","angle":306.5,"snapDist":8,"label":1}},{"type":"Feature","geometry":{"type":"Point","coordinates":[22.9463,39.361775]},"properties":{"name":"Ερμού (επί της Ιωλκού)","lines":"2, 3, 4, 7, 9, 15, 49","arr":["2","3","4","7","9","15","49"],"terminus":0,"mode":"bus","color":"#0059a9","colorDark":"#00294f","angle":301.5,"snapDist":5,"label":1}},{"type":"Feature","geometry":{"type":"Point","coordinates":[22.939964,39.362306]},"properties":{"name":"Δημαρχείο","lines":"2, 3, 4, 5, 7, 9, 11, 15, 49","arr":["2","3","4","5","7","9","11","15","49"],"terminus":0,"mode":"bus","color":"#0059a9","colorDark":"#00294f","angle":359.9,"snapDist":6,"label":0}},{"type":"Feature","geometry":{"type":"Point","coordinates":[22.934927,39.362124]},"properties":{"name":"Παλαιά","lines":"2, 3, 4, 5, 7, 9, 11, 15, 49","arr":["2","3","4","5","7","9","11","15","49"],"terminus":0,"mode":"bus","color":"#0059a9","colorDark":"#00294f","angle":337.6,"snapDist":5,"label":0}},{"type":"Feature","geometry":{"type":"Point","coordinates":[22.933442,39.360791]},"properties":{"name":"Υπεραστικό ΚΤΕΛ Βόλου","lines":"2, 5, 7, 9, 11, 49","arr":["2","5","7","9","11","49"],"terminus":1,"mode":"bus","color":"#0059a9","colorDark":"#00294f","angle":332.1,"snapDist":2,"label":1}},{"type":"Feature","geometry":{"type":"Point","coordinates":[22.961871,39.350896]},"properties":{"name":"Πλαστήρα","lines":"3","arr":["3"],"terminus":1,"mode":"bus","color":"#0059a9","colorDark":"#00294f","angle":192.7,"snapDist":7,"label":1}},{"type":"Feature","geometry":{"type":"Point","coordinates":[22.965302,39.351904]},"properties":{"name":"Σταδίου","lines":"3, 11, 15","arr":["3","11","15"],"terminus":0,"mode":"bus","color":"#0059a9","colorDark":"#00294f","angle":260,"snapDist":8,"label":1}},{"type":"Feature","geometry":{"type":"Point","coordinates":[22.965923,39.354612]},"properties":{"name":"Κολυμβητήριο","lines":"3, 15","arr":["3","15"],"terminus":0,"mode":"bus","color":"#0059a9","colorDark":"#00294f","angle":58.2,"snapDist":2,"label":1}},{"type":"Feature","geometry":{"type":"Point","coordinates":[22.966373,39.356427]},"properties":{"name":"Στάδιο (επί της Αγ. Δημητρίου)","lines":"3, 11","arr":["3","11"],"terminus":0,"mode":"bus","color":"#0059a9","colorDark":"#00294f","angle":56.8,"snapDist":4,"label":1}},{"type":"Feature","geometry":{"type":"Point","coordinates":[22.965093,39.357896]},"properties":{"name":"Άγιος Δημήτριος","lines":"3, 11","arr":["3","11"],"terminus":0,"mode":"bus","color":"#0059a9","colorDark":"#00294f","angle":55.5,"snapDist":4,"label":1}},{"type":"Feature","geometry":{"type":"Point","coordinates":[22.963528,39.359746]},"properties":{"name":"Θερμοπυλών","lines":"3, 11","arr":["3","11"],"terminus":0,"mode":"bus","color":"#0059a9","colorDark":"#00294f","angle":57.3,"snapDist":3,"label":1}},{"type":"Feature","geometry":{"type":"Point","coordinates":[22.960872,39.36106]},"properties":{"name":"Περραιβού (επί της Αναλήψεως)","lines":"3, 11","arr":["3","11"],"terminus":0,"mode":"bus","color":"#0059a9","colorDark":"#00294f","angle":32.8,"snapDist":2,"label":1}},{"type":"Feature","geometry":{"type":"Point","coordinates":[22.958702,39.362135]},"properties":{"name":"Κασσαβέτη","lines":"3, 11","arr":["3","11"],"terminus":0,"mode":"bus","color":"#0059a9","colorDark":"#00294f","angle":32,"snapDist":2,"label":1}},{"type":"Feature","geometry":{"type":"Point","coordinates":[22.956087,39.363553]},"properties":{"name":"Μαυροκορδάτου","lines":"3, 11","arr":["3","11"],"terminus":0,"mode":"bus","color":"#0059a9","colorDark":"#00294f","angle":38.8,"snapDist":2,"label":1}},{"type":"Feature","geometry":{"type":"Point","coordinates":[22.954237,39.364654]},"properties":{"name":"Ανάληψη","lines":"3, 11","arr":["3","11"],"terminus":0,"mode":"bus","color":"#0059a9","colorDark":"#00294f","angle":36,"snapDist":2,"label":1}},{"type":"Feature","geometry":{"type":"Point","coordinates":[22.952427,39.365659]},"properties":{"name":"Σπύρου Σπυρίδη","lines":"3","arr":["3"],"terminus":0,"mode":"bus","color":"#0059a9","colorDark":"#00294f","angle":35.9,"snapDist":2,"label":1}},{"type":"Feature","geometry":{"type":"Point","coordinates":[22.950405,39.36627]},"properties":{"name":"Περιφέρεια Θεσσαλίας (Ιωλκού)","lines":"3, 4, 7, 15, 49","arr":["3","4","7","15","49"],"terminus":0,"mode":"bus","color":"#0059a9","colorDark":"#00294f","angle":306.4,"snapDist":6,"label":1}},{"type":"Feature","geometry":{"type":"Point","coordinates":[22.933368,39.362093]},"properties":{"name":"ΚΤΕΛ","lines":"3, 4, 15","arr":["3","4","15"],"terminus":0,"mode":"bus","color":"#0059a9","colorDark":"#00294f","angle":30.2,"snapDist":2,"label":1}},{"type":"Feature","geometry":{"type":"Point","coordinates":[22.930514,39.36335]},"properties":{"name":"ΔΕΗ","lines":"3, 11, 15","arr":["3","11","15"],"terminus":0,"mode":"bus","color":"#0059a9","colorDark":"#00294f","angle":30.5,"snapDist":7,"label":1}},{"type":"Feature","geometry":{"type":"Point","coordinates":[22.927114,39.364868]},"properties":{"name":"Ταχυδρομείο (Λαρίσης)Ε","lines":"3, 11","arr":["3","11"],"terminus":0,"mode":"bus","color":"#0059a9","colorDark":"#00294f","angle":29.9,"snapDist":4,"label":1}},{"type":"Feature","geometry":{"type":"Point","coordinates":[22.925523,39.365578]},"properties":{"name":"Παπαφλέσσα","lines":"3, 11","arr":["3","11"],"terminus":0,"mode":"bus","color":"#0059a9","colorDark":"#00294f","angle":30.5,"snapDist":4,"label":1}},{"type":"Feature","geometry":{"type":"Point","coordinates":[22.923516,39.366608]},"properties":{"name":"Κόμβος Διμηνίου","lines":"3","arr":["3"],"terminus":0,"mode":"bus","color":"#0059a9","colorDark":"#00294f","angle":36.8,"snapDist":5,"label":1}},{"type":"Feature","geometry":{"type":"Point","coordinates":[22.924566,39.367349]},"properties":{"name":"Κατσαντώνη","lines":"3","arr":["3"],"terminus":0,"mode":"bus","color":"#0059a9","colorDark":"#00294f","angle":161.8,"snapDist":2,"label":1}},{"type":"Feature","geometry":{"type":"Point","coordinates":[22.926311,39.368971]},"properties":{"name":"Ζαλόγγου","lines":"3, 11","arr":["3","11"],"terminus":0,"mode":"bus","color":"#0059a9","colorDark":"#00294f","angle":111.3,"snapDist":1,"label":1}},{"type":"Feature","geometry":{"type":"Point","coordinates":[22.926646,39.370231]},"properties":{"name":"Ισιδώρου","lines":"3","arr":["3"],"terminus":0,"mode":"bus","color":"#0059a9","colorDark":"#00294f","angle":12.2,"snapDist":3,"label":1}},{"type":"Feature","geometry":{"type":"Point","coordinates":[22.923847,39.370707]},"properties":{"name":"Εύβοιας","lines":"3","arr":["3"],"terminus":0,"mode":"bus","color":"#0059a9","colorDark":"#00294f","angle":12.5,"snapDist":2,"label":1}},{"type":"Feature","geometry":{"type":"Point","coordinates":[22.922552,39.371916]},"properties":{"name":"Πέτρου και Παύλου (επί Μυτιλήνης)","lines":"3","arr":["3"],"terminus":0,"mode":"bus","color":"#0059a9","colorDark":"#00294f","angle":98,"snapDist":1,"label":1}},{"type":"Feature","geometry":{"type":"Point","coordinates":[22.921774,39.374379]},"properties":{"name":"Κυρίλλου","lines":"3","arr":["3"],"terminus":0,"mode":"bus","color":"#0059a9","colorDark":"#00294f","angle":342.6,"snapDist":4,"label":1}},{"type":"Feature","geometry":{"type":"Point","coordinates":[22.920318,39.374025]},"properties":{"name":"Ναυαρίνου","lines":"3","arr":["3"],"terminus":0,"mode":"bus","color":"#0059a9","colorDark":"#00294f","angle":342.4,"snapDist":3,"label":1}},{"type":"Feature","geometry":{"type":"Point","coordinates":[22.918112,39.373118]},"properties":{"name":"ΜΕΤΚΑ","lines":"3","arr":["3"],"terminus":1,"mode":"bus","color":"#0059a9","colorDark":"#00294f","angle":323,"snapDist":8,"label":1}},{"type":"Feature","geometry":{"type":"Point","coordinates":[22.920344,39.374031]},"properties":{"name":"Ναυαρίνου","lines":"3","arr":["3"],"terminus":0,"mode":"bus","color":"#0059a9","colorDark":"#00294f","angle":162.4,"snapDist":3,"label":0}},{"type":"Feature","geometry":{"type":"Point","coordinates":[22.921817,39.37439]},"properties":{"name":"Κυρίλλου","lines":"3","arr":["3"],"terminus":0,"mode":"bus","color":"#0059a9","colorDark":"#00294f","angle":160.4,"snapDist":1,"label":0}},{"type":"Feature","geometry":{"type":"Point","coordinates":[22.922554,39.371924]},"properties":{"name":"Πέτρου & Παύλου (επί της Μυτηλήνης)","lines":"3","arr":["3"],"terminus":0,"mode":"bus","color":"#0059a9","colorDark":"#00294f","angle":278,"snapDist":6,"label":1}},{"type":"Feature","geometry":{"type":"Point","coordinates":[22.923898,39.370698]},"properties":{"name":"Εύβοιας","lines":"3","arr":["3"],"terminus":0,"mode":"bus","color":"#0059a9","colorDark":"#00294f","angle":192.5,"snapDist":4,"label":0}},{"type":"Feature","geometry":{"type":"Point","coordinates":[22.925967,39.36838]},"properties":{"name":"Μεσολογγίου","lines":"3, 11","arr":["3","11"],"terminus":0,"mode":"bus","color":"#0059a9","colorDark":"#00294f","angle":296.5,"snapDist":4,"label":1}},{"type":"Feature","geometry":{"type":"Point","coordinates":[22.924537,39.367342]},"properties":{"name":"Κατσαντώνη","lines":"3","arr":["3"],"terminus":0,"mode":"bus","color":"#0059a9","colorDark":"#00294f","angle":341.8,"snapDist":8,"label":0}},{"type":"Feature","geometry":{"type":"Point","coordinates":[22.925502,39.365475]},"properties":{"name":"Παπαφλέσσα","lines":"3, 11","arr":["3","11"],"terminus":0,"mode":"bus","color":"#0059a9","colorDark":"#00294f","angle":210.6,"snapDist":4,"label":0}},{"type":"Feature","geometry":{"type":"Point","coordinates":[22.92753,39.364554]},"properties":{"name":"Ταχυδρομείο","lines":"3, 11","arr":["3","11"],"terminus":0,"mode":"bus","color":"#0059a9","colorDark":"#00294f","angle":210.1,"snapDist":6,"label":1}},{"type":"Feature","geometry":{"type":"Point","coordinates":[22.930315,39.363298]},"properties":{"name":"ΔΕΗ","lines":"3, 4, 11","arr":["3","4","11"],"terminus":0,"mode":"bus","color":"#0059a9","colorDark":"#00294f","angle":211,"snapDist":1,"label":0}},{"type":"Feature","geometry":{"type":"Point","coordinates":[22.933274,39.36204]},"properties":{"name":"ΚΤΕΛ","lines":"3","arr":["3"],"terminus":0,"mode":"bus","color":"#0059a9","colorDark":"#00294f","angle":211.3,"snapDist":7,"label":0}},{"type":"Feature","geometry":{"type":"Point","coordinates":[22.953222,39.365114]},"properties":{"name":"Ανάληψη","lines":"3, 11","arr":["3","11"],"terminus":0,"mode":"bus","color":"#0059a9","colorDark":"#00294f","angle":215.7,"snapDist":5,"label":0}},{"type":"Feature","geometry":{"type":"Point","coordinates":[22.956246,39.363373]},"properties":{"name":"Μαυροκορδάτου (επί της Αναλήψεως)","lines":"3, 11","arr":["3","11"],"terminus":0,"mode":"bus","color":"#0059a9","colorDark":"#00294f","angle":218.4,"snapDist":3,"label":1}},{"type":"Feature","geometry":{"type":"Point","coordinates":[22.958757,39.362013]},"properties":{"name":"Κασσαβέτη","lines":"3, 11","arr":["3","11"],"terminus":0,"mode":"bus","color":"#0059a9","colorDark":"#00294f","angle":212.1,"snapDist":2,"label":0}},{"type":"Feature","geometry":{"type":"Point","coordinates":[22.960813,39.360991]},"properties":{"name":"Περραιβού (επί της Αναλήψεως)","lines":"3, 11","arr":["3","11"],"terminus":0,"mode":"bus","color":"#0059a9","colorDark":"#00294f","angle":213,"snapDist":3,"label":0}},{"type":"Feature","geometry":{"type":"Point","coordinates":[22.963509,39.35977]},"properties":{"name":"Θερμοπυλών (επί της Αγ. Δημητρίου)","lines":"3, 11","arr":["3","11"],"terminus":0,"mode":"bus","color":"#0059a9","colorDark":"#00294f","angle":237.3,"snapDist":5,"label":1}},{"type":"Feature","geometry":{"type":"Point","coordinates":[22.964862,39.358164]},"properties":{"name":"Άγιος Δημήτριος","lines":"3","arr":["3"],"terminus":0,"mode":"bus","color":"#0059a9","colorDark":"#00294f","angle":236.8,"snapDist":3,"label":0}},{"type":"Feature","geometry":{"type":"Point","coordinates":[22.966346,39.356459]},"properties":{"name":"Στάδιο (επί της Αγ. Δημητρίου)","lines":"3, 11","arr":["3","11"],"terminus":0,"mode":"bus","color":"#0059a9","colorDark":"#00294f","angle":-123.2,"snapDist":7,"label":0}},{"type":"Feature","geometry":{"type":"Point","coordinates":[22.965931,39.354602]},"properties":{"name":"Κολυμβητήριο","lines":"3, 11, 15","arr":["3","11","15"],"terminus":0,"mode":"bus","color":"#0059a9","colorDark":"#00294f","angle":238.2,"snapDist":7,"label":0}},{"type":"Feature","geometry":{"type":"Point","coordinates":[22.962359,39.352296]},"properties":{"name":"Αθανασάκη νοσοκομείο","lines":"3","arr":["3"],"terminus":0,"mode":"bus","color":"#0059a9","colorDark":"#00294f","angle":312.6,"snapDist":3,"label":1}},{"type":"Feature","geometry":{"type":"Point","coordinates":[22.926347,39.357175]},"properties":{"name":"Ύδρας","lines":"4, 6, 8","arr":["4","6","8"],"terminus":1,"mode":"bus","color":"#0059a9","colorDark":"#00294f","angle":225.6,"snapDist":5,"label":1}},{"type":"Feature","geometry":{"type":"Point","coordinates":[22.925033,39.358237]},"properties":{"name":"Ύδρας (Δ/νση Συγκοινωνιών)","lines":"4","arr":["4"],"terminus":0,"mode":"bus","color":"#0059a9","colorDark":"#00294f","angle":47,"snapDist":4,"label":1}},{"type":"Feature","geometry":{"type":"Point","coordinates":[22.925616,39.360022]},"properties":{"name":"4ο Γυμνάσιο Νεάπολη","lines":"4","arr":["4"],"terminus":0,"mode":"bus","color":"#0059a9","colorDark":"#00294f","angle":145.4,"snapDist":1,"label":1}},{"type":"Feature","geometry":{"type":"Point","coordinates":[22.92715,39.360866]},"properties":{"name":"Στρ.Καλεργη (Νεάπολη)","lines":"4","arr":["4"],"terminus":0,"mode":"bus","color":"#0059a9","colorDark":"#00294f","angle":133.8,"snapDist":1,"label":1}},{"type":"Feature","geometry":{"type":"Point","coordinates":[22.928156,39.36165]},"properties":{"name":"Καλτεζών (Νεαπόλεως)","lines":"4","arr":["4"],"terminus":0,"mode":"bus","color":"#0059a9","colorDark":"#00294f","angle":134.7,"snapDist":2,"label":1}},{"type":"Feature","geometry":{"type":"Point","coordinates":[22.929633,39.363096]},"properties":{"name":"Νεαπόλεως (Μάρκετ)","lines":"4","arr":["4"],"terminus":0,"mode":"bus","color":"#0059a9","colorDark":"#00294f","angle":119.9,"snapDist":1,"label":1}},{"type":"Feature","geometry":{"type":"Point","coordinates":[22.947453,39.361325]},"properties":{"name":"Ερμού (εκδοτήριο)","lines":"4, 7, 49","arr":["4","7","49"],"terminus":0,"mode":"bus","color":"#0059a9","colorDark":"#00294f","angle":125.9,"snapDist":4,"label":1}},{"type":"Feature","geometry":{"type":"Point","coordinates":[22.952539,39.36674]},"properties":{"name":"Λόρδου Βύρωνος (επί της Καρτάλη)","lines":"4, 7, 15, 49","arr":["4","7","15","49"],"terminus":0,"mode":"bus","color":"#0059a9","colorDark":"#00294f","angle":126.4,"snapDist":4,"label":1}},{"type":"Feature","geometry":{"type":"Point","coordinates":[22.953719,39.367974]},"properties":{"name":"Λαύκου","lines":"4, 7, 15, 49","arr":["4","7","15","49"],"terminus":0,"mode":"bus","color":"#0059a9","colorDark":"#00294f","angle":127.2,"snapDist":2,"label":1}},{"type":"Feature","geometry":{"type":"Point","coordinates":[22.954918,39.369773]},"properties":{"name":"Ζορμπά","lines":"4, 7, 15, 49","arr":["4","7","15","49"],"terminus":0,"mode":"bus","color":"#0059a9","colorDark":"#00294f","angle":23.6,"snapDist":5,"label":1}},{"type":"Feature","geometry":{"type":"Point","coordinates":[22.954907,39.371063]},"properties":{"name":"Λεύκα","lines":"4, 49","arr":["4","49"],"terminus":0,"mode":"bus","color":"#0059a9","colorDark":"#00294f","angle":126,"snapDist":2,"label":1}},{"type":"Feature","geometry":{"type":"Point","coordinates":[22.957311,39.373625]},"properties":{"name":"Καλλιθέα","lines":"4, 7, 49","arr":["4","7","49"],"terminus":0,"mode":"bus","color":"#0059a9","colorDark":"#00294f","angle":126,"snapDist":3,"label":1}},{"type":"Feature","geometry":{"type":"Point","coordinates":[22.95957,39.376022]},"properties":{"name":"Ασβεσταριά","lines":"4, 7, 49","arr":["4","7","49"],"terminus":0,"mode":"bus","color":"#0059a9","colorDark":"#00294f","angle":125.5,"snapDist":3,"label":1}},{"type":"Feature","geometry":{"type":"Point","coordinates":[22.962662,39.377751]},"properties":{"name":"Πανταζόπουλος (επί της Ιωλκού)","lines":"4, 7","arr":["4","7"],"terminus":0,"mode":"bus","color":"#0059a9","colorDark":"#00294f","angle":138.7,"snapDist":3,"label":1}},{"type":"Feature","geometry":{"type":"Point","coordinates":[22.964862,39.379617]},"properties":{"name":"Άγιος Γεώργιος","lines":"4, 7","arr":["4","7"],"terminus":0,"mode":"bus","color":"#0059a9","colorDark":"#00294f","angle":132.8,"snapDist":6,"label":1}},{"type":"Feature","geometry":{"type":"Point","coordinates":[22.967557,39.380739]},"properties":{"name":"Μπισακός","lines":"4, 7","arr":["4","7"],"terminus":0,"mode":"bus","color":"#0059a9","colorDark":"#00294f","angle":160.7,"snapDist":3,"label":1}},{"type":"Feature","geometry":{"type":"Point","coordinates":[22.969153,39.381185]},"properties":{"name":"Αηδονοφωλιές","lines":"4, 7","arr":["4","7"],"terminus":1,"mode":"bus","color":"#0059a9","colorDark":"#00294f","angle":134,"snapDist":4,"label":1}},{"type":"Feature","geometry":{"type":"Point","coordinates":[22.971379,39.383712]},"properties":{"name":"Παιδική Χαρά","lines":"4","arr":["4"],"terminus":0,"mode":"bus","color":"#0059a9","colorDark":"#00294f","angle":77.5,"snapDist":0,"label":1}},{"type":"Feature","geometry":{"type":"Point","coordinates":[22.971032,39.384834]},"properties":{"name":"Άγιος Ονούφριος (στροφή)","lines":"4","arr":["4"],"terminus":1,"mode":"bus","color":"#0059a9","colorDark":"#00294f","angle":223.6,"snapDist":8,"label":1}},{"type":"Feature","geometry":{"type":"Point","coordinates":[22.972146,39.384416]},"properties":{"name":"Άγιος Ονούφριος 1","lines":"4","arr":["4"],"terminus":0,"mode":"bus","color":"#0059a9","colorDark":"#00294f","angle":169.9,"snapDist":1,"label":1}},{"type":"Feature","geometry":{"type":"Point","coordinates":[22.97385,39.384681]},"properties":{"name":"Άγιος Ονούφριος (Τέρμα)","lines":"4","arr":["4"],"terminus":1,"mode":"bus","color":"#0059a9","colorDark":"#00294f","angle":167,"snapDist":6,"label":1}},{"type":"Feature","geometry":{"type":"Point","coordinates":[22.998257,39.383759]},"properties":{"name":"Τέρμα Κατηχώρη","lines":"4","arr":["4"],"terminus":1,"mode":"bus","color":"#0059a9","colorDark":"#00294f","angle":11,"snapDist":0,"label":1}},{"type":"Feature","geometry":{"type":"Point","coordinates":[22.997524,39.381889]},"properties":{"name":"Σχολείο Κατηχ","lines":"4","arr":["4"],"terminus":0,"mode":"bus","color":"#0059a9","colorDark":"#00294f","angle":322.8,"snapDist":4,"label":1}},{"type":"Feature","geometry":{"type":"Point","coordinates":[22.992993,39.382873]},"properties":{"name":"Διασταύρωση Κατηχωρίου","lines":"4","arr":["4"],"terminus":0,"mode":"bus","color":"#0059a9","colorDark":"#00294f","angle":42,"snapDist":2,"label":1}},{"type":"Feature","geometry":{"type":"Point","coordinates":[22.990074,39.381868]},"properties":{"name":"Πεύκα","lines":"4","arr":["4"],"terminus":0,"mode":"bus","color":"#0059a9","colorDark":"#00294f","angle":335.3,"snapDist":5,"label":1}},{"type":"Feature","geometry":{"type":"Point","coordinates":[22.987579,39.380001]},"properties":{"name":"Κάτω Κατηχωρη","lines":"4","arr":["4"],"terminus":0,"mode":"bus","color":"#0059a9","colorDark":"#00294f","angle":232.6,"snapDist":7,"label":1}},{"type":"Feature","geometry":{"type":"Point","coordinates":[22.9875,39.377976]},"properties":{"name":"Γκέρτσου","lines":"4","arr":["4"],"terminus":0,"mode":"bus","color":"#0059a9","colorDark":"#00294f","angle":219.3,"snapDist":2,"label":1}},{"type":"Feature","geometry":{"type":"Point","coordinates":[22.984855,39.380417]},"properties":{"name":"Προφήτης Ηλίας","lines":"4","arr":["4"],"terminus":0,"mode":"bus","color":"#0059a9","colorDark":"#00294f","angle":-166.1,"snapDist":8,"label":1}},{"type":"Feature","geometry":{"type":"Point","coordinates":[22.986183,39.388069]},"properties":{"name":"Ρεματιά","lines":"4","arr":["4"],"terminus":0,"mode":"bus","color":"#0059a9","colorDark":"#00294f","angle":124,"snapDist":6,"label":1}},{"type":"Feature","geometry":{"type":"Point","coordinates":[22.983541,39.388819]},"properties":{"name":"Σκαλάκια","lines":"4","arr":["4"],"terminus":0,"mode":"bus","color":"#0059a9","colorDark":"#00294f","angle":77.5,"snapDist":1,"label":1}},{"type":"Feature","geometry":{"type":"Point","coordinates":[22.983483,39.389361]},"properties":{"name":"Πλατεία Σταγιατών","lines":"4","arr":["4"],"terminus":0,"mode":"bus","color":"#0059a9","colorDark":"#00294f","angle":76.9,"snapDist":7,"label":1}},{"type":"Feature","geometry":{"type":"Point","coordinates":[22.983558,39.388773]},"properties":{"name":"Σκαλάκια","lines":"4","arr":["4"],"terminus":0,"mode":"bus","color":"#0059a9","colorDark":"#00294f","angle":-108.8,"snapDist":6,"label":0}},{"type":"Feature","geometry":{"type":"Point","coordinates":[22.98614,39.388021]},"properties":{"name":"Ρεματιά","lines":"4","arr":["4"],"terminus":0,"mode":"bus","color":"#0059a9","colorDark":"#00294f","angle":304.8,"snapDist":7,"label":0}},{"type":"Feature","geometry":{"type":"Point","coordinates":[22.984888,39.38041]},"properties":{"name":"Προφήτης Ηλίας","lines":"4","arr":["4"],"terminus":0,"mode":"bus","color":"#0059a9","colorDark":"#00294f","angle":13.9,"snapDist":0,"label":0}},{"type":"Feature","geometry":{"type":"Point","coordinates":[22.982951,39.383628]},"properties":{"name":"Κοιμητήριο","lines":"4","arr":["4"],"terminus":0,"mode":"bus","color":"#0059a9","colorDark":"#00294f","angle":82.3,"snapDist":4,"label":1}},{"type":"Feature","geometry":{"type":"Point","coordinates":[22.980821,39.381718]},"properties":{"name":"Αγ.Τριάδα","lines":"4","arr":["4"],"terminus":0,"mode":"bus","color":"#0059a9","colorDark":"#00294f","angle":302,"snapDist":2,"label":1}},{"type":"Feature","geometry":{"type":"Point","coordinates":[22.982287,39.37738]},"properties":{"name":"Παναγία","lines":"4","arr":["4"],"terminus":0,"mode":"bus","color":"#0059a9","colorDark":"#00294f","angle":186.8,"snapDist":3,"label":1}},{"type":"Feature","geometry":{"type":"Point","coordinates":[22.981708,39.376717]},"properties":{"name":"Επισκοπή","lines":"4, 7","arr":["4","7"],"terminus":0,"mode":"bus","color":"#0059a9","colorDark":"#00294f","angle":333.1,"snapDist":5,"label":1}},{"type":"Feature","geometry":{"type":"Point","coordinates":[22.978285,39.378919]},"properties":{"name":"Τούμπα","lines":"4, 7","arr":["4","7"],"terminus":0,"mode":"bus","color":"#0059a9","colorDark":"#00294f","angle":15.8,"snapDist":5,"label":1}},{"type":"Feature","geometry":{"type":"Point","coordinates":[22.975192,39.380981]},"properties":{"name":"Ανακασιά","lines":"4, 7","arr":["4","7"],"terminus":0,"mode":"bus","color":"#0059a9","colorDark":"#00294f","angle":347.2,"snapDist":5,"label":1}},{"type":"Feature","geometry":{"type":"Point","coordinates":[22.974264,39.379352]},"properties":{"name":"Σπηλιά","lines":"4, 7","arr":["4","7"],"terminus":0,"mode":"bus","color":"#0059a9","colorDark":"#00294f","angle":325.9,"snapDist":7,"label":1}},{"type":"Feature","geometry":{"type":"Point","coordinates":[22.972028,39.380995]},"properties":{"name":"Αγ.Ιωάννης","lines":"4, 7","arr":["4","7"],"terminus":0,"mode":"bus","color":"#0059a9","colorDark":"#00294f","angle":60,"snapDist":1,"label":1}},{"type":"Feature","geometry":{"type":"Point","coordinates":[22.972056,39.380956]},"properties":{"name":"Αγ. Ιωάννης","lines":"4, 7","arr":["4","7"],"terminus":0,"mode":"bus","color":"#0059a9","colorDark":"#00294f","angle":240,"snapDist":6,"label":1}},{"type":"Feature","geometry":{"type":"Point","coordinates":[22.97425,39.379345]},"properties":{"name":"Σπηλιά","lines":"4, 7","arr":["4","7"],"terminus":0,"mode":"bus","color":"#0059a9","colorDark":"#00294f","angle":145.9,"snapDist":3,"label":0}},{"type":"Feature","geometry":{"type":"Point","coordinates":[22.975104,39.380947]},"properties":{"name":"Ανακασιά","lines":"4, 7","arr":["4","7"],"terminus":0,"mode":"bus","color":"#0059a9","colorDark":"#00294f","angle":144,"snapDist":3,"label":0}},{"type":"Feature","geometry":{"type":"Point","coordinates":[22.978067,39.378986]},"properties":{"name":"Τούμπα","lines":"4, 7","arr":["4","7"],"terminus":0,"mode":"bus","color":"#0059a9","colorDark":"#00294f","angle":208.6,"snapDist":2,"label":0}},{"type":"Feature","geometry":{"type":"Point","coordinates":[22.981679,39.376705]},"properties":{"name":"Επισκοπή","lines":"4, 7","arr":["4","7"],"terminus":0,"mode":"bus","color":"#0059a9","colorDark":"#00294f","angle":153.1,"snapDist":4,"label":0}},{"type":"Feature","geometry":{"type":"Point","coordinates":[22.982373,39.377376]},"properties":{"name":"Παναγία","lines":"4","arr":["4"],"terminus":0,"mode":"bus","color":"#0059a9","colorDark":"#00294f","angle":355.6,"snapDist":4,"label":0}},{"type":"Feature","geometry":{"type":"Point","coordinates":[22.980921,39.381045]},"properties":{"name":"Αγία Τριάδα","lines":"4","arr":["4"],"terminus":0,"mode":"bus","color":"#0059a9","colorDark":"#00294f","angle":71,"snapDist":2,"label":1}},{"type":"Feature","geometry":{"type":"Point","coordinates":[22.982612,39.383536]},"properties":{"name":"Κοιμητήριο","lines":"4","arr":["4"],"terminus":0,"mode":"bus","color":"#0059a9","colorDark":"#00294f","angle":70.1,"snapDist":4,"label":0}},{"type":"Feature","geometry":{"type":"Point","coordinates":[22.987382,39.378052]},"properties":{"name":"Γκέρτσου","lines":"4","arr":["4"],"terminus":0,"mode":"bus","color":"#0059a9","colorDark":"#00294f","angle":41.3,"snapDist":3,"label":0}},{"type":"Feature","geometry":{"type":"Point","coordinates":[22.987628,39.379951]},"properties":{"name":"Κάτω Κατηχώρη","lines":"4","arr":["4"],"terminus":0,"mode":"bus","color":"#0059a9","colorDark":"#00294f","angle":59.2,"snapDist":5,"label":1}},{"type":"Feature","geometry":{"type":"Point","coordinates":[22.989847,39.38178]},"properties":{"name":"Πεύκα","lines":"4","arr":["4"],"terminus":0,"mode":"bus","color":"#0059a9","colorDark":"#00294f","angle":163,"snapDist":3,"label":0}},{"type":"Feature","geometry":{"type":"Point","coordinates":[22.992965,39.382897]},"properties":{"name":"Διαστάυρωση Κατηχωρίου","lines":"4","arr":["4"],"terminus":0,"mode":"bus","color":"#0059a9","colorDark":"#00294f","angle":235.9,"snapDist":9,"label":1}},{"type":"Feature","geometry":{"type":"Point","coordinates":[22.997571,39.381917]},"properties":{"name":"Σχολείο Κατηχώρη","lines":"4","arr":["4"],"terminus":0,"mode":"bus","color":"#0059a9","colorDark":"#00294f","angle":142.8,"snapDist":2,"label":1}},{"type":"Feature","geometry":{"type":"Point","coordinates":[22.96772,39.380783]},"properties":{"name":"Μπισακός","lines":"4, 7","arr":["4","7"],"terminus":0,"mode":"bus","color":"#0059a9","colorDark":"#00294f","angle":340.7,"snapDist":10,"label":0}},{"type":"Feature","geometry":{"type":"Point","coordinates":[22.965091,39.379807]},"properties":{"name":"Άγιος Γεώργιος","lines":"4, 7","arr":["4","7"],"terminus":0,"mode":"bus","color":"#0059a9","colorDark":"#00294f","angle":313,"snapDist":6,"label":0}},{"type":"Feature","geometry":{"type":"Point","coordinates":[22.961874,39.377323]},"properties":{"name":"Πανταζόπουλος (επί της Ιωλκού)","lines":"4, 7, 49","arr":["4","7","49"],"terminus":0,"mode":"bus","color":"#0059a9","colorDark":"#00294f","angle":327.9,"snapDist":5,"label":0}},{"type":"Feature","geometry":{"type":"Point","coordinates":[22.959558,39.376009]},"properties":{"name":"Ασβεσταριά","lines":"4, 7, 49","arr":["4","7","49"],"terminus":0,"mode":"bus","color":"#0059a9","colorDark":"#00294f","angle":305.5,"snapDist":6,"label":0}},{"type":"Feature","geometry":{"type":"Point","coordinates":[22.957303,39.373616]},"properties":{"name":"Καλλιθέα","lines":"4, 7, 49","arr":["4","7","49"],"terminus":0,"mode":"bus","color":"#0059a9","colorDark":"#00294f","angle":306,"snapDist":5,"label":0}},{"type":"Feature","geometry":{"type":"Point","coordinates":[22.954901,39.371056]},"properties":{"name":"Λεύκα","lines":"4, 7, 49","arr":["4","7","49"],"terminus":0,"mode":"bus","color":"#0059a9","colorDark":"#00294f","angle":306,"snapDist":6,"label":0}},{"type":"Feature","geometry":{"type":"Point","coordinates":[22.953325,39.369387]},"properties":{"name":"Άγιος Βασίλης","lines":"4, 7, 15, 49","arr":["4","7","15","49"],"terminus":0,"mode":"bus","color":"#0059a9","colorDark":"#00294f","angle":306.4,"snapDist":7,"label":1}},{"type":"Feature","geometry":{"type":"Point","coordinates":[22.951801,39.367763]},"properties":{"name":"Αχιλλοπούλου (Ιωλκού)","lines":"4, 7, 15, 49","arr":["4","7","15","49"],"terminus":0,"mode":"bus","color":"#0059a9","colorDark":"#00294f","angle":306.3,"snapDist":8,"label":1}},{"type":"Feature","geometry":{"type":"Point","coordinates":[22.93036,39.361901]},"properties":{"name":"Αθηνών - Λαρίσης","lines":"4","arr":["4"],"terminus":0,"mode":"bus","color":"#0059a9","colorDark":"#00294f","angle":297.9,"snapDist":5,"label":1}},{"type":"Feature","geometry":{"type":"Point","coordinates":[22.928969,39.359897]},"properties":{"name":"Αθηνών-Φ.Εταιρείας","lines":"4","arr":["4"],"terminus":0,"mode":"bus","color":"#0059a9","colorDark":"#00294f","angle":298.8,"snapDist":5,"label":1}},{"type":"Feature","geometry":{"type":"Point","coordinates":[22.92744,39.357666]},"properties":{"name":"ΟΑΕΔ Επί της Αθηνών","lines":"4","arr":["4"],"terminus":0,"mode":"bus","color":"#0059a9","colorDark":"#00294f","angle":298,"snapDist":6,"label":1}},{"type":"Feature","geometry":{"type":"Point","coordinates":[22.926673,39.356715]},"properties":{"name":"Τορούτζα","lines":"4, 6, 8","arr":["4","6","8"],"terminus":1,"mode":"bus","color":"#0059a9","colorDark":"#00294f","angle":28.7,"snapDist":2,"label":1}},{"type":"Feature","geometry":{"type":"Point","coordinates":[22.971354,39.383793]},"properties":{"name":"Παιδική Χαρά Ε (Από Αγ.Ονούφριο)","lines":"4","arr":["4"],"terminus":0,"mode":"bus","color":"#0059a9","colorDark":"#00294f","angle":252.2,"snapDist":7,"label":1}},{"type":"Feature","geometry":{"type":"Point","coordinates":[23.057933,39.328833]},"properties":{"name":"Τέρμα Λεχώνια","lines":"5","arr":["5"],"terminus":1,"mode":"bus","color":"#0059a9","colorDark":"#00294f","angle":38.2,"snapDist":2,"label":1}},{"type":"Feature","geometry":{"type":"Point","coordinates":[23.056704,39.329693]},"properties":{"name":"Μεγαδήμου","lines":"5","arr":["5"],"terminus":0,"mode":"bus","color":"#0059a9","colorDark":"#00294f","angle":51.8,"snapDist":4,"label":1}},{"type":"Feature","geometry":{"type":"Point","coordinates":[23.054814,39.331073]},"properties":{"name":"Καραγιάννη","lines":"5","arr":["5"],"terminus":0,"mode":"bus","color":"#0059a9","colorDark":"#00294f","angle":329.4,"snapDist":5,"label":1}},{"type":"Feature","geometry":{"type":"Point","coordinates":[23.054596,39.329083]},"properties":{"name":"Νηπιαγωγείο","lines":"5","arr":["5"],"terminus":0,"mode":"bus","color":"#0059a9","colorDark":"#00294f","angle":300.1,"snapDist":6,"label":1}},{"type":"Feature","geometry":{"type":"Point","coordinates":[23.054313,39.328424]},"properties":{"name":"Άγιος Αθανάσιος","lines":"5","arr":["5"],"terminus":0,"mode":"bus","color":"#0059a9","colorDark":"#00294f","angle":273.9,"snapDist":2,"label":1}},{"type":"Feature","geometry":{"type":"Point","coordinates":[23.052954,39.32574]},"properties":{"name":"Πλάτανος","lines":"5","arr":["5"],"terminus":0,"mode":"bus","color":"#0059a9","colorDark":"#00294f","angle":314.3,"snapDist":5,"label":1}},{"type":"Feature","geometry":{"type":"Point","coordinates":[23.050541,39.327533]},"properties":{"name":"Ορφανού","lines":"5","arr":["5"],"terminus":0,"mode":"bus","color":"#0059a9","colorDark":"#00294f","angle":10,"snapDist":3,"label":1}},{"type":"Feature","geometry":{"type":"Point","coordinates":[23.043378,39.329659]},"properties":{"name":"Σχολεία","lines":"5","arr":["5"],"terminus":0,"mode":"bus","color":"#0059a9","colorDark":"#00294f","angle":29.7,"snapDist":7,"label":1}},{"type":"Feature","geometry":{"type":"Point","coordinates":[23.041543,39.33072]},"properties":{"name":"Άγιος Γεώργιος Λεχωνίων","lines":"5","arr":["5"],"terminus":0,"mode":"bus","color":"#0059a9","colorDark":"#00294f","angle":13.3,"snapDist":5,"label":1}},{"type":"Feature","geometry":{"type":"Point","coordinates":[23.039071,39.330801]},"properties":{"name":"Κάτω Λεχώνια","lines":"5","arr":["5"],"terminus":0,"mode":"bus","color":"#0059a9","colorDark":"#00294f","angle":4,"snapDist":5,"label":1}},{"type":"Feature","geometry":{"type":"Point","coordinates":[23.036257,39.331055]},"properties":{"name":"Αστυνομία","lines":"5","arr":["5"],"terminus":0,"mode":"bus","color":"#0059a9","colorDark":"#00294f","angle":14.5,"snapDist":6,"label":1}},{"type":"Feature","geometry":{"type":"Point","coordinates":[23.03334,39.332529]},"properties":{"name":"Γέφυρα (Λεχώνια)","lines":"5","arr":["5"],"terminus":0,"mode":"bus","color":"#0059a9","colorDark":"#00294f","angle":45.8,"snapDist":6,"label":1}},{"type":"Feature","geometry":{"type":"Point","coordinates":[23.030065,39.332305]},"properties":{"name":"Ψυγεία Κάτω Λεχωνίων","lines":"5","arr":["5"],"terminus":0,"mode":"bus","color":"#0059a9","colorDark":"#00294f","angle":327.1,"snapDist":7,"label":1}},{"type":"Feature","geometry":{"type":"Point","coordinates":[23.024961,39.332643]},"properties":{"name":"Πεύκο","lines":"5","arr":["5"],"terminus":0,"mode":"bus","color":"#0059a9","colorDark":"#00294f","angle":18.8,"snapDist":7,"label":1}},{"type":"Feature","geometry":{"type":"Point","coordinates":[23.020775,39.334508]},"properties":{"name":"Λεύκα (Αγριά)","lines":"5","arr":["5"],"terminus":0,"mode":"bus","color":"#0059a9","colorDark":"#00294f","angle":29.6,"snapDist":4,"label":1}},{"type":"Feature","geometry":{"type":"Point","coordinates":[23.01744,39.336486]},"properties":{"name":"Ψυγεία Αγριάς (Εψα)","lines":"5","arr":["5"],"terminus":0,"mode":"bus","color":"#0059a9","colorDark":"#00294f","angle":51.6,"snapDist":6,"label":1}},{"type":"Feature","geometry":{"type":"Point","coordinates":[23.014176,39.339487]},"properties":{"name":"Αγίων Αποστόλων","lines":"5","arr":["5"],"terminus":0,"mode":"bus","color":"#0059a9","colorDark":"#00294f","angle":63.2,"snapDist":2,"label":1}},{"type":"Feature","geometry":{"type":"Point","coordinates":[23.012768,39.341633]},"properties":{"name":"Τρίγωνο","lines":"5","arr":["5"],"terminus":0,"mode":"bus","color":"#0059a9","colorDark":"#00294f","angle":62,"snapDist":3,"label":1}},{"type":"Feature","geometry":{"type":"Point","coordinates":[23.009628,39.341808]},"properties":{"name":"Δημοτικό Σχολείο","lines":"5","arr":["5"],"terminus":0,"mode":"bus","color":"#0059a9","colorDark":"#00294f","angle":359.9,"snapDist":2,"label":1}},{"type":"Feature","geometry":{"type":"Point","coordinates":[23.008138,39.341806]},"properties":{"name":"Άγιος Γεώργιος Αγριάς (επί της Ρήγα Φεραίου)","lines":"5","arr":["5"],"terminus":0,"mode":"bus","color":"#0059a9","colorDark":"#00294f","angle":360,"snapDist":3,"label":1}},{"type":"Feature","geometry":{"type":"Point","coordinates":[23.005802,39.341804]},"properties":{"name":"Δημαρχείο (Αγριά)","lines":"5","arr":["5"],"terminus":0,"mode":"bus","color":"#0059a9","colorDark":"#00294f","angle":359.9,"snapDist":1,"label":1}},{"type":"Feature","geometry":{"type":"Point","coordinates":[23.00289,39.342225]},"properties":{"name":"Φούρνου (επί της Βενιζέλου Αγριά)","lines":"5","arr":["5"],"terminus":0,"mode":"bus","color":"#0059a9","colorDark":"#00294f","angle":45,"snapDist":1,"label":1}},{"type":"Feature","geometry":{"type":"Point","coordinates":[23.001746,39.343561]},"properties":{"name":"Κοιμητήριο Αγριάς","lines":"5","arr":["5"],"terminus":0,"mode":"bus","color":"#0059a9","colorDark":"#00294f","angle":89.5,"snapDist":3,"label":1}},{"type":"Feature","geometry":{"type":"Point","coordinates":[22.999773,39.344038]},"properties":{"name":"Διασταύρωση Αγριά","lines":"5","arr":["5"],"terminus":0,"mode":"bus","color":"#0059a9","colorDark":"#00294f","angle":353.2,"snapDist":3,"label":1}},{"type":"Feature","geometry":{"type":"Point","coordinates":[22.998981,39.345622]},"properties":{"name":"Μπισακός (Αγριά)","lines":"5","arr":["5"],"terminus":0,"mode":"bus","color":"#0059a9","colorDark":"#00294f","angle":85.4,"snapDist":1,"label":1}},{"type":"Feature","geometry":{"type":"Point","coordinates":[22.997973,39.34743]},"properties":{"name":"Χατζηαγγέλου","lines":"5","arr":["5"],"terminus":0,"mode":"bus","color":"#0059a9","colorDark":"#00294f","angle":40.3,"snapDist":5,"label":1}},{"type":"Feature","geometry":{"type":"Point","coordinates":[22.995668,39.3492]},"properties":{"name":"Παιδόπολη","lines":"5","arr":["5"],"terminus":0,"mode":"bus","color":"#0059a9","colorDark":"#00294f","angle":26.8,"snapDist":5,"label":1}},{"type":"Feature","geometry":{"type":"Point","coordinates":[22.993584,39.350862]},"properties":{"name":"Αστέρια","lines":"5","arr":["5"],"terminus":0,"mode":"bus","color":"#0059a9","colorDark":"#00294f","angle":36,"snapDist":6,"label":1}},{"type":"Feature","geometry":{"type":"Point","coordinates":[22.990072,39.351497]},"properties":{"name":"Άγιος Ανδρέας","lines":"5","arr":["5"],"terminus":0,"mode":"bus","color":"#0059a9","colorDark":"#00294f","angle":357,"snapDist":4,"label":1}},{"type":"Feature","geometry":{"type":"Point","coordinates":[22.984284,39.351318]},"properties":{"name":"Τσιμέντα","lines":"5","arr":["5"],"terminus":0,"mode":"bus","color":"#0059a9","colorDark":"#00294f","angle":350.9,"snapDist":6,"label":1}},{"type":"Feature","geometry":{"type":"Point","coordinates":[22.965178,39.351072]},"properties":{"name":"Νοβ","lines":"5","arr":["5"],"terminus":0,"mode":"bus","color":"#0059a9","colorDark":"#00294f","angle":342.5,"snapDist":4,"label":1}},{"type":"Feature","geometry":{"type":"Point","coordinates":[23.048714,39.314808]},"properties":{"name":"Τέρμα Πλατανίδια","lines":"5","arr":["5"],"terminus":1,"mode":"bus","color":"#0059a9","colorDark":"#00294f","angle":29,"snapDist":4,"label":1}},{"type":"Feature","geometry":{"type":"Point","coordinates":[23.049485,39.316307]},"properties":{"name":"Πλατανίδια Στάση Νο.3","lines":"5","arr":["5"],"terminus":0,"mode":"bus","color":"#0059a9","colorDark":"#00294f","angle":113.2,"snapDist":3,"label":1}},{"type":"Feature","geometry":{"type":"Point","coordinates":[23.052363,39.320303]},"properties":{"name":"Πλατανίδια Στάση Νο.2","lines":"5","arr":["5"],"terminus":0,"mode":"bus","color":"#0059a9","colorDark":"#00294f","angle":115,"snapDist":4,"label":1}},{"type":"Feature","geometry":{"type":"Point","coordinates":[23.053487,39.322383]},"properties":{"name":"Πλατανίδια Στάση Νο.1","lines":"5","arr":["5"],"terminus":0,"mode":"bus","color":"#0059a9","colorDark":"#00294f","angle":114.8,"snapDist":3,"label":1}},{"type":"Feature","geometry":{"type":"Point","coordinates":[23.033465,39.332431]},"properties":{"name":"Γέρφυρα (Λεχώνια)","lines":"5","arr":["5"],"terminus":0,"mode":"bus","color":"#0059a9","colorDark":"#00294f","angle":45.1,"snapDist":7,"label":1}},{"type":"Feature","geometry":{"type":"Point","coordinates":[22.965352,39.351036]},"properties":{"name":"Νοβ","lines":"5, 11","arr":["5","11"],"terminus":0,"mode":"bus","color":"#0059a9","colorDark":"#00294f","angle":178.8,"snapDist":2,"label":0}},{"type":"Feature","geometry":{"type":"Point","coordinates":[22.984294,39.35132]},"properties":{"name":"Τσιμέντα","lines":"5","arr":["5"],"terminus":0,"mode":"bus","color":"#0059a9","colorDark":"#00294f","angle":170.9,"snapDist":6,"label":0}},{"type":"Feature","geometry":{"type":"Point","coordinates":[22.990058,39.351496]},"properties":{"name":"Άγιος Ανδρέας","lines":"5","arr":["5"],"terminus":0,"mode":"bus","color":"#0059a9","colorDark":"#00294f","angle":177,"snapDist":6,"label":0}},{"type":"Feature","geometry":{"type":"Point","coordinates":[22.99357,39.35087]},"properties":{"name":"Αστέρια","lines":"5","arr":["5"],"terminus":0,"mode":"bus","color":"#0059a9","colorDark":"#00294f","angle":216,"snapDist":7,"label":0}},{"type":"Feature","geometry":{"type":"Point","coordinates":[22.995719,39.34918]},"properties":{"name":"Παιδόπολη","lines":"5","arr":["5"],"terminus":0,"mode":"bus","color":"#0059a9","colorDark":"#00294f","angle":206.8,"snapDist":4,"label":0}},{"type":"Feature","geometry":{"type":"Point","coordinates":[22.997968,39.347433]},"properties":{"name":"Χατζηαγγέλου","lines":"5","arr":["5"],"terminus":0,"mode":"bus","color":"#0059a9","colorDark":"#00294f","angle":220.3,"snapDist":6,"label":0}},{"type":"Feature","geometry":{"type":"Point","coordinates":[22.998988,39.345553]},"properties":{"name":"Μπισακός (Αγριά)","lines":"5","arr":["5"],"terminus":0,"mode":"bus","color":"#0059a9","colorDark":"#00294f","angle":265.4,"snapDist":9,"label":0}},{"type":"Feature","geometry":{"type":"Point","coordinates":[23.002209,39.341685]},"properties":{"name":"Φούρνου (Λεωφόρος Δημοκρατίας Αγριά)","lines":"5","arr":["5"],"terminus":0,"mode":"bus","color":"#0059a9","colorDark":"#00294f","angle":224.1,"snapDist":4,"label":1}},{"type":"Feature","geometry":{"type":"Point","coordinates":[23.005866,39.339914]},"properties":{"name":"Δημαρχείο Αγρίας (παραλία)","lines":"5","arr":["5"],"terminus":0,"mode":"bus","color":"#0059a9","colorDark":"#00294f","angle":179.3,"snapDist":1,"label":1}},{"type":"Feature","geometry":{"type":"Point","coordinates":[23.008169,39.340006]},"properties":{"name":"Άγιος Γεώργιος Αγριά (Παραλία)","lines":"5","arr":["5"],"terminus":0,"mode":"bus","color":"#0059a9","colorDark":"#00294f","angle":173.6,"snapDist":2,"label":1}},{"type":"Feature","geometry":{"type":"Point","coordinates":[23.01019,39.339938]},"properties":{"name":"Κέντρο Αγριάς","lines":"5","arr":["5"],"terminus":0,"mode":"bus","color":"#0059a9","colorDark":"#00294f","angle":192.7,"snapDist":4,"label":1}},{"type":"Feature","geometry":{"type":"Point","coordinates":[23.013975,39.338435]},"properties":{"name":"VALIS Ξενοδοχείο","lines":"5","arr":["5"],"terminus":0,"mode":"bus","color":"#0059a9","colorDark":"#00294f","angle":211.8,"snapDist":7,"label":1}},{"type":"Feature","geometry":{"type":"Point","coordinates":[23.017471,39.336456]},"properties":{"name":"Ψυγεία Αγριάς (Εψα)","lines":"5","arr":["5"],"terminus":0,"mode":"bus","color":"#0059a9","colorDark":"#00294f","angle":231.6,"snapDist":0,"label":0}},{"type":"Feature","geometry":{"type":"Point","coordinates":[23.020752,39.334518]},"properties":{"name":"Λεύκα (Αγριά)","lines":"5","arr":["5"],"terminus":0,"mode":"bus","color":"#0059a9","colorDark":"#00294f","angle":209.6,"snapDist":2,"label":0}},{"type":"Feature","geometry":{"type":"Point","coordinates":[23.025353,39.33255]},"properties":{"name":"Πεύκο","lines":"5","arr":["5"],"terminus":0,"mode":"bus","color":"#0059a9","colorDark":"#00294f","angle":195.2,"snapDist":0,"label":0}},{"type":"Feature","geometry":{"type":"Point","coordinates":[23.029944,39.332244]},"properties":{"name":"Ψυγεία Κάτω Λεχωνίων","lines":"5","arr":["5"],"terminus":0,"mode":"bus","color":"#0059a9","colorDark":"#00294f","angle":147.1,"snapDist":5,"label":0}},{"type":"Feature","geometry":{"type":"Point","coordinates":[23.033573,39.332352]},"properties":{"name":"Γέρφυρα (Λεχώνια)","lines":"5","arr":["5"],"terminus":0,"mode":"bus","color":"#0059a9","colorDark":"#00294f","angle":222.6,"snapDist":3,"label":0}},{"type":"Feature","geometry":{"type":"Point","coordinates":[23.036239,39.331058]},"properties":{"name":"Αστυνομία","lines":"5","arr":["5"],"terminus":0,"mode":"bus","color":"#0059a9","colorDark":"#00294f","angle":194.5,"snapDist":3,"label":0}},{"type":"Feature","geometry":{"type":"Point","coordinates":[23.039038,39.330517]},"properties":{"name":"Κάτω Λεχώνια","lines":"5","arr":["5"],"terminus":0,"mode":"bus","color":"#0059a9","colorDark":"#00294f","angle":186,"snapDist":4,"label":0}},{"type":"Feature","geometry":{"type":"Point","coordinates":[23.041677,39.330687]},"properties":{"name":"Άγιος Γεώργιος Λεχωνίων","lines":"5","arr":["5"],"terminus":0,"mode":"bus","color":"#0059a9","colorDark":"#00294f","angle":204.8,"snapDist":2,"label":0}},{"type":"Feature","geometry":{"type":"Point","coordinates":[23.043431,39.329636]},"properties":{"name":"Σχολεία","lines":"5","arr":["5"],"terminus":0,"mode":"bus","color":"#0059a9","colorDark":"#00294f","angle":209.7,"snapDist":6,"label":0}},{"type":"Feature","geometry":{"type":"Point","coordinates":[23.050557,39.327531]},"properties":{"name":"Ορφανού","lines":"5","arr":["5"],"terminus":0,"mode":"bus","color":"#0059a9","colorDark":"#00294f","angle":190,"snapDist":4,"label":0}},{"type":"Feature","geometry":{"type":"Point","coordinates":[23.052869,39.325723]},"properties":{"name":"Πλάτανος","lines":"5","arr":["5"],"terminus":0,"mode":"bus","color":"#0059a9","colorDark":"#00294f","angle":229.4,"snapDist":4,"label":0}},{"type":"Feature","geometry":{"type":"Point","coordinates":[23.054306,39.328224]},"properties":{"name":"Άγιος Αθανάσιος","lines":"5","arr":["5"],"terminus":0,"mode":"bus","color":"#0059a9","colorDark":"#00294f","angle":89.4,"snapDist":0,"label":0}},{"type":"Feature","geometry":{"type":"Point","coordinates":[23.055064,39.328072]},"properties":{"name":"Βρύση Άνω Λεχώνια","lines":"5","arr":["5"],"terminus":0,"mode":"bus","color":"#0059a9","colorDark":"#00294f","angle":228.2,"snapDist":4,"label":1}},{"type":"Feature","geometry":{"type":"Point","coordinates":[23.05345,39.322321]},"properties":{"name":"Πλατανίδια Στάση Νο.1","lines":"5","arr":["5"],"terminus":0,"mode":"bus","color":"#0059a9","colorDark":"#00294f","angle":294.8,"snapDist":4,"label":0}},{"type":"Feature","geometry":{"type":"Point","coordinates":[23.052354,39.320287]},"properties":{"name":"Πλατανίδια Στάση Νο.2","lines":"5","arr":["5"],"terminus":0,"mode":"bus","color":"#0059a9","colorDark":"#00294f","angle":295,"snapDist":4,"label":0}},{"type":"Feature","geometry":{"type":"Point","coordinates":[23.049531,39.31639]},"properties":{"name":"Πλατανίδια Στάση Νο.3","lines":"5","arr":["5"],"terminus":0,"mode":"bus","color":"#0059a9","colorDark":"#00294f","angle":293.2,"snapDist":3,"label":0}},{"type":"Feature","geometry":{"type":"Point","coordinates":[22.923847,39.351999]},"properties":{"name":"Μπουρμπουλήθρα","lines":"6","arr":["6"],"terminus":0,"mode":"bus","color":"#0059a9","colorDark":"#00294f","angle":280.6,"snapDist":8,"label":1}},{"type":"Feature","geometry":{"type":"Point","coordinates":[22.924953,39.349232]},"properties":{"name":"Πευκάκια","lines":"6","arr":["6"],"terminus":0,"mode":"bus","color":"#0059a9","colorDark":"#00294f","angle":245,"snapDist":5,"label":1}},{"type":"Feature","geometry":{"type":"Point","coordinates":[22.925762,39.346944]},"properties":{"name":"Νέες Παγασές","lines":"6","arr":["6"],"terminus":0,"mode":"bus","color":"#0059a9","colorDark":"#00294f","angle":266.9,"snapDist":4,"label":1}},{"type":"Feature","geometry":{"type":"Point","coordinates":[22.92552,39.343964]},"properties":{"name":"Αρχαίο Θέατρο","lines":"6","arr":["6"],"terminus":0,"mode":"bus","color":"#0059a9","colorDark":"#00294f","angle":290.9,"snapDist":5,"label":1}},{"type":"Feature","geometry":{"type":"Point","coordinates":[22.924448,39.340557]},"properties":{"name":"Διασταύρωση Κάστρο","lines":"6","arr":["6"],"terminus":0,"mode":"bus","color":"#0059a9","colorDark":"#00294f","angle":199.8,"snapDist":6,"label":1}},{"type":"Feature","geometry":{"type":"Point","coordinates":[22.927877,39.339153]},"properties":{"name":"Κάστρο","lines":"6","arr":["6"],"terminus":0,"mode":"bus","color":"#0059a9","colorDark":"#00294f","angle":208.2,"snapDist":3,"label":1}},{"type":"Feature","geometry":{"type":"Point","coordinates":[22.931356,39.337249]},"properties":{"name":"Υδραγωγείο","lines":"6","arr":["6"],"terminus":0,"mode":"bus","color":"#0059a9","colorDark":"#00294f","angle":208.5,"snapDist":4,"label":1}},{"type":"Feature","geometry":{"type":"Point","coordinates":[22.932946,39.335625]},"properties":{"name":"Δημοτικό Σχολείο Αλυκές","lines":"6","arr":["6"],"terminus":0,"mode":"bus","color":"#0059a9","colorDark":"#00294f","angle":260.5,"snapDist":7,"label":1}},{"type":"Feature","geometry":{"type":"Point","coordinates":[22.933183,39.333754]},"properties":{"name":"Πλαζ","lines":"6","arr":["6"],"terminus":0,"mode":"bus","color":"#0059a9","colorDark":"#00294f","angle":286.4,"snapDist":6,"label":1}},{"type":"Feature","geometry":{"type":"Point","coordinates":[22.93124,39.331166]},"properties":{"name":"Αγία Ειρήνη","lines":"6","arr":["6"],"terminus":0,"mode":"bus","color":"#0059a9","colorDark":"#00294f","angle":300.6,"snapDist":4,"label":1}},{"type":"Feature","geometry":{"type":"Point","coordinates":[22.929588,39.329257]},"properties":{"name":"Ηροφήλου","lines":"6","arr":["6"],"terminus":0,"mode":"bus","color":"#0059a9","colorDark":"#00294f","angle":298.9,"snapDist":4,"label":1}},{"type":"Feature","geometry":{"type":"Point","coordinates":[22.927937,39.327535]},"properties":{"name":"Κολχίδος","lines":"6","arr":["6"],"terminus":0,"mode":"bus","color":"#0059a9","colorDark":"#00294f","angle":312.5,"snapDist":4,"label":1}},{"type":"Feature","geometry":{"type":"Point","coordinates":[22.927029,39.325816]},"properties":{"name":"Αναψυκτήριο","lines":"6","arr":["6"],"terminus":0,"mode":"bus","color":"#0059a9","colorDark":"#00294f","angle":297.2,"snapDist":2,"label":1}},{"type":"Feature","geometry":{"type":"Point","coordinates":[22.925653,39.323462]},"properties":{"name":"Α' Πάρκινγκ","lines":"6","arr":["6"],"terminus":0,"mode":"bus","color":"#0059a9","colorDark":"#00294f","angle":288,"snapDist":3,"label":1}},{"type":"Feature","geometry":{"type":"Point","coordinates":[22.924776,39.321029]},"properties":{"name":"Β' Πάρκινγκ","lines":"6","arr":["6"],"terminus":0,"mode":"bus","color":"#0059a9","colorDark":"#00294f","angle":272.9,"snapDist":3,"label":1}},{"type":"Feature","geometry":{"type":"Point","coordinates":[22.925526,39.318829]},"properties":{"name":"Τέρμα Αλυκών","lines":"6","arr":["6"],"terminus":1,"mode":"bus","color":"#0059a9","colorDark":"#00294f","angle":236.5,"snapDist":2,"label":1}},{"type":"Feature","geometry":{"type":"Point","coordinates":[22.938858,39.302802]},"properties":{"name":"Άγιος Στέφανος","lines":"6","arr":["6"],"terminus":1,"mode":"bus","color":"#0059a9","colorDark":"#00294f","angle":134.9,"snapDist":2,"label":1}},{"type":"Feature","geometry":{"type":"Point","coordinates":[22.92221,39.317519]},"properties":{"name":"Δουλκέρογλου","lines":"6","arr":["6"],"terminus":0,"mode":"bus","color":"#0059a9","colorDark":"#00294f","angle":346.8,"snapDist":4,"label":1}},{"type":"Feature","geometry":{"type":"Point","coordinates":[22.919298,39.316992]},"properties":{"name":"Αθηνών 1","lines":"6","arr":["6"],"terminus":0,"mode":"bus","color":"#0059a9","colorDark":"#00294f","angle":346.8,"snapDist":3,"label":1}},{"type":"Feature","geometry":{"type":"Point","coordinates":[22.921122,39.322191]},"properties":{"name":"Αθηνών 2","lines":"6","arr":["6"],"terminus":0,"mode":"bus","color":"#0059a9","colorDark":"#00294f","angle":106.9,"snapDist":8,"label":1}},{"type":"Feature","geometry":{"type":"Point","coordinates":[22.922915,39.326784]},"properties":{"name":"Ηρώων Πολυτεχνείου","lines":"6","arr":["6"],"terminus":0,"mode":"bus","color":"#0059a9","colorDark":"#00294f","angle":109.2,"snapDist":12,"label":1}},{"type":"Feature","geometry":{"type":"Point","coordinates":[22.925574,39.330387]},"properties":{"name":"Κλειούς","lines":"6","arr":["6"],"terminus":0,"mode":"bus","color":"#0059a9","colorDark":"#00294f","angle":120.4,"snapDist":4,"label":1}},{"type":"Feature","geometry":{"type":"Point","coordinates":[22.923557,39.335359]},"properties":{"name":"Προφήτης Ηλίας Αλυκές","lines":"6","arr":["6"],"terminus":0,"mode":"bus","color":"#0059a9","colorDark":"#00294f","angle":88.6,"snapDist":4,"label":1}},{"type":"Feature","geometry":{"type":"Point","coordinates":[22.92433,39.340768]},"properties":{"name":"Διασταύρωση Κάστρο","lines":"6","arr":["6"],"terminus":0,"mode":"bus","color":"#0059a9","colorDark":"#00294f","angle":71.9,"snapDist":3,"label":0}},{"type":"Feature","geometry":{"type":"Point","coordinates":[22.92553,39.343985]},"properties":{"name":"Αρχαίο Θέατρο","lines":"6","arr":["6"],"terminus":0,"mode":"bus","color":"#0059a9","colorDark":"#00294f","angle":110.8,"snapDist":3,"label":0}},{"type":"Feature","geometry":{"type":"Point","coordinates":[22.925761,39.346953]},"properties":{"name":"Νέες Παγασές","lines":"6","arr":["6"],"terminus":0,"mode":"bus","color":"#0059a9","colorDark":"#00294f","angle":86.9,"snapDist":4,"label":0}},{"type":"Feature","geometry":{"type":"Point","coordinates":[22.924909,39.349304]},"properties":{"name":"Πευκάκια","lines":"6","arr":["6"],"terminus":0,"mode":"bus","color":"#0059a9","colorDark":"#00294f","angle":65,"snapDist":2,"label":0}},{"type":"Feature","geometry":{"type":"Point","coordinates":[22.924031,39.352102]},"properties":{"name":"Μπουρμπολήθρα","lines":"6","arr":["6"],"terminus":0,"mode":"bus","color":"#0059a9","colorDark":"#00294f","angle":102.4,"snapDist":0,"label":1}},{"type":"Feature","geometry":{"type":"Point","coordinates":[22.953685,39.365892]},"properties":{"name":"Λόρδου Βύρωνος (Επί της Κύπρου)","lines":"7","arr":["7"],"terminus":0,"mode":"bus","color":"#0059a9","colorDark":"#00294f","angle":149.5,"snapDist":3,"label":1}},{"type":"Feature","geometry":{"type":"Point","coordinates":[22.956811,39.367153]},"properties":{"name":"Κύπρου (σχολεία)","lines":"7","arr":["7"],"terminus":0,"mode":"bus","color":"#0059a9","colorDark":"#00294f","angle":156.1,"snapDist":3,"label":1}},{"type":"Feature","geometry":{"type":"Point","coordinates":[22.958897,39.368193]},"properties":{"name":"Γιάννη Δήμου (Επί της Κύπρου)","lines":"7","arr":["7"],"terminus":0,"mode":"bus","color":"#0059a9","colorDark":"#00294f","angle":142,"snapDist":3,"label":1}},{"type":"Feature","geometry":{"type":"Point","coordinates":[22.962457,39.369654]},"properties":{"name":"Κύπρου (Πολιτιστικό Κέντρο Κάραγατς)","lines":"7","arr":["7"],"terminus":0,"mode":"bus","color":"#0059a9","colorDark":"#00294f","angle":180.4,"snapDist":3,"label":1}},{"type":"Feature","geometry":{"type":"Point","coordinates":[22.968126,39.369206]},"properties":{"name":"Γεφυράκι","lines":"7","arr":["7"],"terminus":0,"mode":"bus","color":"#0059a9","colorDark":"#00294f","angle":167.4,"snapDist":5,"label":1}},{"type":"Feature","geometry":{"type":"Point","coordinates":[22.977625,39.37043]},"properties":{"name":"Άλλη Μεριά 1","lines":"7","arr":["7"],"terminus":0,"mode":"bus","color":"#0059a9","colorDark":"#00294f","angle":179.4,"snapDist":3,"label":1}},{"type":"Feature","geometry":{"type":"Point","coordinates":[22.980162,39.369721]},"properties":{"name":"Άλλη Μεριά 2","lines":"7","arr":["7"],"terminus":0,"mode":"bus","color":"#0059a9","colorDark":"#00294f","angle":187.8,"snapDist":2,"label":1}},{"type":"Feature","geometry":{"type":"Point","coordinates":[22.98236,39.370085]},"properties":{"name":"Άλλη Μεριά 3","lines":"7","arr":["7"],"terminus":0,"mode":"bus","color":"#0059a9","colorDark":"#00294f","angle":143,"snapDist":2,"label":1}},{"type":"Feature","geometry":{"type":"Point","coordinates":[22.984796,39.37074]},"properties":{"name":"Πλατεία Άλλης Μεριάς","lines":"7","arr":["7"],"terminus":1,"mode":"bus","color":"#0059a9","colorDark":"#00294f","angle":-21.6,"snapDist":10,"label":1}},{"type":"Feature","geometry":{"type":"Point","coordinates":[22.987056,39.372423]},"properties":{"name":"Άλλη Μεριά 4","lines":"7","arr":["7"],"terminus":1,"mode":"bus","color":"#0059a9","colorDark":"#00294f","angle":228,"snapDist":3,"label":1}},{"type":"Feature","geometry":{"type":"Point","coordinates":[22.987052,39.372426]},"properties":{"name":"Άλλη Μεριά 4","lines":"7","arr":["7"],"terminus":0,"mode":"bus","color":"#0059a9","colorDark":"#00294f","angle":48,"snapDist":3,"label":0}},{"type":"Feature","geometry":{"type":"Point","coordinates":[22.982361,39.370086]},"properties":{"name":"Άλλη Μεριά 3","lines":"7","arr":["7"],"terminus":0,"mode":"bus","color":"#0059a9","colorDark":"#00294f","angle":323,"snapDist":3,"label":0}},{"type":"Feature","geometry":{"type":"Point","coordinates":[22.980152,39.369722]},"properties":{"name":"Άλλη Μεριά 2","lines":"7","arr":["7"],"terminus":0,"mode":"bus","color":"#0059a9","colorDark":"#00294f","angle":7.8,"snapDist":3,"label":0}},{"type":"Feature","geometry":{"type":"Point","coordinates":[22.97773,39.370426]},"properties":{"name":"Άλλη Μεριά 1","lines":"7","arr":["7"],"terminus":0,"mode":"bus","color":"#0059a9","colorDark":"#00294f","angle":9.3,"snapDist":5,"label":0}},{"type":"Feature","geometry":{"type":"Point","coordinates":[22.968051,39.369193]},"properties":{"name":"Γεφυράκι","lines":"7","arr":["7"],"terminus":0,"mode":"bus","color":"#0059a9","colorDark":"#00294f","angle":347.4,"snapDist":6,"label":0}},{"type":"Feature","geometry":{"type":"Point","coordinates":[22.962503,39.369654]},"properties":{"name":"Κύπρου (Πολιτιστικό Κέντρο Κάραγατς)","lines":"7","arr":["7"],"terminus":0,"mode":"bus","color":"#0059a9","colorDark":"#00294f","angle":0.4,"snapDist":3,"label":0}},{"type":"Feature","geometry":{"type":"Point","coordinates":[22.956803,39.367151]},"properties":{"name":"Κύπρου (σχολεία)","lines":"7","arr":["7"],"terminus":0,"mode":"bus","color":"#0059a9","colorDark":"#00294f","angle":336.1,"snapDist":4,"label":0}},{"type":"Feature","geometry":{"type":"Point","coordinates":[22.953688,39.365893]},"properties":{"name":"Λόρδου Βύρωνος (Επί της Κύπρου)","lines":"7","arr":["7"],"terminus":0,"mode":"bus","color":"#0059a9","colorDark":"#00294f","angle":329.5,"snapDist":3,"label":0}},{"type":"Feature","geometry":{"type":"Point","coordinates":[22.983104,39.375802]},"properties":{"name":"Διαστάυρωση Άλλης Μεριάς","lines":"7","arr":["7"],"terminus":0,"mode":"bus","color":"#0059a9","colorDark":"#00294f","angle":223.3,"snapDist":5,"label":1}},{"type":"Feature","geometry":{"type":"Point","coordinates":[22.892314,39.356659]},"properties":{"name":"Τελική στάση Διμήνι","lines":"8","arr":["8"],"terminus":1,"mode":"bus","color":"#0059a9","colorDark":"#00294f","angle":163.5,"snapDist":2,"label":1}},{"type":"Feature","geometry":{"type":"Point","coordinates":[22.892601,39.356482]},"properties":{"name":"Στάση Διμήνι 3","lines":"8","arr":["8"],"terminus":0,"mode":"bus","color":"#0059a9","colorDark":"#00294f","angle":306.1,"snapDist":8,"label":1}},{"type":"Feature","geometry":{"type":"Point","coordinates":[22.895247,39.359557]},"properties":{"name":"Στάση Διμήνι 2","lines":"8","arr":["8"],"terminus":0,"mode":"bus","color":"#0059a9","colorDark":"#00294f","angle":157.1,"snapDist":3,"label":1}},{"type":"Feature","geometry":{"type":"Point","coordinates":[22.896441,39.359953]},"properties":{"name":"Στάση Διμήνι 1","lines":"8","arr":["8"],"terminus":0,"mode":"bus","color":"#0059a9","colorDark":"#00294f","angle":143.9,"snapDist":3,"label":1}},{"type":"Feature","geometry":{"type":"Point","coordinates":[22.898334,39.3617]},"properties":{"name":"Ιωλκού Διμήνι","lines":"8","arr":["8"],"terminus":0,"mode":"bus","color":"#0059a9","colorDark":"#00294f","angle":119.1,"snapDist":3,"label":1}},{"type":"Feature","geometry":{"type":"Point","coordinates":[22.904527,39.363898]},"properties":{"name":"Ξηριάς Δημήνι","lines":"8","arr":["8"],"terminus":0,"mode":"bus","color":"#0059a9","colorDark":"#00294f","angle":179.5,"snapDist":3,"label":1}},{"type":"Feature","geometry":{"type":"Point","coordinates":[22.90797,39.363944]},"properties":{"name":"Σαμπάναγα","lines":"8","arr":["8"],"terminus":0,"mode":"bus","color":"#0059a9","colorDark":"#00294f","angle":178.9,"snapDist":4,"label":1}},{"type":"Feature","geometry":{"type":"Point","coordinates":[22.91877,39.364687]},"properties":{"name":"Ξάνθου-Δημηνιου","lines":"8","arr":["8"],"terminus":0,"mode":"bus","color":"#0059a9","colorDark":"#00294f","angle":174,"snapDist":2,"label":1}},{"type":"Feature","geometry":{"type":"Point","coordinates":[22.922747,39.36338]},"properties":{"name":"Ξάνθου 2","lines":"8","arr":["8"],"terminus":0,"mode":"bus","color":"#0059a9","colorDark":"#00294f","angle":230,"snapDist":5,"label":1}},{"type":"Feature","geometry":{"type":"Point","coordinates":[22.92623,39.362347]},"properties":{"name":"Ξάνθου 1","lines":"8","arr":["8"],"terminus":0,"mode":"bus","color":"#0059a9","colorDark":"#00294f","angle":194.5,"snapDist":4,"label":1}},{"type":"Feature","geometry":{"type":"Point","coordinates":[22.926971,39.36196]},"properties":{"name":"Τσακάλωφ","lines":"8","arr":["8"],"terminus":0,"mode":"bus","color":"#0059a9","colorDark":"#00294f","angle":236.3,"snapDist":6,"label":1}},{"type":"Feature","geometry":{"type":"Point","coordinates":[22.928787,39.359637]},"properties":{"name":"Φιλικής Εταιρείας - Αθηνών","lines":"8","arr":["8"],"terminus":0,"mode":"bus","color":"#0059a9","colorDark":"#00294f","angle":297.5,"snapDist":4,"label":1}},{"type":"Feature","geometry":{"type":"Point","coordinates":[22.927379,39.357346]},"properties":{"name":"Εκθεσιακό","lines":"8","arr":["8"],"terminus":0,"mode":"bus","color":"#0059a9","colorDark":"#00294f","angle":117.6,"snapDist":0,"label":1}},{"type":"Feature","geometry":{"type":"Point","coordinates":[22.927025,39.361897]},"properties":{"name":"Τσακάλωφ","lines":"8","arr":["8"],"terminus":0,"mode":"bus","color":"#0059a9","colorDark":"#00294f","angle":56.3,"snapDist":7,"label":0}},{"type":"Feature","geometry":{"type":"Point","coordinates":[22.926218,39.36235]},"properties":{"name":"Ξάνθου 1","lines":"8","arr":["8"],"terminus":0,"mode":"bus","color":"#0059a9","colorDark":"#00294f","angle":14.5,"snapDist":3,"label":0}},{"type":"Feature","geometry":{"type":"Point","coordinates":[22.922792,39.363339]},"properties":{"name":"Ξάνθου 2","lines":"8","arr":["8"],"terminus":0,"mode":"bus","color":"#0059a9","colorDark":"#00294f","angle":50,"snapDist":2,"label":0}},{"type":"Feature","geometry":{"type":"Point","coordinates":[22.918788,39.364688]},"properties":{"name":"Ξάνθου-Δημηνιου","lines":"8","arr":["8"],"terminus":0,"mode":"bus","color":"#0059a9","colorDark":"#00294f","angle":354,"snapDist":6,"label":0}},{"type":"Feature","geometry":{"type":"Point","coordinates":[22.907997,39.363944]},"properties":{"name":"Σαμπάναγα","lines":"8","arr":["8"],"terminus":0,"mode":"bus","color":"#0059a9","colorDark":"#00294f","angle":358.9,"snapDist":4,"label":0}},{"type":"Feature","geometry":{"type":"Point","coordinates":[22.898336,39.361703]},"properties":{"name":"Ιωλκού Διμήνι","lines":"8","arr":["8"],"terminus":0,"mode":"bus","color":"#0059a9","colorDark":"#00294f","angle":299.1,"snapDist":2,"label":0}},{"type":"Feature","geometry":{"type":"Point","coordinates":[22.896399,39.359929]},"properties":{"name":"Στάση Διμήνι 1","lines":"8","arr":["8"],"terminus":0,"mode":"bus","color":"#0059a9","colorDark":"#00294f","angle":323.9,"snapDist":5,"label":0}},{"type":"Feature","geometry":{"type":"Point","coordinates":[22.895167,39.359531]},"properties":{"name":"Στάση Διμήνι 2","lines":"8","arr":["8"],"terminus":0,"mode":"bus","color":"#0059a9","colorDark":"#00294f","angle":337.1,"snapDist":5,"label":0}},{"type":"Feature","geometry":{"type":"Point","coordinates":[22.908358,39.391687]},"properties":{"name":"Τέρμα Μελισσάτικα","lines":"9","arr":["9"],"terminus":1,"mode":"bus","color":"#0059a9","colorDark":"#00294f","angle":150,"snapDist":1,"label":1}},{"type":"Feature","geometry":{"type":"Point","coordinates":[22.909816,39.389736]},"properties":{"name":"Μελισσάτικα 3","lines":"9","arr":["9"],"terminus":0,"mode":"bus","color":"#0059a9","colorDark":"#00294f","angle":219.9,"snapDist":9,"label":1}},{"type":"Feature","geometry":{"type":"Point","coordinates":[22.909358,39.388433]},"properties":{"name":"Μελισσάτικα 2","lines":"9","arr":["9"],"terminus":0,"mode":"bus","color":"#0059a9","colorDark":"#00294f","angle":252,"snapDist":6,"label":1}},{"type":"Feature","geometry":{"type":"Point","coordinates":[22.914428,39.3867]},"properties":{"name":"Μελισσάτικα 1","lines":"9","arr":["9"],"terminus":0,"mode":"bus","color":"#0059a9","colorDark":"#00294f","angle":202.2,"snapDist":4,"label":1}},{"type":"Feature","geometry":{"type":"Point","coordinates":[22.923404,39.382147]},"properties":{"name":"Σχολείο Αλιβερη","lines":"9","arr":["9"],"terminus":0,"mode":"bus","color":"#0059a9","colorDark":"#00294f","angle":214.2,"snapDist":6,"label":1}},{"type":"Feature","geometry":{"type":"Point","coordinates":[22.925131,39.381241]},"properties":{"name":"Γραμμές Αλιβερη","lines":"9","arr":["9"],"terminus":0,"mode":"bus","color":"#0059a9","colorDark":"#00294f","angle":213.9,"snapDist":4,"label":1}},{"type":"Feature","geometry":{"type":"Point","coordinates":[22.926142,39.380624]},"properties":{"name":"Μαλιαρου (Αλιβερη)","lines":"9","arr":["9"],"terminus":0,"mode":"bus","color":"#0059a9","colorDark":"#00294f","angle":237.2,"snapDist":6,"label":1}},{"type":"Feature","geometry":{"type":"Point","coordinates":[22.928286,39.380982]},"properties":{"name":"Ξηριά (επί της Δοξοπούλου)","lines":"9","arr":["9"],"terminus":0,"mode":"bus","color":"#0059a9","colorDark":"#00294f","angle":160.4,"snapDist":0,"label":1}},{"type":"Feature","geometry":{"type":"Point","coordinates":[22.932814,39.383166]},"properties":{"name":"Κλειστό Νέας Ιωνίας","lines":"9","arr":["9"],"terminus":0,"mode":"bus","color":"#0059a9","colorDark":"#00294f","angle":139.6,"snapDist":5,"label":1}},{"type":"Feature","geometry":{"type":"Point","coordinates":[22.94173,39.377376]},"properties":{"name":"Αγία Βαρβάρα","lines":"9","arr":["9"],"terminus":0,"mode":"bus","color":"#0059a9","colorDark":"#00294f","angle":237.8,"snapDist":6,"label":1}},{"type":"Feature","geometry":{"type":"Point","coordinates":[22.943408,39.376209]},"properties":{"name":"Παπάγου ( επι της παρασκευοπούλου)Ε","lines":"9","arr":["9"],"terminus":0,"mode":"bus","color":"#0059a9","colorDark":"#00294f","angle":208.1,"snapDist":6,"label":1}},{"type":"Feature","geometry":{"type":"Point","coordinates":[22.946314,39.374974]},"properties":{"name":"Παρασκευοπούλου με Ζάχου","lines":"9","arr":["9"],"terminus":0,"mode":"bus","color":"#0059a9","colorDark":"#00294f","angle":209.1,"snapDist":4,"label":1}},{"type":"Feature","geometry":{"type":"Point","coordinates":[22.947449,39.374398]},"properties":{"name":"Φιλαρέτου","lines":"9","arr":["9"],"terminus":0,"mode":"bus","color":"#0059a9","colorDark":"#00294f","angle":218.6,"snapDist":5,"label":1}},{"type":"Feature","geometry":{"type":"Point","coordinates":[22.94967,39.373097]},"properties":{"name":"Πάρκο Χιλιαδούς","lines":"9","arr":["9"],"terminus":0,"mode":"bus","color":"#0059a9","colorDark":"#00294f","angle":217.9,"snapDist":5,"label":1}},{"type":"Feature","geometry":{"type":"Point","coordinates":[22.951074,39.37189]},"properties":{"name":"Μεταμορφώσεως (Σχολειίο)","lines":"9","arr":["9"],"terminus":0,"mode":"bus","color":"#0059a9","colorDark":"#00294f","angle":340.6,"snapDist":5,"label":1}},{"type":"Feature","geometry":{"type":"Point","coordinates":[22.94939,39.370879]},"properties":{"name":"Κωστή Παλαμά","lines":"9","arr":["9"],"terminus":0,"mode":"bus","color":"#0059a9","colorDark":"#00294f","angle":306,"snapDist":3,"label":1}},{"type":"Feature","geometry":{"type":"Point","coordinates":[22.947891,39.369189]},"properties":{"name":"Λόρδου Βύρωνος (Επί της Μεταμορφώσεως)","lines":"9","arr":["9"],"terminus":0,"mode":"bus","color":"#0059a9","colorDark":"#00294f","angle":304.4,"snapDist":5,"label":1}},{"type":"Feature","geometry":{"type":"Point","coordinates":[22.947865,39.369159]},"properties":{"name":"Λόρδου Βύρωνος (Επί της Μεταμορφώσεως)","lines":"9","arr":["9"],"terminus":0,"mode":"bus","color":"#0059a9","colorDark":"#00294f","angle":124.4,"snapDist":3,"label":0}},{"type":"Feature","geometry":{"type":"Point","coordinates":[22.949374,39.370862]},"properties":{"name":"Κωστή Παλαμά","lines":"9","arr":["9"],"terminus":0,"mode":"bus","color":"#0059a9","colorDark":"#00294f","angle":126,"snapDist":3,"label":0}},{"type":"Feature","geometry":{"type":"Point","coordinates":[22.951278,39.371945]},"properties":{"name":"Μεταμορφώσεως (Σχολειίο)","lines":"9","arr":["9"],"terminus":0,"mode":"bus","color":"#0059a9","colorDark":"#00294f","angle":160.5,"snapDist":0,"label":0}},{"type":"Feature","geometry":{"type":"Point","coordinates":[22.949749,39.373049]},"properties":{"name":"Πάρκο Χιλιαδούς","lines":"9","arr":["9"],"terminus":0,"mode":"bus","color":"#0059a9","colorDark":"#00294f","angle":37.9,"snapDist":1,"label":0}},{"type":"Feature","geometry":{"type":"Point","coordinates":[22.94749,39.374372]},"properties":{"name":"Φιλαρέτου","lines":"9","arr":["9"],"terminus":0,"mode":"bus","color":"#0059a9","colorDark":"#00294f","angle":38.6,"snapDist":2,"label":0}},{"type":"Feature","geometry":{"type":"Point","coordinates":[22.946312,39.374975]},"properties":{"name":"Παρασκευοπούλου με Ζάχου","lines":"9","arr":["9"],"terminus":0,"mode":"bus","color":"#0059a9","colorDark":"#00294f","angle":29.1,"snapDist":4,"label":0}},{"type":"Feature","geometry":{"type":"Point","coordinates":[22.943007,39.376378]},"properties":{"name":"Παπάγου (επι της παρασκευοπούλου)","lines":"9","arr":["9"],"terminus":0,"mode":"bus","color":"#0059a9","colorDark":"#00294f","angle":29.5,"snapDist":1,"label":1}},{"type":"Feature","geometry":{"type":"Point","coordinates":[22.941743,39.37736]},"properties":{"name":"Αγία Βαρβάρα","lines":"9","arr":["9"],"terminus":0,"mode":"bus","color":"#0059a9","colorDark":"#00294f","angle":57.8,"snapDist":4,"label":0}},{"type":"Feature","geometry":{"type":"Point","coordinates":[22.932801,39.383157]},"properties":{"name":"Κλειστό Νέας Ιωνίας","lines":"9","arr":["9"],"terminus":0,"mode":"bus","color":"#0059a9","colorDark":"#00294f","angle":319.6,"snapDist":4,"label":0}},{"type":"Feature","geometry":{"type":"Point","coordinates":[22.928329,39.380994]},"properties":{"name":"Ξηριά (επί της Δοξοπούλου)","lines":"9","arr":["9"],"terminus":0,"mode":"bus","color":"#0059a9","colorDark":"#00294f","angle":340.4,"snapDist":4,"label":0}},{"type":"Feature","geometry":{"type":"Point","coordinates":[22.926236,39.380625]},"properties":{"name":"Μαλιαρου (Αλιβερη)","lines":"9","arr":["9"],"terminus":0,"mode":"bus","color":"#0059a9","colorDark":"#00294f","angle":35.2,"snapDist":3,"label":0}},{"type":"Feature","geometry":{"type":"Point","coordinates":[22.925263,39.381173]},"properties":{"name":"Γραμμές Αλιβερη","lines":"9","arr":["9"],"terminus":0,"mode":"bus","color":"#0059a9","colorDark":"#00294f","angle":33.9,"snapDist":4,"label":0}},{"type":"Feature","geometry":{"type":"Point","coordinates":[22.923436,39.38213]},"properties":{"name":"Σχολείο Αλιβερη","lines":"9","arr":["9"],"terminus":0,"mode":"bus","color":"#0059a9","colorDark":"#00294f","angle":34.2,"snapDist":1,"label":0}},{"type":"Feature","geometry":{"type":"Point","coordinates":[22.914466,39.386688]},"properties":{"name":"Μελισσάτικα 1","lines":"9","arr":["9"],"terminus":0,"mode":"bus","color":"#0059a9","colorDark":"#00294f","angle":22.2,"snapDist":2,"label":0}},{"type":"Feature","geometry":{"type":"Point","coordinates":[22.909359,39.38843]},"properties":{"name":"Μελισσάτικα 2","lines":"9","arr":["9"],"terminus":0,"mode":"bus","color":"#0059a9","colorDark":"#00294f","angle":72,"snapDist":4,"label":0}},{"type":"Feature","geometry":{"type":"Point","coordinates":[22.909842,39.389718]},"properties":{"name":"Μελισσάτικα 3","lines":"9","arr":["9"],"terminus":0,"mode":"bus","color":"#0059a9","colorDark":"#00294f","angle":45.1,"snapDist":2,"label":0}},{"type":"Feature","geometry":{"type":"Point","coordinates":[22.891759,39.376603]},"properties":{"name":"Νέο Κοιμητήριο 2","lines":"11","arr":["11"],"terminus":1,"mode":"bus","color":"#0059a9","colorDark":"#00294f","angle":167,"snapDist":5,"label":1}},{"type":"Feature","geometry":{"type":"Point","coordinates":[22.891025,39.378045]},"properties":{"name":"Νέο Κοιμητήριο 1","lines":"11","arr":["11"],"terminus":1,"mode":"bus","color":"#0059a9","colorDark":"#00294f","angle":29.5,"snapDist":4,"label":1}},{"type":"Feature","geometry":{"type":"Point","coordinates":[22.91138,39.372036]},"properties":{"name":"Άσπρες Πεταλούδες","lines":"11","arr":["11"],"terminus":0,"mode":"bus","color":"#0059a9","colorDark":"#00294f","angle":206.5,"snapDist":5,"label":1}},{"type":"Feature","geometry":{"type":"Point","coordinates":[22.912537,39.37174]},"properties":{"name":"Άσπρες Πεταλούδες","lines":"11","arr":["11"],"terminus":0,"mode":"bus","color":"#0059a9","colorDark":"#00294f","angle":26.7,"snapDist":2,"label":0}},{"type":"Feature","geometry":{"type":"Point","coordinates":[22.965241,39.357729]},"properties":{"name":"Άγιος Δημήτριος","lines":"11","arr":["11"],"terminus":0,"mode":"bus","color":"#0059a9","colorDark":"#00294f","angle":55.5,"snapDist":3,"label":0}},{"type":"Feature","geometry":{"type":"Point","coordinates":[22.939402,39.372077]},"properties":{"name":"Μεταξουργείο","lines":"11","arr":["11"],"terminus":0,"mode":"bus","color":"#0059a9","colorDark":"#00294f","angle":81.1,"snapDist":2,"label":0}},{"type":"Feature","geometry":{"type":"Point","coordinates":[22.927411,39.370315]},"properties":{"name":"Δορυλαίου (Επί της Μπότσαρη)","lines":"11","arr":["11"],"terminus":0,"mode":"bus","color":"#0059a9","colorDark":"#00294f","angle":290.9,"snapDist":7,"label":1}},{"type":"Feature","geometry":{"type":"Point","coordinates":[22.927413,39.370319]},"properties":{"name":"Δορυλαίου (Επί της Μπότσαρη)","lines":"11","arr":["11"],"terminus":0,"mode":"bus","color":"#0059a9","colorDark":"#00294f","angle":110.9,"snapDist":1,"label":0}},{"type":"Feature","geometry":{"type":"Point","coordinates":[22.954173,39.364593]},"properties":{"name":"Ανάληψη","lines":"11","arr":["11"],"terminus":0,"mode":"bus","color":"#0059a9","colorDark":"#00294f","angle":215.4,"snapDist":5,"label":0}},{"type":"Feature","geometry":{"type":"Point","coordinates":[22.961071,39.351212]},"properties":{"name":"Μουσείο Τέρμα","lines":"15","arr":["15"],"terminus":1,"mode":"bus","color":"#0059a9","colorDark":"#00294f","angle":312.6,"snapDist":2,"label":1}},{"type":"Feature","geometry":{"type":"Point","coordinates":[22.967017,39.356232]},"properties":{"name":"Στάδιο (Επί της Απόλλωνος)","lines":"15","arr":["15"],"terminus":0,"mode":"bus","color":"#0059a9","colorDark":"#00294f","angle":156.7,"snapDist":2,"label":1}},{"type":"Feature","geometry":{"type":"Point","coordinates":[22.969396,39.357293]},"properties":{"name":"Απόλλωνος (επί της Ορμινίου)","lines":"15","arr":["15"],"terminus":0,"mode":"bus","color":"#0059a9","colorDark":"#00294f","angle":51.1,"snapDist":1,"label":1}},{"type":"Feature","geometry":{"type":"Point","coordinates":[22.968078,39.358579]},"properties":{"name":"Δημήτριου Πολιορκητού (επί της Ορμινίου)","lines":"15","arr":["15"],"terminus":0,"mode":"bus","color":"#0059a9","colorDark":"#00294f","angle":54.2,"snapDist":1,"label":1}},{"type":"Feature","geometry":{"type":"Point","coordinates":[22.966837,39.359921]},"properties":{"name":"Πελίου","lines":"15","arr":["15"],"terminus":0,"mode":"bus","color":"#0059a9","colorDark":"#00294f","angle":54.6,"snapDist":2,"label":1}},{"type":"Feature","geometry":{"type":"Point","coordinates":[22.965642,39.361228]},"properties":{"name":"Θερμοπυλών (με Ορμινίου)","lines":"15","arr":["15"],"terminus":0,"mode":"bus","color":"#0059a9","colorDark":"#00294f","angle":58,"snapDist":1,"label":1}},{"type":"Feature","geometry":{"type":"Point","coordinates":[22.964439,39.362756]},"properties":{"name":"Αλκμίνης","lines":"15","arr":["15"],"terminus":0,"mode":"bus","color":"#0059a9","colorDark":"#00294f","angle":60.4,"snapDist":3,"label":1}},{"type":"Feature","geometry":{"type":"Point","coordinates":[22.963162,39.36443]},"properties":{"name":"Περραιβού (επί της Γ.Δήμου)","lines":"15","arr":["15"],"terminus":0,"mode":"bus","color":"#0059a9","colorDark":"#00294f","angle":57.7,"snapDist":2,"label":1}},{"type":"Feature","geometry":{"type":"Point","coordinates":[22.962262,39.365399]},"properties":{"name":"Νικοτσάρα (επί της Γ.Δήμου)","lines":"15","arr":["15"],"terminus":0,"mode":"bus","color":"#0059a9","colorDark":"#00294f","angle":45.6,"snapDist":2,"label":1}},{"type":"Feature","geometry":{"type":"Point","coordinates":[22.961099,39.366347]},"properties":{"name":"Κασσαβέτη (επί της Γ.Δήμου)","lines":"15","arr":["15"],"terminus":0,"mode":"bus","color":"#0059a9","colorDark":"#00294f","angle":46.1,"snapDist":2,"label":1}},{"type":"Feature","geometry":{"type":"Point","coordinates":[22.959749,39.36748]},"properties":{"name":"Πάρκο (Γ.Δήμου)","lines":"15","arr":["15"],"terminus":0,"mode":"bus","color":"#0059a9","colorDark":"#00294f","angle":47.7,"snapDist":1,"label":1}},{"type":"Feature","geometry":{"type":"Point","coordinates":[22.958018,39.368425]},"properties":{"name":"Παιδικός Σταθμός (Γ.Δήμου)","lines":"15","arr":["15"],"terminus":0,"mode":"bus","color":"#0059a9","colorDark":"#00294f","angle":32.4,"snapDist":2,"label":1}},{"type":"Feature","geometry":{"type":"Point","coordinates":[22.931392,39.366021]},"properties":{"name":"Παγασών (επί της Ζάχου)","lines":"15","arr":["15"],"terminus":0,"mode":"bus","color":"#0059a9","colorDark":"#00294f","angle":116.8,"snapDist":1,"label":1}},{"type":"Feature","geometry":{"type":"Point","coordinates":[22.933562,39.368178]},"properties":{"name":"Old City","lines":"15","arr":["15"],"terminus":1,"mode":"bus","color":"#0059a9","colorDark":"#00294f","angle":130.2,"snapDist":3,"label":1}},{"type":"Feature","geometry":{"type":"Point","coordinates":[22.935082,39.369361]},"properties":{"name":"Άδμητου","lines":"15","arr":["15"],"terminus":0,"mode":"bus","color":"#0059a9","colorDark":"#00294f","angle":141.9,"snapDist":1,"label":1}},{"type":"Feature","geometry":{"type":"Point","coordinates":[22.956129,39.369352]},"properties":{"name":"Πορταριάς","lines":"15","arr":["15"],"terminus":0,"mode":"bus","color":"#0059a9","colorDark":"#00294f","angle":209.8,"snapDist":4,"label":1}},{"type":"Feature","geometry":{"type":"Point","coordinates":[22.958014,39.368427]},"properties":{"name":"Παιδικός Σταθμός (Γ.Δήμου)","lines":"15","arr":["15"],"terminus":0,"mode":"bus","color":"#0059a9","colorDark":"#00294f","angle":212.4,"snapDist":6,"label":0}},{"type":"Feature","geometry":{"type":"Point","coordinates":[22.959762,39.367469]},"properties":{"name":"Πάρκο (Γ.Δήμου)","lines":"15","arr":["15"],"terminus":0,"mode":"bus","color":"#0059a9","colorDark":"#00294f","angle":227.7,"snapDist":5,"label":0}},{"type":"Feature","geometry":{"type":"Point","coordinates":[22.961108,39.36634]},"properties":{"name":"Κασσαβέτη (επί της Γ.Δήμου)","lines":"15","arr":["15"],"terminus":0,"mode":"bus","color":"#0059a9","colorDark":"#00294f","angle":226.1,"snapDist":5,"label":0}},{"type":"Feature","geometry":{"type":"Point","coordinates":[22.962221,39.365431]},"properties":{"name":"Νικοτσάρα (επί της Γ.Δήμου)","lines":"15","arr":["15"],"terminus":0,"mode":"bus","color":"#0059a9","colorDark":"#00294f","angle":225.6,"snapDist":6,"label":0}},{"type":"Feature","geometry":{"type":"Point","coordinates":[22.963317,39.36424]},"properties":{"name":"Περραιβού (επί της Γ.Δήμου)","lines":"15","arr":["15"],"terminus":0,"mode":"bus","color":"#0059a9","colorDark":"#00294f","angle":237.9,"snapDist":5,"label":0}},{"type":"Feature","geometry":{"type":"Point","coordinates":[22.964788,39.362317]},"properties":{"name":"Νεφέλης","lines":"15","arr":["15"],"terminus":0,"mode":"bus","color":"#0059a9","colorDark":"#00294f","angle":239.2,"snapDist":6,"label":1}},{"type":"Feature","geometry":{"type":"Point","coordinates":[22.965621,39.361253]},"properties":{"name":"Θερμοπυλών (με Ορμινίου)","lines":"15","arr":["15"],"terminus":0,"mode":"bus","color":"#0059a9","colorDark":"#00294f","angle":238,"snapDist":8,"label":0}},{"type":"Feature","geometry":{"type":"Point","coordinates":[22.966864,39.359892]},"properties":{"name":"Πελίου","lines":"15","arr":["15"],"terminus":0,"mode":"bus","color":"#0059a9","colorDark":"#00294f","angle":234.6,"snapDist":5,"label":0}},{"type":"Feature","geometry":{"type":"Point","coordinates":[22.968071,39.358586]},"properties":{"name":"Δημήτριου Πολιορκητού (επί της Ορμινίου)","lines":"15","arr":["15"],"terminus":0,"mode":"bus","color":"#0059a9","colorDark":"#00294f","angle":234.2,"snapDist":6,"label":0}},{"type":"Feature","geometry":{"type":"Point","coordinates":[22.969346,39.357339]},"properties":{"name":"Απόλλωνος (επί της Ορμινίου)","lines":"15","arr":["15"],"terminus":0,"mode":"bus","color":"#0059a9","colorDark":"#00294f","angle":228.6,"snapDist":7,"label":0}},{"type":"Feature","geometry":{"type":"Point","coordinates":[22.967066,39.356248]},"properties":{"name":"Στάδιο (Επί της Απόλλωνος)","lines":"15","arr":["15"],"terminus":0,"mode":"bus","color":"#0059a9","colorDark":"#00294f","angle":336.7,"snapDist":5,"label":0}},{"type":"Feature","geometry":{"type":"Point","coordinates":[22.961693,39.377795]},"properties":{"name":"Πανταζόπουλος","lines":"49","arr":["49"],"terminus":0,"mode":"bus","color":"#0059a9","colorDark":"#00294f","angle":-144.5,"snapDist":6,"label":1}},{"type":"Feature","geometry":{"type":"Point","coordinates":[22.959981,39.379159]},"properties":{"name":"Αγία Παρασκευή","lines":"49","arr":["49"],"terminus":0,"mode":"bus","color":"#0059a9","colorDark":"#00294f","angle":10.9,"snapDist":1,"label":1}},{"type":"Feature","geometry":{"type":"Point","coordinates":[22.956576,39.380401]},"properties":{"name":"Μεβγάλ","lines":"49","arr":["49"],"terminus":0,"mode":"bus","color":"#0059a9","colorDark":"#00294f","angle":60.5,"snapDist":2,"label":1}},{"type":"Feature","geometry":{"type":"Point","coordinates":[22.95503,39.382552]},"properties":{"name":"Αγ.Κυριακή 1","lines":"49","arr":["49"],"terminus":0,"mode":"bus","color":"#0059a9","colorDark":"#00294f","angle":45.6,"snapDist":7,"label":1}},{"type":"Feature","geometry":{"type":"Point","coordinates":[22.954008,39.384723]},"properties":{"name":"Αγ.Κυριακή 2","lines":"49","arr":["49"],"terminus":0,"mode":"bus","color":"#0059a9","colorDark":"#00294f","angle":38.3,"snapDist":2,"label":1}},{"type":"Feature","geometry":{"type":"Point","coordinates":[22.955725,39.38502]},"properties":{"name":"Αγία Κυριακή 3","lines":"49","arr":["49"],"terminus":1,"mode":"bus","color":"#0059a9","colorDark":"#00294f","angle":182.6,"snapDist":4,"label":1}},{"type":"Feature","geometry":{"type":"Point","coordinates":[22.956731,39.384657]},"properties":{"name":"Αγ.Κυριακή 4","lines":"49","arr":["49"],"terminus":0,"mode":"bus","color":"#0059a9","colorDark":"#00294f","angle":288,"snapDist":7,"label":1}},{"type":"Feature","geometry":{"type":"Point","coordinates":[22.956569,39.380411]},"properties":{"name":"Μεβγάλ","lines":"49","arr":["49"],"terminus":0,"mode":"bus","color":"#0059a9","colorDark":"#00294f","angle":240.5,"snapDist":5,"label":0}},{"type":"Feature","geometry":{"type":"Point","coordinates":[22.960037,39.379027]},"properties":{"name":"Αγία Παρασκευή","lines":"49","arr":["49"],"terminus":0,"mode":"bus","color":"#0059a9","colorDark":"#00294f","angle":268.3,"snapDist":5,"label":0}}]}