{"type":"FeatureCollection","features":[{"type":"Feature","geometry":{"type":"LineString","coordinates":[[22.942203,39.36235],[22.94219,39.362365],[22.942175,39.362379]]},"properties":{"name":"ΕΟ34","lines":"1, 2, 3, 4, 5, 7, 9, 11, 15, 49","arr":["1","2","3","4","5","7","9","11","15","49"],"roundabout":1,"mode":"bus","color":"#0059a9"}},{"type":"Feature","geometry":{"type":"LineString","coordinates":[[22.942175,39.362379],[22.942157,39.362391],[22.942138,39.362402],[22.942118,39.362411],[22.942097,39.362418],[22.942074,39.362423],[22.942051,39.362427],[22.942028,39.362428],[22.942005,39.362428],[22.941981,39.362425],[22.941959,39.36242],[22.941937,39.362414],[22.941916,39.362405],[22.941897,39.362395],[22.941879,39.362384]]},"properties":{"name":"ΕΟ34","lines":"2, 3, 4, 5, 7, 9, 11, 15, 49","arr":["2","3","4","5","7","9","11","15","49"],"roundabout":1,"mode":"bus","color":"#0059a9"}},{"type":"Feature","geometry":{"type":"LineString","coordinates":[[22.941879,39.362384],[22.941866,39.362373]]},"properties":{"name":"ΕΟ34","lines":"1, 2, 3, 4, 5, 7, 9, 11, 15, 49","arr":["1","2","3","4","5","7","9","11","15","49"],"roundabout":1,"mode":"bus","color":"#0059a9"}},{"type":"Feature","geometry":{"type":"LineString","coordinates":[[22.934079,39.37298],[22.934123,39.372998]]},"properties":{"name":"Δορυλαίου","lines":"1","arr":["1"],"roundabout":1,"mode":"bus","color":"#0059a9"}},{"type":"Feature","geometry":{"type":"LineString","coordinates":[[22.934123,39.372998],[22.934145,39.373011],[22.934159,39.373021],[22.93419,39.373046],[22.934219,39.373074],[22.934235,39.373091],[22.934256,39.37312],[22.934272,39.373148],[22.934281,39.373174],[22.934286,39.373192],[22.934286,39.373214],[22.934284,39.373233],[22.934276,39.373281]]},"properties":{"name":"","lines":"1","arr":["1"],"roundabout":1,"mode":"bus","color":"#0059a9"}},{"type":"Feature","geometry":{"type":"LineString","coordinates":[[22.934276,39.373281],[22.934092,39.373543],[22.933998,39.373676],[22.93389,39.373828]]},"properties":{"name":"Μακεδονίας","lines":"1","arr":["1"],"roundabout":1,"mode":"bus","color":"#0059a9"}},{"type":"Feature","geometry":{"type":"LineString","coordinates":[[22.93389,39.373828],[22.933854,39.373847],[22.933825,39.373859],[22.933802,39.373868],[22.933768,39.373876],[22.933732,39.373881],[22.933703,39.373884],[22.933678,39.373886],[22.933654,39.373885],[22.933634,39.373883]]},"properties":{"name":"","lines":"1","arr":["1"],"roundabout":1,"mode":"bus","color":"#0059a9"}},{"type":"Feature","geometry":{"type":"LineString","coordinates":[[22.933634,39.373883],[22.933621,39.37388],[22.933602,39.373874],[22.93351,39.373833],[22.933481,39.373821]]},"properties":{"name":"Λούλη Χρήστου","lines":"1","arr":["1"],"roundabout":1,"mode":"bus","color":"#0059a9"}},{"type":"Feature","geometry":{"type":"LineString","coordinates":[[22.933481,39.373821],[22.93318,39.373688],[22.932911,39.37357]]},"properties":{"name":"Λούλη Χρήστου","lines":"1","arr":["1"],"roundabout":1,"mode":"bus","color":"#0059a9"}},{"type":"Feature","geometry":{"type":"LineString","coordinates":[[22.932911,39.37357],[22.933514,39.372738]]},"properties":{"name":"Απόστολου Βολίδη","lines":"1","arr":["1"],"roundabout":1,"mode":"bus","color":"#0059a9"}},{"type":"Feature","geometry":{"type":"LineString","coordinates":[[22.933514,39.372738],[22.933692,39.372815],[22.934043,39.372965],[22.934079,39.37298]]},"properties":{"name":"Δορυλαίου","lines":"1","arr":["1"],"roundabout":1,"mode":"bus","color":"#0059a9"}},{"type":"Feature","geometry":{"type":"LineString","coordinates":[[22.941866,39.362373],[22.941854,39.362362],[22.941844,39.36235],[22.941835,39.362338],[22.941828,39.362325],[22.941822,39.362311],[22.941817,39.362297],[22.941814,39.362283],[22.941813,39.362269],[22.941814,39.362255],[22.941816,39.36224],[22.94182,39.362224],[22.941827,39.362208],[22.941835,39.362192],[22.941846,39.362178],[22.941859,39.362164],[22.941873,39.362151]]},"properties":{"name":"ΕΟ34","lines":"1, 15","arr":["1","15"],"roundabout":1,"mode":"bus","color":"#0059a9"}},{"type":"Feature","geometry":{"type":"LineString","coordinates":[[22.941873,39.362151],[22.941894,39.362137],[22.941917,39.362125],[22.941941,39.362116],[22.941967,39.362109],[22.941994,39.362104]]},"properties":{"name":"ΕΟ34","lines":"1, 2, 3, 4, 5, 7, 9, 11, 15, 49","arr":["1","2","3","4","5","7","9","11","15","49"],"roundabout":1,"mode":"bus","color":"#0059a9"}},{"type":"Feature","geometry":{"type":"LineString","coordinates":[[22.933577,39.361686],[22.933617,39.361679],[22.933658,39.361679],[22.933697,39.361687],[22.933733,39.361701],[22.933764,39.361721]]},"properties":{"name":"ΕΟ34","lines":"2, 3, 4, 5, 7, 9, 11, 49","arr":["2","3","4","5","7","9","11","49"],"roundabout":1,"mode":"bus","color":"#0059a9"}},{"type":"Feature","geometry":{"type":"LineString","coordinates":[[22.933764,39.361721],[22.933775,39.361732],[22.93379,39.361749]]},"properties":{"name":"ΕΟ34","lines":"2, 3, 4, 5, 7, 9, 11, 49","arr":["2","3","4","5","7","9","11","49"],"roundabout":1,"mode":"bus","color":"#0059a9"}},{"type":"Feature","geometry":{"type":"LineString","coordinates":[[22.938088,39.362215],[22.938095,39.362193],[22.938106,39.362171]]},"properties":{"name":"ΕΟ34","lines":"2, 3, 4, 5, 7, 9, 11, 49","arr":["2","3","4","5","7","9","11","49"],"roundabout":1,"mode":"bus","color":"#0059a9"}},{"type":"Feature","geometry":{"type":"LineString","coordinates":[[22.938106,39.362171],[22.93812,39.362154],[22.938141,39.362134],[22.938162,39.36212],[22.938188,39.362106],[22.938203,39.362101],[22.938214,39.362097],[22.938244,39.36209],[22.938272,39.362087],[22.938304,39.362087],[22.938333,39.362092],[22.938365,39.3621],[22.938395,39.362113],[22.938419,39.362127],[22.938442,39.362146],[22.938457,39.362164]]},"properties":{"name":"ΕΟ34","lines":"2, 3, 4, 5, 7, 9, 11, 49","arr":["2","3","4","5","7","9","11","49"],"roundabout":1,"mode":"bus","color":"#0059a9"}},{"type":"Feature","geometry":{"type":"LineString","coordinates":[[22.938453,39.362319],[22.938447,39.362327],[22.938437,39.362337],[22.938422,39.36235],[22.938404,39.362361],[22.938393,39.362368],[22.93838,39.362374],[22.93837,39.362378],[22.938348,39.362385],[22.938328,39.362389],[22.938322,39.36239],[22.938301,39.362392],[22.938268,39.362393],[22.938242,39.36239],[22.938237,39.362389],[22.938215,39.362384],[22.93819,39.362375],[22.938167,39.362367],[22.938149,39.362355]]},"properties":{"name":"ΕΟ34","lines":"2, 3, 4, 5, 7, 9, 11, 15, 49","arr":["2","3","4","5","7","9","11","15","49"],"roundabout":1,"mode":"bus","color":"#0059a9"}},{"type":"Feature","geometry":{"type":"LineString","coordinates":[[22.933782,39.361888],[22.93377,39.361901],[22.933754,39.361914],[22.933728,39.361929],[22.933698,39.361941]]},"properties":{"name":"ΕΟ34","lines":"2, 3, 4, 5, 7, 9, 11, 15, 49","arr":["2","3","4","5","7","9","11","15","49"],"roundabout":1,"mode":"bus","color":"#0059a9"}},{"type":"Feature","geometry":{"type":"LineString","coordinates":[[22.933698,39.361941],[22.933679,39.361945],[22.933665,39.361948],[22.933649,39.361949],[22.933637,39.361949],[22.933626,39.361949],[22.93361,39.361948],[22.933591,39.361945],[22.933572,39.36194],[22.933552,39.361933],[22.933534,39.361925],[22.933518,39.361915],[22.933504,39.361903],[22.933494,39.361894],[22.933483,39.36188],[22.933474,39.361867],[22.933467,39.361853],[22.933462,39.361837],[22.93346,39.361812]]},"properties":{"name":"ΕΟ34","lines":"2, 5, 7, 9, 11, 49","arr":["2","5","7","9","11","49"],"roundabout":1,"mode":"bus","color":"#0059a9"}},{"type":"Feature","geometry":{"type":"LineString","coordinates":[[22.93346,39.361812],[22.933461,39.361794],[22.933469,39.361771],[22.933477,39.361753],[22.933493,39.361734],[22.933531,39.361705],[22.933577,39.361686]]},"properties":{"name":"ΕΟ34","lines":"2, 3, 4, 5, 7, 9, 11, 49","arr":["2","3","4","5","7","9","11","49"],"roundabout":1,"mode":"bus","color":"#0059a9"}},{"type":"Feature","geometry":{"type":"LineString","coordinates":[[22.965438,39.351035],[22.965452,39.351022],[22.965472,39.351008],[22.965493,39.350999],[22.965521,39.350992],[22.965543,39.350989],[22.965574,39.35099],[22.965591,39.350993],[22.96561,39.350998],[22.965622,39.351003]]},"properties":{"name":"ΕΟ34","lines":"3, 5, 11, 15","arr":["3","5","11","15"],"roundabout":1,"mode":"bus","color":"#0059a9"}},{"type":"Feature","geometry":{"type":"LineString","coordinates":[[22.965622,39.351003],[22.96564,39.351011],[22.965655,39.351022],[22.96567,39.351036],[22.96568,39.351048],[22.965686,39.351058],[22.965693,39.351076],[22.965696,39.351098]]},"properties":{"name":"ΕΟ34","lines":"3, 5, 11, 15","arr":["3","5","11","15"],"roundabout":1,"mode":"bus","color":"#0059a9"}},{"type":"Feature","geometry":{"type":"LineString","coordinates":[[22.965696,39.351098],[22.965694,39.351117],[22.965687,39.351136],[22.96568,39.351149],[22.96567,39.351162],[22.965648,39.351181],[22.965628,39.351192],[22.965603,39.351202],[22.965584,39.351206]]},"properties":{"name":"ΕΟ34","lines":"3, 5, 11, 15","arr":["3","5","11","15"],"roundabout":1,"mode":"bus","color":"#0059a9"}},{"type":"Feature","geometry":{"type":"LineString","coordinates":[[22.931286,39.363011],[22.931278,39.363032],[22.931266,39.363051],[22.93125,39.363069],[22.931231,39.363084],[22.931208,39.363097],[22.931183,39.363107]]},"properties":{"name":"Αθηνών","lines":"3, 4, 11, 15","arr":["3","4","11","15"],"roundabout":1,"mode":"bus","color":"#0059a9"}},{"type":"Feature","geometry":{"type":"LineString","coordinates":[[22.931183,39.363107],[22.931162,39.363112],[22.931139,39.363115]]},"properties":{"name":"Αθηνών","lines":"3, 4, 11","arr":["3","4","11"],"roundabout":1,"mode":"bus","color":"#0059a9"}},{"type":"Feature","geometry":{"type":"LineString","coordinates":[[22.931139,39.363115],[22.931118,39.363116],[22.931096,39.363115],[22.931075,39.363111]]},"properties":{"name":"Αθηνών","lines":"3, 4, 11","arr":["3","4","11"],"roundabout":1,"mode":"bus","color":"#0059a9"}},{"type":"Feature","geometry":{"type":"LineString","coordinates":[[22.923351,39.366765],[22.923355,39.366783],[22.923356,39.366802],[22.923355,39.366821],[22.923352,39.366832]]},"properties":{"name":"ΕΟ6","lines":"3, 11","arr":["3","11"],"roundabout":1,"mode":"bus","color":"#0059a9"}},{"type":"Feature","geometry":{"type":"LineString","coordinates":[[22.923122,39.366964],[22.923092,39.36696]]},"properties":{"name":"ΕΟ6","lines":"3, 11","arr":["3","11"],"roundabout":1,"mode":"bus","color":"#0059a9"}},{"type":"Feature","geometry":{"type":"LineString","coordinates":[[22.923092,39.36696],[22.923064,39.366952],[22.923037,39.366942],[22.923012,39.366928],[22.922991,39.366912],[22.922972,39.366894],[22.922957,39.366874],[22.922945,39.366853],[22.922938,39.36683],[22.922935,39.366807],[22.922936,39.366784],[22.922942,39.366761],[22.922951,39.366739],[22.922965,39.366719]]},"properties":{"name":"ΕΟ6","lines":"3","arr":["3"],"roundabout":1,"mode":"bus","color":"#0059a9"}},{"type":"Feature","geometry":{"type":"LineString","coordinates":[[22.922965,39.366719],[22.922982,39.3667],[22.923002,39.366683],[22.923025,39.366669],[22.92305,39.366657],[22.923077,39.366648],[22.923105,39.366642],[22.923134,39.36664],[22.923156,39.36664],[22.923178,39.366642]]},"properties":{"name":"ΕΟ6","lines":"3, 11","arr":["3","11"],"roundabout":1,"mode":"bus","color":"#0059a9"}},{"type":"Feature","geometry":{"type":"LineString","coordinates":[[22.930956,39.363008],[22.930953,39.362987],[22.930956,39.362965],[22.930962,39.362944],[22.930974,39.362925],[22.930989,39.362907]]},"properties":{"name":"Αθηνών","lines":"3, 4, 11","arr":["3","4","11"],"roundabout":1,"mode":"bus","color":"#0059a9"}},{"type":"Feature","geometry":{"type":"LineString","coordinates":[[22.930989,39.362907],[22.931008,39.362891],[22.93103,39.362878],[22.931054,39.362868],[22.93108,39.362861],[22.931108,39.362857],[22.931135,39.362857],[22.931163,39.362861],[22.931189,39.362868]]},"properties":{"name":"Αθηνών","lines":"3, 4, 11","arr":["3","4","11"],"roundabout":1,"mode":"bus","color":"#0059a9"}},{"type":"Feature","geometry":{"type":"LineString","coordinates":[[22.931189,39.362868],[22.931215,39.362879]]},"properties":{"name":"Αθηνών","lines":"3, 4, 11","arr":["3","4","11"],"roundabout":1,"mode":"bus","color":"#0059a9"}},{"type":"Feature","geometry":{"type":"LineString","coordinates":[[22.931215,39.362879],[22.931236,39.362892]]},"properties":{"name":"Αθηνών","lines":"3, 4, 11","arr":["3","4","11"],"roundabout":1,"mode":"bus","color":"#0059a9"}},{"type":"Feature","geometry":{"type":"LineString","coordinates":[[22.965462,39.351183],[22.965448,39.351173],[22.965438,39.351163],[22.965432,39.351156],[22.965427,39.351149],[22.965422,39.351141],[22.965416,39.351125]]},"properties":{"name":"ΕΟ34","lines":"3, 5, 11, 15","arr":["3","5","11","15"],"roundabout":1,"mode":"bus","color":"#0059a9"}},{"type":"Feature","geometry":{"type":"LineString","coordinates":[[22.931075,39.363111],[22.93105,39.363104],[22.931026,39.363094],[22.931005,39.363081],[22.930987,39.363065],[22.930973,39.363047],[22.930962,39.363028],[22.930956,39.363008]]},"properties":{"name":"Αθηνών","lines":"4","arr":["4"],"roundabout":1,"mode":"bus","color":"#0059a9"}},{"type":"Feature","geometry":{"type":"LineString","coordinates":[[22.992011,39.351614],[22.992011,39.351657],[22.991993,39.351698],[22.99196,39.351734],[22.991915,39.351759],[22.991862,39.351773],[22.991806,39.351774],[22.991752,39.351761],[22.991706,39.351736],[22.991672,39.351701],[22.991653,39.35166]]},"properties":{"name":"Κόμβος Αστέρια","lines":"5","arr":["5"],"roundabout":1,"mode":"bus","color":"#0059a9"}},{"type":"Feature","geometry":{"type":"LineString","coordinates":[[22.965584,39.351206],[22.96557,39.351208],[22.965558,39.351209],[22.965544,39.351208],[22.965528,39.351207],[22.965507,39.351202],[22.965487,39.351196],[22.965462,39.351183]]},"properties":{"name":"ΕΟ34","lines":"5, 11","arr":["5","11"],"roundabout":1,"mode":"bus","color":"#0059a9"}},{"type":"Feature","geometry":{"type":"LineString","coordinates":[[22.965416,39.351125],[22.965412,39.351104],[22.965412,39.351089],[22.965414,39.351079],[22.965417,39.351068],[22.965421,39.351058],[22.965427,39.351048],[22.965438,39.351035]]},"properties":{"name":"ΕΟ34","lines":"5, 15","arr":["5","15"],"roundabout":1,"mode":"bus","color":"#0059a9"}},{"type":"Feature","geometry":{"type":"LineString","coordinates":[[22.991776,39.351501],[22.991827,39.351494]]},"properties":{"name":"Κόμβος Αστέρια","lines":"5","arr":["5"],"roundabout":1,"mode":"bus","color":"#0059a9"}},{"type":"Feature","geometry":{"type":"LineString","coordinates":[[22.926237,39.380404],[22.926235,39.380363],[22.926251,39.380324],[22.926282,39.380291]]},"properties":{"name":"","lines":"9","arr":["9"],"roundabout":1,"mode":"bus","color":"#0059a9"}},{"type":"Feature","geometry":{"type":"LineString","coordinates":[[22.926282,39.380291],[22.926325,39.380268],[22.926376,39.380257],[22.926428,39.380259],[22.926477,39.380274]]},"properties":{"name":"","lines":"9","arr":["9"],"roundabout":1,"mode":"bus","color":"#0059a9"}},{"type":"Feature","geometry":{"type":"LineString","coordinates":[[22.926477,39.380274],[22.926517,39.380301],[22.926544,39.380336]]},"properties":{"name":"","lines":"9","arr":["9"],"roundabout":1,"mode":"bus","color":"#0059a9"}},{"type":"Feature","geometry":{"type":"LineString","coordinates":[[22.926487,39.380481],[22.926463,39.380492],[22.926439,39.380499]]},"properties":{"name":"","lines":"9","arr":["9"],"roundabout":1,"mode":"bus","color":"#0059a9"}},{"type":"Feature","geometry":{"type":"LineString","coordinates":[[22.93379,39.361749],[22.933801,39.36177],[22.93381,39.361799],[22.93381,39.361828],[22.933802,39.361857],[22.933782,39.361888]]},"properties":{"name":"ΕΟ34","lines":"11","arr":["11"],"roundabout":1,"mode":"bus","color":"#0059a9"}},{"type":"Feature","geometry":{"type":"LineString","coordinates":[[22.923352,39.366832],[22.923349,39.366844],[22.92334,39.366866],[22.923326,39.366886],[22.923309,39.366905],[22.923288,39.366922],[22.923265,39.366937],[22.923239,39.366948],[22.923211,39.366957],[22.923182,39.366963],[22.923152,39.366965],[22.923122,39.366964]]},"properties":{"name":"ΕΟ6","lines":"11","arr":["11"],"roundabout":1,"mode":"bus","color":"#0059a9"}},{"type":"Feature","geometry":{"type":"LineString","coordinates":[[22.923178,39.366642],[22.923211,39.366647],[22.923233,39.366654],[22.923254,39.366663],[22.923274,39.366673],[22.923292,39.366685],[22.923308,39.366699],[22.923323,39.366714],[22.923334,39.36673],[22.923344,39.366747],[22.923351,39.366765]]},"properties":{"name":"ΕΟ6","lines":"11","arr":["11"],"roundabout":1,"mode":"bus","color":"#0059a9"}},{"type":"Feature","geometry":{"type":"LineString","coordinates":[[22.964193,39.35123],[22.964177,39.351201],[22.964162,39.351166],[22.96415,39.351133],[22.964142,39.351108],[22.964131,39.351072],[22.964118,39.351029],[22.964101,39.350989],[22.964086,39.350963],[22.964059,39.35093],[22.96403,39.350901],[22.963999,39.350876],[22.963962,39.350856],[22.963929,39.350843],[22.963884,39.35083],[22.963798,39.350816],[22.963653,39.350797],[22.963624,39.350789],[22.963615,39.350784],[22.963591,39.350774],[22.963545,39.350752],[22.963507,39.350737],[22.963463,39.350729],[22.963428,39.350725],[22.963373,39.350726],[22.963232,39.350741]]},"properties":{"name":"Νικολάου Πλαστήρα","lines":"1, 3, 15","arr":["1","3","15"],"roundabout":0,"mode":"bus","color":"#0059a9"}},{"type":"Feature","geometry":{"type":"LineString","coordinates":[[22.964193,39.35123],[22.964162,39.351252],[22.964131,39.35128],[22.9641,39.351309],[22.963954,39.351443],[22.963731,39.351687],[22.963247,39.352146],[22.962744,39.352617]]},"properties":{"name":"Πολυμέρη","lines":"1, 3, 5, 11, 15","arr":["1","3","5","11","15"],"roundabout":0,"mode":"bus","color":"#0059a9"}},{"type":"Feature","geometry":{"type":"LineString","coordinates":[[22.962744,39.352617],[22.96211,39.353211],[22.962023,39.353292],[22.961983,39.35333],[22.961804,39.353498],[22.961659,39.353633],[22.961571,39.353717],[22.961538,39.353748],[22.961514,39.353768],[22.96147,39.3538],[22.961358,39.353876],[22.961194,39.353973],[22.960981,39.3541],[22.960398,39.354437],[22.959819,39.354778],[22.959538,39.354929],[22.959301,39.355054],[22.959048,39.355182],[22.958791,39.355313],[22.958661,39.355378],[22.958589,39.355413],[22.958528,39.355445],[22.958001,39.35572],[22.957434,39.355995],[22.957081,39.356172],[22.956791,39.356317],[22.956115,39.356647],[22.955499,39.356958],[22.954999,39.357217],[22.954586,39.357425],[22.954504,39.357466],[22.954463,39.357487],[22.95443,39.357503],[22.953947,39.357746],[22.953745,39.357848],[22.953502,39.35797],[22.953462,39.35799],[22.953094,39.358176],[22.952838,39.358304],[22.952215,39.358617]]},"properties":{"name":"Πολυμέρη","lines":"1, 5, 11","arr":["1","5","11"],"roundabout":0,"mode":"bus","color":"#0059a9"}},{"type":"Feature","geometry":{"type":"LineString","coordinates":[[22.952215,39.358617],[22.951702,39.357981],[22.951679,39.357952],[22.951503,39.357732],[22.951491,39.357719],[22.951478,39.357708]]},"properties":{"name":"Φιλελλήνων","lines":"1, 5, 11","arr":["1","5","11"],"roundabout":0,"mode":"bus","color":"#0059a9"}},{"type":"Feature","geometry":{"type":"LineString","coordinates":[[22.951702,39.357981],[22.951118,39.358278],[22.95107,39.358303],[22.950565,39.35856],[22.950341,39.358673],[22.950109,39.358792],[22.949927,39.358884],[22.94963,39.359035],[22.94938,39.359162],[22.948901,39.359406],[22.948704,39.359506],[22.948496,39.359612],[22.948221,39.359752],[22.947979,39.359875],[22.947745,39.359994],[22.947487,39.360125],[22.947221,39.360261],[22.947008,39.360369],[22.946704,39.360525],[22.946314,39.360722],[22.946062,39.36085],[22.945734,39.361017],[22.945704,39.361032]]},"properties":{"name":"Δημητριάδος","lines":"1, 5, 11","arr":["1","5","11"],"roundabout":0,"mode":"bus","color":"#0059a9"}},{"type":"Feature","geometry":{"type":"LineString","coordinates":[[22.945704,39.361032],[22.945437,39.361166],[22.945205,39.361275],[22.944986,39.361378],[22.944954,39.361394],[22.944714,39.361506],[22.944462,39.361619],[22.944168,39.361749],[22.943957,39.361843],[22.943694,39.361959],[22.943508,39.362039],[22.94333,39.362115],[22.943095,39.362216],[22.943004,39.362256],[22.942917,39.362264],[22.94286,39.362268],[22.9428,39.362271],[22.942736,39.362275],[22.942684,39.362278],[22.942615,39.362281],[22.94253,39.362284],[22.942509,39.362284],[22.942478,39.362284],[22.942453,39.362286],[22.942427,39.362288],[22.942407,39.362291],[22.942382,39.362295],[22.942341,39.362303],[22.942309,39.362312],[22.942288,39.362319],[22.942246,39.362334],[22.942212,39.362347],[22.942203,39.36235]]},"properties":{"name":"Δημητριάδος","lines":"1, 2, 3, 4, 5, 7, 9, 11, 15, 49","arr":["1","2","3","4","5","7","9","11","15","49"],"roundabout":0,"mode":"bus","color":"#0059a9"}},{"type":"Feature","geometry":{"type":"LineString","coordinates":[[22.942175,39.362379],[22.94213,39.362426],[22.942096,39.362461],[22.942065,39.362496],[22.942044,39.362521],[22.942028,39.362544],[22.942017,39.362561],[22.942009,39.362576],[22.941999,39.362593],[22.941987,39.36262],[22.941975,39.362646],[22.941955,39.362686],[22.941937,39.362713],[22.941913,39.362746],[22.941895,39.362763],[22.941785,39.36286],[22.941728,39.362912],[22.941595,39.363039],[22.941404,39.363222],[22.941201,39.363413],[22.941008,39.3636],[22.940795,39.363804],[22.940761,39.363837],[22.940669,39.363927]]},"properties":{"name":"Δημητριάδος","lines":"1","arr":["1"],"roundabout":0,"mode":"bus","color":"#0059a9"}},{"type":"Feature","geometry":{"type":"LineString","coordinates":[[22.940669,39.363927],[22.940643,39.363957],[22.940624,39.363979],[22.940559,39.364062],[22.94037,39.364336],[22.940252,39.364498],[22.940072,39.364747],[22.939704,39.36526],[22.939396,39.365703],[22.939004,39.366244],[22.938975,39.366286],[22.938589,39.366822],[22.938189,39.367374],[22.937969,39.367678],[22.937839,39.367856],[22.937814,39.36789],[22.937772,39.367949],[22.937722,39.368016],[22.937307,39.36859],[22.936942,39.36911],[22.936907,39.36916],[22.936512,39.369719],[22.936342,39.369961],[22.936323,39.369988],[22.936308,39.370009],[22.936272,39.370059],[22.936239,39.370105],[22.93613,39.370259],[22.936117,39.370277],[22.936049,39.370301],[22.936054,39.37024],[22.936163,39.370086],[22.936173,39.370072],[22.936206,39.370025]]},"properties":{"name":"2ας Νοεμβρίου","lines":"1","arr":["1"],"roundabout":0,"mode":"bus","color":"#0059a9"}},{"type":"Feature","geometry":{"type":"LineString","coordinates":[[22.936049,39.370301],[22.935933,39.37046],[22.935683,39.3708],[22.935106,39.371584],[22.934972,39.371766],[22.934861,39.371918],[22.934752,39.372066],[22.934639,39.372219],[22.93453,39.372367],[22.934423,39.372513],[22.934314,39.372661],[22.934202,39.372814],[22.934079,39.37298]]},"properties":{"name":"Ειρήνης","lines":"1","arr":["1"],"roundabout":0,"mode":"bus","color":"#0059a9"}},{"type":"Feature","geometry":{"type":"LineString","coordinates":[[22.933481,39.373821],[22.933359,39.37399],[22.933222,39.374181],[22.933123,39.374317],[22.933102,39.374346]]},"properties":{"name":"Ειρήνης","lines":"1","arr":["1"],"roundabout":0,"mode":"bus","color":"#0059a9"}},{"type":"Feature","geometry":{"type":"LineString","coordinates":[[22.935314,39.375206],[22.935277,39.375193],[22.935246,39.375183],[22.934987,39.375095],[22.934953,39.375084],[22.93475,39.37501],[22.93466,39.374978],[22.934225,39.374823],[22.934097,39.374774],[22.933958,39.37472],[22.933815,39.37466],[22.933413,39.374482],[22.933102,39.374346],[22.932988,39.374297],[22.932797,39.374215],[22.932427,39.37405],[22.932389,39.374034],[22.932134,39.373923],[22.93178,39.373769],[22.931378,39.373594],[22.931345,39.373579],[22.930992,39.373425],[22.930638,39.373269],[22.930608,39.373255],[22.930544,39.373227],[22.930212,39.373082],[22.929829,39.372917],[22.929444,39.372747],[22.929078,39.372587],[22.928691,39.372417]]},"properties":{"name":"Μαιάνδρου","lines":"1, 11","arr":["1","11"],"roundabout":0,"mode":"bus","color":"#0059a9"}},{"type":"Feature","geometry":{"type":"LineString","coordinates":[[22.935314,39.375206],[22.93527,39.375422]]},"properties":{"name":"Ικάρων","lines":"1","arr":["1"],"roundabout":0,"mode":"bus","color":"#0059a9"}},{"type":"Feature","geometry":{"type":"LineString","coordinates":[[22.93527,39.375422],[22.935246,39.375539],[22.935176,39.375878],[22.935159,39.375962],[22.935089,39.376095],[22.934957,39.376296]]},"properties":{"name":"Ικάρων","lines":"1, 11","arr":["1","11"],"roundabout":0,"mode":"bus","color":"#0059a9"}},{"type":"Feature","geometry":{"type":"LineString","coordinates":[[22.934957,39.376296],[22.934334,39.376021],[22.93379,39.375781],[22.932521,39.375221],[22.932463,39.375196],[22.931799,39.374903],[22.931505,39.374773],[22.931165,39.374623],[22.93077,39.374449]]},"properties":{"name":"Εθνικών Αγώνων","lines":"1, 11","arr":["1","11"],"roundabout":0,"mode":"bus","color":"#0059a9"}},{"type":"Feature","geometry":{"type":"LineString","coordinates":[[22.930743,39.374488],[22.93071,39.374473],[22.930011,39.374162],[22.929974,39.374146],[22.929189,39.373804],[22.928444,39.373488],[22.928131,39.373367],[22.928032,39.373329],[22.927632,39.373183],[22.9275,39.373134],[22.927314,39.373069],[22.927271,39.373056]]},"properties":{"name":"Εθνικών Αγώνων","lines":"1, 11","arr":["1","11"],"roundabout":0,"mode":"bus","color":"#0059a9"}},{"type":"Feature","geometry":{"type":"LineString","coordinates":[[22.93077,39.374449],[22.930743,39.374488]]},"properties":{"name":"Βενιζέλου","lines":"1, 11","arr":["1","11"],"roundabout":0,"mode":"bus","color":"#0059a9"}},{"type":"Feature","geometry":{"type":"LineString","coordinates":[[22.927271,39.373056],[22.926729,39.372894],[22.926407,39.372806],[22.92604,39.372708],[22.925466,39.372555],[22.925053,39.372451],[22.924889,39.372415],[22.924508,39.372329],[22.924232,39.37227],[22.924137,39.37225],[22.923941,39.372211],[22.92377,39.372177],[22.923538,39.372132],[22.923233,39.372079],[22.923057,39.372046],[22.922807,39.371999],[22.922563,39.371974]]},"properties":{"name":"Εθνικών Αγώνων","lines":"1","arr":["1"],"roundabout":0,"mode":"bus","color":"#0059a9"}},{"type":"Feature","geometry":{"type":"LineString","coordinates":[[22.922058,39.374468],[22.922157,39.374205],[22.922318,39.373783],[22.922447,39.373452],[22.922573,39.373129],[22.922683,39.372846],[22.92269,39.372821],[22.922697,39.372781],[22.922698,39.372744],[22.922696,39.3727],[22.922692,39.372669],[22.922638,39.372398],[22.922563,39.371974]]},"properties":{"name":"Μυτιλήνης","lines":"1, 3","arr":["1","3"],"roundabout":0,"mode":"bus","color":"#0059a9"}},{"type":"Feature","geometry":{"type":"LineString","coordinates":[[22.922058,39.374468],[22.921907,39.374866],[22.921891,39.374908],[22.921555,39.375796],[22.921414,39.376158],[22.921317,39.37643],[22.921297,39.376494],[22.92123,39.376715],[22.921202,39.376818],[22.921016,39.377499]]},"properties":{"name":"Μυτιλήνης","lines":"1","arr":["1"],"roundabout":0,"mode":"bus","color":"#0059a9"}},{"type":"Feature","geometry":{"type":"LineString","coordinates":[[22.921016,39.377499],[22.921308,39.377613],[22.921331,39.377625],[22.921343,39.377639],[22.921328,39.377647],[22.921316,39.377657],[22.921234,39.377813]]},"properties":{"name":"Γκλαβάνη","lines":"1","arr":["1"],"roundabout":0,"mode":"bus","color":"#0059a9"}},{"type":"Feature","geometry":{"type":"LineString","coordinates":[[22.921234,39.377813],[22.921752,39.377996],[22.921864,39.378034],[22.922215,39.378156],[22.922712,39.378324],[22.923285,39.378516],[22.924036,39.37878],[22.924085,39.378794],[22.924488,39.378889],[22.925006,39.37901]]},"properties":{"name":"Περίνθου","lines":"1","arr":["1"],"roundabout":0,"mode":"bus","color":"#0059a9"}},{"type":"Feature","geometry":{"type":"LineString","coordinates":[[22.925006,39.37901],[22.925406,39.377908],[22.925587,39.377386],[22.925845,39.376667],[22.926139,39.375857],[22.926156,39.37583],[22.926185,39.375775],[22.926226,39.375717],[22.92646,39.375505],[22.926498,39.37546],[22.926753,39.375141],[22.927243,39.374487],[22.927464,39.374191],[22.927738,39.373793],[22.927758,39.373757],[22.927782,39.373699],[22.927986,39.373397],[22.928032,39.373329],[22.928356,39.372869],[22.928691,39.372417]]},"properties":{"name":"Ελλησπόντου","lines":"1","arr":["1"],"roundabout":0,"mode":"bus","color":"#0059a9"}},{"type":"Feature","geometry":{"type":"LineString","coordinates":[[22.936206,39.370025],[22.936254,39.369956],[22.93645,39.369672],[22.936653,39.369379],[22.936828,39.369127],[22.936863,39.369077],[22.937226,39.368563],[22.937598,39.368035],[22.937637,39.36798],[22.937685,39.367912],[22.937729,39.367852],[22.938105,39.367338],[22.938508,39.366787],[22.9389,39.366253],[22.939319,39.365667],[22.939498,39.365415],[22.939696,39.365135],[22.939969,39.364749],[22.939996,39.364712],[22.940082,39.36459],[22.940282,39.36432],[22.940454,39.364071],[22.94048,39.364033],[22.940536,39.363961],[22.940553,39.36394],[22.940583,39.363907]]},"properties":{"name":"2ας Νοεμβρίου","lines":"1, 15","arr":["1","15"],"roundabout":0,"mode":"bus","color":"#0059a9"}},{"type":"Feature","geometry":{"type":"LineString","coordinates":[[22.940583,39.363907],[22.940675,39.363819],[22.941472,39.363057],[22.941683,39.362855],[22.941709,39.362841],[22.941727,39.362829],[22.941749,39.362815],[22.94177,39.362797],[22.941795,39.362777],[22.941816,39.362756],[22.941844,39.362728],[22.941863,39.362707],[22.941871,39.362695],[22.941877,39.362687],[22.94188,39.362683],[22.941888,39.362671],[22.941896,39.362655],[22.941903,39.362639],[22.941908,39.362625],[22.941913,39.362604],[22.941915,39.362589],[22.941916,39.362572],[22.941917,39.362558],[22.941917,39.362545],[22.941918,39.362528],[22.941916,39.362514],[22.941914,39.362501],[22.941911,39.362482],[22.941902,39.362444],[22.941879,39.362384]]},"properties":{"name":"Δημητριάδος","lines":"1, 15","arr":["1","15"],"roundabout":0,"mode":"bus","color":"#0059a9"}},{"type":"Feature","geometry":{"type":"LineString","coordinates":[[22.941994,39.362104],[22.942044,39.362062],[22.942062,39.362046],[22.942083,39.362027],[22.94211,39.361999],[22.942131,39.361973],[22.942143,39.361959],[22.942166,39.361928],[22.942185,39.361902],[22.942208,39.361871],[22.942227,39.361848],[22.942241,39.361833],[22.942257,39.361817],[22.942275,39.361801],[22.942291,39.361787],[22.942319,39.361765],[22.94235,39.361741],[22.942389,39.361713],[22.942433,39.361682],[22.942506,39.361629],[22.94284,39.361539],[22.943159,39.361456],[22.943216,39.361439],[22.943317,39.361405],[22.943554,39.361307],[22.943755,39.361215],[22.944049,39.361081],[22.944225,39.361],[22.9443,39.360966],[22.944534,39.360858],[22.944789,39.360741],[22.94499,39.360649],[22.945287,39.360512],[22.945316,39.360499],[22.945622,39.360357],[22.945883,39.360236],[22.946269,39.360061]]},"properties":{"name":"Ιάσονος","lines":"1, 2, 3, 4, 5, 7, 9, 11, 15, 49","arr":["1","2","3","4","5","7","9","11","15","49"],"roundabout":0,"mode":"bus","color":"#0059a9"}},{"type":"Feature","geometry":{"type":"LineString","coordinates":[[22.946269,39.360061],[22.946588,39.359905],[22.946825,39.359791],[22.947095,39.359661],[22.947374,39.359527],[22.947596,39.359421],[22.947796,39.359325],[22.948126,39.359168],[22.948295,39.359088],[22.948524,39.358979],[22.949009,39.35875],[22.949621,39.358462],[22.950196,39.358183],[22.950249,39.358158],[22.950813,39.357884],[22.95118,39.357699],[22.951208,39.35769],[22.951236,39.357683],[22.951264,39.357679],[22.951294,39.357676],[22.951321,39.357675],[22.951346,39.357675],[22.95137,39.357676],[22.951391,39.357678],[22.951416,39.357682],[22.951438,39.357687],[22.95146,39.357697],[22.951478,39.357708]]},"properties":{"name":"Ιάσονος","lines":"1, 5, 11","arr":["1","5","11"],"roundabout":0,"mode":"bus","color":"#0059a9"}},{"type":"Feature","geometry":{"type":"LineString","coordinates":[[22.963731,39.351687],[22.963468,39.351322],[22.963263,39.351033],[22.963246,39.35101],[22.96323,39.350983],[22.963216,39.350958],[22.963204,39.350936],[22.963197,39.350921],[22.963192,39.350909],[22.963185,39.350886],[22.96318,39.350862],[22.963177,39.350846],[22.963176,39.35083],[22.963179,39.350813],[22.963181,39.350796],[22.963185,39.350787],[22.96319,39.350779],[22.963204,39.350763],[22.963232,39.350741]]},"properties":{"name":"Αιολίδος","lines":"1","arr":["1"],"roundabout":0,"mode":"bus","color":"#0059a9"}},{"type":"Feature","geometry":{"type":"LineString","coordinates":[[22.932553,39.36151],[22.932609,39.36152]]},"properties":{"name":"","lines":"4, 9, 11, 49","arr":["4","9","11","49"],"roundabout":0,"mode":"bus","color":"#0059a9"}},{"type":"Feature","geometry":{"type":"LineString","coordinates":[[22.932609,39.36152],[22.932656,39.361527],[22.932702,39.36153],[22.932754,39.361532],[22.93278,39.36153],[22.9328,39.361528],[22.932828,39.36152],[22.932845,39.361512],[22.932861,39.361499],[22.932874,39.361486],[22.932891,39.361462],[22.93294,39.36137]]},"properties":{"name":"","lines":"2, 4, 5, 7, 9, 11, 49","arr":["2","4","5","7","9","11","49"],"roundabout":0,"mode":"bus","color":"#0059a9"}},{"type":"Feature","geometry":{"type":"LineString","coordinates":[[22.93294,39.36137],[22.933206,39.36147],[22.933241,39.361484],[22.933315,39.361522],[22.933417,39.361582],[22.933469,39.361613],[22.933577,39.361686]]},"properties":{"name":"Σέκερη","lines":"2, 4, 5, 7, 9, 11, 49","arr":["2","4","5","7","9","11","49"],"roundabout":0,"mode":"bus","color":"#0059a9"}},{"type":"Feature","geometry":{"type":"LineString","coordinates":[[22.93379,39.361749],[22.933822,39.361752],[22.933854,39.361758],[22.933879,39.361763],[22.933912,39.361772],[22.933963,39.36179],[22.934018,39.361811],[22.934077,39.36184],[22.934113,39.361857],[22.934192,39.36189]]},"properties":{"name":"Γρηγορίου Λαμπράκη","lines":"2, 3, 4, 5, 7, 9, 11, 49","arr":["2","3","4","5","7","9","11","49"],"roundabout":0,"mode":"bus","color":"#0059a9"}},{"type":"Feature","geometry":{"type":"LineString","coordinates":[[22.938457,39.362164],[22.93855,39.362173],[22.938648,39.362179],[22.940256,39.362172],[22.941279,39.362168],[22.941326,39.362174],[22.941383,39.36218],[22.941438,39.362184],[22.941491,39.362187],[22.941544,39.36219],[22.941591,39.362191],[22.941665,39.362191],[22.941687,39.36219],[22.941722,39.362187],[22.941752,39.362184],[22.941776,39.362179],[22.941807,39.362172],[22.941829,39.362166],[22.941846,39.362161],[22.941873,39.362151]]},"properties":{"name":"Γρηγορίου Λαμπράκη","lines":"2, 3, 4, 5, 7, 9, 11, 49","arr":["2","3","4","5","7","9","11","49"],"roundabout":0,"mode":"bus","color":"#0059a9"}},{"type":"Feature","geometry":{"type":"LineString","coordinates":[[22.937549,39.362368],[22.937458,39.362383],[22.937318,39.362409],[22.937029,39.362465],[22.936768,39.362517],[22.936719,39.362526],[22.936683,39.362531],[22.936643,39.362535],[22.936618,39.362537],[22.936547,39.362539],[22.936501,39.36254],[22.936447,39.362537],[22.936398,39.362535],[22.936357,39.362532],[22.936289,39.362526],[22.936223,39.362518],[22.936142,39.362506],[22.936105,39.362498],[22.93575,39.362386],[22.93569,39.362366],[22.935361,39.362262],[22.935072,39.36217],[22.934561,39.362007],[22.934192,39.36189],[22.934131,39.361879],[22.934091,39.361869],[22.93405,39.361861],[22.934029,39.361859],[22.933993,39.361857],[22.933963,39.361858],[22.933927,39.361861],[22.933886,39.361867],[22.933854,39.361873],[22.933828,39.361878],[22.933782,39.361888]]},"properties":{"name":"Γρηγορίου Λαμπράκη","lines":"2, 3, 4, 5, 7, 9, 11, 15, 49","arr":["2","3","4","5","7","9","11","15","49"],"roundabout":0,"mode":"bus","color":"#0059a9"}},{"type":"Feature","geometry":{"type":"LineString","coordinates":[[22.941866,39.362373],[22.941824,39.362361],[22.941801,39.362353],[22.94177,39.362344],[22.941728,39.362334],[22.941683,39.362322],[22.941649,39.362316],[22.941613,39.362309],[22.941591,39.362307],[22.941555,39.362305],[22.941522,39.362305],[22.941472,39.362305],[22.941393,39.362307],[22.941179,39.362308],[22.941114,39.362308],[22.940391,39.362307],[22.940258,39.362306],[22.939509,39.362305],[22.939118,39.362304],[22.938685,39.362303],[22.938648,39.362303],[22.938587,39.362304],[22.938539,39.362305],[22.938511,39.362306],[22.938497,39.362308],[22.938486,39.36231],[22.938476,39.362312],[22.938465,39.362315],[22.938453,39.362319]]},"properties":{"name":"Γρηγορίου Λαμπράκη","lines":"2, 3, 4, 5, 7, 9, 11, 15, 49","arr":["2","3","4","5","7","9","11","15","49"],"roundabout":0,"mode":"bus","color":"#0059a9"}},{"type":"Feature","geometry":{"type":"LineString","coordinates":[[22.937549,39.362368],[22.937563,39.362356],[22.937586,39.362341],[22.93761,39.36233],[22.937633,39.362321],[22.937657,39.362313],[22.937687,39.362306],[22.937756,39.362289],[22.93793,39.362256],[22.937966,39.362249],[22.938088,39.362215]]},"properties":{"name":"ΕΟ34","lines":"2, 3, 4, 5, 7, 9, 11, 49","arr":["2","3","4","5","7","9","11","49"],"roundabout":0,"mode":"bus","color":"#0059a9"}},{"type":"Feature","geometry":{"type":"LineString","coordinates":[[22.946269,39.360061],[22.946648,39.360466],[22.946704,39.360525],[22.947262,39.36112],[22.947505,39.36138],[22.947657,39.361543],[22.947994,39.361902],[22.94836,39.362293],[22.94866,39.362613],[22.949256,39.36325],[22.949847,39.36388],[22.950355,39.364423],[22.950384,39.364453],[22.9509,39.365004],[22.951123,39.365242],[22.951328,39.365461],[22.951766,39.365928]]},"properties":{"name":"Κωνσταντίνου Καρτάλη","lines":"2, 3, 4, 7, 9, 15, 49","arr":["2","3","4","7","9","15","49"],"roundabout":0,"mode":"bus","color":"#0059a9"}},{"type":"Feature","geometry":{"type":"LineString","coordinates":[[22.951766,39.365928],[22.95183,39.365996]]},"properties":{"name":"Κωνσταντίνου Καρτάλη","lines":"2, 4, 7, 9, 15, 49","arr":["2","4","7","9","15","49"],"roundabout":0,"mode":"bus","color":"#0059a9"}},{"type":"Feature","geometry":{"type":"LineString","coordinates":[[22.95183,39.365996],[22.951426,39.366219],[22.950841,39.366542],[22.950724,39.366608]]},"properties":{"name":"Αναλήψεως","lines":"2, 3, 7, 9, 11","arr":["2","3","7","9","11"],"roundabout":0,"mode":"bus","color":"#0059a9"}},{"type":"Feature","geometry":{"type":"LineString","coordinates":[[22.950724,39.366608],[22.950559,39.3667],[22.950382,39.366799],[22.950006,39.367016],[22.949524,39.367286],[22.949018,39.367569],[22.948576,39.367819],[22.947943,39.368168],[22.947625,39.368343],[22.947294,39.368524]]},"properties":{"name":"Αναλήψεως","lines":"2, 9, 11","arr":["2","9","11"],"roundabout":0,"mode":"bus","color":"#0059a9"}},{"type":"Feature","geometry":{"type":"LineString","coordinates":[[22.947242,39.368463],[22.947884,39.368102],[22.948511,39.36775],[22.948956,39.367501],[22.949459,39.367218],[22.94994,39.366944],[22.950288,39.366752],[22.950666,39.366545]]},"properties":{"name":"Αναλήψεως","lines":"2, 9, 11","arr":["2","9","11"],"roundabout":0,"mode":"bus","color":"#0059a9"}},{"type":"Feature","geometry":{"type":"LineString","coordinates":[[22.947294,39.368524],[22.946811,39.368791],[22.946282,39.369084],[22.94568,39.369413],[22.945129,39.369714],[22.944671,39.369965],[22.943976,39.370349],[22.943844,39.370423],[22.943814,39.370439],[22.943796,39.370447],[22.943777,39.370453],[22.943759,39.370457],[22.943742,39.370457]]},"properties":{"name":"Αναλήψεως","lines":"2, 11","arr":["2","11"],"roundabout":0,"mode":"bus","color":"#0059a9"}},{"type":"Feature","geometry":{"type":"LineString","coordinates":[[22.943819,39.37034],[22.943859,39.370322],[22.943889,39.370308],[22.94392,39.370291],[22.94461,39.369911],[22.945074,39.369655],[22.945625,39.369352],[22.946225,39.369022],[22.946757,39.368729],[22.947242,39.368463]]},"properties":{"name":"Αναλήψεως","lines":"2, 11","arr":["2","11"],"roundabout":0,"mode":"bus","color":"#0059a9"}},{"type":"Feature","geometry":{"type":"LineString","coordinates":[[22.943742,39.370457],[22.942989,39.370164],[22.942202,39.369857],[22.941808,39.369703],[22.941432,39.369556],[22.941403,39.369545],[22.940936,39.369363],[22.940548,39.369211],[22.940021,39.369006]]},"properties":{"name":"Παγασών","lines":"2, 11","arr":["2","11"],"roundabout":0,"mode":"bus","color":"#0059a9"}},{"type":"Feature","geometry":{"type":"LineString","coordinates":[[22.940058,39.36893],[22.940574,39.369148],[22.941221,39.369405],[22.941438,39.369489],[22.941469,39.369501],[22.94229,39.369817],[22.942331,39.369833],[22.942725,39.369985],[22.943043,39.370108],[22.943688,39.370356],[22.943695,39.370359],[22.943706,39.370361],[22.943715,39.370362],[22.943725,39.370363],[22.943738,39.370363],[22.94375,39.370361],[22.943764,39.370359],[22.943776,39.370355],[22.94379,39.370351],[22.943802,39.370347],[22.943819,39.37034]]},"properties":{"name":"Παγασών","lines":"2, 11","arr":["2","11"],"roundabout":0,"mode":"bus","color":"#0059a9"}},{"type":"Feature","geometry":{"type":"LineString","coordinates":[[22.939488,39.371639],[22.939491,39.371621],[22.939496,39.371599],[22.93952,39.371474],[22.939601,39.371065],[22.939709,39.370521],[22.939722,39.370455],[22.939747,39.37033],[22.939818,39.369982],[22.939885,39.369652],[22.939988,39.369131],[22.939993,39.369111],[22.940021,39.369006],[22.940058,39.36893]]},"properties":{"name":"Επτά Πλατανίων","lines":"2, 11","arr":["2","11"],"roundabout":0,"mode":"bus","color":"#0059a9"}},{"type":"Feature","geometry":{"type":"LineString","coordinates":[[22.939488,39.371639],[22.939444,39.371868],[22.93944,39.371894],[22.939323,39.372465],[22.939318,39.372493],[22.939281,39.372683],[22.939275,39.372717],[22.939241,39.372894],[22.939206,39.373073],[22.939162,39.373301],[22.939042,39.373925],[22.938849,39.374934],[22.938832,39.375018],[22.938781,39.375284],[22.938757,39.375408],[22.938633,39.376053]]},"properties":{"name":"Αναπαύσεως","lines":"2, 11","arr":["2","11"],"roundabout":0,"mode":"bus","color":"#0059a9"}},{"type":"Feature","geometry":{"type":"LineString","coordinates":[[22.938633,39.376053],[22.938657,39.376064],[22.938697,39.376085],[22.938812,39.376152],[22.939402,39.376531],[22.939914,39.376876],[22.940205,39.377072],[22.940513,39.377275],[22.941366,39.377832]]},"properties":{"name":"Λεωφόρος Καζανάκι","lines":"2","arr":["2"],"roundabout":0,"mode":"bus","color":"#0059a9"}},{"type":"Feature","geometry":{"type":"LineString","coordinates":[[22.941366,39.377832],[22.94103,39.378309],[22.940858,39.378559],[22.940719,39.378766],[22.940597,39.37895],[22.940553,39.379019],[22.940421,39.379264],[22.940378,39.379333],[22.940299,39.379499],[22.940257,39.37959],[22.940133,39.379867],[22.939931,39.38036],[22.939865,39.380521]]},"properties":{"name":"Παρασκευοπούλου","lines":"2, 9","arr":["2","9"],"roundabout":0,"mode":"bus","color":"#0059a9"}},{"type":"Feature","geometry":{"type":"LineString","coordinates":[[22.93977,39.380795],[22.939865,39.380521],[22.939748,39.380728],[22.939709,39.380782]]},"properties":{"name":"Παρασκευοπούλου","lines":"2, 9","arr":["2","9"],"roundabout":0,"mode":"bus","color":"#0059a9"}},{"type":"Feature","geometry":{"type":"LineString","coordinates":[[22.93977,39.380795],[22.939727,39.380889],[22.939723,39.380906],[22.939712,39.38105],[22.93971,39.3811],[22.93971,39.381134],[22.939711,39.381171],[22.939713,39.381206],[22.939723,39.381287],[22.939732,39.381365]]},"properties":{"name":"Φυτόκου","lines":"2, 9","arr":["2","9"],"roundabout":0,"mode":"bus","color":"#0059a9"}},{"type":"Feature","geometry":{"type":"LineString","coordinates":[[22.939504,39.384249],[22.939667,39.3838],[22.939823,39.3834],[22.939862,39.383287],[22.939916,39.38312],[22.939926,39.383096],[22.939962,39.382949],[22.939986,39.382837],[22.939998,39.382697],[22.940002,39.382589],[22.939998,39.382494],[22.939997,39.382463],[22.939971,39.38233],[22.939929,39.382129],[22.939894,39.381973],[22.939767,39.381511],[22.939738,39.381395],[22.939732,39.381365],[22.939665,39.381177],[22.939653,39.381145],[22.939581,39.380975]]},"properties":{"name":"Φυτόκου","lines":"2, 9","arr":["2","9"],"roundabout":0,"mode":"bus","color":"#0059a9"}},{"type":"Feature","geometry":{"type":"LineString","coordinates":[[22.934422,39.381685],[22.934874,39.381946],[22.93523,39.382164],[22.935431,39.382286],[22.935489,39.382319],[22.936397,39.38283],[22.936472,39.382876],[22.936903,39.383122],[22.937101,39.383223],[22.937201,39.383276],[22.937337,39.383345],[22.937492,39.383415],[22.937645,39.383477],[22.937773,39.383527],[22.9384,39.383773],[22.93853,39.383826],[22.939398,39.384202],[22.939504,39.384249]]},"properties":{"name":"Αγίου Νεκταρίου","lines":"2, 9","arr":["2","9"],"roundabout":0,"mode":"bus","color":"#0059a9"}},{"type":"Feature","geometry":{"type":"LineString","coordinates":[[22.934422,39.381685],[22.934376,39.381771],[22.934281,39.381937],[22.934237,39.382014],[22.934211,39.382056],[22.934129,39.382184],[22.933587,39.382965],[22.933358,39.383295],[22.933312,39.383362],[22.933253,39.383448]]},"properties":{"name":"Σταδίου","lines":"2, 9","arr":["2","9"],"roundabout":0,"mode":"bus","color":"#0059a9"}},{"type":"Feature","geometry":{"type":"LineString","coordinates":[[22.933253,39.383448],[22.933585,39.383632],[22.934173,39.383963],[22.934232,39.383995],[22.934584,39.384198],[22.935205,39.384555],[22.93611,39.38509],[22.936607,39.385383],[22.937067,39.385657],[22.937133,39.385694],[22.937368,39.385799],[22.937482,39.385844],[22.937626,39.385891],[22.937856,39.38595],[22.938244,39.38604],[22.938861,39.386174]]},"properties":{"name":"Αγίου Διονυσίου","lines":"2","arr":["2"],"roundabout":0,"mode":"bus","color":"#0059a9"}},{"type":"Feature","geometry":{"type":"LineString","coordinates":[[22.938472,39.387604],[22.938585,39.387242],[22.938671,39.386995],[22.938721,39.386852],[22.938747,39.386762],[22.938764,39.386711],[22.938811,39.386567],[22.938844,39.386451],[22.938894,39.3863],[22.938899,39.386256],[22.938861,39.386174],[22.938799,39.386242],[22.938774,39.386337],[22.938736,39.386455],[22.938638,39.386789],[22.938606,39.386887],[22.938563,39.387025],[22.938538,39.387102],[22.938525,39.387145],[22.938463,39.387333],[22.93838,39.387604]]},"properties":{"name":"Φυτόκου","lines":"2","arr":["2"],"roundabout":0,"mode":"bus","color":"#0059a9"}},{"type":"Feature","geometry":{"type":"LineString","coordinates":[[22.938472,39.387604],[22.938596,39.387654],[22.938628,39.387667],[22.938656,39.387674],[22.938684,39.387677],[22.938722,39.38768],[22.938762,39.387678],[22.938802,39.387674],[22.938837,39.387666],[22.938871,39.387651],[22.938906,39.387631],[22.938935,39.387609],[22.938969,39.387576],[22.938984,39.387557],[22.938995,39.387535],[22.939008,39.387504]]},"properties":{"name":"","lines":"2","arr":["2"],"roundabout":0,"mode":"bus","color":"#0059a9"}},{"type":"Feature","geometry":{"type":"LineString","coordinates":[[22.942629,39.385948],[22.942348,39.386047],[22.941282,39.386387],[22.940512,39.386628],[22.939963,39.386801],[22.93946,39.386959],[22.939355,39.386991],[22.939287,39.387017],[22.939223,39.387047],[22.939195,39.387069],[22.939167,39.387093],[22.939142,39.387119],[22.939119,39.38715],[22.939101,39.387179],[22.939083,39.387224],[22.939069,39.387271],[22.93906,39.387314],[22.939045,39.387375],[22.939021,39.387464],[22.939008,39.387504],[22.939042,39.387564],[22.939043,39.38758],[22.939042,39.387594],[22.939037,39.387606],[22.939016,39.387634],[22.938989,39.38766],[22.938948,39.387693],[22.938897,39.387721],[22.938853,39.387734],[22.938813,39.387739],[22.938758,39.387743],[22.938698,39.387743],[22.93861,39.387727],[22.938576,39.387718],[22.938544,39.387708],[22.938514,39.387697],[22.938491,39.387685],[22.938473,39.387674],[22.938455,39.387658],[22.93838,39.387604]]},"properties":{"name":"","lines":"2","arr":["2"],"roundabout":0,"mode":"bus","color":"#0059a9"}},{"type":"Feature","geometry":{"type":"LineString","coordinates":[[22.942629,39.385948],[22.942682,39.38617],[22.942772,39.386552]]},"properties":{"name":"Φιλιππίδη","lines":"2","arr":["2"],"roundabout":0,"mode":"bus","color":"#0059a9"}},{"type":"Feature","geometry":{"type":"LineString","coordinates":[[22.942772,39.386552],[22.942257,39.386603],[22.941872,39.386643]]},"properties":{"name":"Μιαούλη","lines":"2","arr":["2"],"roundabout":0,"mode":"bus","color":"#0059a9"}},{"type":"Feature","geometry":{"type":"LineString","coordinates":[[22.941724,39.386658],[22.941479,39.386684]]},"properties":{"name":"Μιαούλη","lines":"2","arr":["2"],"roundabout":0,"mode":"bus","color":"#0059a9"}},{"type":"Feature","geometry":{"type":"LineString","coordinates":[[22.941282,39.386387],[22.941479,39.386684]]},"properties":{"name":"Αλέξανδρου Παναγούλη","lines":"2","arr":["2"],"roundabout":0,"mode":"bus","color":"#0059a9"}},{"type":"Feature","geometry":{"type":"LineString","coordinates":[[22.939581,39.380975],[22.939635,39.38089],[22.939709,39.380782]]},"properties":{"name":"","lines":"2, 9","arr":["2","9"],"roundabout":0,"mode":"bus","color":"#0059a9"}},{"type":"Feature","geometry":{"type":"LineString","coordinates":[[22.950666,39.366545],[22.950228,39.366085],[22.949791,39.365627],[22.949273,39.365079],[22.94925,39.365054],[22.948733,39.364516],[22.948141,39.363895],[22.948058,39.363808],[22.947828,39.363566],[22.947581,39.363306],[22.947532,39.363256],[22.947258,39.362939],[22.947186,39.362856],[22.946894,39.362518],[22.946566,39.362108],[22.946381,39.361878],[22.946184,39.361629],[22.945729,39.361063],[22.945704,39.361032]]},"properties":{"name":"Ελευθερίου Βενιζέλου (Ιωλκού)","lines":"2, 3, 4, 7, 9, 15, 49","arr":["2","3","4","7","9","15","49"],"roundabout":0,"mode":"bus","color":"#0059a9"}},{"type":"Feature","geometry":{"type":"LineString","coordinates":[[22.938149,39.362355],[22.93812,39.36235],[22.938087,39.362345],[22.938047,39.362341],[22.938015,39.362338],[22.937978,39.362337],[22.93795,39.362336],[22.93792,39.362336],[22.937886,39.362337],[22.93783,39.36234],[22.937754,39.362347],[22.937666,39.362354],[22.937549,39.362368]]},"properties":{"name":"ΕΟ34","lines":"2, 3, 4, 5, 7, 9, 11, 15, 49","arr":["2","3","4","5","7","9","11","15","49"],"roundabout":0,"mode":"bus","color":"#0059a9"}},{"type":"Feature","geometry":{"type":"LineString","coordinates":[[22.933764,39.361721],[22.933783,39.361723],[22.93381,39.361724],[22.933832,39.361724],[22.933854,39.361722],[22.933873,39.361719],[22.933889,39.361713],[22.933917,39.3617],[22.933961,39.361676],[22.933976,39.361666],[22.933989,39.361655],[22.934004,39.361637],[22.934338,39.361158]]},"properties":{"name":"Λαχανά","lines":"2, 4, 5, 7, 9, 11, 49","arr":["2","4","5","7","9","11","49"],"roundabout":0,"mode":"bus","color":"#0059a9"}},{"type":"Feature","geometry":{"type":"LineString","coordinates":[[22.934338,39.361158],[22.934209,39.361105],[22.934166,39.361088],[22.933689,39.360893],[22.933622,39.360865],[22.933553,39.360837]]},"properties":{"name":"Αλμυρού","lines":"2, 4, 5, 7, 9, 11, 49","arr":["2","4","5","7","9","11","49"],"roundabout":0,"mode":"bus","color":"#0059a9"}},{"type":"Feature","geometry":{"type":"LineString","coordinates":[[22.933553,39.360837],[22.933131,39.360664]]},"properties":{"name":"Αλμυρού","lines":"2, 4, 5, 7, 9, 49","arr":["2","4","5","7","9","49"],"roundabout":0,"mode":"bus","color":"#0059a9"}},{"type":"Feature","geometry":{"type":"LineString","coordinates":[[22.933131,39.360664],[22.932817,39.360536]]},"properties":{"name":"Αλμυρού","lines":"2, 4, 5, 9, 49","arr":["2","4","5","9","49"],"roundabout":0,"mode":"bus","color":"#0059a9"}},{"type":"Feature","geometry":{"type":"LineString","coordinates":[[22.932817,39.360536],[22.932527,39.361137],[22.932494,39.361206],[22.932441,39.361312],[22.932367,39.36146]]},"properties":{"name":"Αριστείδου Ζάχου","lines":"2, 4, 5, 9, 49","arr":["2","4","5","9","49"],"roundabout":0,"mode":"bus","color":"#0059a9"}},{"type":"Feature","geometry":{"type":"LineString","coordinates":[[22.932367,39.36146],[22.932432,39.361481],[22.932494,39.361498],[22.932553,39.36151]]},"properties":{"name":"","lines":"2, 4, 5, 9, 11, 49","arr":["2","4","5","9","11","49"],"roundabout":0,"mode":"bus","color":"#0059a9"}},{"type":"Feature","geometry":{"type":"LineString","coordinates":[[22.960974,39.351131],[22.961022,39.351096],[22.961095,39.351065],[22.961344,39.350991],[22.961594,39.350946],[22.961606,39.350944],[22.961791,39.35091],[22.961969,39.350879],[22.962192,39.350838],[22.96273,39.350736],[22.962852,39.350715],[22.962889,39.35071],[22.962927,39.350707],[22.962961,39.350708],[22.962996,39.350714],[22.963065,39.350727],[22.963122,39.350737],[22.963179,39.350742],[22.963205,39.350743],[22.963232,39.350741]]},"properties":{"name":"Νικολάου Πλαστήρα","lines":"3, 15","arr":["3","15"],"roundabout":0,"mode":"bus","color":"#0059a9"}},{"type":"Feature","geometry":{"type":"LineString","coordinates":[[22.964193,39.35123],[22.96423,39.351207],[22.964272,39.351184],[22.964542,39.351068],[22.964567,39.351058],[22.964592,39.351048],[22.964645,39.351031],[22.964705,39.351017],[22.964746,39.351011],[22.964783,39.351008],[22.964827,39.351007],[22.964864,39.351009],[22.964901,39.351011],[22.96496,39.351017],[22.965097,39.35104]]},"properties":{"name":"Πολυμέρη","lines":"3, 5, 11, 15","arr":["3","5","11","15"],"roundabout":0,"mode":"bus","color":"#0059a9"}},{"type":"Feature","geometry":{"type":"LineString","coordinates":[[22.965097,39.35104],[22.965131,39.351033],[22.96518,39.35103],[22.965233,39.351032],[22.965346,39.351036],[22.965384,39.351037],[22.965438,39.351035]]},"properties":{"name":"ΕΟ34","lines":"3, 5, 11","arr":["3","5","11"],"roundabout":0,"mode":"bus","color":"#0059a9"}},{"type":"Feature","geometry":{"type":"LineString","coordinates":[[22.965584,39.351206],[22.96557,39.351223],[22.965563,39.351231],[22.965542,39.351257],[22.965527,39.351279],[22.965512,39.351303],[22.965489,39.351352],[22.965471,39.351394],[22.965452,39.351427],[22.965412,39.35148]]},"properties":{"name":"","lines":"3, 15","arr":["3","15"],"roundabout":0,"mode":"bus","color":"#0059a9"}},{"type":"Feature","geometry":{"type":"LineString","coordinates":[[22.966373,39.354021],[22.966161,39.353878],[22.966026,39.353776],[22.965925,39.353689],[22.965715,39.353495],[22.965584,39.353322],[22.965526,39.353235],[22.965419,39.353063],[22.965365,39.352964],[22.965347,39.352928],[22.965331,39.352891],[22.965315,39.352847],[22.965305,39.35281],[22.965297,39.352774],[22.965292,39.352729],[22.965284,39.352658],[22.96528,39.352589],[22.965276,39.352535],[22.965269,39.352449],[22.965264,39.352337],[22.96526,39.352254],[22.965259,39.352194],[22.965261,39.352137],[22.965265,39.352092],[22.965275,39.352028],[22.965291,39.35195],[22.96532,39.351825],[22.965341,39.351724],[22.965412,39.35148]]},"properties":{"name":"Σταδίου","lines":"3, 11, 15","arr":["3","11","15"],"roundabout":0,"mode":"bus","color":"#0059a9"}},{"type":"Feature","geometry":{"type":"LineString","coordinates":[[22.965739,39.354849],[22.965773,39.354803],[22.965807,39.354758],[22.965834,39.354724],[22.965986,39.354534],[22.966373,39.354021]]},"properties":{"name":"Πηλέως","lines":"3, 11, 15","arr":["3","11","15"],"roundabout":0,"mode":"bus","color":"#0059a9"}},{"type":"Feature","geometry":{"type":"LineString","coordinates":[[22.966553,39.356078],[22.966559,39.35602],[22.96656,39.355971],[22.966561,39.355902],[22.966555,39.355823],[22.966547,39.355768],[22.966536,39.355714],[22.966523,39.355658],[22.966505,39.355601],[22.966483,39.355551],[22.966456,39.355509],[22.966432,39.355477],[22.966397,39.35544],[22.966359,39.355405],[22.966317,39.35537],[22.966277,39.35534],[22.965895,39.355079],[22.965786,39.355001],[22.965764,39.35498],[22.965747,39.354955],[22.965737,39.354935],[22.965729,39.354911],[22.965727,39.3549],[22.965727,39.354891],[22.965727,39.354884],[22.965729,39.354874],[22.965732,39.354865],[22.965739,39.354849]]},"properties":{"name":"Θησέως","lines":"3, 11, 15","arr":["3","11","15"],"roundabout":0,"mode":"bus","color":"#0059a9"}},{"type":"Feature","geometry":{"type":"LineString","coordinates":[[22.966553,39.356078],[22.966539,39.356138],[22.966514,39.356204],[22.966498,39.356244],[22.966482,39.356281],[22.966459,39.356321],[22.96643,39.356361],[22.966108,39.356741],[22.965971,39.3569],[22.965812,39.357079],[22.965675,39.357235],[22.965566,39.357357],[22.965415,39.357533],[22.965003,39.357997],[22.964603,39.358469],[22.964496,39.358595],[22.963896,39.359303],[22.963436,39.359858],[22.963186,39.360146],[22.963171,39.360162],[22.963158,39.360175],[22.963147,39.360187],[22.963132,39.360199],[22.963109,39.360212],[22.963091,39.360222],[22.963074,39.36023],[22.963051,39.360238],[22.963031,39.360242],[22.963011,39.360246],[22.962987,39.360249],[22.962868,39.360258]]},"properties":{"name":"Αγίου Δημητρίου","lines":"3, 11","arr":["3","11"],"roundabout":0,"mode":"bus","color":"#0059a9"}},{"type":"Feature","geometry":{"type":"LineString","coordinates":[[22.962868,39.360258],[22.962831,39.36026],[22.962507,39.36027],[22.962483,39.360271]]},"properties":{"name":"Αγ.Δημητρίου","lines":"3, 11","arr":["3","11"],"roundabout":0,"mode":"bus","color":"#0059a9"}},{"type":"Feature","geometry":{"type":"LineString","coordinates":[[22.9527,39.365507],[22.95295,39.365368],[22.953462,39.365084],[22.953883,39.364852],[22.95423,39.364658],[22.954343,39.364594],[22.954867,39.364301],[22.955293,39.36404],[22.955621,39.363842],[22.956168,39.363502],[22.956682,39.36318],[22.95714,39.362913],[22.957155,39.362904],[22.957339,39.362799],[22.957434,39.362747],[22.957529,39.362697],[22.957914,39.362513],[22.958429,39.362268],[22.958937,39.362022],[22.959436,39.361775],[22.960045,39.361472],[22.960678,39.361157],[22.961347,39.360824],[22.96194,39.360524],[22.962251,39.360371],[22.962483,39.360271],[22.96226,39.360283],[22.962233,39.360286],[22.962205,39.360293],[22.961884,39.360452],[22.961288,39.360753],[22.960622,39.361088],[22.959988,39.361404],[22.959379,39.361707],[22.95888,39.361954],[22.958371,39.3622],[22.957866,39.362455],[22.95739,39.362695],[22.956641,39.363131],[22.956118,39.363451],[22.955565,39.363789],[22.954814,39.364241],[22.953822,39.364787],[22.953397,39.365017],[22.95318,39.365137],[22.952889,39.365304]]},"properties":{"name":"Αναλήψεως","lines":"3, 11","arr":["3","11"],"roundabout":0,"mode":"bus","color":"#0059a9"}},{"type":"Feature","geometry":{"type":"LineString","coordinates":[[22.9527,39.365507],[22.952523,39.365605],[22.952377,39.365687],[22.95183,39.365996]]},"properties":{"name":"Αναλήψεως","lines":"3, 7, 11","arr":["3","7","11"],"roundabout":0,"mode":"bus","color":"#0059a9"}},{"type":"Feature","geometry":{"type":"LineString","coordinates":[[22.951766,39.365928],[22.952078,39.365751],[22.952477,39.365529],[22.952889,39.365304]]},"properties":{"name":"Αναλήψεως","lines":"3, 7, 11","arr":["3","7","11"],"roundabout":0,"mode":"bus","color":"#0059a9"}},{"type":"Feature","geometry":{"type":"LineString","coordinates":[[22.950724,39.366608],[22.950666,39.366545]]},"properties":{"name":"Ελευθερίου Βενιζέλου (Ιωλκού)","lines":"3, 4, 7, 15, 49","arr":["3","4","7","15","49"],"roundabout":0,"mode":"bus","color":"#0059a9"}},{"type":"Feature","geometry":{"type":"LineString","coordinates":[[22.933698,39.361941],[22.933618,39.361977],[22.933536,39.362014],[22.933482,39.362039],[22.933393,39.362082],[22.933282,39.362132],[22.933109,39.362206],[22.93239,39.362514],[22.931814,39.36277],[22.931671,39.362824],[22.931432,39.362924],[22.931391,39.362942],[22.931337,39.362972],[22.931286,39.363011]]},"properties":{"name":"Γρηγορίου Λαμπράκη","lines":"3, 4, 11, 15","arr":["3","4","11","15"],"roundabout":0,"mode":"bus","color":"#0059a9"}},{"type":"Feature","geometry":{"type":"LineString","coordinates":[[22.931075,39.363111],[22.931029,39.363125],[22.930985,39.36314],[22.930859,39.363193],[22.930267,39.363463],[22.930214,39.363487],[22.930091,39.363542],[22.930009,39.363579],[22.929816,39.363666],[22.929421,39.363841],[22.928717,39.364154],[22.928632,39.364192],[22.927739,39.36459],[22.927338,39.364768],[22.926599,39.365097],[22.925771,39.365465],[22.925521,39.365579],[22.925152,39.365757],[22.924693,39.365975],[22.924192,39.366241],[22.923537,39.366595],[22.923507,39.366613],[22.923478,39.366632],[22.923442,39.366658],[22.923415,39.366682],[22.923395,39.366703],[22.923375,39.366727],[22.923362,39.366745],[22.923351,39.366765]]},"properties":{"name":"Λαρίσης","lines":"3, 11","arr":["3","11"],"roundabout":0,"mode":"bus","color":"#0059a9"}},{"type":"Feature","geometry":{"type":"LineString","coordinates":[[22.923178,39.366642],[22.92322,39.36663],[22.92325,39.36662],[22.923313,39.366591],[22.923367,39.366563],[22.923487,39.366503],[22.923643,39.366426],[22.923744,39.36637],[22.925108,39.365664],[22.925451,39.365498],[22.92571,39.365379],[22.92576,39.365357],[22.926077,39.365211],[22.926604,39.364969],[22.927407,39.364609],[22.927673,39.36449],[22.928537,39.364102],[22.929651,39.363602],[22.929742,39.363561],[22.929921,39.363481]]},"properties":{"name":"Λαρίσης","lines":"3, 11","arr":["3","11"],"roundabout":0,"mode":"bus","color":"#0059a9"}},{"type":"Feature","geometry":{"type":"LineString","coordinates":[[22.923352,39.366832],[22.923364,39.366859],[22.923378,39.366887],[22.923396,39.366921],[22.923409,39.366944],[22.923428,39.366974],[22.92344,39.366989],[22.92345,39.367001],[22.923465,39.367015],[22.923519,39.367056],[22.923568,39.367092],[22.923431,39.367054],[22.923364,39.367033],[22.923261,39.367003],[22.923206,39.366987],[22.923122,39.366964]]},"properties":{"name":"","lines":"3, 11","arr":["3","11"],"roundabout":0,"mode":"bus","color":"#0059a9"}},{"type":"Feature","geometry":{"type":"LineString","coordinates":[[22.923568,39.367092],[22.923998,39.367208],[22.924353,39.367295],[22.924597,39.367357],[22.924677,39.367377],[22.924744,39.367395],[22.924805,39.367412],[22.924858,39.367429],[22.924904,39.367444],[22.924964,39.367466],[22.925012,39.367483],[22.925128,39.367529],[22.925182,39.367551],[22.925214,39.367565],[22.925246,39.367581],[22.92526,39.367588],[22.925295,39.36761],[22.925312,39.367621],[22.925409,39.367691],[22.925501,39.367764],[22.925538,39.367797],[22.925573,39.367829],[22.925628,39.367886],[22.925678,39.367944],[22.925732,39.368012],[22.925764,39.368055],[22.925906,39.368284],[22.926007,39.368441],[22.926104,39.3686],[22.92622,39.368805],[22.926258,39.368866],[22.926394,39.369137],[22.926539,39.369406],[22.926571,39.369454],[22.926593,39.369482],[22.926628,39.369522],[22.926657,39.369546],[22.926684,39.369567],[22.926727,39.369596],[22.926795,39.369639],[22.926932,39.369728],[22.927115,39.369848],[22.927149,39.369874],[22.927178,39.369901],[22.927201,39.369926],[22.927226,39.369965],[22.927246,39.369994],[22.927282,39.370058],[22.927315,39.370121]]},"properties":{"name":"Μάρκου Μπότσαρη","lines":"3, 11","arr":["3","11"],"roundabout":0,"mode":"bus","color":"#0059a9"}},{"type":"Feature","geometry":{"type":"LineString","coordinates":[[22.922381,39.370954],[22.922899,39.370863],[22.923425,39.370779],[22.924079,39.370667],[22.924264,39.370633],[22.92444,39.370604],[22.925227,39.370466],[22.925648,39.370396],[22.926084,39.370325],[22.926713,39.37022],[22.927037,39.37017],[22.927315,39.370121]]},"properties":{"name":"Βυζαντίου","lines":"3","arr":["3"],"roundabout":0,"mode":"bus","color":"#0059a9"}},{"type":"Feature","geometry":{"type":"LineString","coordinates":[[22.922563,39.371974],[22.922487,39.37156],[22.922381,39.370954]]},"properties":{"name":"Μυτιλήνης","lines":"3","arr":["3"],"roundabout":0,"mode":"bus","color":"#0059a9"}},{"type":"Feature","geometry":{"type":"LineString","coordinates":[[22.922058,39.374468],[22.921986,39.37444],[22.921955,39.374429],[22.921927,39.37442],[22.921893,39.374411],[22.921803,39.374386],[22.920607,39.374096],[22.920268,39.374013],[22.920035,39.37395],[22.919956,39.373924],[22.91985,39.373889],[22.919573,39.373782],[22.919294,39.37367],[22.919195,39.373628],[22.919139,39.373603],[22.919076,39.373576],[22.918779,39.373441],[22.918582,39.373353],[22.918456,39.373297],[22.91834,39.373243],[22.918236,39.37319],[22.918178,39.373156],[22.918106,39.373114]]},"properties":{"name":"Αγίου Ευστρατίου","lines":"3","arr":["3"],"roundabout":0,"mode":"bus","color":"#0059a9"}},{"type":"Feature","geometry":{"type":"LineString","coordinates":[[22.929921,39.363481],[22.93042,39.36325],[22.930568,39.363187],[22.930731,39.363129],[22.930786,39.363103],[22.93091,39.363038],[22.930956,39.363008]]},"properties":{"name":"Λαρίσης","lines":"3, 4, 11","arr":["3","4","11"],"roundabout":0,"mode":"bus","color":"#0059a9"}},{"type":"Feature","geometry":{"type":"LineString","coordinates":[[22.931236,39.362892],[22.931288,39.362883],[22.931342,39.362869],[22.931412,39.362843],[22.931703,39.362718],[22.931865,39.362644]]},"properties":{"name":"Γρηγορίου Λαμπράκη","lines":"3, 4, 11","arr":["3","4","11"],"roundabout":0,"mode":"bus","color":"#0059a9"}},{"type":"Feature","geometry":{"type":"LineString","coordinates":[[22.931865,39.362644],[22.933159,39.362094],[22.933304,39.362026],[22.933354,39.361995],[22.933376,39.361979],[22.933398,39.361959],[22.933411,39.361943],[22.933425,39.361918],[22.933436,39.361891],[22.933448,39.361854],[22.93346,39.361812]]},"properties":{"name":"Γρηγορίου Λαμπράκη","lines":"3, 4","arr":["3","4"],"roundabout":0,"mode":"bus","color":"#0059a9"}},{"type":"Feature","geometry":{"type":"LineString","coordinates":[[22.965412,39.35148],[22.965414,39.351419],[22.965418,39.351383],[22.965422,39.351347],[22.965449,39.351247],[22.965456,39.351221],[22.965462,39.351183]]},"properties":{"name":"","lines":"3, 11, 15","arr":["3","11","15"],"roundabout":0,"mode":"bus","color":"#0059a9"}},{"type":"Feature","geometry":{"type":"LineString","coordinates":[[22.965416,39.351125],[22.965375,39.351115],[22.965357,39.35111],[22.965314,39.351101],[22.965222,39.351082],[22.96517,39.35107],[22.965127,39.351055],[22.965097,39.35104]]},"properties":{"name":"ΕΟ34","lines":"3, 5, 11, 15","arr":["3","5","11","15"],"roundabout":0,"mode":"bus","color":"#0059a9"}},{"type":"Feature","geometry":{"type":"LineString","coordinates":[[22.962744,39.352617],[22.962529,39.352439],[22.962216,39.352175],[22.962121,39.352096],[22.961932,39.351936],[22.961599,39.351657],[22.961227,39.351343],[22.960974,39.351131]]},"properties":{"name":"Αθανασάκη","lines":"3, 15","arr":["3","15"],"roundabout":0,"mode":"bus","color":"#0059a9"}},{"type":"Feature","geometry":{"type":"LineString","coordinates":[[22.926347,39.357176],[22.925806,39.357603]]},"properties":{"name":"Ύδρας","lines":"4, 8","arr":["4","8"],"roundabout":0,"mode":"bus","color":"#0059a9"}},{"type":"Feature","geometry":{"type":"LineString","coordinates":[[22.925806,39.357603],[22.925596,39.357769],[22.924905,39.358343],[22.923959,39.359105]]},"properties":{"name":"Ύδρας","lines":"4","arr":["4"],"roundabout":0,"mode":"bus","color":"#0059a9"}},{"type":"Feature","geometry":{"type":"LineString","coordinates":[[22.923959,39.359105],[22.924018,39.359143],[22.92487,39.359622],[22.925112,39.359753],[22.925797,39.360119],[22.926188,39.360311],[22.926744,39.360582],[22.926825,39.360626],[22.926876,39.360659],[22.927013,39.360756],[22.927296,39.360984],[22.927493,39.361137],[22.927607,39.361223],[22.927704,39.361297],[22.92773,39.361316],[22.9281,39.361607],[22.928546,39.361955],[22.928752,39.362145],[22.929007,39.362385],[22.929265,39.362655],[22.929314,39.362707],[22.929517,39.362941],[22.929839,39.363374],[22.929921,39.363481]]},"properties":{"name":"Νεαπόλεως","lines":"4","arr":["4"],"roundabout":0,"mode":"bus","color":"#0059a9"}},{"type":"Feature","geometry":{"type":"LineString","coordinates":[[22.932367,39.36146],[22.932194,39.361812],[22.931904,39.362392],[22.931885,39.362445],[22.931868,39.362569],[22.931865,39.362644]]},"properties":{"name":"Αριστείδου Ζάχου","lines":"4, 11","arr":["4","11"],"roundabout":0,"mode":"bus","color":"#0059a9"}},{"type":"Feature","geometry":{"type":"LineString","coordinates":[[22.95183,39.365996],[22.952329,39.36652],[22.952791,39.367004],[22.953314,39.367553],[22.95355,39.367801],[22.95385,39.368107],[22.954036,39.368308],[22.954099,39.368374],[22.954557,39.368886],[22.954776,39.369091],[22.954823,39.369131],[22.954866,39.369164],[22.954967,39.369229],[22.955012,39.369257],[22.955198,39.369371],[22.955277,39.36942],[22.955516,39.369584]]},"properties":{"name":"Κωνσταντίνου Καρτάλη","lines":"4, 7, 15, 49","arr":["4","7","15","49"],"roundabout":0,"mode":"bus","color":"#0059a9"}},{"type":"Feature","geometry":{"type":"LineString","coordinates":[[22.954087,39.370189],[22.954203,39.370117],[22.954339,39.370036],[22.954485,39.369955],[22.954581,39.369905],[22.954675,39.369863],[22.954861,39.369793],[22.95503,39.369735],[22.955258,39.369667],[22.955516,39.369584]]},"properties":{"name":"Γιάννη Δήμου","lines":"4, 7, 15, 49","arr":["4","7","15","49"],"roundabout":0,"mode":"bus","color":"#0059a9"}},{"type":"Feature","geometry":{"type":"LineString","coordinates":[[22.954087,39.370189],[22.954183,39.370291],[22.954233,39.370345],[22.954355,39.370474],[22.954377,39.370498],[22.954485,39.370613],[22.954558,39.370691],[22.954685,39.370827],[22.95497,39.37113],[22.955285,39.371466],[22.955426,39.371616],[22.955569,39.371769],[22.955692,39.371899],[22.956054,39.372285],[22.956196,39.372437],[22.956321,39.372569],[22.956477,39.372736],[22.956709,39.372984],[22.956819,39.3731],[22.957079,39.373377],[22.957259,39.373569],[22.957529,39.373856],[22.957721,39.374061],[22.957869,39.374219],[22.957983,39.37434],[22.958013,39.374373],[22.958047,39.374408],[22.958126,39.374493]]},"properties":{"name":"Ελευθερίου Βενιζέλου (Ιωλκού)","lines":"4, 7, 49","arr":["4","7","49"],"roundabout":0,"mode":"bus","color":"#0059a9"}},{"type":"Feature","geometry":{"type":"LineString","coordinates":[[22.958126,39.374493],[22.95819,39.374561],[22.958222,39.374595],[22.958276,39.374654],[22.958408,39.374791],[22.958651,39.375039],[22.958674,39.375063],[22.958946,39.375345],[22.95931,39.375743],[22.959418,39.375857],[22.959641,39.376098],[22.95978,39.376228],[22.95985,39.376289],[22.959929,39.376353],[22.960012,39.376419],[22.96007,39.376459],[22.960125,39.376493],[22.960196,39.376533],[22.960417,39.376651],[22.960565,39.376723],[22.96088,39.376874],[22.961188,39.37701],[22.961512,39.377153],[22.961795,39.377285],[22.962266,39.377513]]},"properties":{"name":"Ιωλκού","lines":"4, 7, 49","arr":["4","7","49"],"roundabout":0,"mode":"bus","color":"#0059a9"}},{"type":"Feature","geometry":{"type":"LineString","coordinates":[[22.962266,39.377513],[22.962395,39.377584],[22.962483,39.377632],[22.96255,39.377674],[22.962647,39.37774],[22.962755,39.377814],[22.962904,39.377924],[22.963071,39.378046],[22.963275,39.378217],[22.963861,39.378741],[22.964083,39.37894],[22.964613,39.379405],[22.964651,39.379437],[22.964757,39.379529],[22.964772,39.379542],[22.964993,39.379726],[22.965697,39.38031],[22.965724,39.38033],[22.965764,39.380355],[22.965803,39.380376],[22.965865,39.380402],[22.965902,39.380414],[22.965943,39.380425],[22.965987,39.380434],[22.966045,39.380442],[22.966101,39.380446],[22.966145,39.380446],[22.966199,39.380443],[22.966261,39.380437],[22.966308,39.380432],[22.966359,39.380431],[22.966397,39.380433],[22.966444,39.380439],[22.966495,39.380447],[22.966546,39.380456],[22.966607,39.380469],[22.966675,39.380487],[22.966824,39.380531],[22.967275,39.38066],[22.967447,39.38071],[22.967968,39.380851],[22.96824,39.380924],[22.96899,39.381128],[22.969012,39.381132],[22.969031,39.381135],[22.96905,39.381135],[22.969068,39.381134],[22.969087,39.381129],[22.969098,39.381125],[22.969111,39.381117],[22.969133,39.381101],[22.969286,39.380989],[22.969365,39.380937],[22.969444,39.38089],[22.969563,39.380826],[22.969722,39.380742],[22.96981,39.380701],[22.969874,39.380673],[22.969913,39.380661],[22.969947,39.380652],[22.969979,39.380648],[22.970003,39.380647],[22.970029,39.380649],[22.970051,39.380653],[22.970073,39.380661],[22.970095,39.380671],[22.970112,39.380683],[22.970123,39.380692],[22.970138,39.380707],[22.970152,39.380724],[22.970172,39.38075],[22.970236,39.380825],[22.970258,39.380846],[22.970277,39.380859],[22.970294,39.380867],[22.970309,39.380873],[22.970331,39.380881],[22.970358,39.380888],[22.970395,39.380891],[22.97045,39.380895],[22.970545,39.380896],[22.970622,39.380896],[22.970697,39.380896],[22.970759,39.380899],[22.970791,39.380905],[22.97082,39.380912],[22.970858,39.380925],[22.970895,39.380942],[22.970932,39.380963],[22.97097,39.380986],[22.971011,39.381013],[22.971043,39.38104],[22.971085,39.381077],[22.971123,39.381116],[22.971208,39.38121],[22.971239,39.381242],[22.971278,39.381277],[22.971326,39.381313],[22.971378,39.381347],[22.971432,39.381374],[22.971471,39.381391],[22.971504,39.381403],[22.971537,39.38141],[22.97157,39.381414],[22.971603,39.381416],[22.971634,39.381416],[22.971663,39.381412],[22.97168,39.381408],[22.971696,39.381401],[22.971722,39.381388],[22.971742,39.381371],[22.971766,39.381344],[22.971802,39.381297],[22.971869,39.381207],[22.97208,39.380924]]},"properties":{"name":"Ιωλκού","lines":"4, 7","arr":["4","7"],"roundabout":0,"mode":"bus","color":"#0059a9"}},{"type":"Feature","geometry":{"type":"LineString","coordinates":[[22.969087,39.381129],[22.969121,39.381159],[22.969141,39.381175],[22.969167,39.381197],[22.969188,39.381214]]},"properties":{"name":"Ελευθερίου Βενιζέλου","lines":"4","arr":["4"],"roundabout":0,"mode":"bus","color":"#0059a9"}},{"type":"Feature","geometry":{"type":"LineString","coordinates":[[22.969188,39.381214],[22.969191,39.381234],[22.969184,39.38125],[22.969131,39.381314],[22.969025,39.38145]]},"properties":{"name":"Ανακασιά - Άγιος Ονούφριος","lines":"4","arr":["4"],"roundabout":0,"mode":"bus","color":"#0059a9"}},{"type":"Feature","geometry":{"type":"LineString","coordinates":[[22.969025,39.38145],[22.969019,39.381466],[22.969014,39.38149],[22.969013,39.381505],[22.969017,39.38152],[22.969021,39.381532],[22.969035,39.381555],[22.969058,39.381581],[22.969075,39.381598],[22.969095,39.381615],[22.969115,39.381628],[22.969138,39.381642],[22.969173,39.38166],[22.969334,39.381739],[22.969637,39.381898],[22.969735,39.38195],[22.969818,39.381999],[22.969875,39.382035],[22.969981,39.382111],[22.970085,39.38219],[22.970175,39.382265],[22.970271,39.382351],[22.970586,39.382601],[22.970972,39.382912],[22.971102,39.383035],[22.97119,39.38315],[22.971264,39.383248],[22.971351,39.383383],[22.971376,39.38344],[22.971391,39.383494],[22.971398,39.383549],[22.971399,39.383599],[22.971395,39.383645],[22.971383,39.383697],[22.97136,39.383779],[22.971326,39.38386],[22.971302,39.383924],[22.971195,39.384117],[22.971095,39.384312],[22.970996,39.384497],[22.970895,39.384671],[22.970877,39.384705],[22.970865,39.384734],[22.970861,39.384754],[22.97086,39.384771],[22.970862,39.384789],[22.970866,39.384807],[22.970875,39.384824],[22.970883,39.384834],[22.970893,39.384845],[22.970906,39.384854],[22.970931,39.384861],[22.970957,39.384863],[22.97098,39.384861],[22.970996,39.384856],[22.971011,39.38485]]},"properties":{"name":"Αγίας Βαρβάρας","lines":"4","arr":["4"],"roundabout":0,"mode":"bus","color":"#0059a9"}},{"type":"Feature","geometry":{"type":"LineString","coordinates":[[22.971011,39.38485],[22.971039,39.384829],[22.971086,39.384788],[22.971136,39.384745],[22.971172,39.384713],[22.971231,39.384669],[22.97131,39.384617],[22.971374,39.38458],[22.971451,39.384544],[22.971537,39.384509],[22.97161,39.384483],[22.971675,39.384463],[22.971719,39.384452],[22.971761,39.384442],[22.971819,39.384428],[22.971877,39.384421],[22.971936,39.384416],[22.972025,39.384412],[22.972129,39.384414],[22.972224,39.384427],[22.972294,39.384443],[22.972376,39.384468],[22.972436,39.384488],[22.972506,39.38451],[22.9726,39.384538],[22.972683,39.384563],[22.972777,39.38459],[22.972908,39.38462],[22.973056,39.384645],[22.973169,39.384659],[22.97334,39.384671],[22.97351,39.384672],[22.973639,39.384674],[22.973759,39.384674],[22.97385,39.384681]]},"properties":{"name":"Σταθόπουλου","lines":"4","arr":["4"],"roundabout":0,"mode":"bus","color":"#0059a9"}},{"type":"Feature","geometry":{"type":"LineString","coordinates":[[22.998258,39.383759],[22.998179,39.383771],[22.998082,39.383786],[22.99799,39.383796],[22.997935,39.383807],[22.997858,39.383834],[22.997798,39.383866],[22.997744,39.383903],[22.997617,39.38399],[22.997557,39.384039],[22.997508,39.384054],[22.997457,39.384054],[22.99742,39.384043],[22.997373,39.384015],[22.997181,39.383857],[22.997102,39.383794],[22.996981,39.383696],[22.996918,39.383631],[22.996878,39.383576],[22.99686,39.383532],[22.996846,39.383497],[22.996835,39.383398],[22.996832,39.383285],[22.996827,39.383251],[22.996815,39.383178],[22.996804,39.383105],[22.996799,39.383058],[22.996802,39.383009],[22.996816,39.382948],[22.996848,39.382876],[22.996875,39.382814],[22.996898,39.382762],[22.996968,39.382609],[22.996976,39.382572],[22.99698,39.382544],[22.996974,39.382396],[22.996967,39.382327],[22.99696,39.38227],[22.996954,39.382241],[22.99694,39.382206],[22.996905,39.382123],[22.996895,39.38208],[22.996894,39.382042],[22.9969,39.382005],[22.996913,39.381978],[22.996927,39.381959],[22.996956,39.381931],[22.996985,39.381915],[22.997021,39.381902],[22.997056,39.381895],[22.997093,39.381895],[22.997136,39.381903],[22.997178,39.381916],[22.997223,39.381934],[22.997284,39.381963],[22.997342,39.381994],[22.997404,39.382033],[22.997476,39.382077],[22.997516,39.382095],[22.997551,39.382106],[22.997573,39.382109],[22.997597,39.382108],[22.997624,39.382102],[22.997647,39.382084],[22.997661,39.38206],[22.997667,39.382043],[22.997667,39.382017],[22.997658,39.381991],[22.997632,39.381959],[22.997606,39.381937],[22.997434,39.381836],[22.99733,39.381761],[22.997282,39.381727],[22.997198,39.381659],[22.997104,39.381584],[22.997058,39.381554],[22.996991,39.381517],[22.99693,39.381493],[22.996854,39.381466],[22.996767,39.381442],[22.996637,39.381416],[22.996544,39.381406],[22.996425,39.3814],[22.996268,39.381393],[22.996121,39.381391],[22.996047,39.38139],[22.996003,39.381391],[22.995963,39.381395],[22.9959,39.381407],[22.995815,39.381429],[22.995711,39.38146],[22.995608,39.381496],[22.995435,39.381556],[22.995264,39.381623],[22.995033,39.381725],[22.994854,39.381817],[22.994533,39.381967],[22.994367,39.382048],[22.994223,39.382128],[22.994136,39.382182],[22.993984,39.382281],[22.99384,39.382389],[22.993712,39.38247],[22.993638,39.382521],[22.993305,39.382707],[22.993091,39.38281],[22.993024,39.382851],[22.992975,39.382885],[22.992934,39.382932]]},"properties":{"name":"Πορταριάς-Κατηχωρίου","lines":"4","arr":["4"],"roundabout":0,"mode":"bus","color":"#0059a9"}},{"type":"Feature","geometry":{"type":"LineString","coordinates":[[22.992934,39.382932],[22.992682,39.382932],[22.992602,39.382931],[22.992557,39.382927],[22.992506,39.38292],[22.99244,39.382907],[22.992389,39.382894],[22.992335,39.382876],[22.992263,39.382846],[22.992201,39.382816],[22.992098,39.382764],[22.991802,39.382589],[22.991557,39.382452],[22.991004,39.382156],[22.990821,39.382078],[22.990735,39.382044],[22.990625,39.382012],[22.990528,39.381988],[22.990413,39.381963],[22.990307,39.381943],[22.990236,39.381923],[22.990168,39.381902],[22.990065,39.381865],[22.989967,39.381822],[22.989881,39.381788],[22.989807,39.381771],[22.989768,39.381764],[22.989723,39.381762],[22.989674,39.381772],[22.98965,39.381789],[22.989631,39.38181],[22.989615,39.381848],[22.989609,39.381896],[22.989619,39.381934],[22.989635,39.38197],[22.989663,39.38199],[22.989711,39.382016],[22.989773,39.38204],[22.989864,39.382073],[22.989966,39.382103],[22.990112,39.382151],[22.990228,39.382198],[22.990309,39.382236],[22.990359,39.382267],[22.990424,39.382326],[22.990486,39.382398],[22.990623,39.382584],[22.990738,39.382713],[22.99078,39.382756],[22.990821,39.382793],[22.990855,39.382818],[22.990885,39.382836],[22.990968,39.382878],[22.991022,39.382901],[22.991103,39.382935],[22.991158,39.382962],[22.991194,39.382982],[22.991228,39.383003],[22.991249,39.383021],[22.991264,39.383039],[22.991273,39.383057],[22.99128,39.383078],[22.991282,39.383095],[22.99128,39.383113],[22.991277,39.383129],[22.991274,39.383142],[22.991268,39.383159],[22.991261,39.383171],[22.991253,39.383182],[22.991239,39.383193],[22.991221,39.383201],[22.991202,39.383206],[22.99117,39.38321],[22.991142,39.383211],[22.991098,39.383211],[22.991044,39.383207],[22.99097,39.383198],[22.990923,39.383188],[22.990876,39.383176],[22.99079,39.383144],[22.990745,39.383121],[22.990695,39.383091],[22.990673,39.383073],[22.990639,39.383046],[22.990615,39.383022],[22.990587,39.382989],[22.990552,39.38294],[22.990498,39.38286],[22.990451,39.38278],[22.990416,39.382731],[22.990369,39.382679],[22.990337,39.382651],[22.990302,39.382624],[22.990263,39.382601],[22.990211,39.382577],[22.990151,39.382557],[22.990036,39.38253],[22.989961,39.382515],[22.989855,39.382501],[22.989646,39.382472],[22.989553,39.382458],[22.989464,39.382439],[22.989356,39.382403],[22.989168,39.382327],[22.988982,39.382237],[22.98883,39.382153],[22.988731,39.382082],[22.988602,39.381971],[22.988464,39.381838],[22.988342,39.381719],[22.98826,39.381642],[22.988207,39.381597],[22.988154,39.381561],[22.98807,39.381518],[22.987988,39.381487],[22.987875,39.381452],[22.987758,39.381421],[22.987657,39.381398],[22.987589,39.381387],[22.987523,39.38138],[22.987425,39.381374],[22.987097,39.381377],[22.987013,39.38138],[22.986942,39.381374],[22.986883,39.381359],[22.986831,39.381338],[22.986772,39.381305],[22.986731,39.381269],[22.986695,39.381228],[22.986679,39.381189],[22.986664,39.381143],[22.986657,39.381108],[22.986663,39.381048],[22.986675,39.381007],[22.986696,39.380967],[22.986723,39.380925],[22.986771,39.38087],[22.986844,39.380785],[22.987155,39.380453],[22.98747,39.380119],[22.987548,39.380032],[22.987626,39.379953],[22.987647,39.379926],[22.987665,39.379886],[22.987673,39.379854],[22.987675,39.379826],[22.987673,39.37979],[22.987669,39.379764],[22.98766,39.379739],[22.987646,39.379715],[22.987623,39.379691],[22.987602,39.379676],[22.987571,39.379655],[22.987535,39.37964],[22.987492,39.379628],[22.987456,39.379622],[22.987422,39.37962],[22.987393,39.379622],[22.987367,39.379626],[22.987345,39.379633],[22.987327,39.37964],[22.987303,39.379651],[22.987284,39.379664],[22.987268,39.379683],[22.987257,39.379697],[22.987241,39.379727],[22.987207,39.379794],[22.987168,39.379879],[22.987136,39.379976],[22.987088,39.38012],[22.987059,39.380206],[22.987038,39.380253],[22.987,39.380308],[22.986958,39.380352],[22.986915,39.380392],[22.986865,39.38043],[22.986798,39.380473],[22.986706,39.380525],[22.986593,39.380586],[22.986513,39.380626],[22.986445,39.380664],[22.986388,39.380698],[22.98634,39.38073],[22.986285,39.380779],[22.986243,39.380831],[22.986187,39.380921],[22.98614,39.381012],[22.986052,39.381202],[22.986008,39.381288],[22.985982,39.381327],[22.985963,39.381351],[22.985949,39.381368],[22.985931,39.381381],[22.985916,39.381392],[22.985889,39.381404],[22.985865,39.381411],[22.985833,39.381415],[22.985801,39.381419],[22.98577,39.381418],[22.985739,39.381411],[22.985711,39.381401],[22.985685,39.381386],[22.985668,39.38137],[22.985651,39.381346],[22.985642,39.381323],[22.985636,39.3813],[22.985632,39.381272],[22.985633,39.381249],[22.985638,39.381217],[22.985648,39.381189],[22.985671,39.381155],[22.985774,39.38104],[22.985935,39.380853],[22.986136,39.380612],[22.986179,39.380553],[22.986205,39.380506],[22.986223,39.380462],[22.986232,39.380426],[22.986238,39.380382],[22.986244,39.380335],[22.986245,39.380294],[22.986241,39.380246],[22.98621,39.38012],[22.98619,39.380025],[22.986177,39.379934],[22.986175,39.379895],[22.986174,39.379879],[22.986173,39.379842],[22.986173,39.379812],[22.986186,39.379735],[22.986203,39.379696],[22.986232,39.37964],[22.986286,39.379546],[22.986387,39.379379],[22.986499,39.379211],[22.986565,39.379105],[22.986616,39.379019],[22.986647,39.378954],[22.986683,39.378872],[22.986724,39.378781],[22.986761,39.378695],[22.98681,39.378585],[22.986853,39.378502],[22.986917,39.378413],[22.986971,39.378358],[22.987032,39.378308],[22.98711,39.378247],[22.987175,39.378201],[22.987287,39.378117],[22.987382,39.378052],[22.987477,39.377992],[22.987536,39.377954],[22.987563,39.377932],[22.987576,39.377917],[22.987586,39.3779],[22.987592,39.377877],[22.987593,39.377854],[22.987589,39.377826],[22.987583,39.377808],[22.987571,39.377782],[22.987562,39.377764],[22.987547,39.377747],[22.987524,39.377732],[22.987495,39.377718],[22.987457,39.377707],[22.987426,39.377702],[22.987398,39.377701],[22.987372,39.377704],[22.98735,39.377712],[22.987333,39.377721],[22.98732,39.37773],[22.987308,39.377741],[22.987294,39.377754],[22.987283,39.377766],[22.987234,39.377832],[22.987211,39.377861],[22.987179,39.3779],[22.987151,39.37793],[22.987119,39.37796],[22.98706,39.378005],[22.986963,39.378065],[22.986868,39.378118],[22.986783,39.378156],[22.986698,39.378204],[22.986604,39.378268],[22.986563,39.378305],[22.986518,39.378351],[22.986485,39.3784],[22.986457,39.378462],[22.98643,39.378534],[22.986388,39.378665],[22.986327,39.378811],[22.986251,39.378925],[22.986195,39.37899],[22.986114,39.379056],[22.985986,39.379148],[22.985874,39.37923],[22.985778,39.379293],[22.985689,39.379355],[22.985651,39.379385],[22.985627,39.379407],[22.985601,39.379439],[22.985585,39.379462],[22.985559,39.379509],[22.985542,39.379545],[22.985521,39.379606],[22.985498,39.379688],[22.985471,39.379822],[22.985447,39.379933],[22.985423,39.38003],[22.9854,39.380104],[22.985381,39.380167],[22.985361,39.380214],[22.98534,39.380255],[22.985322,39.380277],[22.985302,39.380291],[22.985278,39.380305],[22.98526,39.380315],[22.985236,39.380326],[22.985153,39.380354],[22.98507,39.380376],[22.985029,39.380383],[22.984969,39.380395],[22.984855,39.380417],[22.984746,39.380439],[22.984647,39.380462],[22.984564,39.380484],[22.984486,39.380511],[22.98442,39.38054],[22.984337,39.380587],[22.984206,39.380667],[22.984075,39.380742],[22.983874,39.380851],[22.983456,39.381095],[22.982898,39.381433],[22.982795,39.381503],[22.982677,39.381583],[22.982615,39.381632],[22.982586,39.381662],[22.982565,39.381688],[22.982534,39.381742],[22.982523,39.381778],[22.982522,39.381809],[22.982526,39.381836],[22.982535,39.38186],[22.982554,39.381885],[22.982568,39.381901],[22.982592,39.381921],[22.982619,39.381941],[22.982663,39.381966],[22.982712,39.381989],[22.982766,39.382009],[22.982828,39.382031],[22.982899,39.382053],[22.982976,39.382072],[22.9831,39.382103],[22.983273,39.38215],[22.983479,39.382207],[22.983614,39.382248],[22.983696,39.382269],[22.983805,39.382289],[22.98392,39.382299],[22.98401,39.382305],[22.984092,39.382311],[22.984133,39.382317],[22.984172,39.382324],[22.98419,39.382326],[22.984215,39.382333],[22.98424,39.382345],[22.984265,39.382365],[22.984279,39.382391],[22.984285,39.382412],[22.984288,39.382432],[22.984287,39.382452],[22.984276,39.38248],[22.984263,39.382495],[22.984244,39.382511],[22.98421,39.38253],[22.984162,39.382549],[22.984092,39.382574],[22.98404,39.382587],[22.983962,39.382603],[22.983835,39.382626],[22.983703,39.382648],[22.983574,39.382676],[22.983504,39.382693],[22.983467,39.382707],[22.983417,39.382732],[22.983391,39.382749],[22.98336,39.382777],[22.983328,39.382811],[22.983249,39.382923],[22.983168,39.38304],[22.983101,39.383157],[22.983063,39.383233],[22.983038,39.383286],[22.983019,39.383331],[22.983007,39.383369],[22.982993,39.383424],[22.98298,39.383472],[22.982961,39.383568],[22.982946,39.383655],[22.982938,39.383691],[22.982925,39.383721],[22.982906,39.383749],[22.982881,39.383773],[22.982859,39.383785],[22.98283,39.383796],[22.982791,39.3838],[22.982763,39.383798],[22.982739,39.383792],[22.982701,39.383782],[22.982676,39.383773],[22.982656,39.383761],[22.982638,39.383748],[22.98262,39.383733],[22.982609,39.383722],[22.982593,39.383702],[22.982584,39.383685],[22.982581,39.383665],[22.982581,39.383643],[22.982584,39.383622],[22.982589,39.383595],[22.982601,39.383561],[22.982613,39.383535],[22.98264,39.383486],[22.982697,39.383389],[22.982783,39.383254],[22.982872,39.383094],[22.982912,39.38303],[22.982949,39.382974],[22.982991,39.382908],[22.983031,39.382858],[22.98308,39.382801],[22.983111,39.382759],[22.983126,39.382726],[22.98313,39.382702],[22.98313,39.382673],[22.983126,39.382655],[22.983116,39.382637],[22.983104,39.38262],[22.983094,39.382611],[22.983077,39.382597],[22.983058,39.382583],[22.983023,39.382565],[22.98299,39.382551],[22.982939,39.382539],[22.982852,39.382525],[22.982731,39.382512],[22.982613,39.3825],[22.982472,39.382478],[22.982339,39.382452],[22.98219,39.382413],[22.982084,39.382382],[22.982008,39.382355],[22.981922,39.38232],[22.981794,39.382266],[22.981334,39.382054],[22.981202,39.381989],[22.981093,39.381925],[22.981014,39.381875]]},"properties":{"name":"Βόλου - Τσαγκαράδας","lines":"4","arr":["4"],"roundabout":0,"mode":"bus","color":"#0059a9"}},{"type":"Feature","geometry":{"type":"LineString","coordinates":[[22.98507,39.380376],[22.985076,39.380415],[22.985062,39.380435],[22.985035,39.380459],[22.984993,39.38048],[22.984928,39.380519],[22.984877,39.380553],[22.984842,39.380585],[22.984775,39.380653],[22.984716,39.380724],[22.984667,39.380782],[22.984598,39.380863],[22.984544,39.380938],[22.984515,39.380988],[22.984482,39.38106],[22.984461,39.38112],[22.984451,39.381156],[22.984445,39.381189],[22.98445,39.381238],[22.984462,39.381281],[22.984476,39.381311],[22.984492,39.381333],[22.984513,39.381354],[22.984533,39.381372],[22.984564,39.38139],[22.984591,39.3814],[22.984637,39.381414],[22.984695,39.381427],[22.984731,39.381439],[22.98478,39.381464],[22.984825,39.381489],[22.98489,39.381535],[22.985025,39.381631],[22.985178,39.381743],[22.985254,39.381798],[22.985297,39.381827],[22.985369,39.38187],[22.985425,39.381903],[22.9855,39.381938],[22.985583,39.381969],[22.985684,39.381994],[22.985798,39.382014],[22.985878,39.382032],[22.985923,39.382046],[22.985967,39.382065],[22.985997,39.382088],[22.986021,39.382113],[22.986032,39.382132],[22.986044,39.382161],[22.986055,39.3822],[22.986061,39.382225],[22.986067,39.382252],[22.986068,39.382287],[22.986065,39.382303],[22.986053,39.382328],[22.986031,39.382355],[22.986001,39.382383],[22.98597,39.382401],[22.985917,39.382416],[22.985829,39.382433],[22.985676,39.382451],[22.985475,39.382471],[22.985277,39.382487],[22.985221,39.382494],[22.985182,39.382505],[22.985148,39.382521],[22.985121,39.382554],[22.985106,39.382589],[22.9851,39.382624],[22.9851,39.382647],[22.98511,39.382677],[22.985122,39.382704],[22.985138,39.382732],[22.985167,39.38277],[22.985202,39.382809],[22.98533,39.382939],[22.985395,39.383006],[22.98545,39.383058],[22.985459,39.383066],[22.98549,39.383101],[22.98553,39.383145],[22.985567,39.383195],[22.985604,39.383252],[22.985627,39.383295],[22.985648,39.383342],[22.985662,39.383384],[22.985673,39.383438],[22.98568,39.3835],[22.985683,39.383553],[22.985682,39.383608],[22.985669,39.383675],[22.985647,39.383765],[22.985601,39.383927],[22.985484,39.384317],[22.985465,39.38436],[22.985443,39.384391],[22.98542,39.384414],[22.985374,39.384445],[22.985279,39.384491],[22.985162,39.384546],[22.985065,39.384587],[22.984987,39.38463],[22.98494,39.384666],[22.984909,39.384696],[22.98489,39.38472],[22.984871,39.384754],[22.98486,39.384796],[22.984859,39.384822],[22.984865,39.384856],[22.984876,39.384891],[22.984888,39.384914],[22.984922,39.38497],[22.984961,39.385027],[22.985002,39.385082],[22.985039,39.385129],[22.985092,39.385183],[22.985151,39.385238],[22.985214,39.385287],[22.985312,39.385352],[22.985494,39.385469],[22.985721,39.385606],[22.985878,39.385712],[22.98604,39.385825],[22.986135,39.385893],[22.986203,39.38593],[22.986267,39.385955],[22.98636,39.385982],[22.98643,39.386011],[22.986486,39.386045],[22.986519,39.386077],[22.986547,39.386105],[22.986562,39.386124],[22.986589,39.386166],[22.986614,39.386205],[22.986646,39.386264],[22.986676,39.386315],[22.986711,39.386367],[22.986751,39.386412],[22.986821,39.386473],[22.986893,39.386533],[22.986948,39.386573],[22.987,39.386602],[22.987057,39.386632],[22.987117,39.386663],[22.987202,39.386694],[22.98729,39.386728],[22.987385,39.386772],[22.98754,39.386853],[22.987763,39.386955],[22.987963,39.387033],[22.988028,39.387061],[22.988084,39.387086],[22.988112,39.387101],[22.988146,39.38713],[22.988178,39.387165],[22.988195,39.387193],[22.988215,39.387226],[22.988304,39.387407],[22.988346,39.387496],[22.988393,39.387574],[22.988444,39.387655],[22.988495,39.387733],[22.988525,39.387781],[22.988537,39.387805],[22.988546,39.387831],[22.988559,39.387893],[22.988564,39.38794],[22.988562,39.387979],[22.988558,39.388004],[22.988553,39.388026],[22.988541,39.388056],[22.988521,39.388086],[22.988497,39.388112],[22.988467,39.388135],[22.988425,39.388163],[22.988321,39.388226],[22.988181,39.388318],[22.988013,39.388429],[22.987979,39.388459],[22.98794,39.388499],[22.987867,39.388578],[22.987805,39.388646],[22.987733,39.388714],[22.987666,39.388758],[22.987618,39.388772],[22.987548,39.38877],[22.987475,39.38875],[22.987403,39.388721],[22.987355,39.388694],[22.987325,39.388667],[22.987304,39.388627],[22.987292,39.3886],[22.987285,39.388563],[22.98728,39.388488],[22.98729,39.388362],[22.987301,39.388308],[22.987323,39.38824],[22.987352,39.388194],[22.987406,39.388128],[22.987459,39.388059],[22.987468,39.388037],[22.98748,39.387994],[22.987476,39.387955],[22.98746,39.38792],[22.987427,39.387875],[22.987377,39.387843],[22.987329,39.387818],[22.987272,39.387801],[22.987228,39.387798],[22.98718,39.387799],[22.987126,39.387808],[22.987093,39.387823],[22.987056,39.387848],[22.987029,39.387871],[22.987008,39.387893],[22.986978,39.387921],[22.986958,39.387944],[22.98691,39.387991],[22.986869,39.388034],[22.986788,39.388115],[22.98677,39.388133],[22.986733,39.388162],[22.986688,39.388187],[22.986641,39.388212],[22.986586,39.388231],[22.986532,39.388241],[22.986459,39.388242],[22.986401,39.388234],[22.986347,39.38822],[22.986316,39.388203],[22.986269,39.388163],[22.986229,39.38812],[22.986209,39.388099],[22.986178,39.388063],[22.986112,39.38799],[22.986031,39.387893],[22.985981,39.387843],[22.985953,39.38782],[22.985907,39.387789],[22.985824,39.38775],[22.985767,39.38773],[22.985701,39.387716],[22.985608,39.387706],[22.985543,39.387706],[22.985491,39.387708],[22.985442,39.387715],[22.985401,39.387727],[22.98537,39.38774],[22.98534,39.387756],[22.985306,39.387781],[22.985284,39.3878],[22.985244,39.387842],[22.985152,39.387934],[22.985106,39.387982],[22.985058,39.388041],[22.985015,39.388088],[22.984961,39.388147],[22.984886,39.388223],[22.984794,39.388299],[22.98471,39.38837],[22.984648,39.388414],[22.984588,39.388451],[22.984548,39.388474],[22.984467,39.388516],[22.984393,39.388548],[22.984331,39.388575],[22.984295,39.38859],[22.984248,39.388602],[22.984194,39.388609],[22.984136,39.38861],[22.984067,39.388605],[22.98399,39.388593],[22.983864,39.38857],[22.983805,39.388565],[22.983734,39.388569],[22.983694,39.388582],[22.98365,39.388608],[22.983624,39.388633],[22.983605,39.388665],[22.983592,39.388694],[22.983581,39.38872],[22.983557,39.388776],[22.983548,39.388793],[22.983539,39.388826],[22.983534,39.388855],[22.983534,39.388879],[22.983537,39.388906],[22.983542,39.388931],[22.983548,39.388961],[22.983562,39.389023],[22.983561,39.389061],[22.983554,39.389123],[22.98353,39.38921],[22.983503,39.389296],[22.983483,39.389361]]},"properties":{"name":"Σταγιάτες - Άνω Βόλος","lines":"4","arr":["4"],"roundabout":0,"mode":"bus","color":"#0059a9"}},{"type":"Feature","geometry":{"type":"LineString","coordinates":[[22.981014,39.381875],[22.980918,39.381803],[22.98086,39.381758],[22.980827,39.381725],[22.9808,39.381693],[22.980781,39.381662],[22.980766,39.381629],[22.980754,39.381596],[22.980747,39.381564],[22.980743,39.381538],[22.980744,39.381501],[22.980747,39.381466],[22.980755,39.381428],[22.980767,39.381395],[22.980775,39.381376],[22.980789,39.381345],[22.980912,39.381066],[22.980973,39.380928],[22.980988,39.380899],[22.981,39.38088],[22.981012,39.380865],[22.981034,39.38084],[22.981068,39.380811],[22.981092,39.380795],[22.981125,39.38078],[22.981155,39.380768],[22.981198,39.380755],[22.981274,39.380741],[22.981377,39.380726],[22.98154,39.380709],[22.981684,39.380697],[22.981814,39.380683],[22.981898,39.38067],[22.981958,39.380654],[22.982023,39.380629],[22.982068,39.380606],[22.982113,39.380577],[22.98214,39.38055],[22.982161,39.380515],[22.982179,39.380472],[22.982193,39.380416],[22.982198,39.380372],[22.982196,39.380321],[22.98219,39.380261],[22.982182,39.380199],[22.982174,39.380135],[22.982161,39.38006],[22.982159,39.380039],[22.982159,39.379998],[22.982162,39.379962],[22.982188,39.379817],[22.982217,39.379702],[22.982233,39.379632],[22.982241,39.37958],[22.982242,39.379504],[22.982235,39.379434],[22.982226,39.379364],[22.982209,39.379301],[22.982184,39.379216],[22.982123,39.379053],[22.982089,39.378986],[22.982073,39.378946],[22.982063,39.378904],[22.982064,39.378866],[22.98208,39.378784],[22.982112,39.37872],[22.98215,39.378667],[22.982288,39.378504],[22.982341,39.378446],[22.982387,39.378391],[22.982412,39.378347],[22.982431,39.37829],[22.982441,39.378235],[22.982439,39.37819],[22.982432,39.37816],[22.982421,39.378127],[22.982406,39.378095],[22.982396,39.378075],[22.982377,39.378036],[22.982349,39.377986],[22.982206,39.377766],[22.982152,39.377679],[22.982131,39.377644],[22.982116,39.37761],[22.982108,39.377575],[22.982106,39.377537],[22.982109,39.377503],[22.982116,39.377482],[22.982125,39.377466],[22.982141,39.377446],[22.982156,39.377433],[22.982192,39.37741],[22.982215,39.377398],[22.982235,39.377391],[22.982271,39.377382],[22.982328,39.377377],[22.982371,39.377375],[22.982404,39.377377],[22.982439,39.377384],[22.98248,39.377395],[22.983052,39.377554],[22.983163,39.377575],[22.98324,39.377585],[22.983272,39.377586],[22.98331,39.377584],[22.983342,39.37758],[22.983381,39.377567],[22.98341,39.377555],[22.983438,39.377539],[22.983464,39.37752],[22.983481,39.377501],[22.983491,39.37748],[22.983495,39.377453],[22.98349,39.37743],[22.983479,39.377402],[22.983459,39.377375],[22.983279,39.377145],[22.983206,39.377043],[22.983132,39.376935],[22.983099,39.376877],[22.983078,39.376831],[22.983065,39.376785],[22.983047,39.376705],[22.983035,39.376619],[22.983028,39.376521],[22.983024,39.376474],[22.983024,39.376419],[22.983027,39.376371]]},"properties":{"name":"Πηλίου","lines":"4","arr":["4"],"roundabout":0,"mode":"bus","color":"#0059a9"}},{"type":"Feature","geometry":{"type":"LineString","coordinates":[[22.982898,39.37625],[22.982921,39.376252],[22.982945,39.376255],[22.982961,39.376259],[22.982971,39.376264],[22.982985,39.376272],[22.982995,39.376282],[22.983007,39.376296],[22.983014,39.376311],[22.983023,39.376331],[22.983026,39.376345],[22.983027,39.376371]]},"properties":{"name":"ΕΟ34α","lines":"4","arr":["4"],"roundabout":0,"mode":"bus","color":"#0059a9"}},{"type":"Feature","geometry":{"type":"LineString","coordinates":[[22.982756,39.376416],[22.98275,39.376398],[22.982746,39.376379],[22.982746,39.376364],[22.982748,39.37635],[22.982753,39.376328],[22.98276,39.376309],[22.982768,39.376296],[22.982779,39.376285],[22.98279,39.376276],[22.982805,39.376267],[22.982821,39.37626],[22.982841,39.376255],[22.982861,39.376252],[22.982881,39.37625],[22.982898,39.37625]]},"properties":{"name":"ΕΟ34α","lines":"4, 7","arr":["4","7"],"roundabout":0,"mode":"bus","color":"#0059a9"}},{"type":"Feature","geometry":{"type":"LineString","coordinates":[[22.982756,39.376416],[22.982774,39.376459],[22.982794,39.376502],[22.98285,39.376611],[22.982872,39.376663],[22.982898,39.376723],[22.982909,39.376755],[22.982918,39.376786],[22.982933,39.376852],[22.982947,39.376905],[22.982959,39.376943],[22.982974,39.376981],[22.98299,39.377011],[22.983033,39.377078],[22.983093,39.377176],[22.983104,39.377207],[22.983108,39.377237],[22.983106,39.377254],[22.983097,39.377277],[22.983086,39.377298],[22.983076,39.377313],[22.983064,39.377324],[22.983052,39.377333],[22.98304,39.377341],[22.983018,39.37735],[22.983001,39.377354],[22.982984,39.377355],[22.982964,39.377355],[22.982937,39.377352],[22.982909,39.377345],[22.982871,39.377332],[22.982827,39.37731],[22.982756,39.377268],[22.982659,39.377203],[22.982618,39.377174],[22.982547,39.377133],[22.982449,39.377075],[22.98238,39.377032],[22.982293,39.37698],[22.982224,39.376943],[22.982145,39.376904],[22.981999,39.376835],[22.981788,39.376748],[22.981614,39.37668],[22.981532,39.376652],[22.981466,39.376634],[22.981402,39.376621],[22.981357,39.376614],[22.981322,39.376611],[22.981279,39.376612],[22.981254,39.376616],[22.981219,39.376624],[22.981184,39.376635],[22.981157,39.376645],[22.981124,39.376659],[22.981088,39.376675],[22.981033,39.376702],[22.98096,39.376741],[22.980901,39.376777],[22.980862,39.376803],[22.980822,39.376836],[22.980811,39.376846],[22.980796,39.376862],[22.980776,39.376883],[22.980753,39.376913],[22.980732,39.376948],[22.980715,39.376982],[22.980699,39.377033],[22.98069,39.37707],[22.980679,39.377119],[22.980655,39.377235],[22.980639,39.377312],[22.980627,39.377367],[22.980621,39.377404],[22.980621,39.377426],[22.980627,39.377458],[22.980636,39.377484],[22.980649,39.377512],[22.980671,39.37755],[22.980704,39.377587],[22.980725,39.377607],[22.980758,39.377631],[22.980776,39.377643],[22.980855,39.377686],[22.980984,39.377759],[22.981051,39.377798],[22.981107,39.377837],[22.981166,39.377882],[22.9812,39.377913],[22.981217,39.377934],[22.981232,39.377962],[22.98124,39.377985],[22.981242,39.377998],[22.981243,39.378015],[22.981241,39.378036],[22.981238,39.378049],[22.981234,39.378062],[22.981221,39.378089],[22.981204,39.37811],[22.981192,39.378121],[22.981173,39.378134],[22.981145,39.378151],[22.981086,39.378178],[22.981001,39.378212],[22.980888,39.378259],[22.980815,39.378287],[22.980779,39.378301],[22.980739,39.378316],[22.980711,39.378327],[22.980688,39.378337],[22.98066,39.378353],[22.980599,39.378399],[22.980567,39.378428],[22.980536,39.378469],[22.98052,39.378492],[22.980506,39.378523],[22.980498,39.378545],[22.980494,39.378564],[22.98049,39.378584],[22.980492,39.378606],[22.980497,39.378627],[22.980505,39.378648],[22.98053,39.378688],[22.980555,39.378726],[22.980588,39.378773],[22.980624,39.378818],[22.980652,39.378858],[22.980665,39.378884],[22.980669,39.37891],[22.980666,39.378928],[22.98066,39.378949],[22.980647,39.378967],[22.980631,39.378984],[22.980615,39.378998],[22.980596,39.379009],[22.980558,39.379026],[22.980527,39.379037],[22.980489,39.379049],[22.980467,39.379054],[22.980421,39.379059],[22.980371,39.379062],[22.980286,39.379054],[22.980198,39.379041],[22.98008,39.379021],[22.979978,39.379001],[22.979773,39.378959],[22.979573,39.378914],[22.979359,39.378868],[22.97926,39.378845],[22.979173,39.378827],[22.97912,39.37882],[22.979056,39.378818],[22.978982,39.378818],[22.978881,39.378821],[22.978787,39.378825],[22.978684,39.378836],[22.97843,39.378888],[22.978267,39.378923],[22.978184,39.378946],[22.978135,39.378962],[22.978078,39.378981],[22.978048,39.378994],[22.978019,39.379011],[22.977986,39.379034],[22.977972,39.379054],[22.977955,39.37908],[22.977948,39.379097],[22.977945,39.379117],[22.977945,39.379152],[22.977954,39.379193],[22.977971,39.37924],[22.977999,39.379302],[22.978045,39.379404],[22.978082,39.379473],[22.978132,39.379576],[22.978163,39.379646],[22.978179,39.379686],[22.978187,39.379718],[22.978193,39.379751],[22.978194,39.379769],[22.978193,39.379784],[22.978189,39.379804],[22.978184,39.37982],[22.978178,39.379832],[22.978166,39.379852],[22.978151,39.37987],[22.978138,39.379881],[22.978123,39.37989],[22.978106,39.379896],[22.978084,39.379901],[22.978059,39.379903],[22.97803,39.379902],[22.977994,39.379896],[22.97796,39.379887],[22.977931,39.379875],[22.977904,39.37986],[22.977867,39.379836],[22.977765,39.379771],[22.977712,39.379737],[22.977671,39.37972],[22.977639,39.379712],[22.977578,39.379705],[22.977523,39.379711],[22.977457,39.379724],[22.977401,39.379742],[22.977334,39.37977],[22.977228,39.379829],[22.977124,39.379884],[22.977058,39.379916],[22.97698,39.379948],[22.976847,39.379996],[22.976655,39.38007],[22.976526,39.380126],[22.976458,39.380162],[22.976426,39.380183],[22.976369,39.380223],[22.976328,39.380263],[22.976293,39.380308],[22.976266,39.380353],[22.9762,39.380462],[22.976176,39.380505],[22.976147,39.38054],[22.976123,39.380566],[22.976102,39.380585],[22.976074,39.380606],[22.976048,39.380621],[22.976,39.380645],[22.975946,39.380673],[22.97586,39.380713],[22.975795,39.380744],[22.975751,39.380766],[22.975712,39.380788],[22.975682,39.380809],[22.975652,39.38083],[22.975613,39.38086],[22.97558,39.380886],[22.975549,39.380913],[22.975523,39.380931],[22.975492,39.380949],[22.975459,39.380964],[22.975428,39.380977],[22.975392,39.380987],[22.975366,39.380991],[22.975325,39.380993]]},"properties":{"name":"Πηλίου","lines":"4, 7","arr":["4","7"],"roundabout":0,"mode":"bus","color":"#0059a9"}},{"type":"Feature","geometry":{"type":"LineString","coordinates":[[22.975325,39.380993],[22.975264,39.380991],[22.975227,39.380987],[22.97519,39.38098],[22.975138,39.380964],[22.975112,39.380952],[22.975073,39.38093],[22.97506,39.380918],[22.975045,39.380905],[22.975031,39.380883],[22.975007,39.380849],[22.974977,39.380798],[22.974944,39.380732],[22.974917,39.380678],[22.974899,39.38065],[22.974876,39.380623],[22.974847,39.380602],[22.974815,39.380586],[22.974768,39.380569],[22.974691,39.380548],[22.974514,39.380512],[22.974327,39.380471],[22.974205,39.380434],[22.974127,39.380403],[22.974064,39.380374],[22.973946,39.380318],[22.973896,39.380297],[22.97386,39.380286],[22.973827,39.380278],[22.973798,39.380272],[22.973766,39.380269],[22.973738,39.380269],[22.973698,39.380275],[22.973665,39.380285],[22.973634,39.380299],[22.973592,39.380324],[22.973556,39.380356],[22.97354,39.380382],[22.973514,39.380438],[22.973472,39.380572],[22.9734,39.380795],[22.973386,39.380851],[22.973375,39.380896],[22.973367,39.380952],[22.973362,39.381013],[22.973365,39.381043],[22.973374,39.381081],[22.973386,39.381113],[22.973414,39.381156],[22.973447,39.381198],[22.973483,39.381235],[22.973525,39.381271],[22.973568,39.381301],[22.973619,39.381332],[22.973669,39.381355],[22.973704,39.381369],[22.97374,39.38138],[22.973805,39.381393],[22.973867,39.381401],[22.973932,39.38141],[22.973965,39.381419],[22.973996,39.381434],[22.974033,39.381458],[22.974056,39.38148],[22.974071,39.3815],[22.974077,39.381515],[22.974085,39.381533],[22.974089,39.381549],[22.97409,39.381566],[22.974087,39.381582],[22.974081,39.381599],[22.974067,39.381623],[22.974054,39.381637],[22.974036,39.381649],[22.974017,39.381657],[22.974003,39.381662],[22.973984,39.381665],[22.973959,39.381667],[22.973935,39.381667],[22.973911,39.381665],[22.973893,39.381661],[22.973876,39.381656],[22.973857,39.381647],[22.973835,39.381635],[22.973805,39.381614],[22.973739,39.381563],[22.973693,39.38153],[22.973665,39.381514],[22.973606,39.381485],[22.973545,39.381457],[22.973501,39.38144],[22.973224,39.381344],[22.973178,39.381325],[22.973124,39.381294],[22.973095,39.381271],[22.973077,39.381254],[22.97306,39.381228],[22.973047,39.381199],[22.973033,39.381154],[22.973025,39.381118],[22.973024,39.381052],[22.97303,39.380982],[22.973044,39.380873],[22.97314,39.380354],[22.973142,39.380281],[22.973137,39.380199],[22.973124,39.380089],[22.973114,39.380014],[22.973098,39.379935],[22.973044,39.379718],[22.973026,39.379599],[22.973025,39.379566],[22.973029,39.379533],[22.973036,39.379504],[22.973048,39.379476],[22.973077,39.379439],[22.973119,39.379399],[22.973144,39.379377],[22.973164,39.379363],[22.973189,39.379351],[22.973212,39.379342],[22.973238,39.379334],[22.973268,39.379328],[22.97333,39.379321],[22.973387,39.379317],[22.97346,39.379317],[22.973536,39.379316],[22.973605,39.379318],[22.973679,39.379321],[22.973745,39.379326],[22.973807,39.379334],[22.973847,39.379342],[22.973881,39.379355],[22.973926,39.379376],[22.973965,39.379401],[22.974003,39.379431],[22.97409,39.379509],[22.974122,39.379539],[22.974154,39.379557],[22.974202,39.379574],[22.974245,39.37958],[22.97428,39.37958],[22.974304,39.379577],[22.974324,39.379569],[22.974341,39.379557],[22.974358,39.379536],[22.974368,39.379515],[22.974374,39.379491],[22.974373,39.379466],[22.974361,39.37943],[22.974338,39.379403],[22.97431,39.379379],[22.974284,39.379363],[22.974242,39.379341],[22.974195,39.379321],[22.97414,39.379305],[22.973885,39.379239],[22.973661,39.379184],[22.973487,39.379136],[22.973402,39.379115],[22.973351,39.379106],[22.973315,39.379101],[22.973289,39.3791],[22.973256,39.379102],[22.973226,39.379105],[22.973187,39.379114],[22.973133,39.379127],[22.973086,39.379143],[22.973059,39.379154],[22.97302,39.379172],[22.973001,39.379182],[22.97295,39.37921],[22.972903,39.379244],[22.972854,39.379283],[22.972809,39.379327],[22.97278,39.379359],[22.972754,39.379393],[22.972733,39.379433],[22.972715,39.379477],[22.972702,39.379519],[22.97269,39.37956],[22.972607,39.379949],[22.972571,39.380085],[22.972557,39.380129],[22.972541,39.380165],[22.972518,39.380214],[22.972399,39.380432],[22.972269,39.380646],[22.972105,39.380887],[22.97208,39.380924]]},"properties":{"name":"Βόλου - Τσαγκαράδας","lines":"4, 7","arr":["4","7"],"roundabout":0,"mode":"bus","color":"#0059a9"}},{"type":"Feature","geometry":{"type":"LineString","coordinates":[[22.982898,39.37625],[22.982898,39.376183]]},"properties":{"name":"","lines":"4, 7","arr":["4","7"],"roundabout":0,"mode":"bus","color":"#0059a9"}},{"type":"Feature","geometry":{"type":"LineString","coordinates":[[22.982898,39.376183],[22.982897,39.376153],[22.982902,39.376117],[22.982919,39.376071],[22.982938,39.376024],[22.982962,39.375974],[22.982987,39.375933],[22.983015,39.375893],[22.983051,39.375849],[22.983086,39.375815],[22.983114,39.375795],[22.983154,39.375772],[22.983204,39.375751],[22.983252,39.375738],[22.98329,39.375734],[22.983338,39.375733],[22.983394,39.375738],[22.983436,39.375747],[22.983484,39.37576],[22.983539,39.37578],[22.983571,39.375797],[22.983612,39.375819],[22.983704,39.375878],[22.983813,39.375958],[22.983938,39.376045],[22.984035,39.376107],[22.984091,39.376141],[22.98413,39.376156],[22.984168,39.376162],[22.984212,39.376165],[22.984238,39.376164],[22.984272,39.376155],[22.984292,39.376147],[22.984313,39.376128],[22.98433,39.376104],[22.984348,39.376073],[22.984362,39.376039],[22.984372,39.376001],[22.984378,39.375963],[22.984391,39.375889],[22.984404,39.375819],[22.984434,39.375727],[22.984468,39.37563],[22.984506,39.375536],[22.984562,39.375411],[22.984586,39.375351],[22.984605,39.375295],[22.984621,39.375234],[22.984629,39.375199],[22.984633,39.375142],[22.984635,39.375072],[22.984632,39.375031],[22.984629,39.374983],[22.984618,39.374893],[22.984605,39.374783],[22.984592,39.37468],[22.984586,39.374596],[22.984584,39.374528],[22.984588,39.374466],[22.984595,39.3744],[22.984603,39.374348]]},"properties":{"name":"","lines":"7","arr":["7"],"roundabout":0,"mode":"bus","color":"#0059a9"}},{"type":"Feature","geometry":{"type":"LineString","coordinates":[[22.986413,39.372943],[22.986596,39.372803]]},"properties":{"name":"","lines":"7","arr":["7"],"roundabout":0,"mode":"bus","color":"#0059a9"}},{"type":"Feature","geometry":{"type":"LineString","coordinates":[[22.932644,39.361261],[22.932714,39.361122],[22.932721,39.36111],[22.932731,39.361096],[22.932737,39.361087],[22.932752,39.361074],[22.932767,39.361063],[22.932789,39.36105],[22.932826,39.361031],[22.932848,39.36102],[22.932872,39.361007],[22.932894,39.360993],[22.932913,39.360977],[22.93293,39.36096],[22.932943,39.360946],[22.932956,39.360931],[22.932967,39.360913],[22.933131,39.360664]]},"properties":{"name":"","lines":"7","arr":["7"],"roundabout":0,"mode":"bus","color":"#0059a9"}},{"type":"Feature","geometry":{"type":"LineString","coordinates":[[22.954087,39.370189],[22.953836,39.369922],[22.953774,39.369856],[22.953378,39.369443],[22.953041,39.36909],[22.952988,39.369035],[22.952563,39.368576],[22.9522,39.368184],[22.951669,39.367623],[22.951224,39.367143],[22.950792,39.366681],[22.950724,39.366608]]},"properties":{"name":"Ελευθερίου Βενιζέλου (Ιωλκού)","lines":"4, 7, 15, 49","arr":["4","7","15","49"],"roundabout":0,"mode":"bus","color":"#0059a9"}},{"type":"Feature","geometry":{"type":"LineString","coordinates":[[22.930989,39.362907],[22.930989,39.36288],[22.930984,39.362848],[22.930976,39.362821],[22.930514,39.362125],[22.929467,39.360599],[22.929421,39.360533],[22.929388,39.360488],[22.929271,39.360319],[22.929191,39.360209],[22.928842,39.359718]]},"properties":{"name":"Αθηνών","lines":"4","arr":["4"],"roundabout":0,"mode":"bus","color":"#0059a9"}},{"type":"Feature","geometry":{"type":"LineString","coordinates":[[22.928842,39.359718],[22.9284,39.359062],[22.928132,39.358655],[22.928118,39.358635],[22.927993,39.358464],[22.927988,39.358458],[22.927577,39.357864],[22.927382,39.357581],[22.927092,39.357165],[22.926943,39.356935],[22.92688,39.356837],[22.926843,39.35678]]},"properties":{"name":"Αθηνών","lines":"4, 8","arr":["4","8"],"roundabout":0,"mode":"bus","color":"#0059a9"}},{"type":"Feature","geometry":{"type":"LineString","coordinates":[[22.926843,39.35678],[22.926774,39.356672]]},"properties":{"name":"Αθηνών","lines":"4, 6, 8","arr":["4","6","8"],"roundabout":0,"mode":"bus","color":"#0059a9"}},{"type":"Feature","geometry":{"type":"LineString","coordinates":[[23.058159,39.328695],[23.057715,39.328965],[23.05743,39.329155],[23.057332,39.329214],[23.057226,39.32926],[23.056862,39.329537],[23.056445,39.329948],[23.056112,39.330327],[23.055432,39.330916],[23.055388,39.330958],[23.055095,39.331123],[23.054921,39.331122],[23.054779,39.331057],[23.054707,39.330989],[23.054685,39.330937],[23.054671,39.330893],[23.05467,39.330837],[23.054685,39.330783],[23.05505,39.33009],[23.055089,39.329861],[23.05507,39.329754],[23.05478,39.329332],[23.054723,39.329253],[23.054494,39.328947],[23.054356,39.328739],[23.054334,39.328645],[23.054323,39.328558],[23.054316,39.328457]]},"properties":{"name":"Δημητρίου Ιατρείδου","lines":"5","arr":["5"],"roundabout":0,"mode":"bus","color":"#0059a9"}},{"type":"Feature","geometry":{"type":"LineString","coordinates":[[23.054308,39.327904],[23.054307,39.328198],[23.054305,39.32833],[23.054316,39.328457],[23.054379,39.328502],[23.054424,39.328515],[23.054468,39.328522],[23.054531,39.328522],[23.054585,39.328511],[23.054659,39.32846],[23.054763,39.328354],[23.05488,39.328236],[23.055025,39.328107],[23.055172,39.32798],[23.055354,39.327841],[23.055437,39.327794],[23.055576,39.327761],[23.055775,39.327703],[23.055892,39.327678],[23.056041,39.327639],[23.056163,39.327606],[23.056282,39.327591],[23.056548,39.327579],[23.056905,39.327567],[23.057314,39.327562],[23.057432,39.327583],[23.057505,39.327619],[23.057567,39.32768],[23.057656,39.327775],[23.057724,39.327861],[23.057771,39.327931],[23.057819,39.328032],[23.057912,39.328221],[23.057998,39.328408],[23.058087,39.328598],[23.058106,39.328635],[23.058159,39.328695]]},"properties":{"name":"Δημοπούλου","lines":"5","arr":["5"],"roundabout":0,"mode":"bus","color":"#0059a9"}},{"type":"Feature","geometry":{"type":"LineString","coordinates":[[23.052899,39.325696],[23.053002,39.325778],[23.053173,39.32592],[23.053242,39.325979],[23.053365,39.326059],[23.053532,39.326176],[23.053817,39.326373],[23.05392,39.326448],[23.053974,39.326497],[23.054019,39.326548],[23.054042,39.326592],[23.054065,39.32668],[23.05408,39.326824],[23.054087,39.327011],[23.054114,39.327163],[23.054181,39.327409],[23.054254,39.327635],[23.054296,39.327802],[23.054308,39.327904]]},"properties":{"name":"Μουρογιάννη","lines":"5","arr":["5"],"roundabout":0,"mode":"bus","color":"#0059a9"}},{"type":"Feature","geometry":{"type":"LineString","coordinates":[[23.023615,39.333087],[23.023757,39.333022],[23.023914,39.332957],[23.02398,39.332931],[23.024051,39.332903],[23.024197,39.332852],[23.024349,39.332804],[23.025039,39.332622],[23.025253,39.332571],[23.025381,39.332544],[23.025547,39.332518],[23.025715,39.3325],[23.025884,39.332491],[23.026499,39.332483],[23.026927,39.332487],[23.027219,39.332497],[23.02747,39.332509],[23.027597,39.332509],[23.027721,39.332491],[23.027839,39.332456],[23.027947,39.332404],[23.028174,39.332267],[23.028261,39.332216],[23.028352,39.332171],[23.028448,39.332131],[23.028547,39.332097],[23.028649,39.332069],[23.028754,39.332047],[23.02886,39.332031],[23.028968,39.332021],[23.029077,39.332018],[23.029185,39.332021],[23.029293,39.332031],[23.029399,39.332047],[23.029504,39.332069],[23.029606,39.332098],[23.029705,39.332132],[23.029801,39.332172],[23.030421,39.332483],[23.030557,39.332547],[23.030706,39.332604],[23.030845,39.332648],[23.030996,39.332679],[23.031128,39.33269],[23.031281,39.332692],[23.031448,39.332689],[23.032183,39.332684],[23.032282,39.33269],[23.03237,39.3327],[23.032454,39.332717],[23.032548,39.332737],[23.032717,39.332785],[23.032774,39.332793],[23.032832,39.332795],[23.032895,39.33279],[23.032955,39.332779],[23.032996,39.332767],[23.033041,39.332748],[23.033086,39.332726],[23.033252,39.332598],[23.033394,39.332486],[23.033499,39.332404],[23.033604,39.33233],[23.033701,39.332268],[23.033809,39.332209],[23.034102,39.332065],[23.034276,39.331979],[23.03463,39.331801],[23.034741,39.331738],[23.034821,39.331685],[23.034895,39.331629],[23.034978,39.331554],[23.035171,39.331371],[23.035217,39.331334],[23.035268,39.3313],[23.035329,39.331267],[23.03538,39.331243],[23.035421,39.331229],[23.035483,39.331212],[23.035528,39.331201],[23.036254,39.331055],[23.03639,39.331028],[23.036883,39.330928]]},"properties":{"name":"Βόλου - Νεοχωρίου","lines":"5","arr":["5"],"roundabout":0,"mode":"bus","color":"#0059a9"}},{"type":"Feature","geometry":{"type":"LineString","coordinates":[[22.992011,39.351614],[22.992058,39.351569],[22.992098,39.351536],[22.992142,39.351508],[22.992181,39.351488],[22.992249,39.351459],[22.992456,39.351388],[22.99254,39.351355],[22.992648,39.351307],[22.99255,39.351324],[22.992447,39.351353],[22.992231,39.351416],[22.992143,39.351437],[22.992052,39.35146],[22.99194,39.351481],[22.991827,39.351494]]},"properties":{"name":"Βόλου - Νεοχωρίου","lines":"5","arr":["5"],"roundabout":0,"mode":"bus","color":"#0059a9"}},{"type":"Feature","geometry":{"type":"LineString","coordinates":[[22.991653,39.35166],[22.991625,39.351629],[22.991606,39.351615],[22.991571,39.351596],[22.991529,39.351581],[22.991458,39.351567],[22.991387,39.351559],[22.99129,39.351555],[22.991206,39.351552],[22.991122,39.351548],[22.990992,39.351532]]},"properties":{"name":"Βόλου - Νεοχωρίου","lines":"5","arr":["5"],"roundabout":0,"mode":"bus","color":"#0059a9"}},{"type":"Feature","geometry":{"type":"LineString","coordinates":[[22.965926,39.350874],[22.965948,39.350857],[22.966037,39.350786],[22.966148,39.350694],[22.966171,39.350672],[22.966216,39.350634],[22.966966,39.349944],[22.967254,39.34969],[22.967352,39.349611],[22.96743,39.349552],[22.967506,39.349501],[22.967578,39.349455],[22.967645,39.349421],[22.967724,39.349385],[22.967841,39.349335],[22.967969,39.349289],[22.968075,39.349254],[22.968154,39.349234],[22.968233,39.349215],[22.96831,39.349197],[22.968369,39.34918],[22.968424,39.349161],[22.968477,39.349138],[22.968518,39.349116],[22.968561,39.349085],[22.968612,39.349044],[22.968678,39.348987],[22.96874,39.348937],[22.968795,39.348895],[22.968869,39.348845],[22.968927,39.348808],[22.969001,39.348765],[22.969082,39.348725],[22.969189,39.348678],[22.969286,39.34864],[22.969416,39.348592],[22.969534,39.348547],[22.969631,39.348509],[22.969693,39.348485],[22.969741,39.348462],[22.969804,39.348427],[22.969878,39.348386],[22.969933,39.348353],[22.970079,39.348253],[22.970154,39.348207],[22.97022,39.348167],[22.970264,39.348145],[22.97032,39.348124],[22.970376,39.348106],[22.970431,39.348097],[22.970483,39.348092],[22.970531,39.348091],[22.970584,39.348091],[22.970632,39.348094],[22.970684,39.348098],[22.970711,39.348101],[22.970737,39.348104],[22.970928,39.348145],[22.970994,39.348154],[22.971049,39.348162],[22.971106,39.348167],[22.97115,39.348168],[22.971193,39.348167],[22.971228,39.348164],[22.97127,39.348158],[22.971317,39.348147],[22.971355,39.348135],[22.971395,39.34812],[22.971425,39.348108],[22.971472,39.348087],[22.971521,39.348063],[22.971641,39.348002],[22.971797,39.347929],[22.971901,39.347888],[22.971996,39.347852],[22.972096,39.347819],[22.972178,39.3478],[22.972247,39.347786],[22.972313,39.347778],[22.972393,39.347772],[22.972458,39.34777],[22.972563,39.347767],[22.973023,39.347768],[22.973163,39.347772],[22.973296,39.347777],[22.973397,39.347785],[22.973478,39.347794],[22.973526,39.347802],[22.97359,39.347813],[22.973651,39.347825],[22.973704,39.347834],[22.97378,39.347847],[22.973874,39.34787],[22.974066,39.34792],[22.974201,39.347956],[22.974267,39.347973],[22.974339,39.347988],[22.974393,39.347998],[22.974449,39.348002],[22.974526,39.348002],[22.974845,39.347995],[22.975265,39.347971],[22.975642,39.34796],[22.975699,39.347963],[22.975777,39.347968],[22.975854,39.347979],[22.97592,39.347988],[22.975982,39.348],[22.976059,39.34802],[22.976116,39.348036],[22.976168,39.348057],[22.9762,39.348074],[22.976242,39.348098],[22.976291,39.348128],[22.976323,39.348152],[22.976358,39.348178],[22.976389,39.348203],[22.976423,39.348235],[22.976451,39.348267],[22.976485,39.348311],[22.976514,39.348359],[22.976539,39.348407],[22.976553,39.348448],[22.976569,39.348519],[22.976575,39.348564],[22.976595,39.348657],[22.976604,39.348727],[22.976618,39.348782],[22.97663,39.34883],[22.976644,39.348865],[22.976659,39.348895],[22.976682,39.348935],[22.9767,39.348961],[22.976729,39.348989],[22.976755,39.349011],[22.976778,39.349027],[22.976804,39.349045],[22.97683,39.349058],[22.976855,39.34907],[22.976884,39.349083],[22.976908,39.349094],[22.976939,39.349104],[22.976975,39.349115],[22.97703,39.349128],[22.977079,39.349134],[22.977129,39.349135],[22.977195,39.349131],[22.977257,39.349124],[22.977297,39.349117],[22.9774,39.349095],[22.977625,39.349051],[22.977701,39.349038],[22.977785,39.349031],[22.977866,39.349026],[22.977924,39.349028],[22.977994,39.349035],[22.978058,39.349044],[22.978121,39.349055],[22.97817,39.349065],[22.978225,39.349081],[22.978276,39.349097],[22.978343,39.349123],[22.978393,39.349147],[22.978455,39.349178],[22.978522,39.349223],[22.978599,39.349281],[22.978667,39.349346],[22.978713,39.349405],[22.978762,39.349464],[22.978837,39.349566],[22.978883,39.34964],[22.978906,39.34967],[22.97893,39.349691],[22.978959,39.349715],[22.978978,39.349728],[22.979011,39.349752],[22.97906,39.349786],[22.979117,39.349824],[22.979204,39.349875],[22.979895,39.35026],[22.980021,39.35033],[22.98015,39.350388],[22.980233,39.350423],[22.980347,39.350459],[22.980488,39.350496],[22.983661,39.351223],[22.98388,39.351262],[22.984108,39.351297],[22.985967,39.351528],[22.986909,39.351645],[22.987025,39.351656],[22.987095,39.35166],[22.987164,39.351663],[22.987226,39.35166],[22.987284,39.351653],[22.987355,39.351642],[22.987422,39.351629],[22.987498,39.351611],[22.987613,39.351582],[22.987993,39.351491],[22.988108,39.351465],[22.988182,39.351448],[22.988274,39.35143],[22.988372,39.351418],[22.98847,39.351413],[22.988586,39.351411],[22.988712,39.351414],[22.988882,39.351425],[22.989293,39.351458],[22.989475,39.35147],[22.989718,39.351482],[22.990864,39.351529],[22.990992,39.351532],[22.991096,39.351526],[22.991195,39.351524],[22.991384,39.351523],[22.991528,39.351522],[22.991641,39.351515],[22.991776,39.351501]]},"properties":{"name":"Βόλου - Νεοχωρίου","lines":"5","arr":["5"],"roundabout":0,"mode":"bus","color":"#0059a9"}},{"type":"Feature","geometry":{"type":"LineString","coordinates":[[23.054296,39.32348],[23.054052,39.323868],[23.054018,39.323918],[23.053883,39.324118],[23.053752,39.32431],[23.053603,39.324518],[23.053459,39.324687],[23.053328,39.324817],[23.053279,39.324875],[23.053249,39.324938],[23.053213,39.325023],[23.053173,39.325117],[23.053124,39.325238],[23.052966,39.325582],[23.052899,39.325696],[23.052842,39.325748],[23.052753,39.325813],[23.052637,39.325886],[23.05256,39.32594],[23.052511,39.325981],[23.052488,39.326014],[23.052481,39.326024],[23.05245,39.326089],[23.05241,39.326196],[23.052359,39.326318],[23.052341,39.326359],[23.052323,39.326401],[23.052307,39.326431],[23.052254,39.326511],[23.051894,39.326944],[23.051735,39.327133],[23.051668,39.327216],[23.051585,39.32729],[23.051525,39.327337],[23.051482,39.327359],[23.051416,39.327385],[23.051327,39.327407],[23.051207,39.327426],[23.051046,39.327455],[23.050764,39.327503],[23.050434,39.327548],[23.050033,39.327595],[23.049766,39.327632],[23.049543,39.327668],[23.049197,39.327744],[23.048576,39.32789],[23.048382,39.327943],[23.048225,39.327996],[23.048075,39.32806],[23.047977,39.328108],[23.047791,39.328215],[23.047658,39.328287],[23.047484,39.328371],[23.047341,39.328439],[23.047136,39.328516],[23.046862,39.328607],[23.046673,39.328661],[23.046492,39.328709],[23.04633,39.328752],[23.046153,39.328788],[23.045526,39.328874],[23.04537,39.328896],[23.045253,39.328919],[23.045131,39.328949],[23.044968,39.329005],[23.044751,39.329093],[23.044358,39.329239],[23.043668,39.329534],[23.043583,39.329573],[23.043462,39.329623],[23.043432,39.329636],[23.042849,39.329893],[23.042708,39.329972],[23.042588,39.330039],[23.042461,39.330126],[23.04236,39.330205],[23.042244,39.330302],[23.042023,39.330488],[23.041966,39.330536],[23.041904,39.33058],[23.041837,39.330619],[23.041777,39.330648],[23.041713,39.330674],[23.041657,39.330694],[23.041615,39.330706],[23.041569,39.330715],[23.041528,39.330723],[23.041432,39.330735],[23.041276,39.330751],[23.041119,39.330756],[23.040963,39.330752],[23.040807,39.330738]]},"properties":{"name":"Βόλου - Νεοχωρίου","lines":"5","arr":["5"],"roundabout":0,"mode":"bus","color":"#0059a9"}},{"type":"Feature","geometry":{"type":"LineString","coordinates":[[23.040807,39.330738],[23.040714,39.330732],[23.040647,39.330729],[23.04058,39.330728],[23.040466,39.330729],[23.040353,39.330732],[23.039711,39.330766],[23.039364,39.330785],[23.038244,39.330845],[23.037212,39.3309],[23.037129,39.330902],[23.037046,39.330908],[23.036964,39.330916],[23.036883,39.330928],[23.037064,39.330884],[23.037131,39.330862],[23.037184,39.33084],[23.03725,39.33081],[23.037346,39.330762],[23.037432,39.330721],[23.037525,39.33068],[23.037584,39.330659],[23.037635,39.330645],[23.037727,39.330627],[23.037772,39.33062],[23.03784,39.330611],[23.038211,39.330586],[23.03832,39.330575],[23.038776,39.330538],[23.039479,39.330481],[23.039629,39.330469],[23.039692,39.330465],[23.03981,39.330456],[23.039857,39.330456],[23.039896,39.330461],[23.039958,39.330471],[23.039996,39.330481],[23.040064,39.330501],[23.040133,39.330524],[23.040233,39.330565],[23.040385,39.33063],[23.040487,39.330666],[23.040573,39.330692],[23.04065,39.330711],[23.040713,39.330722],[23.040807,39.330738]]},"properties":{"name":"Βόλου - Νεοχωρίου","lines":"5","arr":["5"],"roundabout":0,"mode":"bus","color":"#0059a9"}},{"type":"Feature","geometry":{"type":"LineString","coordinates":[[23.043668,39.329534],[23.043613,39.329625],[23.043583,39.329573]]},"properties":{"name":"","lines":"5","arr":["5"],"roundabout":0,"mode":"bus","color":"#0059a9"}},{"type":"Feature","geometry":{"type":"LineString","coordinates":[[23.001733,39.34422],[23.000856,39.344139],[22.999884,39.344049],[22.999383,39.344002],[22.999242,39.343989]]},"properties":{"name":"","lines":"5","arr":["5"],"roundabout":0,"mode":"bus","color":"#0059a9"}},{"type":"Feature","geometry":{"type":"LineString","coordinates":[[23.017429,39.336497],[23.017383,39.336469]]},"properties":{"name":"","lines":"5","arr":["5"],"roundabout":0,"mode":"bus","color":"#0059a9"}},{"type":"Feature","geometry":{"type":"LineString","coordinates":[[23.023615,39.333087],[23.023218,39.333272],[23.022827,39.333463],[23.021587,39.334112],[23.02138,39.334218],[23.021155,39.33433],[23.020838,39.33448],[23.02064,39.334567],[23.020449,39.334646],[23.020235,39.334734],[23.02006,39.334797],[23.019564,39.334968],[23.019438,39.335013],[23.019327,39.335058],[23.019264,39.335088],[23.019159,39.335146],[23.019044,39.335227],[23.018527,39.33562],[23.018498,39.33564],[23.018354,39.335749],[23.018232,39.335846],[23.017649,39.336296],[23.017534,39.336395],[23.017429,39.336497],[23.017228,39.336692],[23.017138,39.336766],[23.017039,39.336838],[23.016923,39.336909],[23.016804,39.336976],[23.016652,39.337054],[23.016066,39.337335],[23.015359,39.337677],[23.014904,39.337931],[23.014695,39.338047],[23.014552,39.338127],[23.014394,39.338215],[23.014008,39.338419],[23.013874,39.338483],[23.013776,39.338526],[23.013702,39.338552],[23.013568,39.338595],[23.013457,39.338625],[23.013344,39.338654],[23.013185,39.338684],[23.012516,39.338796],[23.012424,39.338813],[23.012338,39.338832],[23.012257,39.338855],[23.012194,39.338878],[23.012145,39.338902],[23.012097,39.338932],[23.012045,39.338976],[23.01199,39.339023],[23.011905,39.339105],[23.011663,39.339324],[23.011533,39.339433],[23.011443,39.339509],[23.011352,39.339577],[23.011245,39.339652],[23.011144,39.339717],[23.011087,39.339746],[23.011029,39.339771],[23.010969,39.33979],[23.010898,39.33981],[23.010839,39.339824],[23.01074,39.339842],[23.010486,39.339885],[23.010302,39.339919],[23.010088,39.339956],[23.00979,39.340002],[23.009601,39.340026],[23.009398,39.340042],[23.009388,39.340042],[23.009381,39.340043],[23.009239,39.34005],[23.009127,39.340052],[23.009016,39.340053],[23.008901,39.340051],[23.008623,39.340039],[23.008453,39.340028],[23.0082,39.340009],[23.007926,39.339985],[23.007438,39.339945],[23.007288,39.339934],[23.007171,39.33993],[23.006935,39.339924],[23.006445,39.33992],[23.005764,39.339913],[23.005279,39.339915],[23.005194,39.339917],[23.005134,39.339921],[23.005069,39.339927],[23.005029,39.339931],[23.004995,39.339935],[23.004832,39.339955],[23.004263,39.340042],[23.003814,39.340123],[23.003747,39.340136],[23.003659,39.340159],[23.003626,39.340167],[23.003554,39.340192],[23.003464,39.340234],[23.003395,39.340276],[23.003291,39.34035],[23.003204,39.340438],[23.003145,39.34051],[23.003097,39.340572],[23.003056,39.34064],[23.003013,39.340719],[23.00298,39.340802],[23.002939,39.340924],[23.002889,39.34105],[23.00285,39.341119],[23.002806,39.341184],[23.002747,39.341252],[23.00271,39.341296],[23.002625,39.341364],[23.002282,39.341631],[23.001766,39.342017],[23.00173,39.34204],[23.001674,39.342074],[23.00163,39.342093],[23.001579,39.342113],[23.001534,39.342125],[23.001485,39.342137],[23.00143,39.342147],[23.001379,39.342155],[23.000627,39.34225],[23.000536,39.342266],[23.000455,39.342284],[23.00033,39.342317],[23.000217,39.342359],[23.000128,39.342401],[23.000043,39.342446],[22.999973,39.342491],[22.999902,39.342551],[22.999847,39.342612],[22.999656,39.34289],[22.99943,39.343299]]},"properties":{"name":"Δημοκρατίας","lines":"5","arr":["5"],"roundabout":0,"mode":"bus","color":"#0059a9"}},{"type":"Feature","geometry":{"type":"LineString","coordinates":[[23.015359,39.337677],[23.015323,39.337733],[23.015063,39.338129],[23.014616,39.338814],[23.014196,39.339457],[23.014148,39.339531],[23.013762,39.34012],[23.013392,39.340687],[23.013184,39.341005],[23.013051,39.341208]]},"properties":{"name":"Εθνικής Αντιστάσεως","lines":"5","arr":["5"],"roundabout":0,"mode":"bus","color":"#0059a9"}},{"type":"Feature","geometry":{"type":"LineString","coordinates":[[23.013051,39.341208],[23.012926,39.341403],[23.012645,39.341811],[23.01228,39.34181],[23.012097,39.34181],[23.011684,39.34181],[23.011182,39.341809],[23.010564,39.341809],[23.01016,39.341808],[23.00997,39.341808],[23.009463,39.341807],[23.008908,39.341807],[23.008173,39.341806],[23.008021,39.341806],[23.007221,39.341805],[23.00644,39.341804],[23.005869,39.341804],[23.005757,39.341804],[23.004866,39.341803],[23.004829,39.341803],[23.004696,39.341803],[23.004247,39.3418],[23.003681,39.3418],[23.003574,39.3418],[23.003508,39.34181],[23.00344,39.34183],[23.003385,39.341853],[23.003331,39.341883],[23.003284,39.341915],[23.002979,39.342156],[23.002904,39.342215],[23.002369,39.342629],[23.001879,39.342996],[23.001832,39.343037],[23.0018,39.343073],[23.001779,39.343106],[23.001764,39.343144],[23.001752,39.343194],[23.001749,39.343277],[23.001746,39.343575],[23.001733,39.34422]]},"properties":{"name":"Ρήγα Φεραίου","lines":"5","arr":["5"],"roundabout":0,"mode":"bus","color":"#0059a9"}},{"type":"Feature","geometry":{"type":"LineString","coordinates":[[22.992648,39.351307],[22.992705,39.351289],[22.992781,39.351262],[22.992858,39.351232],[22.992921,39.351207],[22.993011,39.351167],[22.993092,39.351127],[22.993184,39.35108],[22.993284,39.351028],[22.99336,39.350988],[22.993662,39.350818],[22.993856,39.350702],[22.99394,39.35065],[22.993999,39.350605],[22.994074,39.350544],[22.994143,39.350483],[22.994233,39.350395],[22.994377,39.350233],[22.994516,39.350049],[22.994694,39.34981],[22.994767,39.349718],[22.994842,39.349633],[22.994886,39.349587],[22.994925,39.349553],[22.994963,39.349524],[22.995024,39.34948],[22.995067,39.349454],[22.995095,39.349439],[22.995169,39.349402],[22.995305,39.349341],[22.995775,39.349158],[22.996161,39.34899],[22.996238,39.348953],[22.996312,39.348912],[22.996386,39.348869],[22.996495,39.348806],[22.996617,39.34873],[22.996723,39.348663],[22.996839,39.348582],[22.996909,39.348529],[22.996955,39.348487],[22.996998,39.348446],[22.997043,39.348396],[22.997099,39.34833],[22.997259,39.348131],[22.997441,39.347894],[22.997536,39.347776],[22.997614,39.347687],[22.99767,39.347635],[22.997752,39.347575],[22.998048,39.347381],[22.998175,39.347298],[22.998277,39.347228],[22.998414,39.347114],[22.998489,39.347044],[22.998559,39.346967],[22.998627,39.346883],[22.998693,39.346785],[22.998765,39.346665],[22.998803,39.346585],[22.998833,39.346516],[22.998861,39.346443],[22.998889,39.346364],[22.998905,39.346298],[22.998918,39.346222],[22.998931,39.346105],[22.999025,39.34519],[22.999145,39.344511],[22.999215,39.344131],[22.999242,39.343989],[22.999289,39.343737],[22.999328,39.343591],[22.9994,39.343371],[22.99943,39.343299]]},"properties":{"name":"Βασιλέως Παύλου","lines":"5","arr":["5"],"roundabout":0,"mode":"bus","color":"#0059a9"}},{"type":"Feature","geometry":{"type":"LineString","coordinates":[[22.965696,39.351098],[22.965708,39.351079],[22.965726,39.351053],[22.96575,39.351025],[22.965773,39.351003],[22.965798,39.350982],[22.965834,39.350957],[22.965857,39.350939],[22.965882,39.350919],[22.965898,39.350902],[22.965926,39.350874],[22.96588,39.350886],[22.965833,39.3509],[22.96577,39.350925],[22.965675,39.350969],[22.965622,39.351003]]},"properties":{"name":"ΕΟ34","lines":"5","arr":["5"],"roundabout":0,"mode":"bus","color":"#0059a9"}},{"type":"Feature","geometry":{"type":"LineString","coordinates":[[23.054296,39.32348],[23.053969,39.323092],[23.053775,39.322833],[23.053548,39.322486],[23.053438,39.322302],[23.053379,39.322212],[23.053304,39.322074],[23.053254,39.321941],[23.05319,39.321779],[23.053131,39.321627],[23.0531,39.321568],[23.053044,39.32146],[23.052805,39.321011],[23.052613,39.320699],[23.052413,39.320386],[23.052299,39.320197],[23.052199,39.320072],[23.052084,39.319919],[23.051789,39.319548],[23.051362,39.319094],[23.051095,39.318836],[23.050924,39.318669],[23.050897,39.318642],[23.050863,39.318596],[23.050821,39.318519],[23.050751,39.318373],[23.050692,39.318218],[23.050648,39.318145],[23.050391,39.317763],[23.049704,39.316705],[23.049554,39.316431],[23.049535,39.316398],[23.04941,39.316171],[23.049093,39.315652],[23.048862,39.315265],[23.048644,39.314838]]},"properties":{"name":"Πλατανιδίων","lines":"5","arr":["5"],"roundabout":0,"mode":"bus","color":"#0059a9"}},{"type":"Feature","geometry":{"type":"LineString","coordinates":[[22.926843,39.35678],[22.926733,39.356872],[22.926425,39.357114]]},"properties":{"name":"Ύδρας","lines":"6, 8","arr":["6","8"],"roundabout":0,"mode":"bus","color":"#0059a9"}},{"type":"Feature","geometry":{"type":"LineString","coordinates":[[22.926774,39.356672],[22.926447,39.356162],[22.926207,39.355772],[22.925658,39.354886],[22.925417,39.35454],[22.925033,39.353988],[22.924712,39.353555],[22.924517,39.353285],[22.924317,39.353012],[22.924171,39.352789],[22.924092,39.352653],[22.924006,39.352472],[22.923943,39.352307],[22.923883,39.352133],[22.923859,39.352047],[22.923844,39.351987],[22.923833,39.351931],[22.923823,39.351844],[22.923813,39.351663],[22.923817,39.351527],[22.92382,39.351364],[22.923835,39.351223],[22.923845,39.351164],[22.923865,39.351079],[22.923889,39.350988],[22.923934,39.350862],[22.924003,39.350686],[22.924073,39.350549],[22.924172,39.350382],[22.924295,39.350197],[22.924443,39.349974],[22.924586,39.349773],[22.924721,39.349626]]},"properties":{"name":"Αθηνών","lines":"6","arr":["6"],"roundabout":0,"mode":"bus","color":"#0059a9"}},{"type":"Feature","geometry":{"type":"LineString","coordinates":[[22.924182,39.340622],[22.924195,39.340684],[22.924265,39.341],[22.92428,39.341104],[22.9243,39.341199],[22.924338,39.341368],[22.924375,39.341494],[22.924423,39.341632],[22.924452,39.341708],[22.924484,39.341783],[22.924543,39.341914],[22.924648,39.342134],[22.92475,39.342361],[22.924958,39.3428],[22.92519,39.343295],[22.925529,39.343981],[22.925597,39.344121],[22.925649,39.344231],[22.925698,39.344379],[22.92574,39.344512],[22.92575,39.344548],[22.925763,39.344601],[22.925776,39.344669],[22.925791,39.34475],[22.925806,39.344851],[22.925828,39.345002],[22.925843,39.345125],[22.925852,39.345206],[22.925862,39.345305],[22.925868,39.345388],[22.925869,39.345446],[22.925871,39.3455],[22.92587,39.345555],[22.925869,39.345605],[22.925867,39.345637],[22.925867,39.345721],[22.925863,39.345757],[22.925822,39.34624],[22.925819,39.346284],[22.925783,39.346619],[22.925771,39.346813],[22.925766,39.346892],[22.925738,39.347291],[22.925713,39.347547],[22.925705,39.347625],[22.9257,39.347691],[22.925689,39.347783],[22.925675,39.347854],[22.925664,39.347904],[22.925658,39.347938],[22.925649,39.347979],[22.925638,39.348019],[22.925621,39.348066],[22.925601,39.348112],[22.925583,39.348154],[22.925571,39.348182],[22.92554,39.348252],[22.925498,39.348343],[22.9254,39.348513],[22.925291,39.348703],[22.925065,39.349045],[22.92482,39.34945],[22.924788,39.349508],[22.924764,39.349551],[22.92474,39.349592],[22.924721,39.349626],[22.924661,39.349807],[22.92456,39.349962],[22.924374,39.350265],[22.924219,39.350558],[22.924139,39.350721],[22.92407,39.350882],[22.924025,39.351027],[22.924009,39.351092],[22.923993,39.351174],[22.923965,39.351323],[22.923952,39.351483],[22.923953,39.351602],[22.923961,39.351685],[22.923969,39.351767],[22.923981,39.351847],[22.92402,39.352061],[22.924072,39.352246],[22.924128,39.352422],[22.924198,39.352574],[22.924257,39.352679],[22.924449,39.352989],[22.924625,39.353248],[22.924813,39.353516],[22.925138,39.353948],[22.92546,39.354395],[22.925614,39.354604],[22.926008,39.355175],[22.926279,39.355632],[22.926842,39.356545],[22.926894,39.356622]]},"properties":{"name":"Αθηνών","lines":"6","arr":["6"],"roundabout":0,"mode":"bus","color":"#0059a9"}},{"type":"Feature","geometry":{"type":"LineString","coordinates":[[22.919071,39.316951],[22.919133,39.317263],[22.919213,39.317556],[22.91928,39.317788],[22.919342,39.317979],[22.919397,39.318131],[22.919441,39.318259],[22.919712,39.318884],[22.920017,39.319569],[22.920077,39.319695],[22.920173,39.31989],[22.920455,39.320488],[22.920714,39.321147],[22.920899,39.32162],[22.921088,39.322103],[22.921533,39.323239],[22.921594,39.323394],[22.9217,39.323664],[22.922155,39.324827],[22.922186,39.324906],[22.922358,39.325345],[22.922386,39.325415],[22.922499,39.325709],[22.922749,39.326364],[22.92285,39.326626],[22.922881,39.32671],[22.922972,39.326912],[22.923078,39.327149],[22.923176,39.327388],[22.923219,39.327484],[22.923258,39.327562],[22.923291,39.327623],[22.923332,39.327693],[22.923377,39.327766],[22.92342,39.327831],[22.923463,39.327888],[22.923502,39.327937],[22.923595,39.328042],[22.923697,39.328162],[22.923722,39.328191],[22.923801,39.328283],[22.923896,39.328387],[22.924199,39.328751],[22.924366,39.328949],[22.924905,39.329568],[22.925028,39.329712],[22.925374,39.330124],[22.925598,39.33042],[22.925643,39.33048],[22.925667,39.330517],[22.925698,39.33057],[22.92572,39.330612],[22.925738,39.330665],[22.925753,39.330713],[22.925761,39.330763],[22.925765,39.330805],[22.925768,39.330849],[22.92577,39.330892],[22.925767,39.330943],[22.925762,39.330984],[22.92575,39.33105],[22.925731,39.331125],[22.925702,39.33121],[22.925631,39.331347],[22.925094,39.332354],[22.92499,39.33255],[22.924664,39.333175],[22.924597,39.333288],[22.924551,39.333358],[22.924503,39.333436],[22.924456,39.333512],[22.924405,39.333579],[22.924333,39.333665],[22.924269,39.333737],[22.92419,39.333823],[22.924084,39.333936],[22.924034,39.333986],[22.923856,39.33417],[22.923827,39.334202],[22.923794,39.334242],[22.923761,39.334292],[22.923737,39.334331],[22.923697,39.334399],[22.923683,39.334423],[22.923671,39.33445],[22.923657,39.334475],[22.923641,39.334507],[22.923628,39.334538],[22.923618,39.334567],[22.92361,39.334593],[22.923603,39.334628],[22.923594,39.334664],[22.923564,39.335185],[22.923558,39.335348],[22.923555,39.335428],[22.923555,39.335445],[22.923544,39.335649],[22.923536,39.335799],[22.923514,39.336147],[22.923503,39.336295],[22.923469,39.336633],[22.92346,39.336787],[22.923455,39.336863],[22.923453,39.336927],[22.923451,39.33702],[22.923451,39.337074],[22.923456,39.337144],[22.923464,39.337226],[22.923479,39.337329],[22.923494,39.337423],[22.923512,39.337499],[22.923766,39.338688],[22.924021,39.339886],[22.924086,39.340211],[22.924157,39.340518]]},"properties":{"name":"Αθηνών","lines":"6","arr":["6"],"roundabout":0,"mode":"bus","color":"#0059a9"}},{"type":"Feature","geometry":{"type":"LineString","coordinates":[[22.924182,39.340622],[22.924345,39.340586],[22.924304,39.340575],[22.924272,39.340564],[22.924225,39.340546],[22.924157,39.340518]]},"properties":{"name":"","lines":"6","arr":["6"],"roundabout":0,"mode":"bus","color":"#0059a9"}},{"type":"Feature","geometry":{"type":"LineString","coordinates":[[22.924717,39.319411],[22.924875,39.319431],[22.924979,39.319445],[22.925059,39.319454],[22.925152,39.319465],[22.925177,39.319343],[22.925199,39.319287],[22.925233,39.319228],[22.92528,39.31915],[22.925351,39.319054],[22.925421,39.318956],[22.925449,39.31892],[22.925579,39.318767]]},"properties":{"name":"","lines":"6","arr":["6"],"roundabout":0,"mode":"bus","color":"#0059a9"}},{"type":"Feature","geometry":{"type":"LineString","coordinates":[[22.935158,39.309422],[22.93512,39.309451],[22.93509,39.309474],[22.935057,39.309503],[22.935012,39.309546],[22.934987,39.309576],[22.934958,39.309614],[22.93484,39.309763],[22.934671,39.310001],[22.934384,39.310401],[22.93435,39.310483],[22.934354,39.310548],[22.934372,39.310599],[22.934433,39.310626],[22.93448,39.310636],[22.934539,39.310636],[22.934647,39.310634],[22.934863,39.310629],[22.935199,39.310632],[22.935505,39.310628],[22.935787,39.310631],[22.935867,39.310648],[22.935938,39.310669],[22.935988,39.310708],[22.936023,39.310756],[22.936072,39.310878],[22.936158,39.311056],[22.936216,39.31127],[22.936244,39.311397],[22.936265,39.311523],[22.936277,39.311615],[22.936296,39.311691],[22.936344,39.311734],[22.936416,39.311774],[22.936522,39.31181],[22.93666,39.311848],[22.936821,39.31189],[22.936939,39.31193],[22.937057,39.311981],[22.937152,39.312036],[22.937252,39.312102],[22.937353,39.312176],[22.937429,39.312256],[22.93747,39.312329],[22.93749,39.312395],[22.937494,39.312473],[22.93747,39.312539],[22.937424,39.312614],[22.937365,39.312711],[22.937193,39.313016],[22.936803,39.313646],[22.936617,39.313928],[22.936534,39.314042],[22.936433,39.314159],[22.936337,39.314263],[22.936249,39.314343],[22.936112,39.31447],[22.936023,39.314539],[22.935927,39.314611],[22.935815,39.314686],[22.93571,39.314743],[22.935583,39.314803],[22.935409,39.31488],[22.93522,39.314967],[22.935121,39.315011],[22.935011,39.315053],[22.93493,39.315078],[22.934845,39.315096],[22.934728,39.315109],[22.934602,39.315119],[22.93446,39.315124],[22.934329,39.315128],[22.934216,39.315128],[22.934114,39.315133],[22.934008,39.315142],[22.933951,39.315152],[22.933877,39.315169],[22.933822,39.315192],[22.933764,39.315225],[22.933698,39.315269],[22.933601,39.315336],[22.933485,39.315423],[22.933351,39.31551],[22.933275,39.315543],[22.933204,39.315558],[22.933126,39.315568],[22.93304,39.315568],[22.932966,39.315555],[22.932884,39.315527],[22.932831,39.315488],[22.932796,39.315449],[22.93275,39.315388],[22.932715,39.315321],[22.932685,39.31524],[22.932661,39.315156],[22.932647,39.315106],[22.932632,39.315069],[22.932615,39.315043],[22.93259,39.315015],[22.932548,39.314977],[22.932504,39.314952],[22.932443,39.314934],[22.93237,39.314921],[22.932292,39.314916],[22.932146,39.314934],[22.932041,39.314954],[22.931901,39.314993],[22.931752,39.315041],[22.931601,39.315098],[22.931481,39.315145],[22.93136,39.315198],[22.931244,39.315252],[22.931135,39.3153],[22.931003,39.31535],[22.930912,39.315379],[22.930779,39.315414],[22.930632,39.315451],[22.930551,39.31547],[22.930489,39.315481],[22.930412,39.315494],[22.930184,39.315525],[22.929904,39.315554],[22.929693,39.315579],[22.929549,39.315597],[22.929405,39.315615],[22.929343,39.315618],[22.929268,39.31562],[22.929191,39.31562],[22.928878,39.315607],[22.928602,39.315595],[22.928568,39.315595],[22.928543,39.315596],[22.928527,39.315596],[22.928505,39.315601],[22.928487,39.315607],[22.928472,39.315617],[22.928452,39.315631],[22.928435,39.315644],[22.928414,39.315663],[22.928362,39.315708],[22.928319,39.315744],[22.928253,39.315797],[22.92817,39.315859],[22.928086,39.315918],[22.927999,39.315973]]},"properties":{"name":"","lines":"6","arr":["6"],"roundabout":0,"mode":"bus","color":"#0059a9"}},{"type":"Feature","geometry":{"type":"LineString","coordinates":[[22.938879,39.302818],[22.938842,39.302789],[22.938792,39.302754],[22.938733,39.302719],[22.938644,39.30267],[22.938513,39.302602],[22.938334,39.302513],[22.938266,39.302476]]},"properties":{"name":"","lines":"6","arr":["6"],"roundabout":0,"mode":"bus","color":"#0059a9"}},{"type":"Feature","geometry":{"type":"LineString","coordinates":[[22.9244,39.340639],[22.92435,39.340722],[22.924326,39.340779],[22.924308,39.340835],[22.924286,39.340909],[22.924265,39.341]]},"properties":{"name":"","lines":"6","arr":["6"],"roundabout":0,"mode":"bus","color":"#0059a9"}},{"type":"Feature","geometry":{"type":"LineString","coordinates":[[22.924345,39.340586],[22.924518,39.340537],[22.9244,39.340639]]},"properties":{"name":"Ηρώων Πολυτεχνείου","lines":"6","arr":["6"],"roundabout":0,"mode":"bus","color":"#0059a9"}},{"type":"Feature","geometry":{"type":"LineString","coordinates":[[22.933273,39.334237],[22.933277,39.334199],[22.933278,39.334137],[22.933271,39.33406],[22.933262,39.334003],[22.93325,39.333939],[22.933188,39.333766],[22.933154,39.333677],[22.933089,39.333487],[22.932975,39.333179],[22.932886,39.332886],[22.932842,39.332804],[22.932815,39.332759],[22.932788,39.33272],[22.932748,39.33267],[22.932718,39.332636],[22.932683,39.332598],[22.932648,39.332568],[22.932605,39.332536],[22.932558,39.332501],[22.932523,39.33248],[22.932434,39.332428]]},"properties":{"name":"Ηρώων Πολυτεχνείου","lines":"6","arr":["6"],"roundabout":0,"mode":"bus","color":"#0059a9"}},{"type":"Feature","geometry":{"type":"LineString","coordinates":[[22.924518,39.340537],[22.924706,39.340437],[22.925187,39.340222],[22.925813,39.33997],[22.925966,39.339909],[22.927218,39.339425],[22.92749,39.339313],[22.927914,39.339138],[22.928117,39.339052],[22.928264,39.338976],[22.928315,39.338951],[22.928389,39.338911],[22.928436,39.33888],[22.928485,39.338844],[22.92851,39.338824],[22.928531,39.338805],[22.92855,39.338784],[22.928577,39.338756],[22.928646,39.338682],[22.928747,39.338569],[22.928801,39.338502],[22.928846,39.338446],[22.928899,39.338387],[22.928934,39.338355],[22.929011,39.338291],[22.92906,39.338253],[22.929113,39.338216],[22.929156,39.338191],[22.929211,39.33816],[22.929376,39.338079],[22.929474,39.338036],[22.929765,39.337908],[22.93069,39.337531],[22.930906,39.337438],[22.931712,39.3371],[22.931999,39.336979],[22.932103,39.336938],[22.932218,39.336885],[22.932267,39.336861],[22.932303,39.336842],[22.932351,39.336815],[22.932385,39.336795],[22.932413,39.336777],[22.932454,39.336746],[22.932502,39.336707],[22.932548,39.336665],[22.932585,39.336625],[22.932621,39.336586],[22.932648,39.336552],[22.932681,39.336506],[22.932713,39.33645],[22.932735,39.336411],[22.932751,39.336379],[22.932771,39.336329],[22.932785,39.336289],[22.932845,39.336073],[22.932874,39.335947],[22.932915,39.335769],[22.933058,39.335109],[22.933193,39.334578],[22.933215,39.334504],[22.933233,39.334444],[22.933249,39.334383],[22.933261,39.334323],[22.93327,39.334271],[22.933273,39.334237]]},"properties":{"name":"Προφήτου Ηλία","lines":"6","arr":["6"],"roundabout":0,"mode":"bus","color":"#0059a9"}},{"type":"Feature","geometry":{"type":"LineString","coordinates":[[22.932434,39.332428],[22.932293,39.332385],[22.932156,39.332338],[22.932094,39.332313],[22.932036,39.332284],[22.931994,39.33225],[22.931961,39.33221],[22.931678,39.331791],[22.931487,39.331502],[22.931298,39.331242],[22.931087,39.330966],[22.931028,39.330886],[22.930982,39.33082],[22.930863,39.330661],[22.930618,39.330327],[22.93042,39.330053],[22.93039,39.330062],[22.930364,39.330066],[22.93034,39.330065],[22.930278,39.330058],[22.93025,39.33005],[22.930216,39.330036],[22.93019,39.330021],[22.930149,39.329993],[22.930111,39.329956],[22.930035,39.329861],[22.92979,39.329541],[22.929587,39.329256],[22.929393,39.328986],[22.929365,39.328976],[22.92935,39.328968],[22.929317,39.328946],[22.929296,39.32893],[22.92909,39.328707],[22.928932,39.328539],[22.9289,39.328508],[22.928627,39.328219],[22.927982,39.327572],[22.927899,39.327502],[22.927759,39.327398],[22.927733,39.327365],[22.927709,39.327329],[22.927688,39.327285],[22.92767,39.327221],[22.927645,39.327117],[22.927607,39.326954],[22.92758,39.326867],[22.927567,39.326809],[22.927546,39.32674],[22.927532,39.3267],[22.927506,39.326637],[22.927458,39.326534],[22.927399,39.326417],[22.927357,39.326332],[22.927296,39.326218]]},"properties":{"name":"Αγησάνδρου","lines":"6","arr":["6"],"roundabout":0,"mode":"bus","color":"#0059a9"}},{"type":"Feature","geometry":{"type":"LineString","coordinates":[[22.927296,39.326218],[22.926994,39.325764],[22.926702,39.325314],[22.926082,39.32428],[22.926002,39.324131],[22.925846,39.323857],[22.925719,39.323618],[22.925632,39.32341],[22.925561,39.323246],[22.925511,39.323152],[22.92546,39.32305],[22.925404,39.322938],[22.92527,39.322722],[22.925094,39.322437],[22.925042,39.322351],[22.924977,39.322253],[22.924912,39.322145],[22.924858,39.322034],[22.924846,39.322],[22.924836,39.321954],[22.92482,39.321862],[22.924803,39.321631],[22.92479,39.321356],[22.924781,39.321108],[22.924773,39.320975],[22.92476,39.320783],[22.924752,39.320629],[22.924741,39.320508],[22.924744,39.320359],[22.924752,39.320135],[22.924752,39.320046],[22.924745,39.319828],[22.924731,39.319515],[22.924717,39.319411]]},"properties":{"name":"Βάκχου","lines":"6","arr":["6"],"roundabout":0,"mode":"bus","color":"#0059a9"}},{"type":"Feature","geometry":{"type":"LineString","coordinates":[[22.927999,39.315973],[22.927921,39.316034],[22.927841,39.316098],[22.927796,39.316137],[22.927745,39.316186],[22.927711,39.316219],[22.927668,39.316269],[22.927627,39.316328],[22.927578,39.316407],[22.927532,39.316491],[22.927473,39.316611],[22.927399,39.316781],[22.927335,39.316947],[22.927298,39.317058],[22.927265,39.317152],[22.927244,39.317213],[22.92722,39.31727],[22.927202,39.317307],[22.927184,39.317337],[22.927165,39.317364],[22.927144,39.317386],[22.927091,39.317428],[22.926951,39.317489],[22.926863,39.317525],[22.926802,39.317549],[22.926674,39.3176],[22.926548,39.317656],[22.926461,39.317698],[22.926298,39.317777],[22.926213,39.317836],[22.926147,39.317889],[22.92609,39.317944],[22.926017,39.318024],[22.925969,39.318084],[22.925858,39.318266],[22.925778,39.318416],[22.925718,39.318524],[22.925666,39.318624],[22.925579,39.318767]]},"properties":{"name":"Λέμαν","lines":"6","arr":["6"],"roundabout":0,"mode":"bus","color":"#0059a9"}},{"type":"Feature","geometry":{"type":"LineString","coordinates":[[22.939163,39.305788],[22.939138,39.305803],[22.939044,39.305868],[22.938971,39.305926],[22.938922,39.305968],[22.938792,39.306079],[22.938755,39.306118],[22.938717,39.306166],[22.938686,39.30621],[22.938642,39.306281],[22.938604,39.306349],[22.93857,39.306421],[22.938541,39.306501],[22.938463,39.306708],[22.938392,39.30691],[22.938325,39.30708],[22.938267,39.307216],[22.938245,39.307255],[22.938228,39.307282],[22.938199,39.307316],[22.938158,39.307363],[22.938109,39.307413],[22.938054,39.307462],[22.937953,39.307532],[22.937846,39.307604],[22.937725,39.307686],[22.937632,39.307754],[22.937514,39.307851],[22.93741,39.307943],[22.93731,39.308038],[22.937192,39.308156],[22.937128,39.308221],[22.937081,39.308264],[22.937017,39.308316],[22.936969,39.30835],[22.936849,39.308431],[22.936719,39.308511],[22.936543,39.308618],[22.936331,39.308747],[22.936011,39.308931],[22.935796,39.309049],[22.935654,39.309129],[22.935575,39.309173],[22.935472,39.309234],[22.935349,39.309309],[22.935284,39.309345],[22.935217,39.309385],[22.935158,39.309422]]},"properties":{"name":"Αμφανών","lines":"6","arr":["6"],"roundabout":0,"mode":"bus","color":"#0059a9"}},{"type":"Feature","geometry":{"type":"LineString","coordinates":[[22.938266,39.302476],[22.938146,39.302602],[22.937907,39.30287],[22.937683,39.303124],[22.937546,39.303288],[22.93748,39.303392],[22.937448,39.303455],[22.937425,39.303515],[22.937408,39.303597],[22.937399,39.303675],[22.937395,39.30375],[22.937395,39.303814],[22.937399,39.303874],[22.937404,39.303916],[22.937416,39.303954],[22.937434,39.303998],[22.937452,39.30403],[22.937474,39.304063],[22.937504,39.304097],[22.937537,39.304132],[22.937557,39.304152],[22.93762,39.304209],[22.937677,39.304255],[22.937717,39.304284],[22.937762,39.304313],[22.937814,39.304343],[22.937864,39.304369],[22.937907,39.304389],[22.937942,39.304404],[22.938106,39.304461],[22.938289,39.304516],[22.938441,39.304555],[22.938508,39.304578],[22.938577,39.304605],[22.938647,39.304638],[22.938694,39.304664],[22.938753,39.304702],[22.938805,39.30474],[22.938852,39.304783],[22.938885,39.304817],[22.938915,39.304853],[22.938941,39.304889],[22.938969,39.304936],[22.939001,39.304995],[22.93903,39.30506],[22.939058,39.305127],[22.939084,39.305214],[22.939109,39.305333],[22.939135,39.305486],[22.939153,39.305652],[22.939163,39.305788]]},"properties":{"name":"Αγίου Στεφάνου","lines":"6","arr":["6"],"roundabout":0,"mode":"bus","color":"#0059a9"}},{"type":"Feature","geometry":{"type":"LineString","coordinates":[[22.925579,39.318767],[22.925503,39.318709],[22.925372,39.318624],[22.924988,39.31835],[22.924781,39.318197],[22.924686,39.318126],[22.924536,39.318013],[22.924444,39.317964],[22.924338,39.317929],[22.924112,39.317863],[22.923579,39.317766],[22.923211,39.3177],[22.92312,39.317683],[22.922659,39.3176],[22.922126,39.317504],[22.92166,39.317419],[22.921208,39.317337],[22.920728,39.317251],[22.920247,39.317164],[22.91994,39.317108],[22.919762,39.317076],[22.9192,39.316974],[22.919071,39.316951]]},"properties":{"name":"Αβραάμ Δουλκέρογλου (Διακλάδωση Αλυκών)","lines":"6","arr":["6"],"roundabout":0,"mode":"bus","color":"#0059a9"}},{"type":"Feature","geometry":{"type":"LineString","coordinates":[[22.926894,39.356622],[22.926774,39.356672]]},"properties":{"name":"Τορούτζα Θεοχ.","lines":"6","arr":["6"],"roundabout":0,"mode":"bus","color":"#0059a9"}},{"type":"Feature","geometry":{"type":"LineString","coordinates":[[22.926774,39.356672],[22.925529,39.357199]]},"properties":{"name":"Τορούτζα Θεοχ.","lines":"8","arr":["8"],"roundabout":0,"mode":"bus","color":"#0059a9"}},{"type":"Feature","geometry":{"type":"LineString","coordinates":[[22.952889,39.365304],[22.95295,39.365368],[22.953198,39.365636],[22.953216,39.365655],[22.953231,39.365669],[22.953245,39.36568],[22.953259,39.365691],[22.953275,39.365702],[22.953317,39.365728]]},"properties":{"name":"Δον Δαλεζίου","lines":"7","arr":["7"],"roundabout":0,"mode":"bus","color":"#0059a9"}},{"type":"Feature","geometry":{"type":"LineString","coordinates":[[22.96603,39.369358],[22.965978,39.369365],[22.965932,39.369374],[22.965894,39.369382],[22.965865,39.369389],[22.965787,39.369412],[22.965717,39.369437],[22.965602,39.369477],[22.965524,39.369508],[22.965453,39.36954],[22.965384,39.369573],[22.965264,39.369638],[22.965212,39.369666],[22.965161,39.369689],[22.965111,39.369708],[22.96506,39.369724],[22.965011,39.369731],[22.964933,39.369735],[22.964844,39.369734],[22.964771,39.36973],[22.964707,39.369726],[22.964582,39.369711],[22.964412,39.369688],[22.964235,39.369663],[22.964117,39.369649],[22.963992,39.369636],[22.963908,39.369629],[22.963831,39.369626],[22.963734,39.369623],[22.963433,39.369627],[22.962924,39.369644],[22.96266,39.369651],[22.962504,39.369654],[22.962355,39.369655],[22.962221,39.36965],[22.96218,39.369646],[22.962116,39.369639],[22.96206,39.369631],[22.961987,39.369618],[22.961549,39.369542],[22.96143,39.369518],[22.961322,39.369495],[22.961221,39.369467],[22.961176,39.369452],[22.960784,39.369316],[22.960662,39.36927],[22.960559,39.369229],[22.960466,39.369191],[22.960396,39.369158],[22.960321,39.369121],[22.960234,39.369072],[22.96014,39.369012],[22.95967,39.368686],[22.959238,39.3684],[22.958713,39.368083],[22.958656,39.368048],[22.958416,39.367924],[22.958171,39.367798],[22.957838,39.367615],[22.95742,39.367388],[22.95738,39.367365],[22.957335,39.367342],[22.957306,39.367328],[22.957268,39.367311],[22.957157,39.367271],[22.95704,39.367232],[22.956722,39.367123],[22.956558,39.367067],[22.9562,39.366949],[22.955718,39.366794],[22.955606,39.366757],[22.955454,39.366704],[22.955308,39.366648],[22.955188,39.366596],[22.95445,39.36624],[22.953693,39.365895],[22.953501,39.365808],[22.953317,39.365728],[22.9527,39.365507]]},"properties":{"name":"Κύπρου","lines":"7","arr":["7"],"roundabout":0,"mode":"bus","color":"#0059a9"}},{"type":"Feature","geometry":{"type":"LineString","coordinates":[[22.962924,39.369644],[22.963055,39.369763],[22.963156,39.369872],[22.963437,39.370198],[22.963735,39.370567],[22.963835,39.370697]]},"properties":{"name":"Κορδάτου","lines":"7","arr":["7"],"roundabout":0,"mode":"bus","color":"#0059a9"}},{"type":"Feature","geometry":{"type":"LineString","coordinates":[[22.963835,39.370697],[22.964277,39.370518],[22.964537,39.370407],[22.964852,39.370276],[22.965165,39.370119],[22.965462,39.369953],[22.965737,39.369795],[22.965853,39.369714],[22.966105,39.369542],[22.966466,39.369266],[22.966737,39.36902],[22.966858,39.368906],[22.966912,39.368852]]},"properties":{"name":"Περιφερειακή Οδός Βόλου","lines":"7","arr":["7"],"roundabout":0,"mode":"bus","color":"#0059a9"}},{"type":"Feature","geometry":{"type":"LineString","coordinates":[[22.966912,39.368852],[22.967035,39.368916],[22.967097,39.368948],[22.967149,39.36897],[22.967198,39.368989],[22.967243,39.369004],[22.96728,39.369014],[22.967302,39.369018],[22.967342,39.369028],[22.967421,39.369049],[22.967466,39.369064],[22.967496,39.369076],[22.967573,39.369111]]},"properties":{"name":"Βόλος - Άλλη Μεριά","lines":"7","arr":["7"],"roundabout":0,"mode":"bus","color":"#0059a9"}},{"type":"Feature","geometry":{"type":"LineString","coordinates":[[22.978221,39.369734],[22.978167,39.369741],[22.978136,39.369749],[22.978097,39.369762],[22.978053,39.369781],[22.978011,39.369803],[22.977982,39.369827],[22.977954,39.369858],[22.977925,39.369897],[22.977915,39.369918],[22.977907,39.369944],[22.977905,39.369976],[22.977903,39.370004],[22.977914,39.370189],[22.977922,39.370248],[22.977921,39.370288],[22.977911,39.370328],[22.977893,39.37036],[22.977844,39.370394],[22.977778,39.37042],[22.977712,39.370428],[22.977629,39.37043],[22.977197,39.370426],[22.97613,39.370418],[22.975987,39.370414],[22.975839,39.370408],[22.97574,39.370401],[22.975679,39.370397],[22.975639,39.370392],[22.975606,39.370387],[22.9755,39.370373],[22.975461,39.370368],[22.975338,39.370347],[22.975184,39.370321],[22.974701,39.370245],[22.974587,39.370232],[22.974444,39.370224],[22.974238,39.370214],[22.974188,39.370212],[22.973892,39.370201],[22.97366,39.370193],[22.973576,39.370185],[22.973481,39.370174],[22.973195,39.370129],[22.973108,39.370117],[22.973047,39.370111],[22.972981,39.370109],[22.972686,39.370096],[22.972557,39.370088],[22.972033,39.370079],[22.971461,39.370051],[22.971239,39.370021],[22.971062,39.369978],[22.970865,39.369918],[22.970741,39.36986],[22.970593,39.3698],[22.970529,39.369774],[22.970273,39.369696],[22.970142,39.369661],[22.969967,39.369618],[22.969258,39.369456],[22.968492,39.369277],[22.968291,39.369235],[22.967573,39.369111],[22.967444,39.369104],[22.967377,39.369097],[22.967339,39.369091],[22.967311,39.369086],[22.967272,39.369077],[22.967219,39.369063],[22.967142,39.369039],[22.967099,39.369024],[22.967084,39.369018],[22.967049,39.369004],[22.966981,39.368972],[22.966858,39.368906]]},"properties":{"name":"Βόλος - Άλλη Μεριά","lines":"7","arr":["7"],"roundabout":0,"mode":"bus","color":"#0059a9"}},{"type":"Feature","geometry":{"type":"LineString","coordinates":[[22.978221,39.369734],[22.978265,39.369736],[22.978302,39.36974],[22.978365,39.369755],[22.978416,39.369772],[22.978466,39.369803],[22.978498,39.369828],[22.97853,39.369861],[22.978545,39.369879],[22.978625,39.369984],[22.978676,39.370057],[22.978732,39.370127],[22.978761,39.37016],[22.978813,39.370206],[22.978879,39.370236],[22.978921,39.37025],[22.978978,39.370259],[22.979051,39.370265],[22.979105,39.370265],[22.979156,39.37026],[22.979207,39.370251],[22.979407,39.370206],[22.979701,39.370143],[22.979758,39.370122],[22.979802,39.370095],[22.979845,39.370055],[22.979869,39.37002],[22.979884,39.36998],[22.979931,39.369838],[22.979941,39.369818],[22.979955,39.369799],[22.979982,39.369773],[22.979991,39.369768],[22.980011,39.369755],[22.980039,39.369743],[22.980072,39.369734],[22.980132,39.369724],[22.980173,39.36972],[22.980246,39.369714],[22.980274,39.369713],[22.980369,39.369708],[22.980412,39.369701],[22.980441,39.369692],[22.980478,39.369678],[22.980515,39.369659],[22.980549,39.369635],[22.980605,39.369592],[22.980666,39.369542],[22.980695,39.369523],[22.980728,39.369507],[22.980759,39.369494],[22.980794,39.369482],[22.980842,39.369469],[22.980891,39.369462],[22.980953,39.369458],[22.981005,39.369457],[22.981241,39.369462],[22.981371,39.369474],[22.98144,39.369491],[22.981482,39.369511],[22.981513,39.369536],[22.98154,39.369572],[22.981562,39.369609],[22.981646,39.369774],[22.981656,39.369786],[22.981666,39.369793],[22.981689,39.369803],[22.981719,39.369815],[22.981746,39.369823],[22.981785,39.369832],[22.981897,39.369858],[22.98195,39.369874],[22.981987,39.369886],[22.982022,39.369901],[22.982062,39.369921],[22.982183,39.369983],[22.982391,39.370103],[22.982498,39.37017],[22.982566,39.370217],[22.982647,39.370277],[22.982766,39.370369],[22.982846,39.370436],[22.982866,39.370451],[22.982881,39.370463],[22.982895,39.370471],[22.982914,39.370482],[22.982944,39.370496],[22.982967,39.370506],[22.983012,39.37052],[22.983139,39.370555],[22.983234,39.370581],[22.983629,39.370678],[22.983876,39.370739],[22.983916,39.370748],[22.983943,39.370753],[22.98397,39.370757],[22.98399,39.370758],[22.984014,39.370758],[22.984028,39.370757],[22.984047,39.370754],[22.984072,39.370749],[22.984092,39.370743],[22.984113,39.370733],[22.984143,39.370719],[22.984189,39.370696],[22.984236,39.370671],[22.98426,39.37066],[22.98429,39.370651],[22.984327,39.370644],[22.984353,39.370641],[22.98438,39.37064],[22.984399,39.37064],[22.984427,39.370641],[22.984454,39.370644],[22.984465,39.370646],[22.984477,39.370648],[22.984491,39.370651],[22.984514,39.370656],[22.984559,39.370668],[22.984603,39.37068],[22.984644,39.370693],[22.984694,39.370709],[22.984774,39.370733]]},"properties":{"name":"Πηλίου","lines":"7","arr":["7"],"roundabout":0,"mode":"bus","color":"#0059a9"}},{"type":"Feature","geometry":{"type":"LineString","coordinates":[[22.984774,39.370733],[22.98486,39.370759],[22.984888,39.370768],[22.984946,39.370786],[22.984968,39.370792],[22.985166,39.370853],[22.985211,39.370865],[22.985238,39.370873],[22.985393,39.370912],[22.985613,39.370969],[22.985796,39.371022],[22.985932,39.371064],[22.98607,39.371109],[22.986325,39.3712],[22.986498,39.371265],[22.98667,39.371327],[22.986709,39.371341],[22.986728,39.371348],[22.986809,39.371378],[22.986872,39.371401],[22.98692,39.37142],[22.986961,39.371437],[22.987025,39.371466],[22.987167,39.371538],[22.987662,39.371806],[22.988049,39.372023],[22.988072,39.372039],[22.988107,39.372065],[22.988121,39.372077],[22.988133,39.372091],[22.988143,39.372112],[22.988146,39.372131],[22.988146,39.372146],[22.988144,39.372156],[22.988138,39.372168],[22.98813,39.372177],[22.988126,39.37218],[22.988119,39.372185],[22.988107,39.372191],[22.988095,39.372195],[22.988088,39.372197],[22.988077,39.372199],[22.988057,39.372202],[22.988045,39.372202],[22.988023,39.3722],[22.988004,39.372197],[22.987996,39.372195],[22.987975,39.37219],[22.987953,39.37218],[22.987935,39.372171],[22.9879,39.37215],[22.987865,39.372123],[22.987838,39.372103],[22.987811,39.372085],[22.987788,39.37207],[22.98777,39.372061],[22.987747,39.372052],[22.987725,39.372046],[22.9877,39.372041],[22.987676,39.372038],[22.98765,39.372037],[22.987637,39.372037],[22.98761,39.372039],[22.987579,39.372042],[22.987543,39.372052],[22.987517,39.372062],[22.987495,39.37207],[22.98748,39.372077],[22.987459,39.372087],[22.987437,39.372101],[22.987418,39.372113],[22.987397,39.37213],[22.987136,39.372354],[22.98707,39.372411],[22.986714,39.372716],[22.986596,39.372803]]},"properties":{"name":"Αγίων Αποστόλων","lines":"7","arr":["7"],"roundabout":0,"mode":"bus","color":"#0059a9"}},{"type":"Feature","geometry":{"type":"LineString","coordinates":[[22.984603,39.374348],[22.984621,39.37429],[22.984649,39.374234],[22.984678,39.374192],[22.984716,39.374147],[22.984758,39.374099],[22.984794,39.374067],[22.984845,39.374031],[22.984874,39.374019],[22.984907,39.374011],[22.984969,39.374003],[22.985021,39.374001],[22.985095,39.374005],[22.98517,39.374014],[22.985274,39.374028],[22.985392,39.374044],[22.985534,39.374065],[22.98576,39.374095],[22.985858,39.374103],[22.985935,39.374102],[22.986019,39.3741],[22.98607,39.374094],[22.986146,39.374076],[22.986184,39.374061],[22.986222,39.374037],[22.986252,39.374012],[22.986278,39.37398],[22.986295,39.373949],[22.986311,39.373913],[22.986322,39.373878],[22.986329,39.373839],[22.986332,39.37382],[22.986328,39.373767],[22.986319,39.373701],[22.986278,39.373489],[22.986266,39.373411],[22.98626,39.37335],[22.986258,39.373301],[22.986262,39.373248],[22.98627,39.373195],[22.986281,39.373147],[22.9863,39.373092],[22.986319,39.37305],[22.986333,39.373023],[22.986357,39.372992],[22.986384,39.372967],[22.986413,39.372943]]},"properties":{"name":"Αγίων Αποστόλων","lines":"7","arr":["7"],"roundabout":0,"mode":"bus","color":"#0059a9"}},{"type":"Feature","geometry":{"type":"LineString","coordinates":[[22.966858,39.368906],[22.966751,39.368848],[22.966727,39.368831],[22.966684,39.3688],[22.966577,39.36872],[22.966309,39.368519],[22.966284,39.368478],[22.96627,39.368442]]},"properties":{"name":"Οδυσσέα Ελύτη","lines":"7","arr":["7"],"roundabout":0,"mode":"bus","color":"#0059a9"}},{"type":"Feature","geometry":{"type":"LineString","coordinates":[[22.96627,39.368442],[22.966003,39.368525],[22.965984,39.368543],[22.965977,39.368562],[22.965976,39.368585],[22.96603,39.369358]]},"properties":{"name":"Γιάννη Σιαφλέκη","lines":"7","arr":["7"],"roundabout":0,"mode":"bus","color":"#0059a9"}},{"type":"Feature","geometry":{"type":"LineString","coordinates":[[22.932644,39.361261],[22.93294,39.36137]]},"properties":{"name":"Σέκερη","lines":"7","arr":["7"],"roundabout":0,"mode":"bus","color":"#0059a9"}},{"type":"Feature","geometry":{"type":"LineString","coordinates":[[22.975921,39.380272],[22.975913,39.380306],[22.975898,39.380374],[22.975883,39.380425],[22.975862,39.380462],[22.975833,39.380501],[22.975746,39.380608],[22.975719,39.380642],[22.975692,39.38067],[22.975662,39.380701],[22.975618,39.380746],[22.975597,39.380773],[22.975583,39.38079],[22.975568,39.380812],[22.975556,39.380835],[22.975546,39.380854],[22.975541,39.380871],[22.975539,39.380883],[22.975539,39.380891],[22.975541,39.380898],[22.975549,39.380913]]},"properties":{"name":"Κλεισούρας","lines":"7","arr":["7"],"roundabout":0,"mode":"bus","color":"#0059a9"}},{"type":"Feature","geometry":{"type":"LineString","coordinates":[[22.974324,39.379569],[22.974412,39.37966],[22.974486,39.379734],[22.974527,39.379775],[22.974545,39.37979],[22.974558,39.379797],[22.974569,39.379802],[22.974593,39.379809],[22.974661,39.379825],[22.974705,39.37984],[22.974737,39.379853],[22.974809,39.379902],[22.974869,39.379945],[22.974928,39.379985],[22.975034,39.38005],[22.975277,39.380178],[22.975423,39.380255],[22.975465,39.380277],[22.975499,39.380298],[22.975515,39.380314],[22.975521,39.380331],[22.97552,39.380343],[22.975522,39.380356],[22.97553,39.38037],[22.975548,39.38038],[22.975564,39.380383],[22.975581,39.380382],[22.975627,39.380371],[22.97571,39.380345],[22.975813,39.380301],[22.975864,39.380283],[22.975897,39.380274],[22.975921,39.380272]]},"properties":{"name":"Αργυροκάστρου","lines":"7","arr":["7"],"roundabout":0,"mode":"bus","color":"#0059a9"}},{"type":"Feature","geometry":{"type":"LineString","coordinates":[[22.89233,39.356662],[22.8924,39.356681],[22.892465,39.3567],[22.892512,39.356715],[22.892606,39.356757],[22.892674,39.356809],[22.89271,39.356843],[22.892767,39.356897],[22.893016,39.357201],[22.89306,39.357255],[22.893119,39.357319],[22.89321,39.357394],[22.89326,39.357429],[22.893307,39.35746],[22.893348,39.357484],[22.893392,39.357511],[22.893451,39.357546],[22.89378,39.357742],[22.893857,39.357787],[22.893901,39.357817],[22.893938,39.357846],[22.893971,39.357873]]},"properties":{"name":"Διμήνι - Παλιούρι","lines":"8","arr":["8"],"roundabout":0,"mode":"bus","color":"#0059a9"}},{"type":"Feature","geometry":{"type":"LineString","coordinates":[[22.892606,39.356757],[22.892651,39.356677],[22.892663,39.356639],[22.892672,39.35659],[22.89266,39.356553],[22.892629,39.356512],[22.892598,39.356478]]},"properties":{"name":"Αίσωνος","lines":"8","arr":["8"],"roundabout":0,"mode":"bus","color":"#0059a9"}},{"type":"Feature","geometry":{"type":"LineString","coordinates":[[22.893971,39.357873],[22.894,39.357911],[22.894015,39.357954],[22.894024,39.358008],[22.894034,39.358069],[22.894076,39.358318],[22.894089,39.358402],[22.894106,39.358463],[22.894124,39.358514],[22.894157,39.358587],[22.894206,39.358672],[22.894265,39.358755],[22.894351,39.358878],[22.894513,39.359088],[22.894608,39.359213],[22.894663,39.359277],[22.894709,39.359321],[22.894751,39.359352],[22.894852,39.359408],[22.895088,39.359506],[22.895323,39.359582],[22.895688,39.359682],[22.895995,39.359763],[22.896097,39.359801],[22.896294,39.35987],[22.896477,39.359973],[22.896706,39.360108],[22.89687,39.360213],[22.897267,39.360495],[22.897436,39.360619],[22.897563,39.360738],[22.897704,39.360883],[22.897906,39.361131],[22.89811,39.361397],[22.8982,39.361514],[22.898372,39.361753],[22.898466,39.361849],[22.898574,39.361936],[22.898807,39.362075],[22.899132,39.362243],[22.899483,39.362423],[22.900265,39.362772],[22.901339,39.363238],[22.902019,39.363542],[22.902277,39.36365],[22.902357,39.36368],[22.90244,39.363708],[22.902476,39.363718],[22.902519,39.363729],[22.902624,39.363752],[22.902696,39.363767],[22.902846,39.363789],[22.903281,39.36383],[22.903357,39.363838]]},"properties":{"name":"Διμηνίου","lines":"8","arr":["8"],"roundabout":0,"mode":"bus","color":"#0059a9"}},{"type":"Feature","geometry":{"type":"LineString","coordinates":[[22.90381,39.363878],[22.903872,39.363881],[22.90427,39.363895],[22.90442,39.363897],[22.904546,39.363898],[22.904691,39.363894],[22.904809,39.363885],[22.904963,39.363871],[22.905359,39.363828],[22.905462,39.363817],[22.905528,39.363812],[22.905654,39.363808],[22.905737,39.363808],[22.90583,39.363808],[22.905982,39.363809],[22.906333,39.363809],[22.906485,39.363815],[22.906542,39.36382],[22.906751,39.363838],[22.90682,39.363849],[22.907075,39.363883],[22.907246,39.363901],[22.907542,39.363923],[22.90767,39.363931],[22.907747,39.363935],[22.907815,39.36394],[22.907931,39.363943],[22.90806,39.363945],[22.908168,39.363945],[22.908344,39.363939],[22.908445,39.363935],[22.908552,39.36393],[22.908628,39.363925],[22.908705,39.36392],[22.908941,39.363907],[22.908993,39.363905],[22.909294,39.363898],[22.909418,39.363898],[22.909965,39.363895],[22.910431,39.363895],[22.910612,39.363895],[22.911075,39.363898],[22.911356,39.363904],[22.911451,39.363907],[22.911841,39.363915],[22.912157,39.363928],[22.912348,39.363936],[22.912611,39.363947],[22.912888,39.363964],[22.913268,39.36399],[22.913544,39.364012],[22.913719,39.364028],[22.913898,39.364044],[22.914623,39.364107],[22.914836,39.364126],[22.914862,39.364129],[22.915272,39.364169],[22.91566,39.364206],[22.916041,39.36424],[22.916247,39.364259],[22.916445,39.364277],[22.916631,39.364299],[22.916736,39.364315],[22.916821,39.364329],[22.916952,39.36436],[22.917087,39.364398],[22.91714,39.364413],[22.917393,39.364488],[22.917534,39.364524],[22.917654,39.364551],[22.917738,39.364568],[22.917853,39.364586]]},"properties":{"name":"Διμηνίου","lines":"8","arr":["8"],"roundabout":0,"mode":"bus","color":"#0059a9"}},{"type":"Feature","geometry":{"type":"LineString","coordinates":[[22.903357,39.363838],[22.90357,39.363858],[22.90381,39.363878]]},"properties":{"name":"Βόλος - Διμήνι","lines":"8","arr":["8"],"roundabout":0,"mode":"bus","color":"#0059a9"}},{"type":"Feature","geometry":{"type":"LineString","coordinates":[[22.917853,39.364586],[22.917962,39.364602],[22.918132,39.364624],[22.918273,39.364641],[22.918398,39.364653],[22.918646,39.364677],[22.918997,39.364705],[22.919338,39.36474],[22.919522,39.364758],[22.919608,39.36477],[22.919702,39.364787],[22.919834,39.364818],[22.919976,39.364859],[22.920042,39.364883],[22.920122,39.364915],[22.920269,39.364975]]},"properties":{"name":"Δερβενακίων","lines":"8","arr":["8"],"roundabout":0,"mode":"bus","color":"#0059a9"}},{"type":"Feature","geometry":{"type":"LineString","coordinates":[[22.926722,39.36225],[22.926583,39.362276],[22.926493,39.362294],[22.925649,39.362464],[22.925591,39.362475],[22.924313,39.362726],[22.923996,39.362789],[22.923959,39.362796],[22.923929,39.362803],[22.92389,39.362813],[22.92367,39.362877],[22.923551,39.362916],[22.923433,39.362958],[22.923172,39.363065],[22.923045,39.36313],[22.923008,39.363152],[22.922984,39.363168],[22.922952,39.363193],[22.92292,39.36322],[22.922875,39.363262],[22.922725,39.363401],[22.922694,39.363429],[22.922564,39.363549],[22.922514,39.363595],[22.922438,39.36366],[22.922347,39.363737],[22.922325,39.363755],[22.922271,39.363789],[22.922204,39.363827],[22.922003,39.363942],[22.921955,39.363968],[22.921891,39.363999],[22.921851,39.364016],[22.92182,39.364027],[22.921781,39.364041],[22.921552,39.364107],[22.921466,39.364129],[22.921321,39.364168],[22.921238,39.364185],[22.920658,39.364308],[22.92026,39.364381],[22.920125,39.364399],[22.919986,39.364412],[22.919861,39.364417],[22.919708,39.364415],[22.91958,39.364411],[22.919477,39.364412],[22.91937,39.364411],[22.919311,39.364413],[22.919278,39.364417],[22.919247,39.364424],[22.919211,39.364436],[22.919184,39.36445],[22.919167,39.36446],[22.919137,39.364484],[22.919113,39.364508],[22.919094,39.364533],[22.919073,39.364564],[22.919053,39.3646],[22.918997,39.364705]]},"properties":{"name":"Ξάνθου","lines":"8","arr":["8"],"roundabout":0,"mode":"bus","color":"#0059a9"}},{"type":"Feature","geometry":{"type":"LineString","coordinates":[[22.926722,39.36225],[22.926916,39.362024],[22.927007,39.361918],[22.927144,39.361759],[22.927289,39.361592],[22.927518,39.361325],[22.927607,39.361223],[22.927711,39.361097],[22.927986,39.360752],[22.928248,39.360422],[22.928276,39.360387],[22.92858,39.36],[22.928773,39.359774],[22.928787,39.359759],[22.928797,39.359749],[22.928808,39.359738],[22.928826,39.359726],[22.928842,39.359718],[22.928959,39.359669]]},"properties":{"name":"Φιλικής Εταιρείας","lines":"8","arr":["8"],"roundabout":0,"mode":"bus","color":"#0059a9"}},{"type":"Feature","geometry":{"type":"LineString","coordinates":[[22.925529,39.357199],[22.925806,39.357603]]},"properties":{"name":"Νικολαΐδη Δ.","lines":"8","arr":["8"],"roundabout":0,"mode":"bus","color":"#0059a9"}},{"type":"Feature","geometry":{"type":"LineString","coordinates":[[22.926961,39.356722],[22.926891,39.356747],[22.926843,39.35678]]},"properties":{"name":"Ύδρας","lines":"8","arr":["8"],"roundabout":0,"mode":"bus","color":"#0059a9"}},{"type":"Feature","geometry":{"type":"LineString","coordinates":[[22.926961,39.356722],[22.927005,39.356788],[22.927221,39.357112],[22.928628,39.359193],[22.928705,39.359304],[22.928866,39.359535],[22.928959,39.359669]]},"properties":{"name":"Αθηνών","lines":"8","arr":["8"],"roundabout":0,"mode":"bus","color":"#0059a9"}},{"type":"Feature","geometry":{"type":"LineString","coordinates":[[22.920658,39.364308],[22.920269,39.364975]]},"properties":{"name":"","lines":"8","arr":["8"],"roundabout":0,"mode":"bus","color":"#0059a9"}},{"type":"Feature","geometry":{"type":"LineString","coordinates":[[22.908467,39.391735],[22.908359,39.391687]]},"properties":{"name":"Αγίου Μόδεστου","lines":"9","arr":["9"],"roundabout":0,"mode":"bus","color":"#0059a9"}},{"type":"Feature","geometry":{"type":"LineString","coordinates":[[22.908467,39.391735],[22.908491,39.391715],[22.908519,39.391699],[22.908551,39.391688],[22.9086,39.391677],[22.908675,39.391668],[22.908708,39.391666],[22.908744,39.391662],[22.908776,39.391656],[22.908814,39.391645],[22.908848,39.391634],[22.908875,39.391621],[22.908895,39.391607],[22.908913,39.391589],[22.908932,39.391567],[22.908943,39.391548],[22.90895,39.391531],[22.908962,39.391488],[22.908971,39.391434],[22.908973,39.391392],[22.908968,39.391345],[22.908958,39.391301],[22.908946,39.391258],[22.908931,39.391217],[22.908909,39.391166],[22.908846,39.391032],[22.908827,39.390972],[22.908813,39.390902],[22.908802,39.390836],[22.908797,39.390774],[22.908793,39.390713],[22.908792,39.390659],[22.908795,39.390582],[22.908801,39.390502],[22.908807,39.390463],[22.908814,39.390432],[22.908822,39.390408],[22.908845,39.390358],[22.90887,39.390328],[22.908904,39.390291],[22.908938,39.39026],[22.908981,39.390226],[22.90903,39.390191],[22.909096,39.390145],[22.909162,39.390101],[22.9093,39.390019],[22.909534,39.38989],[22.909728,39.38979],[22.909777,39.389761],[22.909804,39.389744],[22.909833,39.389725],[22.909867,39.389699],[22.909893,39.389675],[22.909925,39.389634],[22.909976,39.389524],[22.910038,39.389322],[22.910056,39.389259],[22.910075,39.38918],[22.910092,39.389096],[22.9101,39.389045],[22.910103,39.388989],[22.910098,39.388951],[22.910088,39.388917],[22.910077,39.388888],[22.910061,39.388855],[22.91004,39.388818],[22.910017,39.388786],[22.909984,39.388756],[22.909949,39.388735],[22.909913,39.388718],[22.909868,39.388706],[22.909829,39.388699],[22.909771,39.388693],[22.909706,39.388685],[22.909638,39.388683],[22.909551,39.388675],[22.909504,39.388667],[22.909469,39.388661],[22.909436,39.388648],[22.909408,39.388634],[22.909381,39.388611],[22.909362,39.388591],[22.909349,39.388563],[22.909339,39.388532],[22.909338,39.388509],[22.909342,39.388474],[22.909352,39.38845],[22.909367,39.388413],[22.90941,39.388348],[22.909459,39.388281],[22.909504,39.388225],[22.909556,39.388168],[22.909607,39.388115],[22.909644,39.388076],[22.90969,39.388035],[22.909745,39.38799],[22.9098,39.387953],[22.90985,39.387923],[22.909889,39.387904],[22.909932,39.387884],[22.909981,39.387866],[22.910032,39.387849],[22.910099,39.387829],[22.910302,39.387775],[22.910617,39.387689],[22.911539,39.387438],[22.912021,39.387314],[22.912383,39.387231],[22.912491,39.387209],[22.912581,39.387196],[22.912667,39.387187],[22.912736,39.387183],[22.912839,39.38718],[22.913015,39.38717],[22.91308,39.387164],[22.913148,39.387154],[22.913191,39.387142],[22.913229,39.387127],[22.913254,39.387115],[22.913273,39.387103],[22.913283,39.387095],[22.913325,39.387066],[22.913365,39.387049],[22.913402,39.387034],[22.913494,39.386994],[22.913565,39.386969],[22.913607,39.386955],[22.913955,39.386857],[22.914244,39.386758],[22.914478,39.386685],[22.914619,39.386639],[22.9147,39.386618],[22.914857,39.386589]]},"properties":{"name":"Νέα Ιωνία - Γλαφυρά","lines":"9","arr":["9"],"roundabout":0,"mode":"bus","color":"#0059a9"}},{"type":"Feature","geometry":{"type":"LineString","coordinates":[[22.915429,39.386257],[22.915313,39.38633],[22.91524,39.386376],[22.915195,39.386403],[22.915086,39.386471],[22.915013,39.386503],[22.91493,39.386536],[22.914857,39.386589],[22.914967,39.386574],[22.915021,39.386568],[22.915088,39.386552],[22.915146,39.386534],[22.915319,39.386428],[22.9154,39.386379],[22.915515,39.386309]]},"properties":{"name":"Νέα Ιωνία - Γλαφυρά","lines":"9","arr":["9"],"roundabout":0,"mode":"bus","color":"#0059a9"}},{"type":"Feature","geometry":{"type":"LineString","coordinates":[[22.920154,39.383827],[22.92056,39.38363]]},"properties":{"name":"Νέα Ιωνία - Γλαφυρά","lines":"9","arr":["9"],"roundabout":0,"mode":"bus","color":"#0059a9"}},{"type":"Feature","geometry":{"type":"LineString","coordinates":[[22.915429,39.386257],[22.915538,39.386191],[22.915691,39.386096],[22.915929,39.385957],[22.916199,39.385806],[22.916492,39.385661],[22.916892,39.385514]]},"properties":{"name":"Βενιζέλου","lines":"9","arr":["9"],"roundabout":0,"mode":"bus","color":"#0059a9"}},{"type":"Feature","geometry":{"type":"LineString","coordinates":[[22.920154,39.383827],[22.920075,39.383868],[22.918618,39.384622],[22.917489,39.385206],[22.917063,39.385426],[22.916892,39.385514],[22.916554,39.385728],[22.916201,39.385905],[22.916008,39.386008],[22.915891,39.386076],[22.915824,39.38612],[22.915654,39.386222],[22.915613,39.386249],[22.915515,39.386309]]},"properties":{"name":"Βενιζέλου","lines":"9","arr":["9"],"roundabout":0,"mode":"bus","color":"#0059a9"}},{"type":"Feature","geometry":{"type":"LineString","coordinates":[[22.92056,39.38363],[22.920614,39.383602],[22.921302,39.383245],[22.921906,39.382932],[22.921943,39.382913],[22.922639,39.382549],[22.922688,39.382523],[22.923119,39.382297],[22.92329,39.382207],[22.923961,39.381854],[22.924021,39.381822],[22.924419,39.381613],[22.924757,39.381435],[22.924783,39.381422],[22.92494,39.381341],[22.925053,39.381282],[22.925449,39.381076],[22.925602,39.380992],[22.925884,39.380828],[22.925992,39.380763],[22.926086,39.380707]]},"properties":{"name":"Βενιζέλου","lines":"9","arr":["9"],"roundabout":0,"mode":"bus","color":"#0059a9"}},{"type":"Feature","geometry":{"type":"LineString","coordinates":[[22.926237,39.380404],[22.926214,39.380483],[22.926204,39.380514],[22.926188,39.380545],[22.926174,39.380572],[22.926158,39.380605],[22.926135,39.380632],[22.926111,39.380663],[22.926086,39.380707],[22.926274,39.380605],[22.926372,39.380537],[22.926439,39.380499]]},"properties":{"name":"Βενιζέλου","lines":"9","arr":["9"],"roundabout":0,"mode":"bus","color":"#0059a9"}},{"type":"Feature","geometry":{"type":"LineString","coordinates":[[22.926544,39.380336],[22.926594,39.380392],[22.926694,39.380463],[22.926825,39.380531],[22.926683,39.380508],[22.92659,39.380491],[22.926487,39.380481]]},"properties":{"name":"","lines":"9","arr":["9"],"roundabout":0,"mode":"bus","color":"#0059a9"}},{"type":"Feature","geometry":{"type":"LineString","coordinates":[[22.946732,39.374799],[22.946971,39.374691],[22.947029,39.374657]]},"properties":{"name":"","lines":"9","arr":["9"],"roundabout":0,"mode":"bus","color":"#0059a9"}},{"type":"Feature","geometry":{"type":"LineString","coordinates":[[22.926825,39.380531],[22.926929,39.380567],[22.927004,39.380598],[22.927076,39.380626],[22.927152,39.380655],[22.927216,39.380678],[22.927281,39.380698],[22.927391,39.380732],[22.927539,39.380774],[22.927676,39.380812],[22.928028,39.380911],[22.928455,39.381029],[22.928693,39.381097],[22.928842,39.381145],[22.929165,39.381251],[22.929529,39.381377],[22.929744,39.381453],[22.929902,39.381508],[22.930023,39.381552],[22.930161,39.381609],[22.930231,39.381638],[22.930302,39.381668],[22.930501,39.381755],[22.930655,39.381823],[22.930794,39.381886],[22.930869,39.381928],[22.930949,39.381973],[22.931117,39.382074],[22.931571,39.38236],[22.931908,39.382574],[22.932262,39.382803],[22.932929,39.383242],[22.933253,39.383448]]},"properties":{"name":"Δοξόπουλου","lines":"9","arr":["9"],"roundabout":0,"mode":"bus","color":"#0059a9"}},{"type":"Feature","geometry":{"type":"LineString","coordinates":[[22.941366,39.377832],[22.94169,39.377425],[22.941764,39.377334],[22.941985,39.37706],[22.942054,39.376981],[22.942153,39.376863],[22.942187,39.376824],[22.942218,39.376793],[22.942248,39.376765],[22.942278,39.376739],[22.942301,39.376723],[22.942346,39.376694],[22.942408,39.376656],[22.942457,39.376627],[22.942523,39.376591],[22.942621,39.376547],[22.942704,39.376509],[22.942802,39.376468],[22.94308,39.376346],[22.943326,39.376243],[22.943791,39.37605],[22.943967,39.375975],[22.944306,39.375831],[22.945326,39.375399],[22.946657,39.374827],[22.9467,39.374811],[22.946732,39.374799]]},"properties":{"name":"Παρασκευοπούλου","lines":"9","arr":["9"],"roundabout":0,"mode":"bus","color":"#0059a9"}},{"type":"Feature","geometry":{"type":"LineString","coordinates":[[22.947029,39.374657],[22.94755,39.374336],[22.947926,39.374125],[22.94821,39.373957],[22.948746,39.373646],[22.948982,39.373507],[22.94922,39.373367],[22.949303,39.373318],[22.949368,39.373279],[22.950322,39.372704],[22.950982,39.372304],[22.951469,39.371997]]},"properties":{"name":"Γιάννη Δήμου","lines":"9","arr":["9"],"roundabout":0,"mode":"bus","color":"#0059a9"}},{"type":"Feature","geometry":{"type":"LineString","coordinates":[[22.951469,39.371997],[22.951261,39.37194],[22.950808,39.371817],[22.950511,39.371724],[22.950442,39.371702],[22.950376,39.371676],[22.950312,39.371647],[22.950252,39.371618],[22.950181,39.37158],[22.950103,39.371537],[22.950039,39.371499],[22.949992,39.37147],[22.94995,39.371441],[22.949911,39.371413],[22.949873,39.371383],[22.949834,39.37135],[22.949792,39.371311],[22.949662,39.371167],[22.949474,39.370968],[22.94932,39.370805],[22.949109,39.37058],[22.948815,39.370245],[22.948789,39.370216],[22.948264,39.369609],[22.947793,39.369079],[22.947294,39.368524],[22.947242,39.368463]]},"properties":{"name":"Μεταμορφώσεως","lines":"9","arr":["9"],"roundabout":0,"mode":"bus","color":"#0059a9"}},{"type":"Feature","geometry":{"type":"LineString","coordinates":[[22.891931,39.376641],[22.891825,39.376615],[22.891751,39.376602],[22.891679,39.376594],[22.891549,39.376592],[22.89144,39.376597],[22.891293,39.376614],[22.891226,39.376632],[22.89118,39.37665],[22.891105,39.376695],[22.891051,39.376736],[22.89101,39.376777],[22.890967,39.376826],[22.890917,39.376901],[22.890882,39.376974],[22.890863,39.377035],[22.890838,39.377141],[22.890832,39.377249],[22.890833,39.377336],[22.89085,39.377405],[22.890951,39.377609],[22.891085,39.377848],[22.89111,39.377903],[22.891116,39.377927],[22.891114,39.377951],[22.891108,39.377971],[22.891096,39.377995],[22.891071,39.37802],[22.891045,39.378036],[22.891017,39.378048],[22.89099,39.378057],[22.890945,39.378066],[22.890889,39.378075],[22.890638,39.378117],[22.890558,39.378125],[22.89048,39.378127],[22.890417,39.378123],[22.890354,39.378113],[22.89028,39.378099],[22.890203,39.378067],[22.890131,39.378018],[22.890064,39.377939],[22.889699,39.377428],[22.889537,39.377212],[22.889454,39.377101],[22.889383,39.377018],[22.889317,39.376955],[22.889251,39.376907],[22.889187,39.376886],[22.889128,39.376879],[22.889039,39.376868],[22.888919,39.37687],[22.888657,39.376902],[22.88733,39.377118],[22.887194,39.37715],[22.887025,39.3772],[22.886881,39.377263],[22.886782,39.377323],[22.886699,39.377377],[22.886527,39.377468],[22.886249,39.377581],[22.885957,39.377684],[22.883878,39.378415],[22.883796,39.37844],[22.883699,39.378463],[22.883616,39.37846],[22.883563,39.378457],[22.883533,39.378453],[22.883498,39.378447],[22.883395,39.378414],[22.883209,39.37835]]},"properties":{"name":"","lines":"11","arr":["11"],"roundabout":0,"mode":"bus","color":"#0059a9"}},{"type":"Feature","geometry":{"type":"LineString","coordinates":[[22.87982,39.37687],[22.87984,39.376862]]},"properties":{"name":"","lines":"11","arr":["11"],"roundabout":0,"mode":"bus","color":"#0059a9"}},{"type":"Feature","geometry":{"type":"LineString","coordinates":[[22.885291,39.37723],[22.884983,39.377255],[22.884772,39.377283],[22.884648,39.377294],[22.884467,39.377303],[22.884289,39.377297],[22.884187,39.377289],[22.884006,39.377264],[22.883847,39.377238],[22.883704,39.3772],[22.882855,39.376956],[22.882372,39.376817],[22.882211,39.376767],[22.881957,39.3767],[22.881751,39.376657],[22.881621,39.376642],[22.881507,39.376627],[22.88141,39.376617],[22.8813,39.37661],[22.881177,39.376608],[22.881057,39.37661],[22.880936,39.376618],[22.880843,39.376627],[22.880728,39.376642],[22.880501,39.376682],[22.880255,39.37673],[22.879934,39.37683],[22.87984,39.376862],[22.879904,39.37694],[22.879962,39.376996],[22.880087,39.377104],[22.8802,39.377185],[22.880332,39.377259],[22.880632,39.377378],[22.880814,39.377444],[22.881001,39.377509],[22.881577,39.377707],[22.882783,39.378179],[22.883209,39.37835],[22.883182,39.378356],[22.883155,39.378364],[22.883133,39.378375],[22.883117,39.378385],[22.883062,39.378429],[22.882965,39.37851],[22.882911,39.378553],[22.882869,39.378588],[22.882788,39.378646],[22.881453,39.379175],[22.881227,39.379189],[22.881044,39.379177],[22.880966,39.37916],[22.880891,39.379125],[22.880749,39.37904],[22.880638,39.378938],[22.880561,39.378832],[22.88053,39.378736],[22.880516,39.378643],[22.880514,39.378575],[22.880522,39.378517],[22.880538,39.378452],[22.880559,39.378396],[22.880597,39.378329],[22.880634,39.378278],[22.880675,39.37823],[22.880728,39.378183],[22.880768,39.378156],[22.880815,39.378131],[22.880876,39.378108],[22.881064,39.378064],[22.88153,39.377986],[22.8817,39.377955],[22.881863,39.3779]]},"properties":{"name":"","lines":"11","arr":["11"],"roundabout":0,"mode":"bus","color":"#0059a9"}},{"type":"Feature","geometry":{"type":"LineString","coordinates":[[22.935574,39.375284],[22.935499,39.375285],[22.935461,39.375289],[22.935417,39.375294],[22.935389,39.375302],[22.935357,39.375314],[22.935326,39.375335],[22.935303,39.375356],[22.93527,39.375422]]},"properties":{"name":"","lines":"11","arr":["11"],"roundabout":0,"mode":"bus","color":"#0059a9"}},{"type":"Feature","geometry":{"type":"LineString","coordinates":[[22.885291,39.37723],[22.890076,39.376478],[22.892485,39.376086],[22.894031,39.375836],[22.896312,39.375448],[22.897354,39.375252],[22.898405,39.375029],[22.903651,39.374035],[22.904929,39.373808],[22.90701,39.373425],[22.907393,39.373346],[22.907795,39.373261],[22.908313,39.373135]]},"properties":{"name":"Βελεστίνο - Βόλος","lines":"11","arr":["11"],"roundabout":0,"mode":"bus","color":"#0059a9"}},{"type":"Feature","geometry":{"type":"LineString","coordinates":[[22.908239,39.373279],[22.907843,39.373379],[22.907441,39.373462],[22.907053,39.373538],[22.90484,39.373967],[22.903792,39.374168],[22.901254,39.37463],[22.898369,39.375182],[22.898178,39.375219],[22.897386,39.375369],[22.897118,39.375418],[22.896387,39.375558],[22.896302,39.375574],[22.895606,39.375699],[22.895581,39.375704],[22.895463,39.375725],[22.886599,39.377131],[22.885782,39.377263],[22.882545,39.377784],[22.882125,39.377858],[22.881863,39.3779]]},"properties":{"name":"Βελεστίνο - Βόλος","lines":"11","arr":["11"],"roundabout":0,"mode":"bus","color":"#0059a9"}},{"type":"Feature","geometry":{"type":"LineString","coordinates":[[22.908313,39.373135],[22.908606,39.373053],[22.90886,39.372973],[22.909156,39.372879],[22.909521,39.372757],[22.909588,39.372733],[22.909688,39.372697],[22.909848,39.372639],[22.910059,39.372559],[22.910343,39.372451],[22.910486,39.372397],[22.910903,39.372228],[22.911267,39.37208],[22.911629,39.37194],[22.911879,39.371845],[22.912002,39.3718],[22.913715,39.371132],[22.914035,39.371004],[22.914407,39.370853],[22.914625,39.370765],[22.914698,39.370735],[22.916025,39.370191],[22.916327,39.370064],[22.917408,39.369634],[22.918011,39.369384],[22.918296,39.369249],[22.918515,39.369145],[22.918781,39.369017],[22.918913,39.368954],[22.91923,39.368783],[22.919515,39.368631],[22.920273,39.368225],[22.92091,39.367871],[22.920978,39.367835],[22.921636,39.367486],[22.92202,39.367282],[22.922406,39.367077],[22.922702,39.36692],[22.922755,39.366891],[22.922824,39.366851],[22.922848,39.366836],[22.922876,39.366815],[22.922899,39.366795],[22.92292,39.366772],[22.922936,39.366754],[22.922965,39.366719]]},"properties":{"name":"Λαρίσης","lines":"11","arr":["11"],"roundabout":0,"mode":"bus","color":"#0059a9"}},{"type":"Feature","geometry":{"type":"LineString","coordinates":[[22.923092,39.36696],[22.923017,39.366958],[22.922973,39.36696],[22.922922,39.366964],[22.922891,39.366968],[22.922861,39.366975],[22.922811,39.366992],[22.92278,39.367004],[22.922756,39.367016],[22.922649,39.367073],[22.922501,39.367157],[22.921655,39.367607],[22.921647,39.367612],[22.921326,39.367788],[22.921259,39.367826],[22.921044,39.36794],[22.920939,39.367998],[22.919608,39.36873],[22.919373,39.368856],[22.919329,39.368879],[22.918981,39.369058],[22.918624,39.36923],[22.918277,39.369385],[22.918246,39.369399],[22.918177,39.369426],[22.917586,39.369682],[22.91727,39.369811],[22.916711,39.370039],[22.916425,39.370157],[22.915736,39.370441],[22.915591,39.3705],[22.915234,39.370647],[22.914567,39.37092],[22.914169,39.371084],[22.913185,39.371488],[22.912976,39.371569],[22.912474,39.371764],[22.912412,39.371789],[22.912269,39.371844],[22.911929,39.37198],[22.911056,39.372331],[22.91058,39.37252],[22.910123,39.372696],[22.909895,39.372781],[22.909781,39.372822],[22.909632,39.372872],[22.90927,39.37299],[22.908938,39.37309],[22.908667,39.373165],[22.908476,39.373216],[22.908239,39.373279]]},"properties":{"name":"Λαρίσης","lines":"11","arr":["11"],"roundabout":0,"mode":"bus","color":"#0059a9"}},{"type":"Feature","geometry":{"type":"LineString","coordinates":[[22.938633,39.376053],[22.938595,39.376044],[22.938562,39.376039],[22.938537,39.376036],[22.938408,39.376025],[22.938363,39.376022],[22.938327,39.376017],[22.938281,39.37601],[22.938198,39.375994],[22.938089,39.375968],[22.938039,39.375957],[22.937746,39.375878],[22.937325,39.37576],[22.936894,39.375643],[22.936474,39.375527],[22.936064,39.375418],[22.935646,39.375302],[22.935574,39.375284],[22.935314,39.375206]]},"properties":{"name":"Μαιάνδρου","lines":"11","arr":["11"],"roundabout":0,"mode":"bus","color":"#0059a9"}},{"type":"Feature","geometry":{"type":"LineString","coordinates":[[22.928276,39.372235],[22.928691,39.372417]]},"properties":{"name":"Μαιάνδρου","lines":"11","arr":["11"],"roundabout":0,"mode":"bus","color":"#0059a9"}},{"type":"Feature","geometry":{"type":"LineString","coordinates":[[22.927271,39.373056],[22.927613,39.372556],[22.927893,39.372148],[22.927935,39.372086],[22.928134,39.371796]]},"properties":{"name":"Κορδελιού","lines":"11","arr":["11"],"roundabout":0,"mode":"bus","color":"#0059a9"}},{"type":"Feature","geometry":{"type":"LineString","coordinates":[[22.927315,39.370121],[22.92747,39.370433],[22.927544,39.370592],[22.927743,39.370991],[22.927922,39.371359],[22.928134,39.371796],[22.928187,39.371905],[22.928212,39.371956],[22.928232,39.372006],[22.928245,39.372042],[22.928259,39.372088],[22.928262,39.37211],[22.928276,39.372235]]},"properties":{"name":"Παπαρήγα","lines":"11","arr":["11"],"roundabout":0,"mode":"bus","color":"#0059a9"}},{"type":"Feature","geometry":{"type":"LineString","coordinates":[[22.950666,39.366545],[22.950707,39.366522],[22.951367,39.366152],[22.951766,39.365928]]},"properties":{"name":"Αναλήψεως","lines":"11","arr":["11"],"roundabout":0,"mode":"bus","color":"#0059a9"}},{"type":"Feature","geometry":{"type":"LineString","coordinates":[[22.969712,39.356855],[22.969481,39.356783],[22.969393,39.356761],[22.969287,39.356738],[22.969168,39.35672],[22.968955,39.3567],[22.968935,39.356699],[22.96848,39.35668],[22.968388,39.356671],[22.968358,39.356665],[22.968281,39.356645],[22.968037,39.356567],[22.967611,39.356434],[22.96734,39.35634],[22.966553,39.356078]]},"properties":{"name":"Απόλλωνος","lines":"15","arr":["15"],"roundabout":0,"mode":"bus","color":"#0059a9"}},{"type":"Feature","geometry":{"type":"LineString","coordinates":[[22.969712,39.356855],[22.969677,39.356937],[22.969649,39.35699],[22.969602,39.357057],[22.969554,39.35712],[22.96947,39.357215],[22.969415,39.357274],[22.969354,39.357333],[22.969165,39.357498],[22.968951,39.357684],[22.968819,39.357799],[22.96873,39.357881],[22.968691,39.357917],[22.968592,39.358023],[22.968451,39.358178],[22.968145,39.358507],[22.967847,39.358826],[22.967468,39.359234],[22.96718,39.359547],[22.966808,39.359952],[22.966423,39.360358],[22.965922,39.360908],[22.965643,39.361226],[22.965604,39.361275],[22.965454,39.361464],[22.965256,39.361713],[22.965115,39.361892],[22.964987,39.36206],[22.964768,39.362344],[22.964617,39.362529],[22.964517,39.36265],[22.96414,39.363162],[22.964125,39.363183]]},"properties":{"name":"Ορμινίου","lines":"15","arr":["15"],"roundabout":0,"mode":"bus","color":"#0059a9"}},{"type":"Feature","geometry":{"type":"LineString","coordinates":[[22.964125,39.363183],[22.963904,39.363473],[22.963869,39.363514],[22.963819,39.363575],[22.96368,39.363761],[22.963527,39.363972],[22.963364,39.364182],[22.963235,39.364342],[22.962818,39.364851],[22.962662,39.365007],[22.962515,39.365158],[22.962346,39.365324],[22.962298,39.36537],[22.961988,39.365614],[22.961581,39.36596],[22.961023,39.366408],[22.960642,39.366736],[22.96055,39.366815],[22.960373,39.366954],[22.960061,39.36721],[22.959952,39.367308],[22.959735,39.367492],[22.959575,39.367614],[22.959505,39.367665],[22.959434,39.367709],[22.959367,39.367745],[22.958713,39.368083],[22.958618,39.36813],[22.957822,39.368521],[22.957492,39.368684],[22.956783,39.369034],[22.956406,39.369224],[22.956227,39.369309],[22.956093,39.369368],[22.956028,39.369397],[22.955919,39.369443],[22.955803,39.369488],[22.955715,39.369521],[22.955641,39.369547],[22.955516,39.369584]]},"properties":{"name":"Γιάννη Δήμου","lines":"15","arr":["15"],"roundabout":0,"mode":"bus","color":"#0059a9"}},{"type":"Feature","geometry":{"type":"LineString","coordinates":[[22.931183,39.363107],[22.931154,39.363123],[22.931143,39.363131],[22.93113,39.363143],[22.931097,39.363174],[22.931065,39.363216],[22.931037,39.363267],[22.931017,39.363312],[22.930865,39.363799],[22.930683,39.364249]]},"properties":{"name":"Αλαμάνας","lines":"15","arr":["15"],"roundabout":0,"mode":"bus","color":"#0059a9"}},{"type":"Feature","geometry":{"type":"LineString","coordinates":[[22.930683,39.364249],[22.930702,39.364251],[22.930714,39.364253],[22.930729,39.364258],[22.93074,39.364262],[22.930751,39.364268],[22.930759,39.364273],[22.930771,39.364282],[22.930783,39.364292],[22.930799,39.36431],[22.930958,39.364521],[22.930975,39.364549],[22.930995,39.364586]]},"properties":{"name":"Νεαπόλεως","lines":"15","arr":["15"],"roundabout":0,"mode":"bus","color":"#0059a9"}},{"type":"Feature","geometry":{"type":"LineString","coordinates":[[22.930995,39.364586],[22.930993,39.364862],[22.931002,39.365037],[22.931011,39.365133],[22.931025,39.365213],[22.931037,39.365274],[22.931057,39.365355],[22.931082,39.365428],[22.931111,39.365501],[22.931174,39.365637],[22.931225,39.365745],[22.931275,39.36584],[22.931289,39.365864],[22.931416,39.366059],[22.931661,39.366371],[22.931909,39.366668],[22.932216,39.366952],[22.932643,39.367337],[22.933178,39.367827],[22.933562,39.368178]]},"properties":{"name":"Αριστείδου Ζάχου","lines":"15","arr":["15"],"roundabout":0,"mode":"bus","color":"#0059a9"}},{"type":"Feature","geometry":{"type":"LineString","coordinates":[[22.933615,39.368226],[22.9338,39.368396],[22.933992,39.36857],[22.934025,39.3686],[22.934075,39.368646],[22.934102,39.368672],[22.934208,39.368772],[22.934242,39.368802],[22.934277,39.368829],[22.93452,39.368998],[22.934899,39.36925],[22.935182,39.369422],[22.935502,39.369616],[22.935794,39.369793],[22.935904,39.369855],[22.936106,39.36997],[22.936141,39.369989],[22.936206,39.370025]]},"properties":{"name":"Αριστείδου Ζάχου","lines":"15","arr":["15"],"roundabout":0,"mode":"bus","color":"#0059a9"}},{"type":"Feature","geometry":{"type":"LineString","coordinates":[[22.962266,39.377513],[22.962189,39.37755],[22.961801,39.377736],[22.96176,39.377758],[22.961411,39.37795],[22.961147,39.37809],[22.961105,39.378118],[22.96105,39.37816],[22.961005,39.378202],[22.960756,39.378446],[22.960709,39.378484],[22.960665,39.378515],[22.960599,39.378549],[22.960526,39.378583],[22.960351,39.378662],[22.960242,39.378725],[22.960189,39.378749],[22.960118,39.378795],[22.960079,39.378839],[22.960062,39.378866],[22.960054,39.378884],[22.960048,39.378905],[22.960044,39.37893],[22.960039,39.378973],[22.960034,39.379122]]},"properties":{"name":"Αγίας Παρασκευής","lines":"49","arr":["49"],"roundabout":0,"mode":"bus","color":"#0059a9"}},{"type":"Feature","geometry":{"type":"LineString","coordinates":[[22.953772,39.384919],[22.953799,39.38487],[22.953831,39.384836],[22.953882,39.3848],[22.954416,39.384474],[22.954429,39.384463],[22.954437,39.38445],[22.954442,39.384437],[22.954446,39.384422],[22.954448,39.384403],[22.954445,39.384385],[22.95443,39.384351],[22.954301,39.38417],[22.954115,39.38389],[22.954036,39.383782],[22.953925,39.383619],[22.953911,39.383592],[22.953901,39.383561],[22.953899,39.383526],[22.953905,39.383488],[22.953916,39.383454],[22.953936,39.383417],[22.953964,39.38338],[22.953997,39.383342],[22.954028,39.383316],[22.954349,39.383083],[22.954536,39.382934],[22.954767,39.38276],[22.955104,39.382493],[22.955141,39.38247],[22.955174,39.382448],[22.95521,39.382423],[22.955298,39.382369],[22.95539,39.382315],[22.955451,39.382276],[22.955499,39.382244],[22.955526,39.382225],[22.955539,39.382212],[22.955551,39.382201],[22.955566,39.382174],[22.955575,39.382149],[22.955582,39.38212],[22.955603,39.381959],[22.955612,39.381929],[22.955625,39.381896],[22.955645,39.381856],[22.955691,39.381773],[22.955791,39.381609],[22.95598,39.3813],[22.956251,39.380845],[22.95628,39.380798],[22.956398,39.380629],[22.956529,39.380465],[22.956615,39.380347],[22.956646,39.380308],[22.956685,39.380277],[22.956716,39.380259],[22.956763,39.380233],[22.956833,39.3802],[22.956964,39.380149],[22.957218,39.380067],[22.957331,39.380027],[22.957422,39.379999],[22.957471,39.379977],[22.95752,39.379949],[22.957671,39.379859],[22.957771,39.379805],[22.957853,39.379768],[22.95794,39.379732],[22.958041,39.379692],[22.958141,39.379655],[22.958233,39.37963],[22.95832,39.379614],[22.958448,39.379597],[22.958551,39.379581],[22.958593,39.379575],[22.958643,39.379561],[22.9587,39.379538],[22.958728,39.37952],[22.958764,39.379492],[22.958816,39.379446],[22.958851,39.379414],[22.958876,39.379398],[22.958911,39.379384],[22.958951,39.379372],[22.959011,39.379359],[22.959114,39.379341],[22.959191,39.379328],[22.959477,39.379272],[22.959644,39.379214],[22.959679,39.379205],[22.959711,39.379199],[22.959995,39.379156],[22.960007,39.379154],[22.960016,39.37915],[22.960023,39.379144],[22.960028,39.379138],[22.960031,39.379132],[22.960034,39.379122]]},"properties":{"name":"Κώστα Βάρναλη","lines":"49","arr":["49"],"roundabout":0,"mode":"bus","color":"#0059a9"}},{"type":"Feature","geometry":{"type":"LineString","coordinates":[[22.953772,39.384919],[22.954141,39.385025],[22.9542,39.385044],[22.954257,39.385062],[22.954327,39.385078],[22.954375,39.385084],[22.954423,39.385088],[22.954519,39.385087],[22.954811,39.385064],[22.955083,39.385044],[22.95545,39.38503],[22.955724,39.38502]]},"properties":{"name":"Νάξου","lines":"49","arr":["49"],"roundabout":0,"mode":"bus","color":"#0059a9"}},{"type":"Feature","geometry":{"type":"LineString","coordinates":[[22.955878,39.385014],[22.956216,39.385009],[22.956513,39.385019],[22.956884,39.38504]]},"properties":{"name":"Νάξου","lines":"49","arr":["49"],"roundabout":0,"mode":"bus","color":"#0059a9"}},{"type":"Feature","geometry":{"type":"LineString","coordinates":[[22.956884,39.38504],[22.956792,39.384802],[22.956726,39.384645],[22.956681,39.384554],[22.956601,39.3844],[22.956475,39.384196],[22.956338,39.384],[22.956289,39.383936],[22.956229,39.38384],[22.956134,39.383712],[22.956062,39.383605],[22.956,39.383522],[22.955904,39.383409],[22.955553,39.383034],[22.955499,39.382981],[22.955387,39.382852],[22.95525,39.382685],[22.955104,39.382493]]},"properties":{"name":"Αγίας Κυριακής","lines":"49","arr":["49"],"roundabout":0,"mode":"bus","color":"#0059a9"}}]}